side,refs,reference_title,predicted_entity_id,predicted_title
missing_reference_cluster,table1:0|table2:1878,clickart 950 000 premier image pack ( dvd-rom ),,
missing_reference_cluster,table1:1000,dance praise with dance pad ( win/mac ),,
missing_reference_cluster,table1:1002|table2:802,genuine fractals genuine fractals print pro 1u,,
missing_reference_cluster,table1:1003|table2:806,logic pro 6,,
missing_reference_cluster,table1:1004|table2:794,professor teaches excel & word,,
missing_reference_cluster,table1:1010|table2:2379,roxio easy media creator 9,,
missing_reference_cluster,table1:1011|table2:807,logic pro 6 upgrade from logic platinum/gold 5 & 6,,
missing_reference_cluster,table1:1014|table2:2835,elementary advantage 2008,,
missing_reference_cluster,table1:1014|table2:773,elementary advantage 2008,,
missing_reference_cluster,table1:1016|table2:780,math success deluxe 2007,,
missing_reference_cluster,table1:1018|table2:771,wheel of fortune deluxe,,
missing_reference_cluster,table1:1019|table2:2383,neuratron photoscore professional 4,,
missing_reference_cluster,table1:102,myinvoices & estimates deluxe,,
missing_reference_cluster,table1:1020|table2:772,elementary school advantage 2007,,
missing_reference_cluster,table1:1021|table2:791,resumemaker professional 12.0,,
missing_reference_cluster,table1:1024|table2:2421,punch super home suite 3.0,,
missing_reference_cluster,table1:1024|table2:2435,punch super home suite 3.0,,
missing_reference_cluster,table1:1024|table2:2438,punch super home suite 3.0,,
missing_reference_cluster,table1:1024|table2:2936,punch super home suite 3.0,,
missing_reference_cluster,table1:1025|table2:790,e-mu em8669 modern symphonic orchestra,,
missing_reference_cluster,table1:1027,q * bert,,
missing_reference_cluster,table1:1028|table2:2333,makemusic finale 2007 win/mac,,
missing_reference_cluster,table1:1029,westward,,
missing_reference_cluster,table1:103|table2:1659,my sim aquarium,,
missing_reference_cluster,table1:1031|table2:2857,singleclick network now ! pro,,
missing_reference_cluster,table1:1031|table2:763,singleclick network now ! pro,,
missing_reference_cluster,table1:1033|table2:762,pc professor fuji 's kakuro,,
missing_reference_cluster,table1:1035|table2:2343,riverdeep spongebob squarepants typing fun,,
missing_reference_cluster,table1:1036|table2:769,brain food games : cranium collection 2006,,
missing_reference_cluster,table1:1037|table2:768,brain food games : cranium collection 2006,,
missing_reference_cluster,table1:1038|table2:2339,printmaster 17 gold by encore software,,
missing_reference_cluster,table1:1039|table2:766,who wants to be a millionaire ?,,
missing_reference_cluster,table1:1040|table2:2350,encore the big box of art 410 000 460001 ),,
missing_reference_cluster,table1:1044|table2:2347,hoyle puzzle & board games 2007,,
missing_reference_cluster,table1:1044|table2:753,hoyle puzzle & board games 2007,,
missing_reference_cluster,table1:1046|table2:2348,riverdeep kissing canines,,
missing_reference_cluster,table1:1050|table2:760,middle school advantage 2008,,
missing_reference_cluster,table1:1052,reader rabbit learn to read phonics pre kindergarten,,
missing_reference_cluster,table1:1054|table2:2356,professor fujis sudoku deluxe by encore,,
missing_reference_cluster,table1:1056,the print shop 21 standard by broderbund,,
missing_reference_cluster,table1:106|table2:1980,cisco security server agent for windows and solaris license 100 agents win solaris csa-b100-srvr-k9 ),,
missing_reference_cluster,table1:1062|table2:2063,pc tools spyware doctor 2007 sb cs by pc tools,,
missing_reference_cluster,table1:1065,ares rising,,
missing_reference_cluster,table1:1067|table2:12,evergirl,,
missing_reference_cluster,table1:1069|table2:2049,hasbro family game collection 2006,,
missing_reference_cluster,table1:107|table2:1696,photoshop elements 5 and premiere elements 3 bundle win minibox ( 29180248 ),,
missing_reference_cluster,table1:1072|table2:2046,marine aquarium & goldfish screen saver by encore software,,
missing_reference_cluster,table1:1072|table2:2565,marine aquarium & goldfish screen saver by encore software,,
missing_reference_cluster,table1:1074|table2:2095,family tree maker version 16 collectors edition sb cs,,
missing_reference_cluster,table1:1075|table2:991,modeless liquid ledger personal finance software ( mac ),,
missing_reference_cluster,table1:1078|table2:741,3d home architect home v. 8 by encore software,,
missing_reference_cluster,table1:1080|table2:2096,adventure workshop 4th-6th grade 7th edition,,
missing_reference_cluster,table1:1085|table2:985,burning monkey solitaire 4.0,,
missing_reference_cluster,table1:1089|table2:1372,e-mu em8685 beat garden x emulator x2/proteus x2 soundset,,
missing_reference_cluster,table1:109|table2:2227,instant immersion french 2.0,,
missing_reference_cluster,table1:1091|table2:1401,soundtrack 1.2,,
missing_reference_cluster,table1:1091|table2:2779,soundtrack 1.2,,
missing_reference_cluster,table1:1091|table2:779,soundtrack 1.2,,
missing_reference_cluster,table1:1093|table2:1409,final cut express 2.0 upgrade,,
missing_reference_cluster,table1:1093|table2:2621,final cut express 2.0 upgrade,,
missing_reference_cluster,table1:1093|table2:2755,final cut express 2.0 upgrade,,
missing_reference_cluster,table1:1094|table2:976,detto move2mac usb,,
missing_reference_cluster,table1:1096|table2:1351,apple remote desktop 2.2 10 client ( old version ),,
missing_reference_cluster,table1:1096|table2:2135,apple remote desktop 2.2 10 client ( old version ),,
missing_reference_cluster,table1:1096|table2:2460,apple remote desktop 2.2 10 client ( old version ),,
missing_reference_cluster,table1:1099|table2:1362,webroot spysweeper antispyware 3 user,,
missing_reference_cluster,table1:1099|table2:2289,webroot spysweeper antispyware 3 user,,
missing_reference_cluster,table1:1099|table2:2425,webroot spysweeper antispyware 3 user,,
missing_reference_cluster,table1:1099|table2:767,webroot spysweeper antispyware 3 user,,
missing_reference_cluster,table1:1105|table2:2009,punch ! master landscape & home design,,
missing_reference_cluster,table1:1105|table2:2490,punch ! master landscape & home design,,
missing_reference_cluster,table1:1105|table2:2510,punch ! master landscape & home design,,
missing_reference_cluster,table1:1105|table2:782,punch ! master landscape & home design,,
missing_reference_cluster,table1:1109,halo ( mac ),,
missing_reference_cluster,table1:1110|table2:2018,the print shop 22 pro publisher deluxe sb cs by the print shop,,
missing_reference_cluster,table1:1111|table2:1418,apple final cut studio 2 ( mac ),,
missing_reference_cluster,table1:1114|table2:1420,webroot spy sweeper antispyware 5.x,,
missing_reference_cluster,table1:1115|table2:1427,punch ! master landscape professional & home design v 10.0,,
missing_reference_cluster,table1:1115|table2:1955,punch ! master landscape professional & home design v 10.0,,
missing_reference_cluster,table1:1117|table2:1431,dk rainbow fish most beautiful fish in the ocean,,
missing_reference_cluster,table1:1119|table2:2189,apple remote desktop 3 10 managed systems,,
missing_reference_cluster,table1:112|table2:1689,foreign policy & reform ( win/mac ) ( jewel case ),,
missing_reference_cluster,table1:1122,apple xsan ( mac ),,
missing_reference_cluster,table1:1124|table2:2183,emedia print music 2006 win/mac,,
missing_reference_cluster,table1:1125|table2:1676,adobe solution expert support,,
missing_reference_cluster,table1:1129,bias deck le 3.5 macintosh cd,,
missing_reference_cluster,table1:113|table2:1687,microsoft licenses win svr 2003 ext conn lic ( r3900292 ),,
missing_reference_cluster,table1:1130|table2:939,adobe cs3 design premium macosx dvd,,
missing_reference_cluster,table1:1133|table2:2171,apple shake 4.1 visual effects ( mac ),,
missing_reference_cluster,table1:1133|table2:304,apple shake 4.1 visual effects ( mac ),,
missing_reference_cluster,table1:1134|table2:936,comic book library,,
missing_reference_cluster,table1:1137,wavelab studio 6,,
missing_reference_cluster,table1:1139|table2:2197,cakewalk sonar 6 producer ed,,
missing_reference_cluster,table1:114|table2:7,quickbooks pos : pro multistore 6.0,,
missing_reference_cluster,table1:1141|table2:929,appleworks 6.2.9,,
missing_reference_cluster,table1:1142|table2:2201,adobe captivate 2.0,,
missing_reference_cluster,table1:1145|table2:2195,microsoft office 2004 standard ( mac ),,
missing_reference_cluster,table1:1149|table2:920,burning monkey mahjongg ( mac ),,
missing_reference_cluster,table1:1151|table2:2126,pc tools spyware doctor 2007,,
missing_reference_cluster,table1:1154,finale 2006 ( pc & mac ),,
missing_reference_cluster,table1:1158|table2:912,burning monkey solitaire 2005 edition,,
missing_reference_cluster,table1:1159|table2:2117,nero 7 ultra edition enhanced pc & home entrmnt soln,,
missing_reference_cluster,table1:1166|table2:2167,cakewalk sonar 6 studio,,
missing_reference_cluster,table1:1169|table2:906,print explosion deluxe 3.0 ( mac ),,
missing_reference_cluster,table1:1171|table2:905,stuffit deluxe 11,,
missing_reference_cluster,table1:1174|table2:923,adobe indesign cs3 upgrade from pagemaker [ mac ],,
missing_reference_cluster,table1:1175|table2:2158,apple mac os x tiger 10.4.6 family pack ( mac ),,
missing_reference_cluster,table1:1177|table2:1496,microsoft office student and teacher edition 2004 macintosh,,
missing_reference_cluster,table1:1177|table2:2137,microsoft office student and teacher edition 2004 macintosh,,
missing_reference_cluster,table1:1177|table2:2850,microsoft office student and teacher edition 2004 macintosh,,
missing_reference_cluster,table1:1177|table2:945,microsoft office student and teacher edition 2004 macintosh,,
missing_reference_cluster,table1:1178,band in a box 2007,,
missing_reference_cluster,table1:118|table2:1771,crystal reports xi professional edition,,
missing_reference_cluster,table1:1182|table2:801,onone software pxl smartscale windows and macintosh ),,
missing_reference_cluster,table1:1185|table2:562,3d home architect landscape design deluxe version 9,,
missing_reference_cluster,table1:1186|table2:566,adobe creative suite cs3 web standard [ mac ],,
missing_reference_cluster,table1:119|table2:1774,sierra hallmark card studio special edition windows ),,
missing_reference_cluster,table1:1190|table2:1026,punch ! professional home design,,
missing_reference_cluster,table1:1190|table2:1083,punch ! professional home design,,
missing_reference_cluster,table1:1190|table2:2426,punch ! professional home design,,
missing_reference_cluster,table1:1190|table2:2468,punch ! professional home design,,
missing_reference_cluster,table1:1193,mask pro 4.0 1u,,
missing_reference_cluster,table1:1195|table2:1028,home design architect series 3000 v10 .0,,
missing_reference_cluster,table1:1196|table2:576,individual small business advantage deluxe 2006,,
missing_reference_cluster,table1:1198,quickbooks point-of-sale basic 6.0,,
missing_reference_cluster,table1:1204,space ( dvd ) ( pc & mac ),,
missing_reference_cluster,table1:1205|table2:536,micromat diskstudio mac ),,
missing_reference_cluster,table1:1207|table2:538,stuffit deluxe 11,,
missing_reference_cluster,table1:1209|table2:542,flash action phonics made easy,,
missing_reference_cluster,table1:121|table2:1768,microsoft licenses exch . srvr extrn conn sa eng ( 39400416 ),,
missing_reference_cluster,table1:1210|table2:544,kaplan sat/act/psat gold 2007 win/mac,,
missing_reference_cluster,table1:1212|table2:548,math success deluxe 2008,,
missing_reference_cluster,table1:1213|table2:2837,money home & business 2007 win32 eng na mini box us only cd,,
missing_reference_cluster,table1:1216,macbackup,,
missing_reference_cluster,table1:1217|table2:553,stubbs the zombie in rebel without a pulse ( dvd ) ( mac ),,
missing_reference_cluster,table1:1219,the movies ( mac ),,
missing_reference_cluster,table1:1221,ulead videostudio 10,,
missing_reference_cluster,table1:1223,montage ( mac ),,
missing_reference_cluster,table1:1224|table2:504,giggles computer funtime for baby shapes ( win/mac ),,
missing_reference_cluster,table1:1225|table2:1086,sony acid pro 6 professional music workstation,,
missing_reference_cluster,table1:1232,sound forge 9.0,,
missing_reference_cluster,table1:1234|table2:1344,logic express 6,,
missing_reference_cluster,table1:1234|table2:2593,logic express 6,,
missing_reference_cluster,table1:1234|table2:2881,logic express 6,,
missing_reference_cluster,table1:1235|table2:508,photoshop elements 4 edu mac 1u,,
missing_reference_cluster,table1:1237|table2:509,dvo cook 'n deluxe 6.0 ultimate recipe organizer,,
missing_reference_cluster,table1:1238|table2:1089,sound forge audio studio 9,,
missing_reference_cluster,table1:1238|table2:1448,sound forge audio studio 9,,
missing_reference_cluster,table1:1238|table2:2418,sound forge audio studio 9,,
missing_reference_cluster,table1:124|table2:1837,tlc dr. seuss reading learning system 2008,,
missing_reference_cluster,table1:124|table2:2845,tlc dr. seuss reading learning system 2008,,
missing_reference_cluster,table1:1240|table2:1090,upgrade acid pro 6 boxed,,
missing_reference_cluster,table1:1242|table2:1066,peachtree by sage premium accounting 2007,,
missing_reference_cluster,table1:1243|table2:517,prey,,
missing_reference_cluster,table1:1244|table2:1068,peachtree by sage pro accounting 2007,,
missing_reference_cluster,table1:1249|table2:1506,window washer,,
missing_reference_cluster,table1:1249|table2:2922,window washer,,
missing_reference_cluster,table1:1251|table2:533,adobe acrobat standard 8.0,,
missing_reference_cluster,table1:1255|table2:1078,sony acid pro 5,,
missing_reference_cluster,table1:1258|table2:1044,punch ! home design architectura series 18,,
missing_reference_cluster,table1:1258|table2:2402,punch ! home design architectura series 18,,
missing_reference_cluster,table1:1258|table2:2765,punch ! home design architectura series 18,,
missing_reference_cluster,table1:1258|table2:2926,punch ! home design architectura series 18,,
missing_reference_cluster,table1:1259|table2:456,print shop 22 pro publisher deluxe,,
missing_reference_cluster,table1:1264|table2:1040,punch ! professional home design suite,,
missing_reference_cluster,table1:1264|table2:2273,punch ! professional home design suite,,
missing_reference_cluster,table1:1264|table2:2399,punch ! professional home design suite,,
missing_reference_cluster,table1:1264|table2:2752,punch ! professional home design suite,,
missing_reference_cluster,table1:1269|table2:1433,punch 5 in 1 home design,,
missing_reference_cluster,table1:1269|table2:2400,punch 5 in 1 home design,,
missing_reference_cluster,table1:1269|table2:783,punch 5 in 1 home design,,
missing_reference_cluster,table1:127|table2:1825,pantone reference library,,
missing_reference_cluster,table1:1270|table2:466,xtreme photostory on cd and dvd 6,,
missing_reference_cluster,table1:1272|table2:1048,punch ! home design architectural series 18,,
missing_reference_cluster,table1:1272|table2:1342,punch ! home design architectural series 18,,
missing_reference_cluster,table1:1272|table2:2744,punch ! home design architectural series 18,,
missing_reference_cluster,table1:1272|table2:2927,punch ! home design architectural series 18,,
missing_reference_cluster,table1:1273|table2:2471,adobe soundbooth cs3,,
missing_reference_cluster,table1:1275|table2:1032,punch ! super home suite,,
missing_reference_cluster,table1:1275|table2:2338,punch ! super home suite,,
missing_reference_cluster,table1:1275|table2:2420,punch ! super home suite,,
missing_reference_cluster,table1:1275|table2:2937,punch ! super home suite,,
missing_reference_cluster,table1:1278|table2:477,easy video editor 2.0 by honest technology,,
missing_reference_cluster,table1:1281|table2:1029,palo alto business plan pro 2007,,
missing_reference_cluster,table1:1281|table2:551,palo alto business plan pro 2007,,
missing_reference_cluster,table1:1282|table2:2377,adobe after effects cs3,,
missing_reference_cluster,table1:1282|table2:355,adobe after effects cs3,,
missing_reference_cluster,table1:1284|table2:1039,punch ! master landscape & home design,,
missing_reference_cluster,table1:1284|table2:1052,punch ! master landscape & home design,,
missing_reference_cluster,table1:1284|table2:1062,punch ! master landscape & home design,,
missing_reference_cluster,table1:1284|table2:1080,punch ! master landscape & home design,,
missing_reference_cluster,table1:1286|table2:1038,webroot desktop firewall,,
missing_reference_cluster,table1:1286|table2:2336,webroot desktop firewall,,
missing_reference_cluster,table1:1286|table2:2739,webroot desktop firewall,,
missing_reference_cluster,table1:1286|table2:2935,webroot desktop firewall,,
missing_reference_cluster,table1:1287|table2:1035,punch ! 5 in 1 home design,,
missing_reference_cluster,table1:1296|table2:692,starry night astronomy screensaver win/mac,,
missing_reference_cluster,table1:1297|table2:689,quickverse sermon builder 4.0,,
missing_reference_cluster,table1:1299|table2:697,snap ! spelling ( jewel case ),,
missing_reference_cluster,table1:13|table2:1966,spy sweeper spanish,,
missing_reference_cluster,table1:13|table2:2264,spy sweeper spanish,,
missing_reference_cluster,table1:130|table2:1794,microsoft licenses sps extrnlconnnonemplyenglands c ( h3200034 ),,
missing_reference_cluster,table1:1300|table2:737,acad vegas movie studio + dvd 8 platinum,,
missing_reference_cluster,table1:1303|table2:743,scrabble complete ( jewel case ),,
missing_reference_cluster,table1:1306|table2:705,emedia guitarpro 5 win/mac,,
missing_reference_cluster,table1:1307|table2:716,spycatcher 2007for pc,,
missing_reference_cluster,table1:131|table2:3107,microspot interiors,,
missing_reference_cluster,table1:1312|table2:665,sales skills 2.0 ages 10 +,,
missing_reference_cluster,table1:1313,brain builder,,
missing_reference_cluster,table1:1314|table2:654,return to castle wolfenstein ( mac ),,
missing_reference_cluster,table1:1318,treasure mountain ! ( jewel case ) ages 5-9 for win/mac,,
missing_reference_cluster,table1:1319|table2:683,video patrol 5.0 by honest technology,,
missing_reference_cluster,table1:1324|table2:674,printmaster platinum v 17.0,,
missing_reference_cluster,table1:1333|table2:629,age of empires iii : the warchiefs expansion pack ( mac ),,
missing_reference_cluster,table1:1333|table2:993,age of empires iii : the warchiefs expansion pack ( mac ),,
missing_reference_cluster,table1:1334,adobe creative suite cs3 web standard,,
missing_reference_cluster,table1:1340|table2:648,make music allegro 2007 labpack 5 user,,
missing_reference_cluster,table1:1342|table2:646,power translator 11 premium,,
missing_reference_cluster,table1:1343|table2:645,liquid ledger personal finance,,
missing_reference_cluster,table1:1344|table2:644,sportsman 's double play,,
missing_reference_cluster,table1:1349|table2:254,adobe creative suite cs3 web standard upsell [ mac ],,
missing_reference_cluster,table1:1352,ufo afterlight,,
missing_reference_cluster,table1:1353|table2:621,instant immersion italian deluxe v2 .0 ( large box ),,
missing_reference_cluster,table1:1355|table2:2908,weekly reader mastering elementary/middle school math learning,,
missing_reference_cluster,table1:1360|table2:610,dragon naturally speaking standard v9,,
missing_reference_cluster,table1:1361|table2:963,mediarecover,,
missing_reference_cluster,table1:137,netmanage rumba unix-hp edition v. 7.3 upgrade license 902453-006 ),,
missing_reference_cluster,table1:140,retrospect 6.0 desktop mac upgrade,,
missing_reference_cluster,table1:143|table2:1830,adobe acrobat distiller svr v6-cd linux u/u 42050142 ),,
missing_reference_cluster,table1:146,microsoft mappoint 2006 standard edition,,
missing_reference_cluster,table1:156,details 3.0,,
missing_reference_cluster,table1:157,adobe photoshop elements 4.0 plus adobe premiere elements 2.0 complete package 1 user cd mini-box win canadian french 29180162 ),,
missing_reference_cluster,table1:161|table2:1491,gods : lands of infinity special edition,,
missing_reference_cluster,table1:163|table2:1486,hallmark blank greeting cards half-fold matte premium 20 count,,
missing_reference_cluster,table1:164|table2:1487,sea scene : living underwater worlds ( jewel case ),,
missing_reference_cluster,table1:165|table2:1503,hp storageworks secure path for windows workgroup edition v. 4.0 c license 213076-b26 ),,
missing_reference_cluster,table1:166|table2:1505,equilibrium debabelizer pro 6.0 1 user,,
missing_reference_cluster,table1:168|table2:2164,autodesk discreet combustion 4 windows ),,
missing_reference_cluster,table1:17|table2:1984,upg sgms 1000 incremental node,,
missing_reference_cluster,table1:17|table2:1985,upg sgms 1000 incremental node,,
missing_reference_cluster,table1:171|table2:1472,microsoft licenses word mac 10.0 eng govt ( d4800369 ),,
missing_reference_cluster,table1:174|table2:1484,1pk internet sec ste 2007 oem,,
missing_reference_cluster,table1:175|table2:1485,diskeeper 2007 professional single lic pack,,
missing_reference_cluster,table1:185|table2:1550,iremember digital scrapbooking 2.0,,
missing_reference_cluster,table1:189|table2:1508,upgrade delphi 2006 pro named fr delphi v3-2005 pro cd,,
missing_reference_cluster,table1:192,buku karkuro,,
missing_reference_cluster,table1:193|table2:1524,backup exec 10d win adv disk v10 .1 lic only ( e180518 ),,
missing_reference_cluster,table1:195,world of warcraft,,
missing_reference_cluster,table1:197,sonicwall global vpn client license 01-ssc-5310 ),,
missing_reference_cluster,table1:198,scansoft paperport professional 11 5 user license,,
missing_reference_cluster,table1:199|table2:1717,netmanage upg rumba unix-hp edition level 902453-007-c ),,
missing_reference_cluster,table1:204,cisco ios enterprise services complete package cd28-esk9 = ),,
missing_reference_cluster,table1:207|table2:1525,crystal reports 11 professional full product french,,
missing_reference_cluster,table1:220,mobileinventory additional mobile license,,
missing_reference_cluster,table1:222,pinnacle studio plus titanium edition v10 .5,,
missing_reference_cluster,table1:23|table2:1437,the printshop 20 professional publisher,,
missing_reference_cluster,table1:231,red hat enterprise linux ws v. 4 update 4 license 1 workstation rl296aa ),,
missing_reference_cluster,table1:232,printshop home & office labels,,
missing_reference_cluster,table1:233,photo explosion deluxe 3.0,,
missing_reference_cluster,table1:236,readiris pro 11,,
missing_reference_cluster,table1:238,ca brightstor arcserve backup r11 .5 for enterprise option for advantage ingres for,,
missing_reference_cluster,table1:239,designcad v 17,,
missing_reference_cluster,table1:242,lotus dev . ibm db2 net search extender v. 8.2 media bb0kyna ),,
missing_reference_cluster,table1:243|table2:141,money premium 2007 win32 eng na mini box us only cd,,
missing_reference_cluster,table1:247,netmanage onweb web-to-host v. 5.1 upgrade license 910443-004 ),,
missing_reference_cluster,table1:248|table2:1633,microsoft windows small business server cal 2003 license pack 20 client addpack device,,
missing_reference_cluster,table1:249,scansoft paperport 11 5 user license,,
missing_reference_cluster,table1:250|table2:2154,adobe after effects professional 7.0,,
missing_reference_cluster,table1:253,filemaker mobile 8 for palm os and pocket pc,,
missing_reference_cluster,table1:254,watchguard mobile user vpn 5 user bundle wg3605 ),,
missing_reference_cluster,table1:256,hallmark card studio 2005 deluxe,,
missing_reference_cluster,table1:257,ca brightstor arcserve backup r11 .5 for enterprise option for advantage ingres for,,
missing_reference_cluster,table1:26|table2:3032,adobe premiere pro cs3 upgrade,,
missing_reference_cluster,table1:26|table2:372,adobe premiere pro cs3 upgrade,,
missing_reference_cluster,table1:260,cisco 2600xm ser ios ip/fw/ids cd26xm-ch = ),,
missing_reference_cluster,table1:262|table2:1122,hp sp linux we 50 lic/cd 3.0 c t3586a ),,
missing_reference_cluster,table1:262|table2:1125,hp sp linux we 50 lic/cd 3.0 c t3586a ),,
missing_reference_cluster,table1:264|table2:2606,adobe photoshop cs3 extended [ mac ],,
missing_reference_cluster,table1:264|table2:263,adobe photoshop cs3 extended [ mac ],,
missing_reference_cluster,table1:27|table2:1447,i copy dvds 2 professional edition,,
missing_reference_cluster,table1:270,adobe acrobat 7.0 professional,,
missing_reference_cluster,table1:271|table2:1512,microsoft office small business 2007,,
missing_reference_cluster,table1:272|table2:2337,adobe audition 2.0,,
missing_reference_cluster,table1:273|table2:8,quickbooks credit card processing kit 3.0,,
missing_reference_cluster,table1:274|table2:3048,instant immersion italian 2.0,,
missing_reference_cluster,table1:275,easy drums ( jewel case ),,
missing_reference_cluster,table1:276|table2:2996,instant immersion 33 languages,,
missing_reference_cluster,table1:276|table2:3022,instant immersion 33 languages,,
missing_reference_cluster,table1:277,super solvers spellbound ! ! school edition for mac,,
missing_reference_cluster,table1:279|table2:2108,the printshop 20,,
missing_reference_cluster,table1:28|table2:2000,gen-x media made easy vol . 3,,
missing_reference_cluster,table1:280,startopia,,
missing_reference_cluster,table1:281,easy home massage dvd,,
missing_reference_cluster,table1:283,tonka town ( jewel case ),,
missing_reference_cluster,table1:288,tonka search & rescue 2,,
missing_reference_cluster,table1:29|table2:2002,family tree maker 11.2 collector 's edition,,
missing_reference_cluster,table1:291,wacky bird hunter,,
missing_reference_cluster,table1:292,namco museum 50th anniversary collection,,
missing_reference_cluster,table1:293,treasure galaxy 5-user lab pack for mac,,
missing_reference_cluster,table1:295,madeline rainy day activities,,
missing_reference_cluster,table1:296,mighty math number heroes,,
missing_reference_cluster,table1:297,superstart ! science arcade,,
missing_reference_cluster,table1:298,state standards grade 6,,
missing_reference_cluster,table1:299,wacky farm,,
missing_reference_cluster,table1:300,police quest compilation,,
missing_reference_cluster,table1:302,encyclopedia britannica profiles : dinosaurs ( jewel case ),,
missing_reference_cluster,table1:304|table2:2980,fisher-price rescue heroes : lava landslide,,
missing_reference_cluster,table1:306,quickstart photo montage studio,,
missing_reference_cluster,table1:307,season ticket football 2003,,
missing_reference_cluster,table1:31|table2:2006,dinosaurs,,
missing_reference_cluster,table1:312|table2:577,norton antivirus 2007,,
missing_reference_cluster,table1:313,backyard soccer ( mls edition ),,
missing_reference_cluster,table1:314,zipmagic personal edition,,
missing_reference_cluster,table1:320|table2:2329,quicken 2007 premier,,
missing_reference_cluster,table1:326,math missions : the race to spectacle city arcade ( grades k-2 ),,
missing_reference_cluster,table1:327,world of wild cats,,
missing_reference_cluster,table1:328,state standards grade 8,,
missing_reference_cluster,table1:329,cluefinders 3rd grade adventures : mystery of mathra,,
missing_reference_cluster,table1:331,instant home cooking ( jewel case ),,
missing_reference_cluster,table1:332,spy sweeper [ lb ],,
missing_reference_cluster,table1:333|table2:2177,adobe after effects 7.0 professional ( mac ),,
missing_reference_cluster,table1:334|table2:3031,transfer my dvd,,
missing_reference_cluster,table1:336,csi : crime scene investigation,,
missing_reference_cluster,table1:338,sega smash pack 2,,
missing_reference_cluster,table1:339,post mortem,,
missing_reference_cluster,table1:340,zoboomafoo animal logic cd/workbook combo,,
missing_reference_cluster,table1:341,mother goose interactive storybook,,
missing_reference_cluster,table1:342,let 's learn about time & date,,
missing_reference_cluster,table1:343,living trust builder,,
missing_reference_cluster,table1:345|table2:1520,portfolio media kit be syst recovery 7.0 win small business ed,,
missing_reference_cluster,table1:346|table2:2865,mcafee internet security suite 2007 3 users,,
missing_reference_cluster,table1:348|table2:1585,microsoft office & windows training,,
missing_reference_cluster,table1:35|table2:2039,the print shop pro publisher 22 deluxe [ dvd ],,
missing_reference_cluster,table1:350|table2:917,adobe creative suite cs3 design standard upsell [ mac ],,
missing_reference_cluster,table1:352|table2:2871,pc vegas dvd,,
missing_reference_cluster,table1:353|table2:2871,sony vegas 6 + dvd [ old version ],,
missing_reference_cluster,table1:356|table2:2842,ringtone media studio 2,,
missing_reference_cluster,table1:364|table2:2391,adobe premiere elements 3.0 [ lb ],,
missing_reference_cluster,table1:364|table2:2395,adobe premiere elements 3.0 [ lb ],,
missing_reference_cluster,table1:366|table2:2770,riverdeep arthur 's kindergarten,,
missing_reference_cluster,table1:367,big oil : build an oil empire,,
missing_reference_cluster,table1:372|table2:2827,readiris pro 11 corporate edition,,
missing_reference_cluster,table1:376|table2:2638,printmaster gold v 17.0,,
missing_reference_cluster,table1:38|table2:2058,the big mix ( mac ),,
missing_reference_cluster,table1:383|table2:2642,merriam-webster 's dictionary ( win/mac ) ( jewel case ),,
missing_reference_cluster,table1:384,lego island 2 : the brickster 's revenge ( xp compatible version ),,
missing_reference_cluster,table1:385,tank battle,,
missing_reference_cluster,table1:387,home budget for dummies,,
missing_reference_cluster,table1:390,encyclopedia of our living oceans,,
missing_reference_cluster,table1:391,ultimate pinball ( jewel case ),,
missing_reference_cluster,table1:392,clifford reading pack ( dvd box ),,
missing_reference_cluster,table1:395|table2:2906,world history ( win/mac ) ( jewel case ),,
missing_reference_cluster,table1:396|table2:2470,quickbooks premier non-profit edition 2005,,
missing_reference_cluster,table1:397,quickstart pc cleaner xp,,
missing_reference_cluster,table1:398,crayola first ladies costume maker,,
missing_reference_cluster,table1:40|table2:2050,the print shop 22 deluxe,,
missing_reference_cluster,table1:400,pokemon team turbo ( jewel case ),,
missing_reference_cluster,table1:401,south park chef 's luv shack,,
missing_reference_cluster,table1:402,blues clues preschool,,
missing_reference_cluster,table1:403,backyard skateboarding,,
missing_reference_cluster,table1:407,rayman 10th anniversary collection,,
missing_reference_cluster,table1:409,pdf converter 4,,
missing_reference_cluster,table1:41|table2:2043,imsi turbocad designer v. 11,,
missing_reference_cluster,table1:414|table2:2875,web radio recorder,,
missing_reference_cluster,table1:415,bodyworks 6.0 25-user building site license,,
missing_reference_cluster,table1:416,virtual labs : light,,
missing_reference_cluster,table1:417,pressure pop !,,
missing_reference_cluster,table1:418,essential business tools 2.0,,
missing_reference_cluster,table1:419,let 's make stickers,,
missing_reference_cluster,table1:423|table2:2364,microsoft licenses word olp c ( 05903871 ),,
missing_reference_cluster,table1:425,hoyle card games 2007,,
missing_reference_cluster,table1:43|table2:2066,clip art and more 250 000 ( jewel case ),,
missing_reference_cluster,table1:434|table2:2233,upgrade pitstop server 3.5 1u win 2k/xp & mac os 10.2.8,,
missing_reference_cluster,table1:436|table2:2783,sudoku puzzle addict : unlimited edition,,
missing_reference_cluster,table1:442|table2:2180,microsoft licenses biztalk hipaa std . sa only ( u0200024 ),,
missing_reference_cluster,table1:445|table2:2161,instant landscaping 3.0 [ lb ],,
missing_reference_cluster,table1:446|table2:2155,topics presents : ancient civilizations ( 4 cd set ),,
missing_reference_cluster,table1:448|table2:2147,instant play electric guitar ( jewel box ),,
missing_reference_cluster,table1:45|table2:2060,elementary school success deluxe 2006,,
missing_reference_cluster,table1:452|table2:2524,adobe after effects cs3,,
missing_reference_cluster,table1:453|table2:2133,phonics success deluxe 2006 ( large box ),,
missing_reference_cluster,table1:455|table2:2564,brainfood games cranium collection 2006,,
missing_reference_cluster,table1:457|table2:2622,national geographic presents : redshift 5 planetarium software,,
missing_reference_cluster,table1:46|table2:2078,national geographic presents : redshift planetarium,,
missing_reference_cluster,table1:462|table2:2538,emc retrospect 7.5 svr 1-client windows,,
missing_reference_cluster,table1:463|table2:2495,kaplan sat/act/psat platinum 2007 win/mac,,
missing_reference_cluster,table1:464|table2:2494,ae painter v9 win/mac box,,
missing_reference_cluster,table1:470,cisco security desktop agent csa-b250-dtop-k9 ),,
missing_reference_cluster,table1:471|table2:145,photoshop elements 4 mac retail eng 1u ( 19230169 ),,
missing_reference_cluster,table1:471|table2:750,photoshop elements 4 mac retail eng 1u ( 19230169 ),,
missing_reference_cluster,table1:48|table2:2074,national geographic presents : forces of nature,,
missing_reference_cluster,table1:482,window washer,,
missing_reference_cluster,table1:484|table2:2807,adobe premiere elements 3.0,,
missing_reference_cluster,table1:486|table2:2446,pcanywhere 11.0 host only cd-rom xp 98 nt w2k me,,
missing_reference_cluster,table1:487|table2:2404,crystal reports 11 reporting essentials trng cbt,,
missing_reference_cluster,table1:488|table2:2415,star wars battlefront ( mac ),,
missing_reference_cluster,table1:49|table2:2072,reference success deluxe 2006,,
missing_reference_cluster,table1:493,adobe encore dvd 2.0,,
missing_reference_cluster,table1:494|table2:1370,webobjects 5.2,,
missing_reference_cluster,table1:494|table2:810,webobjects 5.2,,
missing_reference_cluster,table1:499|table2:1580,symantec pcanywhere 12.0 host only,,
missing_reference_cluster,table1:5,emc retrospect 7.5 disk to disk windows,,
missing_reference_cluster,table1:50|table2:2090,clifford the big red dog thinking adventures,,
missing_reference_cluster,table1:500|table2:2563,the printshop business card maker ( jewel case ),,
missing_reference_cluster,table1:501|table2:808,microsoft digital image suite plus [ lb ],,
missing_reference_cluster,table1:505|table2:2162,norton internet security mac 3.0 [ antivirus firewall privacy controls iclean ],,
missing_reference_cluster,table1:506|table2:381,corel wordperfect office 12 standard upgrade,,
missing_reference_cluster,table1:507|table2:1490,raster design 2006 essentials,,
missing_reference_cluster,table1:508|table2:168,acrobat professional 8 mac upsell standard-professional,,
missing_reference_cluster,table1:510|table2:2056,reader rabbit learning system 1st grade,,
missing_reference_cluster,table1:512|table2:2853,microsoft windows xp professional upgrade with sp2,,
missing_reference_cluster,table1:513|table2:2055,mavis beacon typing 17 ( win/mac ),,
missing_reference_cluster,table1:514,microsoft windows vista ultimate upgrade [ dvd ],,
missing_reference_cluster,table1:515|table2:3021,instant immersion spanish deluxe 2.0,,
missing_reference_cluster,table1:516|table2:893,adobe creative suite cs3 design premium upgrade [ mac ],,
missing_reference_cluster,table1:517|table2:2649,adobe photoshop cs3 [ mac ],,
missing_reference_cluster,table1:518|table2:915,microsoft office 2004 standard upgrade ( mac ),,
missing_reference_cluster,table1:52|table2:2082,instant home design ( jewel case ),,
missing_reference_cluster,table1:520,quickbooks premier nonprofit edition 2007,,
missing_reference_cluster,table1:521|table2:1808,microsoft sql server developer edition 2005 cd/dvd,,
missing_reference_cluster,table1:523|table2:239,microsoft windows vista ultimate full version [ dvd ],,
missing_reference_cluster,table1:524|table2:2680,apple final cut express hd 3.5 ( mac ),,
missing_reference_cluster,table1:527|table2:2807,adobe premiere elements 3.0,,
missing_reference_cluster,table1:528|table2:2301,quickbooks simple start 2007,,
missing_reference_cluster,table1:528|table2:2843,quickbooks simple start 2007,,
missing_reference_cluster,table1:53|table2:2084,boomerang webshop platinum,,
missing_reference_cluster,table1:531|table2:2513,microsoft windows server 2003 client additional license for users-5 pack,,
missing_reference_cluster,table1:532|table2:2516,quickbooks pro 2007 for mac ( mac ),,
missing_reference_cluster,table1:534|table2:2070,imsi resume writer deluxe [ lb ],,
missing_reference_cluster,table1:536|table2:750,adobe photoshop elements 4.0 ( mac ),,
missing_reference_cluster,table1:537|table2:895,apple . mac 4.0 online service,,
missing_reference_cluster,table1:538|table2:2200,apple iwork '06 ( mac dvd ),,
missing_reference_cluster,table1:538|table2:2911,apple iwork '06 ( mac dvd ),,
missing_reference_cluster,table1:538|table2:995,apple iwork '06 ( mac dvd ),,
missing_reference_cluster,table1:539|table2:2874,learning quickbooks 2007,,
missing_reference_cluster,table1:540|table2:5,ulead videostudio 11 plus,,
missing_reference_cluster,table1:541|table2:2867,microsoft onenote 2007,,
missing_reference_cluster,table1:542|table2:1504,apple ilife '06 ( mac dvd ) [ older version ],,
missing_reference_cluster,table1:542|table2:222,apple ilife '06 ( mac dvd ) [ older version ],,
missing_reference_cluster,table1:542|table2:2249,apple ilife '06 ( mac dvd ) [ older version ],,
missing_reference_cluster,table1:544|table2:286,microsoft windows xp home edition full version with sp2,,
missing_reference_cluster,table1:552|table2:541,corel snapfire plus [ ignite photo fun ],,
missing_reference_cluster,table1:553,adobe indesign cs3 upgrade from pagemaker,,
missing_reference_cluster,table1:556|table2:3016,instant immersion italian deluxe 2.0,,
missing_reference_cluster,table1:557|table2:2112,adobe creative suite cs3 production premium,,
missing_reference_cluster,table1:558|table2:2851,instant immersion spanish 2.0,,
missing_reference_cluster,table1:562|table2:954,adobe dreamweaver cs3 upgrade [ mac ],,
missing_reference_cluster,table1:567|table2:2529,h & r block taxcut 2006 home & business + state,,
missing_reference_cluster,table1:57|table2:2101,museums of the world,,
missing_reference_cluster,table1:570|table2:2861,professor teaches windows xp,,
missing_reference_cluster,table1:572|table2:1564,adobe dreamweaver cs3 upgrade,,
missing_reference_cluster,table1:573|table2:2634,coreldraw graphics suite x3 upgrade,,
missing_reference_cluster,table1:576,cluefinders 3rd grade adventures : mystery of mathra,,
missing_reference_cluster,table1:577|table2:2773,quicken 2007 home & business,,
missing_reference_cluster,table1:583|table2:149,roxio popcorn 2 ( mac ),,
missing_reference_cluster,table1:584|table2:2818,microsoft windows vista business full version [ dvd ],,
missing_reference_cluster,table1:584|table2:959,microsoft windows vista business full version [ dvd ],,
missing_reference_cluster,table1:589|table2:2367,quicken 2007 deluxe,,
missing_reference_cluster,table1:591|table2:2176,apple iwork '06 family pack ( mac dvd ) [ older version ],,
missing_reference_cluster,table1:597|table2:369,adobe creative suite cs3 design premium [ mac ],,
missing_reference_cluster,table1:598|table2:955,adobe pagemaker v7 .0.2 cd mac-upg 17530402 ),,
missing_reference_cluster,table1:599|table2:2501,instant immersion french deluxe 2.0,,
missing_reference_cluster,table1:6|table2:1923,adobe after effects professional 6.5 upgrade from standard to professional,,
missing_reference_cluster,table1:60|table2:2106,trudy 's time and place house ages 3-6,,
missing_reference_cluster,table1:600|table2:2115,apple . mac 4.0 online service family pack,,
missing_reference_cluster,table1:600|table2:515,apple . mac 4.0 online service family pack,,
missing_reference_cluster,table1:601|table2:2048,jumpstart kindergarten,,
missing_reference_cluster,table1:602|table2:946,adobe creative suite cs3 design standard upgrade [ mac ],,
missing_reference_cluster,table1:604|table2:1512,microsoft office small business 2007 full version,,
missing_reference_cluster,table1:606|table2:2165,microsoft office 2004 professional ( mac ),,
missing_reference_cluster,table1:609|table2:2188,quicken 2007 for mac,,
missing_reference_cluster,table1:609|table2:900,quicken 2007 for mac,,
missing_reference_cluster,table1:613,math missions : the amazing arcade adventure grades 3-5,,
missing_reference_cluster,table1:614,microsoft works suite 2006,,
missing_reference_cluster,table1:615|table2:368,adobe creative suite cs3 design standard upgrade,,
missing_reference_cluster,table1:616|table2:1514,microsoft windows vista home basic upgrade [ dvd ],,
missing_reference_cluster,table1:617|table2:214,norton antivirus mac 10.0 ( mac ),,
missing_reference_cluster,table1:619|table2:290,ideasoft photo clip art 10 000,,
missing_reference_cluster,table1:620|table2:190,adobe premiere pro cs3,,
missing_reference_cluster,table1:620|table2:2308,adobe premiere pro cs3,,
missing_reference_cluster,table1:620|table2:3019,adobe premiere pro cs3,,
missing_reference_cluster,table1:620|table2:798,adobe premiere pro cs3,,
missing_reference_cluster,table1:621|table2:289,entertainment partners budgeting ( mac ),,
missing_reference_cluster,table1:622|table2:288,emedia intermediate guitar method win/mac,,
missing_reference_cluster,table1:626|table2:292,steinberg halion symphonic orchestra virtual instrument ( academic version ),,
missing_reference_cluster,table1:630|table2:274,stopzilla 4.0,,
missing_reference_cluster,table1:631|table2:2318,h & r block taxcut 2006 premium federal + state with usb 256m flashdrive,,
missing_reference_cluster,table1:632|table2:273,microsoft windows xp professional full version with sp2,,
missing_reference_cluster,table1:632|table2:924,microsoft windows xp professional full version with sp2,,
missing_reference_cluster,table1:633|table2:281,sportsman 's double play,,
missing_reference_cluster,table1:636|table2:2153,mavis beacon teaches typing deluxe v17,,
missing_reference_cluster,table1:636|table2:277,mavis beacon teaches typing deluxe v17,,
missing_reference_cluster,table1:640|table2:323,alsoft diskwarrior : mac univeral binary,,
missing_reference_cluster,table1:641|table2:333,sims 2 nightlife expansion pack,,
missing_reference_cluster,table1:641|table2:545,sims 2 nightlife expansion pack,,
missing_reference_cluster,table1:642|table2:352,adobe flash pro cs3 [ mac ],,
missing_reference_cluster,table1:647|table2:311,readiris pro 11 corporate edition ( mac ),,
missing_reference_cluster,table1:653|table2:313,3d home architect home design deluxe version 9,,
missing_reference_cluster,table1:654|table2:314,acrobat professional 8 ( windows ),,
missing_reference_cluster,table1:655,art ( dvd ) ( pc & mac ),,
missing_reference_cluster,table1:656|table2:229,wanted : a wild western adventure,,
missing_reference_cluster,table1:66|table2:1574,freddi fish 2 : the haunted schoolhouse,,
missing_reference_cluster,table1:661|table2:242,adobe cs3 design standard macosx dvd,,
missing_reference_cluster,table1:663,macdrive 7,,
missing_reference_cluster,table1:665,photo go,,
missing_reference_cluster,table1:669|table2:219,printmaster gold v 17.0,,
missing_reference_cluster,table1:672|table2:1519,scholastic brain play : pre-kindergarten 1st grade,,
missing_reference_cluster,table1:672|table2:2846,scholastic brain play : pre-kindergarten 1st grade,,
missing_reference_cluster,table1:675|table2:258,art explosion 600 000 images,,
missing_reference_cluster,table1:677|table2:1684,mcsa/mcse self-paced training kit ( exams 70-292 & 70-296 ) upgrading your certi,,
missing_reference_cluster,table1:678|table2:260,instant immersion german v2 .0 ( pc & mac ),,
missing_reference_cluster,table1:683|table2:775,math advantage 2008,,
missing_reference_cluster,table1:69|table2:1576,eastwest bsendorfer 290 grand piano virtual instrument,,
missing_reference_cluster,table1:694|table2:421,eovia carrara 5 pro,,
missing_reference_cluster,table1:695|table2:2778,global software smart steps 1st grade windows macintosh ),,
missing_reference_cluster,table1:712|table2:401,spongebob squarepants typing 2008 win/mac,,
missing_reference_cluster,table1:718|table2:1443,land before time : kindergarten,,
missing_reference_cluster,table1:718|table2:450,land before time : kindergarten,,
missing_reference_cluster,table1:72|table2:1567,midway arcade treasures ( jewel case ),,
missing_reference_cluster,table1:720,3ds max 9 com new slm,,
missing_reference_cluster,table1:725|table2:440,omniweb 5.0,,
missing_reference_cluster,table1:726|table2:2788,simply put software data eliminator,,
missing_reference_cluster,table1:728|table2:438,firstedge v 2.0 ( mac ),,
missing_reference_cluster,table1:73|table2:1565,snap ! 10 000 drink recipies ( jewel case ),,
missing_reference_cluster,table1:734|table2:435,middle school success essentials,,
missing_reference_cluster,table1:735|table2:2931,adventure workshop preschool ( jewel case ),,
missing_reference_cluster,table1:736|table2:3017,adobe creative suite cs3 production premium upgrade,,
missing_reference_cluster,table1:736|table2:4,adobe creative suite cs3 production premium upgrade,,
missing_reference_cluster,table1:737|table2:1667,adobe photoshop cs2 ( mac ) [ old version ],,
missing_reference_cluster,table1:738|table2:433,print shop 22 deluxe,,
missing_reference_cluster,table1:739|table2:424,iris readiris pro 11.0 ( mac ),,
missing_reference_cluster,table1:740|table2:930,chessmaster 9000 ( mac ),,
missing_reference_cluster,table1:742|table2:2617,star wars empire at war ( intel only macs ),,
missing_reference_cluster,table1:745,diner dash ( pc & mac ),,
missing_reference_cluster,table1:746|table2:349,marketcircle daylite v3 .0 ( mac ),,
missing_reference_cluster,table1:75|table2:1594,epson storyteller photo book creator 8 x 10 ( 20 pages ),,
missing_reference_cluster,table1:753|table2:1497,microsoft office & windows training professional,,
missing_reference_cluster,table1:759|table2:1949,humorous greeting card factory,,
missing_reference_cluster,table1:759|table2:393,humorous greeting card factory,,
missing_reference_cluster,table1:76,adobe acrobat capture 3.0 22101258 ),,
missing_reference_cluster,table1:760|table2:397,panda software antivirus & firewall 2008 windows,,
missing_reference_cluster,table1:763|table2:386,station access collection,,
missing_reference_cluster,table1:764|table2:387,agatha christie : and then there were none,,
missing_reference_cluster,table1:768|table2:382,battlefield 1942 : deluxe edition,,
missing_reference_cluster,table1:772|table2:2860,adobe illustrator cs3 [ mac ],,
missing_reference_cluster,table1:772|table2:465,adobe illustrator cs3 [ mac ],,
missing_reference_cluster,table1:773|table2:2206,microsoft office mac 2004 english 3pk dsp 731-01163 ),,
missing_reference_cluster,table1:774|table2:367,adobe software acrobat pro upgrd pro-pro mac ( adbcd01798mc ),,
missing_reference_cluster,table1:776|table2:376,micromat techtool pro 4 ( mac ),,
missing_reference_cluster,table1:778|table2:2574,hoyle casino 2007,,
missing_reference_cluster,table1:779|table2:2573,3d home architect landscape v. 8 by encore software,,
missing_reference_cluster,table1:779|table2:2587,3d home architect landscape v. 8 by encore software,,
missing_reference_cluster,table1:78|table2:1602,emedia intermediate guitar method os x,,
missing_reference_cluster,table1:780|table2:1502,hoyle backgammon jc,,
missing_reference_cluster,table1:782,pc hoyle bridge,,
missing_reference_cluster,table1:789|table2:2562,hoyle mahjongg ( jewel case ),,
missing_reference_cluster,table1:79|table2:1583,ca internet security suite 2007 3 user,,
missing_reference_cluster,table1:790|table2:2572,scrabble champion edition,,
missing_reference_cluster,table1:792|table2:492,cyberchase adventures : carnival chaos and casablanca quest,,
missing_reference_cluster,table1:795|table2:2594,ca arcserve bkup r11 .5 win client vss software snap-shot - prod only,,
missing_reference_cluster,table1:796|table2:2181,ulead videostudio 11,,
missing_reference_cluster,table1:797|table2:2597,zero-g pro pack for garageband ( appleloops ),,
missing_reference_cluster,table1:798|table2:1690,hoyle solitaire ( jewel case ),,
missing_reference_cluster,table1:798|table2:2588,hoyle solitaire ( jewel case ),,
missing_reference_cluster,table1:798|table2:671,hoyle solitaire ( jewel case ),,
missing_reference_cluster,table1:799|table2:2592,hp dss software v. 4.0 complete package t1936aa ua0 ),,
missing_reference_cluster,table1:799|table2:804,hp dss software v. 4.0 complete package t1936aa ua0 ),,
missing_reference_cluster,table1:8|table2:1936,mia 's math adventure : just in time,,
missing_reference_cluster,table1:8|table2:2328,mia 's math adventure : just in time,,
missing_reference_cluster,table1:800,calendar creator 10,,
missing_reference_cluster,table1:801|table2:2602,ulead systems dvd workshop 2,,
missing_reference_cluster,table1:805|table2:2580,hoyle texas hold 'em poker ( jewel case ),,
missing_reference_cluster,table1:807|table2:3105,media studio for psp standard editon,,
missing_reference_cluster,table1:810|table2:2586,monopoly here & now,,
missing_reference_cluster,table1:812|table2:2627,extensis smartscale 1-user pxe-11433 ),,
missing_reference_cluster,table1:812|table2:2797,extensis smartscale 1-user pxe-11433 ),,
missing_reference_cluster,table1:817|table2:400,macjournal v4 ( mac ),,
missing_reference_cluster,table1:819|table2:2830,mavis beacon 17 standard,,
missing_reference_cluster,table1:821|table2:1561,adventure workshop preschool-1st grade 8th edition,,
missing_reference_cluster,table1:821|table2:185,adventure workshop preschool-1st grade 8th edition,,
missing_reference_cluster,table1:822,sharks 2.0 ( pc & mac ),,
missing_reference_cluster,table1:825|table2:2620,sony vegas 6,,
missing_reference_cluster,table1:827|table2:2758,m-audio pro tools m-powered 7.3 m-audio compatible world-class production software,,
missing_reference_cluster,table1:828|table2:2759,pinnacle mobile media converter,,
missing_reference_cluster,table1:829|table2:2766,avid liquid vs 7 software,,
missing_reference_cluster,table1:830|table2:972,acad corel painter x pc/mac,,
missing_reference_cluster,table1:832|table2:2768,global software smart steps 2nd grade windows macintosh ),,
missing_reference_cluster,table1:835|table2:2689,handmark oxford american desk dictionary and thesaurus,,
missing_reference_cluster,table1:835|table2:2914,handmark oxford american desk dictionary and thesaurus,,
missing_reference_cluster,table1:836|table2:2700,i love the usa,,
missing_reference_cluster,table1:836|table2:2893,i love the usa,,
missing_reference_cluster,table1:838|table2:461,computrace lojack for laptops 3 year license ( mac ),,
missing_reference_cluster,table1:839|table2:2607,adobe photoshop cs3 extended,,
missing_reference_cluster,table1:840|table2:1510,digital video and audio production book for vegas 7 + dvd,,
missing_reference_cluster,table1:840|table2:2941,digital video and audio production book for vegas 7 + dvd,,
missing_reference_cluster,table1:844|table2:2463,now up-to-date & contact v5 .0 ( mac ),,
missing_reference_cluster,table1:844|table2:969,now up-to-date & contact v5 .0 ( mac ),,
missing_reference_cluster,table1:848|table2:2670,safekeeper plus,,
missing_reference_cluster,table1:85|table2:1627,write brothers dramatica pro win/mac,,
missing_reference_cluster,table1:851|table2:2447,punch ! professional home design platinum v10,,
missing_reference_cluster,table1:853|table2:2440,onone essentials for adobe photoshop elements,,
missing_reference_cluster,table1:855|table2:189,micromat podlock ( mac ),,
missing_reference_cluster,table1:858|table2:2848,microsoft onenote 2007 upgrade,,
missing_reference_cluster,table1:860|table2:2236,apple ilife '06 family pack ( mac dvd ) [ older version ],,
missing_reference_cluster,table1:861|table2:2054,creating keepsakes scrapbook designer version 2 platinum,,
missing_reference_cluster,table1:863|table2:208,cubase se3 educational edition,,
missing_reference_cluster,table1:864|table2:207,vocabulary puzzles grade 1,,
missing_reference_cluster,table1:865|table2:2496,cakewalk sonar home studio 6,,
missing_reference_cluster,table1:866|table2:203,system care professional,,
missing_reference_cluster,table1:869|table2:2287,upgrade crystal reports 11 pro french,,
missing_reference_cluster,table1:87|table2:1609,microsoft licenses project svr sa govt ( h2200301 ),,
missing_reference_cluster,table1:871|table2:2799,apple garageband jam pack : rhythm section,,
missing_reference_cluster,table1:873,quickbooks point-of-sale pro with hardware bundle 6.0,,
missing_reference_cluster,table1:876|table2:172,adobe soundbooth cs3 [ mac ],,
missing_reference_cluster,table1:876|table2:2473,adobe soundbooth cs3 [ mac ],,
missing_reference_cluster,table1:877|table2:195,timbuktu remote control softwre 1 license for mac os,,
missing_reference_cluster,table1:879|table2:2812,sony sound forge 9 boxed upgrade,,
missing_reference_cluster,table1:880,super granny 3,,
missing_reference_cluster,table1:881|table2:2544,the print shop 22 deluxe sb cs by the print shop,,
missing_reference_cluster,table1:882|table2:2546,marine aquarium + sharks,,
missing_reference_cluster,table1:883|table2:2393,adobe creative suite cs3 production premium,,
missing_reference_cluster,table1:883|table2:921,adobe creative suite cs3 production premium,,
missing_reference_cluster,table1:884|table2:118,checkmark multiledger,,
missing_reference_cluster,table1:885|table2:119,ipswitch inc ws ftp pro 9 sdk w / ws ftp pro wd-1000-0900 ),,
missing_reference_cluster,table1:887|table2:2541,hoyle bridge club,,
missing_reference_cluster,table1:889,scrabble champion edition,,
missing_reference_cluster,table1:890|table2:3023,instant immersion japanese deluxe 2.0,,
missing_reference_cluster,table1:891,ilisten ( mac ),,
missing_reference_cluster,table1:892|table2:2791,adobe premiere pro cs3,,
missing_reference_cluster,table1:892|table2:800,adobe premiere pro cs3,,
missing_reference_cluster,table1:894,art text,,
missing_reference_cluster,table1:895|table2:2540,hoyle card games 2007,,
missing_reference_cluster,table1:898,risk ii jc,,
missing_reference_cluster,table1:90|table2:1640,emc retrospect 7.5 professional for windows upgrade,,
missing_reference_cluster,table1:900,sims 2 seasons expansion pack,,
missing_reference_cluster,table1:903|table2:2527,mavis beacon teaches typing 17 standard,,
missing_reference_cluster,table1:903|table2:989,mavis beacon teaches typing 17 standard,,
missing_reference_cluster,table1:906|table2:2559,monopoly here & now,,
missing_reference_cluster,table1:907|table2:1593,hoyle card games ( jewel case ),,
missing_reference_cluster,table1:907|table2:2560,hoyle card games ( jewel case ),,
missing_reference_cluster,table1:908,gorilla 4 pro,,
missing_reference_cluster,table1:91|table2:1681,iriscard pro business card scanner,,
missing_reference_cluster,table1:910|table2:354,adobe creative suite cs3 master collection upgrade [ mac ],,
missing_reference_cluster,table1:911,obscure,,
missing_reference_cluster,table1:912|table2:2561,network now ! pro by encore,,
missing_reference_cluster,table1:913|table2:3127,starry night galaxy explorer ( pc & mac ),,
missing_reference_cluster,table1:914|table2:2556,hasbro classic collection 2006 ),,
missing_reference_cluster,table1:916|table2:2557,professor fuji 's sudoku ( jewel case ),,
missing_reference_cluster,table1:917|table2:163,elementary advantage 2008,,
missing_reference_cluster,table1:918|table2:2558,recam remote monitoring software,,
missing_reference_cluster,table1:920|table2:2558,mobi recam camera monitoring and notification software,,
missing_reference_cluster,table1:924|table2:2553,hoyle casino ( 2007 ),,
missing_reference_cluster,table1:93|table2:1652,microsoft office frontpage 2003 academic version windows ),,
missing_reference_cluster,table1:930|table2:897,adobe contribute cs3 [ mac ],,
missing_reference_cluster,table1:932|table2:175,registry mechanic 5.x pc system repair,,
missing_reference_cluster,table1:932|table2:774,registry mechanic 5.x pc system repair,,
missing_reference_cluster,table1:935|table2:2179,corel dvd moviefactory 6.0 plus,,
missing_reference_cluster,table1:935|table2:613,corel dvd moviefactory 6.0 plus,,
missing_reference_cluster,table1:94|table2:1629,warlords 3 ( jewel case ),,
missing_reference_cluster,table1:941|table2:2265,webroot spy sweeper with antivirus family edition 3 pcs,,
missing_reference_cluster,table1:944|table2:2276,registry mechanic by encore software,,
missing_reference_cluster,table1:945|table2:887,classification & ecology ( win/mac ) ( jewel case ),,
missing_reference_cluster,table1:946|table2:2283,the print shop 21 deluxe by broderbund,,
missing_reference_cluster,table1:948|table2:2282,creating keepsakes scrapbook platinum v. 3 sb cs by riverdeep,,
missing_reference_cluster,table1:949|table2:890,leave the lights on ( mac ),,
missing_reference_cluster,table1:952|table2:2285,nero 7 ultra edition enhanced,,
missing_reference_cluster,table1:957|table2:857,peachtree by sage premium accounting 2007 accountants ' edition,,
missing_reference_cluster,table1:958|table2:554,onone plug-in suite 3 for adobe photoshop,,
missing_reference_cluster,table1:960|table2:2296,make music finale 2008 academic,,
missing_reference_cluster,table1:961|table2:2307,vegas movie studiodvd +8 plat,,
missing_reference_cluster,table1:964,math 2,,
missing_reference_cluster,table1:966|table2:874,gmp data rescue license 24300 ),,
missing_reference_cluster,table1:969|table2:837,talk now ! learn afrikaans beginning level,,
missing_reference_cluster,table1:97|table2:1637,tournament poker 2005,,
missing_reference_cluster,table1:970|table2:2209,computrace lojack for laptops : 3 year subscription,,
missing_reference_cluster,table1:972,i copy dvd 's 2,,
missing_reference_cluster,table1:973|table2:1517,computrace lojack for laptops : 1 year subscription,,
missing_reference_cluster,table1:973|table2:2214,computrace lojack for laptops : 1 year subscription,,
missing_reference_cluster,table1:975|table2:987,computrace lojack for laptops 1 year license ( mac ),,
missing_reference_cluster,table1:976|table2:838,iaudioize magnetic time for pc and mac,,
missing_reference_cluster,table1:977|table2:843,safekeeper plus,,
missing_reference_cluster,table1:979|table2:2222,logic express 7,,
missing_reference_cluster,table1:979|table2:994,logic express 7,,
missing_reference_cluster,table1:981|table2:845,instant immersion italian v2 .0 ( large box ),,
missing_reference_cluster,table1:982|table2:2224,power on now up to date & contact windows,,
missing_reference_cluster,table1:982|table2:2269,power on now up to date & contact windows,,
missing_reference_cluster,table1:982|table2:2762,power on now up to date & contact windows,,
missing_reference_cluster,table1:985|table2:819,best of slots 2 ( jewel case ),,
missing_reference_cluster,table1:986|table2:2238,cubase 4 competitive crossgrade,,
missing_reference_cluster,table1:989|table2:822,i spy fantasy v. 2 with i spy book & mini cd,,
missing_reference_cluster,table1:991|table2:832,instant immersion spanish audio deluxe,,
missing_reference_cluster,table1:992|table2:2247,final draft 7 professional scriptwriting win/mac,,
missing_reference_cluster,table1:995|table2:2253,apple remote desktop 3 unlim managed systems,,
missing_reference_cluster,table1:996|table2:835,time money & fractions grades 1-2,,
missing_reference_cluster,table1:997|table2:2255,mac os x server v10 .4.7 unlimited client,,
missing_reference_cluster,table1:999|table2:2263,spy sweeper w/antivirus family edition,,
missing_reference_cluster,table2:1047,agatha christie : and then there were none,,
missing_reference_cluster,table2:1049,freeverse software 005 solace,,
missing_reference_cluster,table2:1054,freeverse software 005 solace,,
missing_reference_cluster,table2:1058,power translator ( tm ) 11 premium,,
missing_reference_cluster,table2:1063,ibm websphere portal enable for iseries v. 4.1 complete package,,
missing_reference_cluster,table2:1070,quickbooks ( r ) point of sale 2007 : basic retail management 6.0 bundle,,
missing_reference_cluster,table2:1076,ibm websphere portal enable for iseries v. 4.1 complete package,,
missing_reference_cluster,table2:1085,sony media software sound forge 9 digital audio production suite music production software,,
missing_reference_cluster,table2:11,ares rising,,
missing_reference_cluster,table2:1107,csdc iremember digital scrapbooking 2.0,,
missing_reference_cluster,table2:1108,quickbooks ( r ) point of sale 2007 : basic retail management 6.0,,
missing_reference_cluster,table2:1115,printmaster ( r ) gold 17,,
missing_reference_cluster,table2:1132,microsoft ( r ) windows ( r ) xp home edition with sp2,,
missing_reference_cluster,table2:1139,peachtree ( r ) pro accounting 2007,,
missing_reference_cluster,table2:1141,novell identity manager integration module for mainframe for 800 series mvs (,,
missing_reference_cluster,table2:1143,novell identity manager integration module for mainframe for 800 series mvs (,,
missing_reference_cluster,table2:1147,1000pk multi pack instant,,
missing_reference_cluster,table2:1149,1000pk multi pack instant,,
missing_reference_cluster,table2:1172,studio ultimate version 11,,
missing_reference_cluster,table2:1175,mobile find,,
missing_reference_cluster,table2:1188,system care ? professional,,
missing_reference_cluster,table2:1199,peachtree ( r ) compatible continuous checks-accounting for windows versions 3.5-7 .0,,
missing_reference_cluster,table2:1203,cisco pgw2200 include redundant,,
missing_reference_cluster,table2:1207,microsoft ( r ) works suite 2006,,
missing_reference_cluster,table2:1218,continuous checks for peachtree ( r ) complete iii for dos v. 5.0-10 .0,,
missing_reference_cluster,table2:1219,cisco optical services module multiplexor,,
missing_reference_cluster,table2:1220,multipurpose continuous checks,,
missing_reference_cluster,table2:1221,specialty single window envelopes to match your forms & checks,,
missing_reference_cluster,table2:1223,peachtree ( r ) compatible laser checks-accounting for windows versions 3.5-7 .0,,
missing_reference_cluster,table2:1227,multipurpose laser/inkjet checks,,
missing_reference_cluster,table2:1229,specialty single window envelopes to match your forms & checks,,
missing_reference_cluster,table2:1231,quicken ( r ) quickbooks ( r ) microsoft money ( r ) and simply money ( r ) laser checks,,
missing_reference_cluster,table2:1232,multipurpose continuous checks,,
missing_reference_cluster,table2:1233,peachtree ( r ) complete iii,,
missing_reference_cluster,table2:1234,continuous checks for peachtree ( r ) complete iii for dos v. 5.0-10 .0,,
missing_reference_cluster,table2:1236,peachtree ( r ) complete iii for dos 5.0-10 .0 continuous checks,,
missing_reference_cluster,table2:1238,novell identity manager integration module for mainframe for 900 series mvs (,,
missing_reference_cluster,table2:1243,mas 90 ( r ) / mas 200 ( r ) compatible continuous checks,,
missing_reference_cluster,table2:1244,cisco optical services module multiplexor,,
missing_reference_cluster,table2:1245,quicken ( r ) quickbooks ( r ) microsoft money ( r ) and simply money ( r ) elegant laser checks,,
missing_reference_cluster,table2:1247,novell identity manager integration module for mainframe for 900 series mvs (,,
missing_reference_cluster,table2:1249,blank laser checks,,
missing_reference_cluster,table2:1250,mas 90 ( r ) / mas 200 ( r ) compatible continuous checks,,
missing_reference_cluster,table2:1251,specialty single window envelopes to match your forms & checks,,
missing_reference_cluster,table2:1256,peachtree ( r ) compatible continuous forms-accounting for windows 8.0-2004 version,,
missing_reference_cluster,table2:1258,quicken ( r ) quickbooks ( r ) microsoft money ( r ) and simply money ( r ) elegant laser checks,,
missing_reference_cluster,table2:1260,peachtree ( r ) complete iii,,
missing_reference_cluster,table2:1261,peachtree ( r ) compatible continuous checks-office accounting 12.0,,
missing_reference_cluster,table2:1262,quicken ( r ) quickbooks ( r ) microsoft money ( r ) and simply money ( r ) elegant laser checks,,
missing_reference_cluster,table2:1264,peachtree ( r ) compatible continuous checks-accounting for windows versions 3.5-7 .0,,
missing_reference_cluster,table2:1266,specialty single window envelopes to match your forms & checks,,
missing_reference_cluster,table2:1268,peachtree ( r ) compatible continuous checks-accounting for windows versions 3.5-7 .0,,
missing_reference_cluster,table2:1269,three-to-a-page business checks,,
missing_reference_cluster,table2:1273,peachtree ( r ) compatible continuous checks-office accounting 12.0,,
missing_reference_cluster,table2:1274,quicken ( r ) quickbooks ( r ) microsoft money ( r ) and simply money ( r ) continuous checks,,
missing_reference_cluster,table2:1276,quicken ( r ) quickbooks ( r ) microsoft money ( r ) and simply money ( r ) laser checks,,
missing_reference_cluster,table2:1277,quicken ( r ) quickbooks ( r ) microsoft money ( r ) and simply money ( r ) elegant laser checks,,
missing_reference_cluster,table2:1278,blank laser checks,,
missing_reference_cluster,table2:1279,peachtree ( r ) complete iii for dos 5.0-10 .0 continuous checks,,
missing_reference_cluster,table2:1280,peachtree ( r ) compatible continuous checks-accounting for windows 8.0-2004 version,,
missing_reference_cluster,table2:1281,blank laser checks,,
missing_reference_cluster,table2:1284,multipurpose continuous checks,,
missing_reference_cluster,table2:1285,blank laser checks,,
missing_reference_cluster,table2:1288,specialty double window envelopes to match your forms & checks,,
missing_reference_cluster,table2:1290,peachtree ( r ) compatible continuous checks-accounting for windows 8.0-2004 version,,
missing_reference_cluster,table2:1292,three-to-a-page itemized invoice checks,,
missing_reference_cluster,table2:1294,blank laser checks,,
missing_reference_cluster,table2:1296,three-to-a-page business checks,,
missing_reference_cluster,table2:1298,quicken ( r ) quickbooks ( r ) microsoft money ( r ) and simply money ( r ) elegant laser checks,,
missing_reference_cluster,table2:1299,quicken ( r ) quickbooks ( r ) microsoft money ( r ) and simply money ( r ) elegant laser checks,,
missing_reference_cluster,table2:1300,laser checks for peachtree ( r ) accounting for windows 8.0-2005,,
missing_reference_cluster,table2:1302,peachtree ( r ) compatible laser checks-accounting for windows versions 3.5-7 .0,,
missing_reference_cluster,table2:1305,quicken ( r ) quickbooks ( r ) microsoft money ( r ) and simply money ( r ) continuous checks,,
missing_reference_cluster,table2:1312,peachtree ( r ) compatible continuous forms-accounting for windows 8.0-2004 version,,
missing_reference_cluster,table2:1314,multipurpose continuous checks,,
missing_reference_cluster,table2:1316,multipurpose continuous checks,,
missing_reference_cluster,table2:1317,peachtree ( r ) compatible continuous checks-accounting for windows 8.0-2004 version,,
missing_reference_cluster,table2:1319,laser checks for peachtree ( r ) accounting for windows 8.0-2005,,
missing_reference_cluster,table2:1321,peachtree ( r ) complete iii,,
missing_reference_cluster,table2:1325,quicken ( r ) quickbooks ( r ) microsoft money ( r ) and simply money ( r ) continuous checks,,
missing_reference_cluster,table2:1326,peachtree ( r ) compatible continuous checks-accounting for windows versions 3.5-7 .0,,
missing_reference_cluster,table2:1328,peachtree ( r ) compatible continuous checks-accounting for windows 8.0-2004 version,,
missing_reference_cluster,table2:1329,three-to-a-page payroll checks,,
missing_reference_cluster,table2:1330,sage software acts2005rt act ! 7.0 2005,,
missing_reference_cluster,table2:1332,individual software prm-r12 resumemaker professional 12.0,,
missing_reference_cluster,table2:1336,specialty double window envelopes to match your forms & checks,,
missing_reference_cluster,table2:1337,quicken ( r ) quickbooks ( r ) microsoft money ( r ) and simply money ( r ) continuous checks,,
missing_reference_cluster,table2:1339,blank laser checks,,
missing_reference_cluster,table2:1340,mas 90 ( r ) / mas 200 ( r ) compatible continuous checks,,
missing_reference_cluster,table2:1341,peachtree ( r ) complete iii,,
missing_reference_cluster,table2:1343,quicken ( r ) quickbooks ( r ) microsoft money ( r ) and simply money ( r ) elegant laser checks,,
missing_reference_cluster,table2:1345,continuous checks for peachtree ( r ) complete iii for dos v. 5.0-10 .0,,
missing_reference_cluster,table2:1346,quicken ( r ) quickbooks ( r ) microsoft money ( r ) and simply money ( r ) elegant laser checks,,
missing_reference_cluster,table2:1349,peachtree ( r ) compatible continuous checks-accounting for windows 8.0-2004 version,,
missing_reference_cluster,table2:1352,freeverse software 4024 robin hood : the legend of sheerwood,,
missing_reference_cluster,table2:1353,daceasy ( tm ) laser/inkjet checks - versions 4.3 and higher,,
missing_reference_cluster,table2:1354,continuous checks for peachtree ( r ) complete iii for dos v. 5.0-10 .0,,
missing_reference_cluster,table2:1356,three-to-a-page disbursement checks,,
missing_reference_cluster,table2:1357,specialty single window envelopes to match your forms & checks,,
missing_reference_cluster,table2:1361,peachtree ( r ) compatible continuous checks-accounting for windows 8.0-2004 version,,
missing_reference_cluster,table2:1363,three-to-a-page itemized invoice checks,,
missing_reference_cluster,table2:1365,daceasy ( tm ) continuous checks,,
missing_reference_cluster,table2:1366,specialty double window envelopes to match your forms & checks,,
missing_reference_cluster,table2:1369,blank laser checks,,
missing_reference_cluster,table2:1371,quicken ( r ) quickbooks ( r ) microsoft money ( r ) and simply money ( r ) laser checks,,
missing_reference_cluster,table2:1376,daceasy ( tm ) laser/inkjet checks - versions 4.3 and higher,,
missing_reference_cluster,table2:1377,peachtree ( r ) complete iii,,
missing_reference_cluster,table2:1378,individual software pmm-xw4 professor teaches excel & word 2007 win 2000 xp vista,,
missing_reference_cluster,table2:1379,multipurpose laser/inkjet checks,,
missing_reference_cluster,table2:1381,daceasy ( tm ) continuous checks,,
missing_reference_cluster,table2:1385,laser checks for peachtree ( r ) accounting for windows 8.0-2005,,
missing_reference_cluster,table2:1388,ams200 4gb,,
missing_reference_cluster,table2:1389,quicken ( r ) quickbooks ( r ) microsoft money ( r ) and simply money ( r ) continuous checks,,
missing_reference_cluster,table2:1391,ams200 4gb,,
missing_reference_cluster,table2:1392,laser/inkjet checks for peachtree ( r ) complete iii for dos v. 5.0-10 .0,,
missing_reference_cluster,table2:1396,freeverse software 7001 burning monkey solitaire 4.0 mac 10.3.9 or later ub,,
missing_reference_cluster,table2:1398,peachtree ( r ) complete iii,,
missing_reference_cluster,table2:1408,three-to-a-page payroll checks,,
missing_reference_cluster,table2:1410,laser/inkjet checks for peachtree ( r ) complete iii for dos v. 5.0-10 .0,,
missing_reference_cluster,table2:1412,laser/inkjet checks for peachtree ( r ) complete iii for dos v. 5.0-10 .0,,
missing_reference_cluster,table2:1415,quicken ( r ) quickbooks ( r ) microsoft money ( r ) and simply money ( r ) laser checks,,
missing_reference_cluster,table2:1417,blank laser checks,,
missing_reference_cluster,table2:1421,peachtree ( r ) complete iii,,
missing_reference_cluster,table2:1423,three-to-a-page disbursement checks,,
missing_reference_cluster,table2:1426,multipurpose continuous checks,,
missing_reference_cluster,table2:1428,specialty double window envelopes to match your forms & checks,,
missing_reference_cluster,table2:1430,specialty single window envelopes to match your forms & checks,,
missing_reference_cluster,table2:1432,brain play preschool-1st grade,,
missing_reference_cluster,table2:1436,individual software pro-tsm hanes t-shirt maker deluxe,,
missing_reference_cluster,table2:1438,individual software jce-th6 total 3d home deluxe j/c,,
missing_reference_cluster,table2:1444,freeverse software 4001 northland,,
missing_reference_cluster,table2:1450,freeverse software 4012 3d bridge deluxe ( retail box ) for mac,,
missing_reference_cluster,table2:1457,cisco pgw2200 include redundant,,
missing_reference_cluster,table2:1458,novell identity manager integration module for mainframe for 900 series mvs (,,
missing_reference_cluster,table2:1459,novell identity manager integration module for mainframe for 900 series mvs (,,
missing_reference_cluster,table2:147,sims 2 season expansion pack,,
missing_reference_cluster,table2:1529,sos aggregation company 100800104 buku karkuro topware interactive,,
missing_reference_cluster,table2:153,macspeech ilisten software,,
missing_reference_cluster,table2:1547,spy sweeper ( small box ),,
missing_reference_cluster,table2:157,global marketing partners art text belight software,,
missing_reference_cluster,table2:1597,onone software mpr-40211 mask pro 4 1-user full win xp vista/mac 10.4 or,,
missing_reference_cluster,table2:165,jungle software gorilla pro 4.0 film production,,
missing_reference_cluster,table2:1668,myinvoices & estimates deluxe,,
missing_reference_cluster,table2:167,dreamcatcher interactive obscure,,
missing_reference_cluster,table2:1698,cisco csa-b100-srvr-k9 cisco security server agent win + sol 100 agentbundle cisco security server agent license 100 agents win solaris 0746320832586,,
missing_reference_cluster,table2:1699,cisco pgw2200 includes redundnt,,
missing_reference_cluster,table2:1700,cisco pgw2200 includes redundnt,,
missing_reference_cluster,table2:1712,rl296aa red hat enterprise linux ws v. 4 update 4 license 1 workstation,,
missing_reference_cluster,table2:1728,t3586a hp storageworks secure path for linux workgroup edition v. 3.0 c license,,
missing_reference_cluster,table2:1744,cd26xm-ch = cisco ios ip/fw/ids complete package cd,,
missing_reference_cluster,table2:1752,firebox x550e gateway antivirus intrusion prevention service 1yr watchguard -,,
missing_reference_cluster,table2:1770,hgw hallmark card studio 2005 deluxe complete package 1 user cd win,,
missing_reference_cluster,table2:1777,wg3605 watchguard mobile user vpn complete package 5 users cd win english t,,
missing_reference_cluster,table2:1798,6809a-g03-11 .0 scansoft paperport v. 11 complete package 5 users win english,,
missing_reference_cluster,table2:1799,910443-004-g onweb web-to-host v. 5.1 upgrade license 1 user volume level g 3,,
missing_reference_cluster,table2:1821,10731 the print shop 22 pro publisher deluxe complete package 1 user win,,
missing_reference_cluster,table2:1823,299530 quickbooks premier nonprofit edition 2007 complete package 1 user cd win,,
missing_reference_cluster,table2:1889,emc ju10a0075 emc retrospect 7.5 disk to disk windows emc insignia retrospect disk-to-disk v. 7.5 complete package 1 server cd win 0093156011006,,
missing_reference_cluster,table2:1890,902453-006-g rumba unix-hp edition v. 7.3 upgrade license 1 user volume level g,,
missing_reference_cluster,table2:1900,29180162 adobe photoshop elements 4.0 plus adobe premiere elements 2.0 complete package,,
missing_reference_cluster,table2:1904,2013001000122 details v. 3.0 complete package 1 user cd win english,,
missing_reference_cluster,table2:1917,print explosion deluxe 3.0 : mac,,
missing_reference_cluster,table2:1979,csa-b100-srvr-k9 cisco security server agent license 100 agents win solaris,,
missing_reference_cluster,table2:198,vivendi blizzard world of warcraft,,
missing_reference_cluster,table2:1988,ibm totalstorage ds4800 model 84 hard drive array,,
missing_reference_cluster,table2:1989,ibm totalstorage ds4800 model 84 hard drive array,,
missing_reference_cluster,table2:1995,jboss subscription service platinum jboss portal technical support,,
missing_reference_cluster,table2:1996,jboss subscription service platinum jboss portal technical support,,
missing_reference_cluster,table2:1998,sonicwall 01-ssc-6997 3yr snwl client/server anti-virus 1000u sonicwall client/server anti-virus suite subscription license 3 years 1000 users 0758479069973,,
missing_reference_cluster,table2:1999,sonicwall 01-ssc-6997 3yr snwl client/server anti-virus 1000u sonicwall client/server anti-virus suite subscription license 3 years 1000 users 0758479069973,,
missing_reference_cluster,table2:2003,freeverse software 4015 big bang board games,,
missing_reference_cluster,table2:2005,individual software prm-rce resumemaker career edition,,
missing_reference_cluster,table2:2007,individual software qne-t15 typing quick & easy 15.0,,
missing_reference_cluster,table2:2020,apple ilife 06,,
missing_reference_cluster,table2:2044,encore software 13921 3d home architect home design deluxe version 9,,
missing_reference_cluster,table2:2061,encore software 13931 3d home architect landscape design deluxe version 9,,
missing_reference_cluster,table2:2081,encore software 13781 westward,,
missing_reference_cluster,table2:2087,encore software 13881 tlc dr seuss reading learning system 2008,,
missing_reference_cluster,table2:2107,sage software acts2005rt act ! 7.0 2005,,
missing_reference_cluster,table2:2122,make finale 2006 software music production software,,
missing_reference_cluster,table2:2139,marine aquarium & goldfish screen saver by encore software,,
missing_reference_cluster,table2:2144,individual software prm-r12 resumemaker professional 12.0,,
missing_reference_cluster,table2:2150,pg music band in a box software for windows music production software,,
missing_reference_cluster,table2:2175,bias deck 3.5 le digital audio recording software music production software,,
missing_reference_cluster,table2:2186,apple xsan san data storage consolidation and file sharing software apple & mac software,,
missing_reference_cluster,table2:2198,steinberg wavelab studio 6 audio editing software music production software,,
missing_reference_cluster,table2:2210,me too software 800001 i copy dvds 2 ( win 98 me 2000 xp ),,
missing_reference_cluster,table2:2230,freeverse software 4001 northland,,
missing_reference_cluster,table2:2232,individual software prm-xw3 professor teaches excel & word,,
missing_reference_cluster,table2:226,checkmark multiledger 6.0,,
missing_reference_cluster,table2:2266,individual software prm-xw3 professor teaches excel & word,,
missing_reference_cluster,table2:2267,freeverse software 006 active lancer,,
missing_reference_cluster,table2:2270,individual software jce-wn5 professor teaches windows j/c,,
missing_reference_cluster,table2:2271,individual software prm-wn5 professor teaches windows xp,,
missing_reference_cluster,table2:2277,abacus software s546 usa extreme landscapes for fs2004 and fs2002 3cd set,,
missing_reference_cluster,table2:2290,encore software 12361 encore elementary advantage 2008 training/wbt pc,,
missing_reference_cluster,table2:2294,native instruments traktor dj studio 3 software based dj rig music production software,,
missing_reference_cluster,table2:231,fogware hyb art dvd,,
missing_reference_cluster,table2:2330,freeverse software 5003 bumpercar 2.0 mac web browser,,
missing_reference_cluster,table2:2355,encore software 12411 encore adventure workshop preschool-1st grade 8th edition educational pc,,
missing_reference_cluster,table2:2358,encore software 10033 encore the print shop v. 21.0 complete product print management 1 user ( s ) complete product standard pc,,
missing_reference_cluster,table2:2370,steinberg cubase 4 software competitive crossgrade music production software,,
missing_reference_cluster,table2:2396,freeverse software 4015 big bang board games,,
missing_reference_cluster,table2:2397,individual software pro-tsm hanes t-shirt maker deluxe,,
missing_reference_cluster,table2:2403,freeverse software 010 wingnuts 2 raina 's revenge,,
missing_reference_cluster,table2:2405,freeverse software 4024 robin hood : the legend of sheerwood,,
missing_reference_cluster,table2:241,csdc macdrive 7 for windows mediafour corp.,,
missing_reference_cluster,table2:2410,individual software jce-wn5 professor teaches windows j/c,,
missing_reference_cluster,table2:2412,individual software prm-wn5 professor teaches windows xp,,
missing_reference_cluster,table2:2413,firebox x550e gateway antivirus intrusion prevention service 1yr watchguard -,,
missing_reference_cluster,table2:2414,freeverse software 005 solace,,
missing_reference_cluster,table2:2416,freeverse software 006 active lancer,,
missing_reference_cluster,table2:2453,individual software prm-r12 resumemaker professional 12.0,,
missing_reference_cluster,table2:2458,bling software limited 873172050209 safekeeper plus win 2000 xp,,
missing_reference_cluster,table2:2469,cisco csa-b250-dtop-k9 cisco security desktop agent win + sol 250 agent bundle cisco security desktop agent license 250 agents 0746320832500,,
missing_reference_cluster,table2:2508,individual software jce-th6 total 3d home deluxe j/c,,
missing_reference_cluster,table2:2509,freeverse software 4012 3d bridge deluxe ( retail box ) for mac,,
missing_reference_cluster,table2:2514,individual software prm-rce resumemaker career edition,,
missing_reference_cluster,table2:2515,individual software qne-t15 typing quick & easy 15.0,,
missing_reference_cluster,table2:2520,native instruments traktor dj studio 3 software based dj rig music production software,,
missing_reference_cluster,table2:2539,encore software 11770 risk ii win 95 98,,
missing_reference_cluster,table2:2545,encore software 13790 super granny 3 win 98 me 2000 xp vista,,
missing_reference_cluster,table2:2578,encore software 10655 hoyle bridge win 98 me 2000 xp,,
missing_reference_cluster,table2:2609,encore software 10282 sharks 2.0 ( win 95 98 me 2000 xp/mac 10.1 or higher ),,
missing_reference_cluster,table2:2614,sony creative software sound forge audio studio v. 8.0 complete product,,
missing_reference_cluster,table2:2615,sony creative software sound forge audio studio v. 8.0 complete product,,
missing_reference_cluster,table2:2655,sage software acts2005rt act ! 7.0 2005,,
missing_reference_cluster,table2:2660,onone software ice-10770 intellihance pro 4.1 mac/win ( buy now and get free cs3 compatibility upgrades ),,
missing_reference_cluster,table2:2662,aec software 1018001000132 fasttrack schedule 8 pda,,
missing_reference_cluster,table2:2672,onone software mpr-40212 mask pro 4.0 upgrade ( buy now and get free cs3 compatibility upgrades ),,
missing_reference_cluster,table2:2677,abacus software s482 scenic railway add-on for pc,,
missing_reference_cluster,table2:2678,abacus software s461 train sim modeller for pc,,
missing_reference_cluster,table2:2679,abacus software 1557555117 flight deck iii for pc,,
missing_reference_cluster,table2:2691,abacus software s515 flight simulation sea plane adventures pc,,
missing_reference_cluster,table2:2692,abacus software s fs commuter pilot pc,,
missing_reference_cluster,table2:2693,ce software 4501eu01up35 quickeys 5.0 upgrade from 3.x,,
missing_reference_cluster,table2:2694,abacus software 5563 abacus 5563 private pilot ii,,
missing_reference_cluster,table2:2695,abacus software s532 military aircraft collection for pc,,
missing_reference_cluster,table2:2696,abacus software s546 usa extreme landscapes for fs2004 and fs2002 3cd set,,
missing_reference_cluster,table2:2697,abacus software s513 fligth simulation whirly birds adventures pc,,
missing_reference_cluster,table2:2698,ce software 4501eu01up40 quickeys 5.0 upgrade from 4.0,,
missing_reference_cluster,table2:2699,ce software 4x30eu01up20 quickeys x3 upgrade from 2.0,,
missing_reference_cluster,table2:2701,abacus software 5562 chopper havoc for pc,,
missing_reference_cluster,table2:2702,abacus software s568 vietnam carrier ops,,
missing_reference_cluster,table2:2703,abacus software s552 fs fighter pilot for fs2004 and fs2002,,
missing_reference_cluster,table2:2704,abacus software ss69 corporate pilot 2,,
missing_reference_cluster,table2:2720,punch software 90500 home design studio mac,,
missing_reference_cluster,table2:2740,freeverse software 006 active lancer,,
missing_reference_cluster,table2:2741,freeverse software 010 wingnuts 2 raina 's revenge,,
missing_reference_cluster,table2:2742,freeverse software 4015 big bang board games,,
missing_reference_cluster,table2:2743,individual software pro-tsm hanes t-shirt maker deluxe,,
missing_reference_cluster,table2:2745,individual software prm-xw3 professor teaches excel & word,,
missing_reference_cluster,table2:2746,freeverse software 4024 robin hood : the legend of sheerwood,,
missing_reference_cluster,table2:2750,individual software jce-th6 total 3d home deluxe j/c,,
missing_reference_cluster,table2:2751,individual software jce-wn5 professor teaches windows j/c,,
missing_reference_cluster,table2:2760,freeverse software 4001 northland,,
missing_reference_cluster,table2:2761,individual software prm-rce resumemaker career edition,,
missing_reference_cluster,table2:2763,freeverse software 4012 3d bridge deluxe ( retail box ) for mac,,
missing_reference_cluster,table2:2776,big oil : build an oil empire,,
missing_reference_cluster,table2:2806,onone software mpr-40212 mask pro 4.0 upgrade ( buy now and get free cs3 compatibility upgrades ),,
missing_reference_cluster,table2:2813,webroot spy sweeper spanish edition ( pc ),,
missing_reference_cluster,table2:2817,onone software ice-10770 intellihance pro 4.1 mac/win ( buy now and get free cs3 compatibility upgrades ),,
missing_reference_cluster,table2:2819,mobile media converter ( pc ) pinnacle,,
missing_reference_cluster,table2:2820,autodesk 3ds max 9 3d animation software for windows animation software,,
missing_reference_cluster,table2:2828,avid liquid pro 7.0 video editing hardware/software bundle for windows professional editing software,,
missing_reference_cluster,table2:2840,photo explosion deluxe 3.0 nova,,
missing_reference_cluster,table2:2878,printshop home & office labels,,
missing_reference_cluster,table2:2879,bodyworks 6.0 25-user building site license,,
missing_reference_cluster,table2:2880,virtual labs : light,,
missing_reference_cluster,table2:2882,pressure pop !,,
missing_reference_cluster,table2:2883,aec software 1018001000132 fasttrack schedule 8 pda,,
missing_reference_cluster,table2:2884,essential business tools 2.0,,
missing_reference_cluster,table2:2885,abacus software s fs commuter pilot pc,,
missing_reference_cluster,table2:2886,let 's make stickers,,
missing_reference_cluster,table2:2887,abacus software 1557555117 flight deck iii for pc,,
missing_reference_cluster,table2:2888,backyard skateboarding,,
missing_reference_cluster,table2:2895,ce software 4x30eu01up20 quickeys x3 upgrade from 2.0,,
missing_reference_cluster,table2:2896,abacus software s513 fligth simulation whirly birds adventures pc,,
missing_reference_cluster,table2:2897,ce software 4501eu01up35 quickeys 5.0 upgrade from 3.x,,
missing_reference_cluster,table2:2898,rayman 10th anniversary collection,,
missing_reference_cluster,table2:2899,abacus software s568 vietnam carrier ops,,
missing_reference_cluster,table2:2901,abacus software s532 military aircraft collection for pc,,
missing_reference_cluster,table2:2902,scansoft pdf converter 4,,
missing_reference_cluster,table2:2903,abacus software 5562 chopper havoc for pc,,
missing_reference_cluster,table2:2905,abacus software 5563 abacus 5563 private pilot ii,,
missing_reference_cluster,table2:2907,abacus software s546 usa extreme landscapes for fs2004 and fs2002 3cd set,,
missing_reference_cluster,table2:2910,abacus software ss69 corporate pilot 2,,
missing_reference_cluster,table2:2912,abacus software s461 train sim modeller for pc,,
missing_reference_cluster,table2:2913,abacus software s482 scenic railway add-on for pc,,
missing_reference_cluster,table2:2916,abacus software s515 flight simulation sea plane adventures pc,,
missing_reference_cluster,table2:2917,sony photo go,,
missing_reference_cluster,table2:2918,ce software 4501eu01up40 quickeys 5.0 upgrade from 4.0,,
missing_reference_cluster,table2:2919,freeverse software 5003 bumpercar 2.0 mac web browser,,
missing_reference_cluster,table2:2923,abacus software s552 fs fighter pilot for fs2004 and fs2002,,
missing_reference_cluster,table2:2929,freeverse software 010 wingnuts 2 raina 's revenge,,
missing_reference_cluster,table2:2938,crayola first ladies costume maker,,
missing_reference_cluster,table2:2940,quickstart pc cleaner xp,,
missing_reference_cluster,table2:2943,pokemon team turbo,,
missing_reference_cluster,table2:2946,reader rabbit learn to read with phonics ! preschool & kindergarten,,
missing_reference_cluster,table2:2948,south park chef 's luv shack,,
missing_reference_cluster,table2:2949,tank battle,,
missing_reference_cluster,table2:2950,lego island 2 : the brickster 's revenge,,
missing_reference_cluster,table2:2953,home budget for dummies,,
missing_reference_cluster,table2:2955,encyclopedia of our living oceans,,
missing_reference_cluster,table2:2959,microsoft windows vista business full version,,
missing_reference_cluster,table2:2962,clifford the big red dog reading pack,,
missing_reference_cluster,table2:2963,ultimate pinball,,
missing_reference_cluster,table2:2964,wacky farm,,
missing_reference_cluster,table2:2966,state standards grade 6,,
missing_reference_cluster,table2:2967,superstart ! science arcade,,
missing_reference_cluster,table2:2968,mighty math number heroes,,
missing_reference_cluster,table2:2969,madeline rainy day activities,,
missing_reference_cluster,table2:2971,treasure galaxy 5-user lab pack for mac,,
missing_reference_cluster,table2:2973,namco museum 50th anniversary,,
missing_reference_cluster,table2:2974,season ticket football 2003,,
missing_reference_cluster,table2:2976,quickstart photo montage studio,,
missing_reference_cluster,table2:2983,encyclopedia britannica profiles : dinosaurs !,,
missing_reference_cluster,table2:2985,police quest compilation,,
missing_reference_cluster,table2:2987,elementary school success deluxe 2006,,
missing_reference_cluster,table2:2988,tonka town,,
missing_reference_cluster,table2:2989,startopia,,
missing_reference_cluster,table2:2990,easy home massage dvd,,
missing_reference_cluster,table2:2991,super solvers spellbound ! ! school edition for mac,,
missing_reference_cluster,table2:2994,clifford the big red dog thinking adventures,,
missing_reference_cluster,table2:2995,easy drums,,
missing_reference_cluster,table2:3,math missions : the amazing arcade adventure ( grades 3-5 ),,
missing_reference_cluster,table2:3003,adobe acrobat professional 7,,
missing_reference_cluster,table2:3004,wacky bird hunter,,
missing_reference_cluster,table2:3005,treasure mountain,,
missing_reference_cluster,table2:3006,tonka search & rescue 2,,
missing_reference_cluster,table2:3018,edius pro 4,,
missing_reference_cluster,table2:3020,studio ultimate version 11,,
missing_reference_cluster,table2:3026,punch software 90500 home design studio mac,,
missing_reference_cluster,table2:3033,quickbooks pro 2007 3 user,,
missing_reference_cluster,table2:3037,csi : crime scene investigation,,
missing_reference_cluster,table2:3039,hoyle card games,,
missing_reference_cluster,table2:3041,cluefinders 3rd grade adventures : mystery of mathra,,
missing_reference_cluster,table2:3043,state standards grade 8,,
missing_reference_cluster,table2:3044,instant home cooking,,
missing_reference_cluster,table2:3047,encore software 13851 tlc blues clues preschool learning system 2008,,
missing_reference_cluster,table2:3049,let 's learn about time & date,,
missing_reference_cluster,table2:3051,mother goose interactive storybook,,
missing_reference_cluster,table2:3053,calendar creator 10,,
missing_reference_cluster,table2:3056,punch software 90500 home design studio mac,,
missing_reference_cluster,table2:3058,living trust builder,,
missing_reference_cluster,table2:3059,sega smash pack 2,,
missing_reference_cluster,table2:3063,quickbooks pro 2007 3 user,,
missing_reference_cluster,table2:3064,zoboomafoo animal logic with workbook combo,,
missing_reference_cluster,table2:3066,post mortem,,
missing_reference_cluster,table2:3067,backyard soccer mls edition,,
missing_reference_cluster,table2:3069,who wants to be a millionaire sports edition,,
missing_reference_cluster,table2:3070,zipmagic personal edition,,
missing_reference_cluster,table2:3085,windows vista ultimate upgrade,,
missing_reference_cluster,table2:31,buvsag-00000 ulead videostudio 10 complete package 1 user win english,,
missing_reference_cluster,table2:3113,math missions : the race to spectacle city arcade ( grades k-2 ),,
missing_reference_cluster,table2:3114,world of wild cats,,
missing_reference_cluster,table2:3145,palo alto business plan pro 2007,,
missing_reference_cluster,table2:3160,microsoft ( r ) windows ( r ) xp professional edition with sp2,,
missing_reference_cluster,table2:3161,adobe creative suite 3 ( cs3 ) design suite standard upgrade ( upsell ) mac,,
missing_reference_cluster,table2:3171,microsoft ( r ) project standard 2007,,
missing_reference_cluster,table2:3181,macbackup,,
missing_reference_cluster,table2:3189,math success ( tm ) deluxe 2007,,
missing_reference_cluster,table2:3190,microsoft ( r ) mappoint ( r ) 2006,,
missing_reference_cluster,table2:3194,microsoft ( r ) project standard 2007,,
missing_reference_cluster,table2:3196,calendar creator 10,,
missing_reference_cluster,table2:3219,pc tools spyware doctor 2007,,
missing_reference_cluster,table2:344,emc insignia retrospect desktop 6 upgrade,,
missing_reference_cluster,table2:350,brighter minds diner dash,,
missing_reference_cluster,table2:413,magix entertainment corp. xtreme photostory on cd and dvd 6,,
missing_reference_cluster,table2:45,22030094 adobe encore dvd v. 2.0 complete package 1 user dvd win universa,,
missing_reference_cluster,table2:510,filemaker mobile 8,,
missing_reference_cluster,table2:556,feral interactive the movies,,
missing_reference_cluster,table2:561,mariner montage screenwriting software,,
missing_reference_cluster,table2:586,fogware hyb space dvd,,
missing_reference_cluster,table2:591,sos aggregation company ufo afterlight topware interactive,,
missing_reference_cluster,table2:6,edius pro 4,,
missing_reference_cluster,table2:61,cd28-esk9 = cisco ios enterprise services complete package cd,,
missing_reference_cluster,table2:616,aspyr media inc prey,,
missing_reference_cluster,table2:63,01-ssc-5310 sonicwall global vpn client license 1 user win,,
missing_reference_cluster,table2:64,f309a-g03-11 .0 scansoft paperport professional v. 11 complete package 5 users win -,,
missing_reference_cluster,table2:652,sos aggregation company brain builder core learning,,
missing_reference_cluster,table2:720,bb0kyna ibm db2 net search extender v. 8.2 media cd linux unix win engli,,
missing_reference_cluster,table2:721,00dexx17cc01 designcad v. 17 complete package 1 user cd win,,
missing_reference_cluster,table2:731,22101258 adobe acrobat capture v. 3.0 license 1 user 20000 pages win engli,,
missing_reference_cluster,table2:765,encore software 14080 q * bert win 2000 xp vista,,
missing_reference_cluster,table2:781,individual software qne-t15 typing quick & easy 15.0,,
missing_reference_cluster,table2:784,individual software prm-wn5 professor teaches windows xp,,
missing_reference_cluster,table2:785,freeverse software 5003 bumpercar 2.0 mac web browser,,
missing_reference_cluster,table2:834,sos aggregation company dance praise digital praise,,
missing_reference_cluster,table2:871,school zone interactive math 2 on track software,,
missing_reference_cluster,table2:94,210100533 pinnacle studio plus titanium edition v. 10.5 complete package 1 user,,
missing_reference_cluster,table2:962,destineer halo,,
extra_predicted_cluster,table1:0,,2090,clickart 950 000 premier image pack ( dvd-rom )
extra_predicted_cluster,table1:1000|table2:834,,3034,sos aggregation company dance praise digital praise
extra_predicted_cluster,table1:1002,,2393,genuine fractals genuine fractals print pro 1u
extra_predicted_cluster,table1:1003,,3585,logic pro 6
extra_predicted_cluster,table1:1004|table2:1378|table2:2232|table2:2266|table2:2745|table2:794,,3184,professor teaches excel & word
extra_predicted_cluster,table1:1010,,3295,roxio easy media creator 9
extra_predicted_cluster,table1:1011,,3607,logic pro 6 upgrade from logic platinum/gold 5 & 6
extra_predicted_cluster,table1:1014|table1:917|table2:163|table2:2290|table2:2835|table2:773,,3211,elementary advantage 2008
extra_predicted_cluster,table1:1016|table2:3189,,2818,math success ( tm ) deluxe 2007
extra_predicted_cluster,table1:1018,,3352,wheel of fortune deluxe
extra_predicted_cluster,table1:1019,,2396,neuratron photoscore professional 4
extra_predicted_cluster,table1:102|table2:1668,,2734,myinvoices & estimates deluxe
extra_predicted_cluster,table1:1020,,3519,elementary school advantage 2007
extra_predicted_cluster,table1:1021,,3402,resumemaker professional 12.0
extra_predicted_cluster,table1:1024,,3315,punch super home suite 3.0
extra_predicted_cluster,table1:1025,,2397,e-mu em8669 modern symphonic orchestra
extra_predicted_cluster,table1:1027|table2:765,,2765,encore software 14080 q * bert win 2000 xp vista
extra_predicted_cluster,table1:1028,,2398,makemusic finale 2007 win/mac
extra_predicted_cluster,table1:1029|table2:2081,,3095,encore software 13781 westward
extra_predicted_cluster,table1:103,,3479,my sim aquarium
extra_predicted_cluster,table1:1031,,3418,singleclick network now ! pro
extra_predicted_cluster,table1:1033,,2399,pc professor fuji 's kakuro
extra_predicted_cluster,table1:1035|table2:401,,2866,encore inc spongebob squarepants typing fun
extra_predicted_cluster,table1:1036|table1:1037,,3455,brain food games : cranium collection 2006
extra_predicted_cluster,table1:1038,,3632,printmaster 17 gold by encore software
extra_predicted_cluster,table1:1039|table2:3069,,2677,who wants to be a millionaire sports edition
extra_predicted_cluster,table1:1040,,2401,encore the big box of art 410 000 460001 )
extra_predicted_cluster,table1:1044,,3512,hoyle puzzle & board games 2007
extra_predicted_cluster,table1:1046,,2404,riverdeep kissing canines
extra_predicted_cluster,table1:1050,,3590,middle school advantage 2008
extra_predicted_cluster,table1:1052|table2:2946,,2992,reader rabbit learn to read with phonics ! preschool & kindergarten
extra_predicted_cluster,table1:1054,,2407,professor fujis sudoku deluxe by encore
extra_predicted_cluster,table1:1056|table2:2358,,3143,encore software 10033 encore the print shop v. 21.0 complete product print management 1 user ( s ) complete product standard pc
extra_predicted_cluster,table1:106|table2:1698|table2:1979|table2:1980,,3179,cisco security server agent for windows and solaris license 100 agents win solaris csa-b100-srvr-k9 )
extra_predicted_cluster,table1:1062,,3432,pc tools spyware doctor 2007 sb cs by pc tools
extra_predicted_cluster,table1:1065|table2:11,,3648,ares rising
extra_predicted_cluster,table1:1067,,2412,evergirl
extra_predicted_cluster,table1:1069,,3594,hasbro family game collection 2006
extra_predicted_cluster,table1:107,,2122,photoshop elements 5 and premiere elements 3 bundle win minibox ( 29180248 )
extra_predicted_cluster,table1:1072|table2:2139,,2880,marine aquarium & goldfish screen saver by encore software
extra_predicted_cluster,table1:1074,,3262,family tree maker version 16 collectors edition sb cs
extra_predicted_cluster,table1:1075|table1:1343|table2:645|table2:991,,3195,liquid ledger personal finance
extra_predicted_cluster,table1:1080,,3328,adventure workshop 4th-6th grade 7th edition
extra_predicted_cluster,table1:1085|table2:1396|table2:985,,3173,burning monkey solitaire 4.0
extra_predicted_cluster,table1:1089,,2416,e-mu em8685 beat garden x emulator x2/proteus x2 soundset
extra_predicted_cluster,table1:109,,2123,instant immersion french 2.0
extra_predicted_cluster,table1:1091,,3376,soundtrack 1.2
extra_predicted_cluster,table1:1093,,3336,final cut express 2.0 upgrade
extra_predicted_cluster,table1:1094,,3503,detto move2mac usb
extra_predicted_cluster,table1:1096,,3511,apple remote desktop 2.2 10 client ( old version )
extra_predicted_cluster,table1:1099,,2417,webroot spysweeper antispyware 3 user
extra_predicted_cluster,table1:1105|table1:1284,,3482,punch ! master landscape & home design
extra_predicted_cluster,table1:1109|table2:962,,2912,destineer halo
extra_predicted_cluster,table1:1110|table1:1259|table1:35|table2:1821|table2:2018|table2:2039|table2:456,,3190,print shop 22 pro publisher deluxe
extra_predicted_cluster,table1:1114,,2418,webroot spy sweeper antispyware 5.x
extra_predicted_cluster,table1:1117,,3390,dk rainbow fish most beautiful fish in the ocean
extra_predicted_cluster,table1:112,,2125,foreign policy & reform ( win/mac ) ( jewel case )
extra_predicted_cluster,table1:1122|table2:2186,,3139,apple xsan san data storage consolidation and file sharing software apple & mac software
extra_predicted_cluster,table1:1124,,2419,emedia print music 2006 win/mac
extra_predicted_cluster,table1:1125,,2420,adobe solution expert support
extra_predicted_cluster,table1:1129|table2:2175,,3107,bias deck 3.5 le digital audio recording software music production software
extra_predicted_cluster,table1:113,,2126,microsoft licenses win svr 2003 ext conn lic ( r3900292 )
extra_predicted_cluster,table1:1130,,2421,adobe cs3 design premium macosx dvd
extra_predicted_cluster,table1:1133,,3636,apple shake 4.1 visual effects ( mac )
extra_predicted_cluster,table1:1134,,2422,comic book library
extra_predicted_cluster,table1:1137|table2:2198,,2559,steinberg wavelab studio 6 audio editing software music production software
extra_predicted_cluster,table1:1139,,3563,cakewalk sonar 6 producer ed
extra_predicted_cluster,table1:114,,2127,quickbooks pos : pro multistore 6.0
extra_predicted_cluster,table1:1142,,2425,adobe captivate 2.0
extra_predicted_cluster,table1:1149,,2426,burning monkey mahjongg ( mac )
extra_predicted_cluster,table1:1151|table2:3219,,2732,pc tools spyware doctor 2007
extra_predicted_cluster,table1:1154|table2:2122,,3113,make finale 2006 software music production software
extra_predicted_cluster,table1:1158,,3175,burning monkey solitaire 2005 edition
extra_predicted_cluster,table1:1159,,3382,nero 7 ultra edition enhanced pc & home entrmnt soln
extra_predicted_cluster,table1:1166,,3565,cakewalk sonar 6 studio
extra_predicted_cluster,table1:1169|table2:1917,,3234,print explosion deluxe 3.0 ( mac )
extra_predicted_cluster,table1:1171|table1:1207|table2:538|table2:905,,2604,allume stuffit deluxe 11 os x 10.4 or higher
extra_predicted_cluster,table1:1174|table1:553|table2:923,,3213,adobe indesign cs3 upgrade from pagemaker [ mac ]
extra_predicted_cluster,table1:1177,,3462,microsoft office student and teacher edition 2004 macintosh
extra_predicted_cluster,table1:1178|table2:2150,,2709,pg music band in a box software for windows music production software
extra_predicted_cluster,table1:118|table2:1525,,2616,crystal reports xi professional edition complete package
extra_predicted_cluster,table1:1185|table2:2061|table2:562,,3182,3d home architect landscape design deluxe version 9
extra_predicted_cluster,table1:1186,,2431,adobe creative suite cs3 web standard [ mac ]
extra_predicted_cluster,table1:119,,3413,sierra hallmark card studio special edition windows )
extra_predicted_cluster,table1:1190,,3453,punch ! professional home design
extra_predicted_cluster,table1:1193|table2:1597,,3155,onone software mpr-40211 mask pro 4 1-user full win xp vista/mac 10.4 or
extra_predicted_cluster,table1:1195,,2433,home design architect series 3000 v10 .0
extra_predicted_cluster,table1:1196,,2434,individual small business advantage deluxe 2006
extra_predicted_cluster,table1:1198|table2:1108,,2708,quickbooks ( r ) point of sale 2007 : basic retail management 6.0
extra_predicted_cluster,table1:1204|table2:586,,2762,fogware hyb space dvd
extra_predicted_cluster,table1:1205,,2436,micromat diskstudio mac )
extra_predicted_cluster,table1:1209,,3238,flash action phonics made easy
extra_predicted_cluster,table1:121,,2128,microsoft licenses exch . srvr extrn conn sa eng ( 39400416 )
extra_predicted_cluster,table1:1210,,3358,kaplan sat/act/psat gold 2007 win/mac
extra_predicted_cluster,table1:1212,,3245,math success deluxe 2008
extra_predicted_cluster,table1:1213,,2437,money home & business 2007 win32 eng na mini box us only cd
extra_predicted_cluster,table1:1216|table2:3181,,2731,macbackup
extra_predicted_cluster,table1:1217,,2439,stubbs the zombie in rebel without a pulse ( dvd ) ( mac )
extra_predicted_cluster,table1:1219|table2:556,,2828,feral interactive the movies
extra_predicted_cluster,table1:1221|table2:31,,3154,buvsag-00000 ulead videostudio 10 complete package 1 user win english
extra_predicted_cluster,table1:1223|table2:561,,3027,mariner montage screenwriting software
extra_predicted_cluster,table1:1224,,3303,giggles computer funtime for baby shapes ( win/mac )
extra_predicted_cluster,table1:1225,,3578,sony acid pro 6 professional music workstation
extra_predicted_cluster,table1:1232|table2:1085,,2743,sony media software sound forge 9 digital audio production suite music production software
extra_predicted_cluster,table1:1234,,3279,logic express 6
extra_predicted_cluster,table1:1235,,3349,photoshop elements 4 edu mac 1u
extra_predicted_cluster,table1:1237,,2441,dvo cook 'n deluxe 6.0 ultimate recipe organizer
extra_predicted_cluster,table1:1238|table2:1089|table2:1448|table2:2418,,3205,sound forge audio studio 9
extra_predicted_cluster,table1:124|table2:1837|table2:2087|table2:2845,,3167,tlc dr. seuss reading learning system 2008
extra_predicted_cluster,table1:1240,,3377,upgrade acid pro 6 boxed
extra_predicted_cluster,table1:1242,,3399,peachtree by sage premium accounting 2007
extra_predicted_cluster,table1:1243|table2:517|table2:616,,3207,prey
extra_predicted_cluster,table1:1244|table2:1139,,2920,peachtree by sage pro accounting 2007
extra_predicted_cluster,table1:1249|table1:482|table2:1506|table2:2922,,2502,webroot software window washer
extra_predicted_cluster,table1:1251,,2442,adobe acrobat standard 8.0
extra_predicted_cluster,table1:1255,,2443,sony acid pro 5
extra_predicted_cluster,table1:1258,,3345,punch ! home design architectura series 18
extra_predicted_cluster,table1:1264,,3451,punch ! professional home design suite
extra_predicted_cluster,table1:1269|table1:1287,,3408,punch ! 5 in 1 home design
extra_predicted_cluster,table1:127,,2130,pantone reference library
extra_predicted_cluster,table1:1270|table2:413|table2:466,,3199,xtreme photostory on cd and dvd 6
extra_predicted_cluster,table1:1272,,3344,punch ! home design architectural series 18
extra_predicted_cluster,table1:1273|table1:876|table2:172|table2:2471|table2:2473,,3227,adobe soundbooth cs3
extra_predicted_cluster,table1:1278,,3252,easy video editor 2.0 by honest technology
extra_predicted_cluster,table1:1281|table2:1029|table2:3145|table2:551,,3170,palo alto business plan pro 2007
extra_predicted_cluster,table1:1282|table1:452|table2:2377|table2:2524|table2:355,,3193,adobe after effects cs3
extra_predicted_cluster,table1:1286,,3293,webroot desktop firewall
extra_predicted_cluster,table1:1296,,2447,starry night astronomy screensaver win/mac
extra_predicted_cluster,table1:1297,,3689,quickverse sermon builder 4.0
extra_predicted_cluster,table1:1299,,3555,snap ! spelling ( jewel case )
extra_predicted_cluster,table1:13|table2:2813,,2547,webroot spy sweeper spanish edition ( pc )
extra_predicted_cluster,table1:130,,3605,microsoft licenses sps extrnlconnnonemplyenglands c ( h3200034 )
extra_predicted_cluster,table1:1300,,3422,acad vegas movie studio + dvd 8 platinum
extra_predicted_cluster,table1:1303,,2449,scrabble complete ( jewel case )
extra_predicted_cluster,table1:1306,,2451,emedia guitarpro 5 win/mac
extra_predicted_cluster,table1:1307,,2452,spycatcher 2007for pc
extra_predicted_cluster,table1:1312,,2453,sales skills 2.0 ages 10 +
extra_predicted_cluster,table1:1313|table2:652,,2825,sos aggregation company brain builder core learning
extra_predicted_cluster,table1:1318|table2:3005,,2999,treasure mountain ! ( jewel case ) ages 5-9 for win/mac
extra_predicted_cluster,table1:1319,,3260,video patrol 5.0 by honest technology
extra_predicted_cluster,table1:1324,,2454,printmaster platinum v 17.0
extra_predicted_cluster,table1:1333|table2:629|table2:993,,3194,age of empires iii : the warchiefs expansion pack ( mac )
extra_predicted_cluster,table1:1334|table2:566,,2804,adobe creative suite cs3 web standard
extra_predicted_cluster,table1:1340,,2455,make music allegro 2007 labpack 5 user
extra_predicted_cluster,table1:1342|table2:1058,,2778,power translator ( tm ) 11 premium
extra_predicted_cluster,table1:1344|table1:633|table2:281|table2:644,,2910,masque publishing sportsmans double play with american billiards
extra_predicted_cluster,table1:1349,,3298,adobe creative suite cs3 web standard upsell [ mac ]
extra_predicted_cluster,table1:1352|table2:591,,2701,sos aggregation company ufo afterlight topware interactive
extra_predicted_cluster,table1:1353|table1:556|table2:3016|table2:621,,3209,instant immersion italian deluxe 2.0
extra_predicted_cluster,table1:1360,,2458,dragon naturally speaking standard v9
extra_predicted_cluster,table1:137|table2:1890,,3001,902453-006-g rumba unix-hp edition v. 7.3 upgrade license 1 user volume level g
extra_predicted_cluster,table1:140|table2:344,,3152,emc insignia retrospect desktop 6 upgrade
extra_predicted_cluster,table1:143,,2140,adobe acrobat distiller svr v6-cd linux u/u 42050142 )
extra_predicted_cluster,table1:146|table2:3190,,2988,microsoft mappoint 2006 standard edition
extra_predicted_cluster,table1:156|table2:1904,,2868,2013001000122 details v. 3.0 complete package 1 user cd win english
extra_predicted_cluster,table1:157|table2:1900,,2911,adobe photoshop elements 4.0 plus adobe premiere elements 2.0 complete package 1 user cd mini-box win canadian french 29180162 )
extra_predicted_cluster,table1:161,,3676,gods : lands of infinity special edition
extra_predicted_cluster,table1:164,,3599,sea scene : living underwater worlds ( jewel case )
extra_predicted_cluster,table1:165,,2154,hp storageworks secure path for windows workgroup edition v. 4.0 c license 213076-b26 )
extra_predicted_cluster,table1:166,,3626,equilibrium debabelizer pro 6.0 1 user
extra_predicted_cluster,table1:168,,2156,autodesk discreet combustion 4 windows )
extra_predicted_cluster,table1:17,,2099,upg sgms 1000 incremental node
extra_predicted_cluster,table1:171,,2158,microsoft licenses word mac 10.0 eng govt ( d4800369 )
extra_predicted_cluster,table1:174,,2161,1pk internet sec ste 2007 oem
extra_predicted_cluster,table1:175,,3630,diskeeper 2007 professional single lic pack
extra_predicted_cluster,table1:185|table2:1107,,2473,csdc iremember digital scrapbooking 2.0
extra_predicted_cluster,table1:189,,2163,upgrade delphi 2006 pro named fr delphi v3-2005 pro cd
extra_predicted_cluster,table1:192|table2:1529,,2958,sos aggregation company 100800104 buku karkuro topware interactive
extra_predicted_cluster,table1:193,,2166,backup exec 10d win adv disk v10 .1 lic only ( e180518 )
extra_predicted_cluster,table1:195|table2:198,,2928,vivendi blizzard world of warcraft
extra_predicted_cluster,table1:197|table2:63,,2821,01-ssc-5310 sonicwall global vpn client license 1 user win
extra_predicted_cluster,table1:198|table2:64,,3132,f309a-g03-11 .0 scansoft paperport professional v. 11 complete package 5 users win -
extra_predicted_cluster,table1:204|table2:61,,2773,cd28-esk9 = cisco ios enterprise services complete package cd
extra_predicted_cluster,table1:207,,2175,crystal reports 11 professional full product french
extra_predicted_cluster,table1:220|table2:1175,,3071,mobileinventory additional mobile license
extra_predicted_cluster,table1:222|table2:94,,3023,210100533 pinnacle studio plus titanium edition v. 10.5 complete package 1 user
extra_predicted_cluster,table1:23,,2100,the printshop 20 professional publisher
extra_predicted_cluster,table1:231|table2:1712,,2766,red hat enterprise linux ws v. 4 update 4 license 1 workstation rl296aa )
extra_predicted_cluster,table1:232|table2:2878,,1855,printshop home & office labels
extra_predicted_cluster,table1:233|table2:2840,,2898,photo explosion deluxe 3.0 nova
extra_predicted_cluster,table1:236|table2:424,,2705,iris readiris pro 11 mac ocr
extra_predicted_cluster,table1:238|table1:257,,2199,ca brightstor arcserve backup r11 .5 for enterprise option for advantage ingres for
extra_predicted_cluster,table1:239|table2:721,,3069,00dexx17cc01 designcad v. 17 complete package 1 user cd win
extra_predicted_cluster,table1:242|table2:720,,3026,bb0kyna ibm db2 net search extender v. 8.2 media cd linux unix win engli
extra_predicted_cluster,table1:243,,2202,money premium 2007 win32 eng na mini box us only cd
extra_predicted_cluster,table1:247|table2:1799,,2982,910443-004-g onweb web-to-host v. 5.1 upgrade license 1 user volume level g 3
extra_predicted_cluster,table1:248,,2205,microsoft windows small business server cal 2003 license pack 20 client addpack device
extra_predicted_cluster,table1:249|table2:1798,,3149,6809a-g03-11 .0 scansoft paperport v. 11 complete package 5 users win english
extra_predicted_cluster,table1:250|table1:333|table2:2154|table2:2177,,3192,adobe after effects professional 7.0
extra_predicted_cluster,table1:253|table2:510,,3011,filemaker mobile 8 for palm os and pocket pc
extra_predicted_cluster,table1:254|table2:1777,,2867,wg3605 watchguard mobile user vpn complete package 5 users cd win english t
extra_predicted_cluster,table1:256|table2:1770,,3086,hgw hallmark card studio 2005 deluxe complete package 1 user cd win
extra_predicted_cluster,table1:26|table2:3032|table2:372,,3220,adobe premiere pro cs3 upgrade
extra_predicted_cluster,table1:260|table2:1744,,3083,cd26xm-ch = cisco ios ip/fw/ids complete package cd
extra_predicted_cluster,table1:262|table2:1122|table2:1125|table2:1728,,3180,hp sp linux we 50 lic/cd 3.0 c t3586a )
extra_predicted_cluster,table1:264|table1:839|table2:2606|table2:2607|table2:263,,3201,adobe photoshop cs3 extended [ mac ]
extra_predicted_cluster,table1:27,,3435,i copy dvds 2 professional edition
extra_predicted_cluster,table1:270|table2:3003,,3014,adobe acrobat 7.0 professional
extra_predicted_cluster,table1:271,,2214,microsoft office small business 2007
extra_predicted_cluster,table1:273,,3641,quickbooks credit card processing kit 3.0
extra_predicted_cluster,table1:274|table1:981|table2:3048|table2:845,,3208,instant immersion italian 2.0
extra_predicted_cluster,table1:275|table2:2995,,3051,easy drums ( jewel case )
extra_predicted_cluster,table1:276|table2:2996|table2:3022,,1940,instant immersion 33 languages
extra_predicted_cluster,table1:277|table2:2991,,3593,super solvers spellbound ! ! school edition for mac
extra_predicted_cluster,table1:279|table2:1437|table2:2108,,1399,printshop 20 pro publisher
extra_predicted_cluster,table1:28,,3674,gen-x media made easy vol . 3
extra_predicted_cluster,table1:280|table2:2989,,3601,startopia
extra_predicted_cluster,table1:281|table2:2990,,3572,easy home massage dvd
extra_predicted_cluster,table1:283|table2:2988,,3060,tonka town ( jewel case )
extra_predicted_cluster,table1:288|table2:3006,,2883,tonka search & rescue 2
extra_predicted_cluster,table1:29,,3492,family tree maker 11.2 collector 's edition
extra_predicted_cluster,table1:291|table2:3004,,1930,wacky bird hunter
extra_predicted_cluster,table1:292|table2:2973,,2869,namco museum 50th anniversary collection
extra_predicted_cluster,table1:293|table2:2971,,1913,treasure galaxy 5-user lab pack for mac
extra_predicted_cluster,table1:295|table2:2969,,3685,madeline rainy day activities
extra_predicted_cluster,table1:296|table2:2968,,3584,mighty math number heroes
extra_predicted_cluster,table1:297|table2:2967,,3604,superstart ! science arcade
extra_predicted_cluster,table1:298|table2:2966,,3612,state standards grade 6
extra_predicted_cluster,table1:299|table2:2964,,1910,wacky farm
extra_predicted_cluster,table1:300|table2:2985,,2633,police quest compilation
extra_predicted_cluster,table1:302|table2:2983,,2870,encyclopedia britannica profiles : dinosaurs ( jewel case )
extra_predicted_cluster,table1:304,,2222,fisher-price rescue heroes : lava landslide
extra_predicted_cluster,table1:306|table2:2976,,3684,quickstart photo montage studio
extra_predicted_cluster,table1:307|table2:2974,,3682,season ticket football 2003
extra_predicted_cluster,table1:31,,3363,dinosaurs
extra_predicted_cluster,table1:312,,3529,norton antivirus 2007
extra_predicted_cluster,table1:313|table2:3067,,2876,backyard soccer ( mls edition )
extra_predicted_cluster,table1:314|table2:3070,,1967,zipmagic personal edition
extra_predicted_cluster,table1:326|table2:3113,,1996,math missions : the race to spectacle city arcade ( grades k-2 )
extra_predicted_cluster,table1:327|table2:3114,,1997,world of wild cats
extra_predicted_cluster,table1:328|table2:3043,,3611,state standards grade 8
extra_predicted_cluster,table1:329|table1:576|table2:3041,,2307,cluefinders 3rd grade adventures : mystery of mathra
extra_predicted_cluster,table1:331|table2:3044,,2932,instant home cooking ( jewel case )
extra_predicted_cluster,table1:332|table2:1547,,3082,spy sweeper ( small box )
extra_predicted_cluster,table1:334,,3424,transfer my dvd
extra_predicted_cluster,table1:336|table2:3037,,3575,csi : crime scene investigation
extra_predicted_cluster,table1:338|table2:3059,,1959,sega smash pack 2
extra_predicted_cluster,table1:339|table2:3066,,1965,post mortem
extra_predicted_cluster,table1:340|table2:3064,,2984,zoboomafoo animal logic with workbook combo
extra_predicted_cluster,table1:341|table2:3051,,1952,mother goose interactive storybook
extra_predicted_cluster,table1:342|table2:3049,,1950,let 's learn about time & date
extra_predicted_cluster,table1:343|table2:3058,,1958,living trust builder
extra_predicted_cluster,table1:345,,2238,portfolio media kit be syst recovery 7.0 win small business ed
extra_predicted_cluster,table1:346,,3653,mcafee internet security suite 2007 3 users
extra_predicted_cluster,table1:348|table2:1497,,2721,microsoft office and windows training professional
extra_predicted_cluster,table1:350|table2:3161,,2549,adobe creative suite 3 ( cs3 ) design suite standard upgrade ( upsell ) mac
extra_predicted_cluster,table1:352,,3257,pc vegas dvd
extra_predicted_cluster,table1:353,,3259,sony vegas 6 + dvd [ old version ]
extra_predicted_cluster,table1:356,,3567,ringtone media studio 2
extra_predicted_cluster,table1:364,,3446,adobe premiere elements 3.0 [ lb ]
extra_predicted_cluster,table1:366,,2239,riverdeep arthur 's kindergarten
extra_predicted_cluster,table1:367|table2:2776,,1808,big oil : build an oil empire
extra_predicted_cluster,table1:372|table1:647|table2:2827|table2:311,,3200,readiris pro 11 corporate edition
extra_predicted_cluster,table1:376|table1:669|table2:1115|table2:219|table2:2638,,3202,printmaster gold v 17.0
extra_predicted_cluster,table1:38,,3385,the big mix ( mac )
extra_predicted_cluster,table1:384|table2:2950,,2960,lego island 2 : the brickster 's revenge ( xp compatible version )
extra_predicted_cluster,table1:385|table2:2949,,1900,tank battle
extra_predicted_cluster,table1:387|table2:2953,,2877,home budget for dummies
extra_predicted_cluster,table1:390|table2:2955,,1904,encyclopedia of our living oceans
extra_predicted_cluster,table1:391|table2:2963,,3128,ultimate pinball ( jewel case )
extra_predicted_cluster,table1:392|table2:2962,,2994,clifford the big red dog reading pack
extra_predicted_cluster,table1:395,,3478,world history ( win/mac ) ( jewel case )
extra_predicted_cluster,table1:396,,2246,quickbooks premier non-profit edition 2005
extra_predicted_cluster,table1:397|table2:2940,,1894,quickstart pc cleaner xp
extra_predicted_cluster,table1:398|table2:2938,,3686,crayola first ladies costume maker
extra_predicted_cluster,table1:40|table1:738|table1:881|table2:2544|table2:433,,3197,print shop 22 deluxe
extra_predicted_cluster,table1:400|table2:2943,,3030,pokemon team turbo ( jewel case )
extra_predicted_cluster,table1:401|table2:2948,,1899,south park chef 's luv shack
extra_predicted_cluster,table1:402|table2:3047,,3075,encore software 13851 tlc blues clues preschool learning system 2008
extra_predicted_cluster,table1:403|table2:2888,,2874,backyard skateboarding
extra_predicted_cluster,table1:407|table2:2898,,1870,rayman 10th anniversary collection
extra_predicted_cluster,table1:409|table2:2902,,2536,scansoft pdf converter 4
extra_predicted_cluster,table1:41,,3517,imsi turbocad designer v. 11
extra_predicted_cluster,table1:414,,2253,web radio recorder
extra_predicted_cluster,table1:415|table2:2879,,1856,bodyworks 6.0 25-user building site license
extra_predicted_cluster,table1:416|table2:2880,,1857,virtual labs : light
extra_predicted_cluster,table1:417|table2:2882,,1859,pressure pop !
extra_predicted_cluster,table1:418|table2:2884,,3683,essential business tools 2.0
extra_predicted_cluster,table1:419|table2:2886,,1862,let 's make stickers
extra_predicted_cluster,table1:423,,2258,microsoft licenses word olp c ( 05903871 )
extra_predicted_cluster,table1:425|table1:895,,3524,hoyle card games 2007
extra_predicted_cluster,table1:43,,2101,clip art and more 250 000 ( jewel case )
extra_predicted_cluster,table1:434,,3576,upgrade pitstop server 3.5 1u win 2k/xp & mac os 10.2.8
extra_predicted_cluster,table1:442,,2267,microsoft licenses biztalk hipaa std . sa only ( u0200024 )
extra_predicted_cluster,table1:445,,2269,instant landscaping 3.0 [ lb ]
extra_predicted_cluster,table1:446,,2270,topics presents : ancient civilizations ( 4 cd set )
extra_predicted_cluster,table1:448,,2271,instant play electric guitar ( jewel box )
extra_predicted_cluster,table1:45|table2:2060|table2:2987,,1922,elementary school success deluxe 2006
extra_predicted_cluster,table1:453,,2273,phonics success deluxe 2006 ( large box )
extra_predicted_cluster,table1:455,,3457,brainfood games cranium collection 2006
extra_predicted_cluster,table1:457,,3473,national geographic presents : redshift 5 planetarium software
extra_predicted_cluster,table1:46,,3471,national geographic presents : redshift planetarium
extra_predicted_cluster,table1:462,,2274,emc retrospect 7.5 svr 1-client windows
extra_predicted_cluster,table1:463,,3361,kaplan sat/act/psat platinum 2007 win/mac
extra_predicted_cluster,table1:464,,3668,ae painter v9 win/mac box
extra_predicted_cluster,table1:470|table2:2469,,3133,cisco csa-b250-dtop-k9 cisco security desktop agent win + sol 250 agent bundle cisco security desktop agent license 250 agents 0746320832500
extra_predicted_cluster,table1:471,,2276,photoshop elements 4 mac retail eng 1u ( 19230169 )
extra_predicted_cluster,table1:48,,3602,national geographic presents : forces of nature
extra_predicted_cluster,table1:484|table1:527|table2:2391,,2657,adobe premiere elements 3.0
extra_predicted_cluster,table1:486,,2283,pcanywhere 11.0 host only cd-rom xp 98 nt w2k me
extra_predicted_cluster,table1:487,,3251,crystal reports 11 reporting essentials trng cbt
extra_predicted_cluster,table1:488,,3254,star wars battlefront ( mac )
extra_predicted_cluster,table1:49,,3420,reference success deluxe 2006
extra_predicted_cluster,table1:493|table2:45,,3112,22030094 adobe encore dvd v. 2.0 complete package 1 user dvd win universa
extra_predicted_cluster,table1:494,,3280,webobjects 5.2
extra_predicted_cluster,table1:499,,3615,symantec pcanywhere 12.0 host only
extra_predicted_cluster,table1:5|table2:1889,,3136,emc ju10a0075 emc retrospect 7.5 disk to disk windows emc insignia retrospect disk-to-disk v. 7.5 complete package 1 server cd win 0093156011006
extra_predicted_cluster,table1:50|table2:2994,,2672,clifford the big red dog thinking adventures
extra_predicted_cluster,table1:501,,2285,microsoft digital image suite plus [ lb ]
extra_predicted_cluster,table1:505,,2287,norton internet security mac 3.0 [ antivirus firewall privacy controls iclean ]
extra_predicted_cluster,table1:506,,2288,corel wordperfect office 12 standard upgrade
extra_predicted_cluster,table1:507,,3657,raster design 2006 essentials
extra_predicted_cluster,table1:508,,3646,acrobat professional 8 mac upsell standard-professional
extra_predicted_cluster,table1:510,,2289,reader rabbit learning system 1st grade
extra_predicted_cluster,table1:512|table2:3160,,2997,microsoft ( r ) windows ( r ) xp professional edition with sp2
extra_predicted_cluster,table1:513,,3570,mavis beacon typing 17 ( win/mac )
extra_predicted_cluster,table1:514|table2:3085,,2496,microsoft windows vista ultimate upgrade [ dvd ]
extra_predicted_cluster,table1:516,,3318,adobe creative suite cs3 design premium upgrade [ mac ]
extra_predicted_cluster,table1:518,,3548,microsoft office 2004 standard upgrade ( mac )
extra_predicted_cluster,table1:52,,2103,instant home design ( jewel case )
extra_predicted_cluster,table1:520|table2:1823,,3130,299530 quickbooks premier nonprofit edition 2007 complete package 1 user cd win
extra_predicted_cluster,table1:521,,2291,microsoft sql server developer edition 2005 cd/dvd
extra_predicted_cluster,table1:523,,3624,microsoft windows vista ultimate full version [ dvd ]
extra_predicted_cluster,table1:528,,3240,quickbooks simple start 2007
extra_predicted_cluster,table1:53,,2104,boomerang webshop platinum
extra_predicted_cluster,table1:531,,3687,microsoft windows server 2003 client additional license for users-5 pack
extra_predicted_cluster,table1:534,,3269,imsi resume writer deluxe [ lb ]
extra_predicted_cluster,table1:537,,2296,apple . mac 4.0 online service
extra_predicted_cluster,table1:538|table2:2200|table2:2911|table2:995,,3168,apple iwork '06 ( mac dvd )
extra_predicted_cluster,table1:541,,3367,microsoft onenote 2007
extra_predicted_cluster,table1:542|table2:2020|table2:222,,1356,apple ilife '06 ( mac dvd ) [ older version ]
extra_predicted_cluster,table1:544|table2:1132,,2903,microsoft windows xp home edition full version with sp2
extra_predicted_cluster,table1:552,,3621,corel snapfire plus [ ignite photo fun ]
extra_predicted_cluster,table1:557|table1:883,,3371,adobe creative suite cs3 production premium
extra_predicted_cluster,table1:558,,3496,instant immersion spanish 2.0
extra_predicted_cluster,table1:562|table1:572|table2:1564|table2:954,,3212,adobe dreamweaver cs3 upgrade
extra_predicted_cluster,table1:567,,2303,h & r block taxcut 2006 home & business + state
extra_predicted_cluster,table1:57,,3522,museums of the world
extra_predicted_cluster,table1:584|table2:2959,,2799,microsoft windows vista business full version [ dvd ]
extra_predicted_cluster,table1:598,,2310,adobe pagemaker v7 .0.2 cd mac-upg 17530402 )
extra_predicted_cluster,table1:599,,3534,instant immersion french deluxe 2.0
extra_predicted_cluster,table1:6,,2092,adobe after effects professional 6.5 upgrade from standard to professional
extra_predicted_cluster,table1:60,,2105,trudy 's time and place house ages 3-6
extra_predicted_cluster,table1:600,,2311,apple . mac 4.0 online service family pack
extra_predicted_cluster,table1:601,,3573,jumpstart kindergarten
extra_predicted_cluster,table1:602,,3320,adobe creative suite cs3 design standard upgrade [ mac ]
extra_predicted_cluster,table1:604,,2312,microsoft office small business 2007 full version
extra_predicted_cluster,table1:606,,2313,microsoft office 2004 professional ( mac )
extra_predicted_cluster,table1:609,,3465,quicken 2007 for mac
extra_predicted_cluster,table1:613|table2:3,,3494,math missions : the amazing arcade adventure grades 3-5
extra_predicted_cluster,table1:614|table2:1207,,3020,microsoft ( r ) works suite 2006
extra_predicted_cluster,table1:615,,3322,adobe creative suite cs3 design standard upgrade
extra_predicted_cluster,table1:616,,3489,microsoft windows vista home basic upgrade [ dvd ]
extra_predicted_cluster,table1:617,,2315,norton antivirus mac 10.0 ( mac )
extra_predicted_cluster,table1:619,,2316,ideasoft photo clip art 10 000
extra_predicted_cluster,table1:620|table1:892|table2:190,,3228,adobe premiere pro cs3
extra_predicted_cluster,table1:621,,3609,entertainment partners budgeting ( mac )
extra_predicted_cluster,table1:622,,3305,emedia intermediate guitar method win/mac
extra_predicted_cluster,table1:626,,2317,steinberg halion symphonic orchestra virtual instrument ( academic version )
extra_predicted_cluster,table1:630,,3271,stopzilla 4.0
extra_predicted_cluster,table1:631,,2319,h & r block taxcut 2006 premium federal + state with usb 256m flashdrive
extra_predicted_cluster,table1:632,,2320,microsoft windows xp professional full version with sp2
extra_predicted_cluster,table1:636,,3309,mavis beacon teaches typing deluxe v17
extra_predicted_cluster,table1:640,,2321,alsoft diskwarrior : mac univeral binary
extra_predicted_cluster,table1:641|table2:333|table2:545,,3178,sims 2 nightlife expansion pack
extra_predicted_cluster,table1:653|table2:2044|table2:313,,3181,3d home architect home design deluxe version 9
extra_predicted_cluster,table1:654,,3527,acrobat professional 8 ( windows )
extra_predicted_cluster,table1:655|table2:231,,2887,fogware hyb art dvd
extra_predicted_cluster,table1:656,,2323,wanted : a wild western adventure
extra_predicted_cluster,table1:66,,2106,freddi fish 2 : the haunted schoolhouse
extra_predicted_cluster,table1:661,,2324,adobe cs3 design standard macosx dvd
extra_predicted_cluster,table1:663|table2:241,,2610,csdc macdrive 7 for windows mediafour corp.
extra_predicted_cluster,table1:665|table2:2917,,2486,sony photo go
extra_predicted_cluster,table1:672|table2:1432|table2:1519,,954,scholastic brain play : pre-kindergarten 1st grade
extra_predicted_cluster,table1:675,,2326,art explosion 600 000 images
extra_predicted_cluster,table1:677,,3559,mcsa/mcse self-paced training kit ( exams 70-292 & 70-296 ) upgrading your certi
extra_predicted_cluster,table1:678,,3634,instant immersion german v2 .0 ( pc & mac )
extra_predicted_cluster,table1:69,,2108,eastwest bsendorfer 290 grand piano virtual instrument
extra_predicted_cluster,table1:694,,2329,eovia carrara 5 pro
extra_predicted_cluster,table1:695,,2330,global software smart steps 1st grade windows macintosh )
extra_predicted_cluster,table1:712,,2332,spongebob squarepants typing 2008 win/mac
extra_predicted_cluster,table1:718|table2:1443|table2:450,,3177,land before time : kindergarten
extra_predicted_cluster,table1:72,,3561,midway arcade treasures ( jewel case )
extra_predicted_cluster,table1:720|table2:2820,,3151,autodesk 3ds max 9 3d animation software for windows animation software
extra_predicted_cluster,table1:725,,2334,omniweb 5.0
extra_predicted_cluster,table1:726,,2335,simply put software data eliminator
extra_predicted_cluster,table1:728,,2336,firstedge v 2.0 ( mac )
extra_predicted_cluster,table1:73,,2111,snap ! 10 000 drink recipies ( jewel case )
extra_predicted_cluster,table1:734,,3236,middle school success essentials
extra_predicted_cluster,table1:735,,2338,adventure workshop preschool ( jewel case )
extra_predicted_cluster,table1:737,,2339,adobe photoshop cs2 ( mac ) [ old version ]
extra_predicted_cluster,table1:739,,2340,iris readiris pro 11.0 ( mac )
extra_predicted_cluster,table1:745|table2:350,,2817,brighter minds diner dash
extra_predicted_cluster,table1:753,,2342,microsoft office & windows training professional
extra_predicted_cluster,table1:759|table2:1949|table2:393,,3196,humorous greeting card factory
extra_predicted_cluster,table1:76|table2:731,,3009,22101258 adobe acrobat capture v. 3.0 license 1 user 20000 pages win engli
extra_predicted_cluster,table1:760,,2343,panda software antivirus & firewall 2008 windows
extra_predicted_cluster,table1:763,,2344,station access collection
extra_predicted_cluster,table1:764|table2:1047,,2728,agatha christie : and then there were none
extra_predicted_cluster,table1:768,,3644,battlefield 1942 : deluxe edition
extra_predicted_cluster,table1:772|table2:2860|table2:465,,1848,adobe illustrator cs3 for mac
extra_predicted_cluster,table1:773,,2347,microsoft office mac 2004 english 3pk dsp 731-01163 )
extra_predicted_cluster,table1:774,,2348,adobe software acrobat pro upgrd pro-pro mac ( adbcd01798mc )
extra_predicted_cluster,table1:776,,2350,micromat techtool pro 4 ( mac )
extra_predicted_cluster,table1:778|table1:924,,3437,hoyle casino ( 2007 )
extra_predicted_cluster,table1:779,,3678,3d home architect landscape v. 8 by encore software
extra_predicted_cluster,table1:78,,3308,emedia intermediate guitar method os x
extra_predicted_cluster,table1:782|table2:2578,,3120,encore software 10655 hoyle bridge win 98 me 2000 xp
extra_predicted_cluster,table1:79|table2:2865,,2733,mcafee internet security suite 2007 3-user ( pc )
extra_predicted_cluster,table1:790|table1:889,,3337,scrabble champion edition
extra_predicted_cluster,table1:792,,2352,cyberchase adventures : carnival chaos and casablanca quest
extra_predicted_cluster,table1:795,,2353,ca arcserve bkup r11 .5 win client vss software snap-shot - prod only
extra_predicted_cluster,table1:796,,3265,ulead videostudio 11
extra_predicted_cluster,table1:797,,2354,zero-g pro pack for garageband ( appleloops )
extra_predicted_cluster,table1:798,,3332,hoyle solitaire ( jewel case )
extra_predicted_cluster,table1:799,,3460,hp dss software v. 4.0 complete package t1936aa ua0 )
extra_predicted_cluster,table1:8,,3429,mia 's math adventure : just in time
extra_predicted_cluster,table1:800|table2:3053|table2:3196,,1954,calendar creator 10
extra_predicted_cluster,table1:801,,2355,ulead systems dvd workshop 2
extra_predicted_cluster,table1:805,,2356,hoyle texas hold 'em poker ( jewel case )
extra_predicted_cluster,table1:807,,3651,media studio for psp standard editon
extra_predicted_cluster,table1:810|table1:906,,3404,monopoly here & now
extra_predicted_cluster,table1:812,,2357,extensis smartscale 1-user pxe-11433 )
extra_predicted_cluster,table1:819,,3617,mavis beacon 17 standard
extra_predicted_cluster,table1:821|table2:1561|table2:185|table2:2355,,3186,adventure workshop preschool-1st grade 8th edition
extra_predicted_cluster,table1:822|table2:2609,,2948,encore software 10282 sharks 2.0 ( win 95 98 me 2000 xp/mac 10.1 or higher )
extra_predicted_cluster,table1:825,,3628,sony vegas 6
extra_predicted_cluster,table1:827,,2361,m-audio pro tools m-powered 7.3 m-audio compatible world-class production software
extra_predicted_cluster,table1:828|table2:2819,,2594,mobile media converter ( pc ) pinnacle
extra_predicted_cluster,table1:829|table2:2828,,3013,avid liquid pro 7.0 video editing hardware/software bundle for windows professional editing software
extra_predicted_cluster,table1:830,,3588,acad corel painter x pc/mac
extra_predicted_cluster,table1:832,,3672,global software smart steps 2nd grade windows macintosh )
extra_predicted_cluster,table1:835,,3681,handmark oxford american desk dictionary and thesaurus
extra_predicted_cluster,table1:836,,3248,i love the usa
extra_predicted_cluster,table1:840,,3670,digital video and audio production book for vegas 7 + dvd
extra_predicted_cluster,table1:844,,3539,now up-to-date & contact v5 .0 ( mac )
extra_predicted_cluster,table1:848|table1:977|table2:2458|table2:2670|table2:843,,3223,safekeeper plus
extra_predicted_cluster,table1:85,,2112,write brothers dramatica pro win/mac
extra_predicted_cluster,table1:853,,3666,onone essentials for adobe photoshop elements
extra_predicted_cluster,table1:855,,3649,micromat podlock ( mac )
extra_predicted_cluster,table1:858,,3369,microsoft onenote 2007 upgrade
extra_predicted_cluster,table1:861,,3659,creating keepsakes scrapbook designer version 2 platinum
extra_predicted_cluster,table1:863,,2369,cubase se3 educational edition
extra_predicted_cluster,table1:864,,3365,vocabulary puzzles grade 1
extra_predicted_cluster,table1:865,,3546,cakewalk sonar home studio 6
extra_predicted_cluster,table1:866|table2:1188,,3285,system care professional
extra_predicted_cluster,table1:869,,3249,upgrade crystal reports 11 pro french
extra_predicted_cluster,table1:87,,2113,microsoft licenses project svr sa govt ( h2200301 )
extra_predicted_cluster,table1:873|table2:1070,,3134,quickbooks ( r ) point of sale 2007 : basic retail management 6.0 bundle
extra_predicted_cluster,table1:877,,2372,timbuktu remote control softwre 1 license for mac os
extra_predicted_cluster,table1:879,,2373,sony sound forge 9 boxed upgrade
extra_predicted_cluster,table1:880|table2:2545,,2761,encore software 13790 super granny 3 win 98 me 2000 xp vista
extra_predicted_cluster,table1:884|table2:226,,3121,checkmark multiledger 6.0
extra_predicted_cluster,table1:885,,3356,ipswitch inc ws ftp pro 9 sdk w / ws ftp pro wd-1000-0900 )
extra_predicted_cluster,table1:887,,3505,hoyle bridge club
extra_predicted_cluster,table1:890,,3498,instant immersion japanese deluxe 2.0
extra_predicted_cluster,table1:891|table2:153,,2857,macspeech ilisten software
extra_predicted_cluster,table1:894|table2:157,,2652,global marketing partners art text belight software
extra_predicted_cluster,table1:898|table2:2539,,3088,encore software 11770 risk ii win 95 98
extra_predicted_cluster,table1:90,,2114,emc retrospect 7.5 professional for windows upgrade
extra_predicted_cluster,table1:900|table2:147,,3123,sims 2 seasons expansion pack
extra_predicted_cluster,table1:903|table2:2830,,2655,mavis beacon teaches typing 17 standard ( pc/mac ) encore
extra_predicted_cluster,table1:907|table2:3039,,2959,hoyle card games ( jewel case )
extra_predicted_cluster,table1:908|table2:165,,3028,jungle software gorilla pro 4.0 film production
extra_predicted_cluster,table1:910,,2375,adobe creative suite cs3 master collection upgrade [ mac ]
extra_predicted_cluster,table1:911|table2:167,,2751,dreamcatcher interactive obscure
extra_predicted_cluster,table1:912,,3415,network now ! pro by encore
extra_predicted_cluster,table1:914,,3597,hasbro classic collection 2006 )
extra_predicted_cluster,table1:916,,3663,professor fuji 's sudoku ( jewel case )
extra_predicted_cluster,table1:918,,2377,recam remote monitoring software
extra_predicted_cluster,table1:920,,3613,mobi recam camera monitoring and notification software
extra_predicted_cluster,table1:93,,2115,microsoft office frontpage 2003 academic version windows )
extra_predicted_cluster,table1:932,,3554,registry mechanic 5.x pc system repair
extra_predicted_cluster,table1:94,,2116,warlords 3 ( jewel case )
extra_predicted_cluster,table1:941,,2384,webroot spy sweeper with antivirus family edition 3 pcs
extra_predicted_cluster,table1:944,,3551,registry mechanic by encore software
extra_predicted_cluster,table1:946,,3580,the print shop 21 deluxe by broderbund
extra_predicted_cluster,table1:948,,3661,creating keepsakes scrapbook platinum v. 3 sb cs by riverdeep
extra_predicted_cluster,table1:949,,3508,leave the lights on ( mac )
extra_predicted_cluster,table1:952,,3379,nero 7 ultra edition enhanced
extra_predicted_cluster,table1:957,,3396,peachtree by sage premium accounting 2007 accountants ' edition
extra_predicted_cluster,table1:960,,2386,make music finale 2008 academic
extra_predicted_cluster,table1:964|table2:871,,3037,school zone interactive math 2 on track software
extra_predicted_cluster,table1:966,,2387,gmp data rescue license 24300 )
extra_predicted_cluster,table1:969,,2388,talk now ! learn afrikaans beginning level
extra_predicted_cluster,table1:97,,2118,tournament poker 2005
extra_predicted_cluster,table1:970,,3536,computrace lojack for laptops : 3 year subscription
extra_predicted_cluster,table1:972|table2:2210,,2964,me too software 800001 i copy dvds 2 ( win 98 me 2000 xp )
extra_predicted_cluster,table1:973,,3542,computrace lojack for laptops : 1 year subscription
extra_predicted_cluster,table1:979,,3276,logic express 7
extra_predicted_cluster,table1:982|table2:2224|table2:2269|table2:2762,,1489,now software nuw45e1k now up-to-date & contact for windows
extra_predicted_cluster,table1:985,,2389,best of slots 2 ( jewel case )
extra_predicted_cluster,table1:986|table2:2370,,2918,steinberg cubase 4 software competitive crossgrade music production software
extra_predicted_cluster,table1:989,,2390,i spy fantasy v. 2 with i spy book & mini cd
extra_predicted_cluster,table1:991,,3388,instant immersion spanish audio deluxe
extra_predicted_cluster,table1:992,,2391,final draft 7 professional scriptwriting win/mac
extra_predicted_cluster,table1:996,,3500,time money & fractions grades 1-2
extra_predicted_cluster,table1:997,,2392,mac os x server v10 .4.7 unlimited client
extra_predicted_cluster,table1:999|table2:2265,,2822,webroot software inc 50410 spy sweeper w/antivirus family edition ( small box ) win 2000 xp
extra_predicted_cluster,table2:1026|table2:1083|table2:2468,,3450,punch software 14100 punch ! professional home design suite for windows
extra_predicted_cluster,table2:1028,,3348,punch software 83100 punch ! home design architectural series 3000 v 10 ( win 98 me nt 2000 xp )
extra_predicted_cluster,table2:1032,,3317,punch software 38100 punch ! super home suite complete product architectural 1 user complete productcomplete productstandard english pc
extra_predicted_cluster,table2:1035,,3410,punch software 24100 punch ! 5 in 1 home design complete product architectural 1 user complete productcomplete productstandard pc
extra_predicted_cluster,table2:1038,,3294,webroot software inc 54210 webroot desktop firewall firewall pc
extra_predicted_cluster,table2:1039|table2:1062|table2:1080,,3484,punch software 25100 punch ! master landscape and home design
extra_predicted_cluster,table2:1040,,3454,punch software 35100 punch ! home design suite professional complete product architectural standard 1 user ( s ) complete product pc
extra_predicted_cluster,table2:1044,,3346,punch software 41100 punch ! home design architectural series 18 complete product architectural 1 user ( s ) complete product standard english pc
extra_predicted_cluster,table2:1048,,3347,punch software 42100 punch ! home design architectural series 18 complete product architectural 1 user ( s ) complete product standard english pc
extra_predicted_cluster,table2:1049|table2:1054|table2:2414,,572,freeverse software 005 solace
extra_predicted_cluster,table2:1052,,3485,punch software 25100 punch ! master landscape & home design architectural 1 user ( s ) pc
extra_predicted_cluster,table2:1063|table2:1076,,580,ibm websphere portal enable for iseries v. 4.1 complete package
extra_predicted_cluster,table2:1066,,3400,sage software peachtree premium accounting 2007 software for windows tax & finance software
extra_predicted_cluster,table2:1068,,583,sage software peachtree pro accounting 2007 software for windows tax & finance software
extra_predicted_cluster,table2:1078,,592,sony media software acid pro 5 music production software
extra_predicted_cluster,table2:1086,,3579,sony media software acid pro 6 software music production software
extra_predicted_cluster,table2:1090,,3378,sony media software acid pro 6 software upgrade from acid pro 5 music production software
extra_predicted_cluster,table2:1141|table2:1143,,633,novell identity manager integration module for mainframe for 800 series mvs (
extra_predicted_cluster,table2:1147|table2:1149,,639,1000pk multi pack instant
extra_predicted_cluster,table2:1172|table2:3020,,661,studio ultimate version 11
extra_predicted_cluster,table2:118,,106,channel sources distribution co mlw6 .0 checkmark multiledger for pc/mac
extra_predicted_cluster,table2:119,,3357,ipswitch wd-1000-0900 ws_ftp pro 9 sdk w / ws_ftp pro
extra_predicted_cluster,table2:1199|table2:1264|table2:1268|table2:1326,,684,peachtree ( r ) compatible continuous checks-accounting for windows versions 3.5-7 .0
extra_predicted_cluster,table2:12,,8,evergirl : pc cd-rom video game
extra_predicted_cluster,table2:1203|table2:1457,,688,cisco pgw2200 include redundant
extra_predicted_cluster,table2:1218|table2:1234|table2:1345|table2:1354,,700,continuous checks for peachtree ( r ) complete iii for dos v. 5.0-10 .0
extra_predicted_cluster,table2:1219|table2:1244,,701,cisco optical services module multiplexor
extra_predicted_cluster,table2:1220|table2:1232|table2:1284|table2:1314|table2:1316|table2:1426,,702,multipurpose continuous checks
extra_predicted_cluster,table2:1221|table2:1229|table2:1251|table2:1266|table2:1357|table2:1430,,703,specialty single window envelopes to match your forms & checks
extra_predicted_cluster,table2:1223|table2:1302,,705,peachtree ( r ) compatible laser checks-accounting for windows versions 3.5-7 .0
extra_predicted_cluster,table2:1227|table2:1379,,709,multipurpose laser/inkjet checks
extra_predicted_cluster,table2:1231|table2:1276|table2:1371|table2:1415,,713,quicken ( r ) quickbooks ( r ) microsoft money ( r ) and simply money ( r ) laser checks
extra_predicted_cluster,table2:1233|table2:1260|table2:1321|table2:1341|table2:1377|table2:1398|table2:1421,,715,peachtree ( r ) complete iii
extra_predicted_cluster,table2:1236|table2:1279,,718,peachtree ( r ) complete iii for dos 5.0-10 .0 continuous checks
extra_predicted_cluster,table2:1238|table2:1247|table2:1458|table2:1459,,719,novell identity manager integration module for mainframe for 900 series mvs (
extra_predicted_cluster,table2:1243|table2:1250|table2:1340,,723,mas 90 ( r ) / mas 200 ( r ) compatible continuous checks
extra_predicted_cluster,table2:1245|table2:1258|table2:1262|table2:1277|table2:1298|table2:1299|table2:1343|table2:1346,,725,quicken ( r ) quickbooks ( r ) microsoft money ( r ) and simply money ( r ) elegant laser checks
extra_predicted_cluster,table2:1249|table2:1278|table2:1281|table2:1285|table2:1294|table2:1339|table2:1369|table2:1417,,729,blank laser checks
extra_predicted_cluster,table2:1256|table2:1312,,736,peachtree ( r ) compatible continuous forms-accounting for windows 8.0-2004 version
extra_predicted_cluster,table2:1261|table2:1273,,741,peachtree ( r ) compatible continuous checks-office accounting 12.0
extra_predicted_cluster,table2:1269|table2:1296,,749,three-to-a-page business checks
extra_predicted_cluster,table2:1274|table2:1305|table2:1325|table2:1337|table2:1389,,754,quicken ( r ) quickbooks ( r ) microsoft money ( r ) and simply money ( r ) continuous checks
extra_predicted_cluster,table2:1280|table2:1290|table2:1317|table2:1328|table2:1349|table2:1361,,760,peachtree ( r ) compatible continuous checks-accounting for windows 8.0-2004 version
extra_predicted_cluster,table2:1288|table2:1336|table2:1366|table2:1428,,768,specialty double window envelopes to match your forms & checks
extra_predicted_cluster,table2:1292|table2:1363,,772,three-to-a-page itemized invoice checks
extra_predicted_cluster,table2:1300|table2:1319|table2:1385,,780,laser checks for peachtree ( r ) accounting for windows 8.0-2005
extra_predicted_cluster,table2:1329|table2:1408,,809,three-to-a-page payroll checks
extra_predicted_cluster,table2:1330|table2:2107|table2:2655,,810,sage software acts2005rt act ! 7.0 2005
extra_predicted_cluster,table2:1332|table2:2144|table2:2453,,3401,individual software prm-r12 resumemaker professional 12.0
extra_predicted_cluster,table2:1342|table2:2744|table2:2927,,3342,punch software 42100 punch ! home design architectural series 18 ( small box )
extra_predicted_cluster,table2:1344|table2:2593|table2:2881,,822,apple software t9164ll/a logic express 6
extra_predicted_cluster,table2:1351|table2:2135|table2:2460,,3510,apple software m9953z/a remote desktop 2.2 10 client
extra_predicted_cluster,table2:1352|table2:2405|table2:2746,,828,freeverse software 4024 robin hood : the legend of sheerwood
extra_predicted_cluster,table2:1353|table2:1376,,829,daceasy ( tm ) laser/inkjet checks - versions 4.3 and higher
extra_predicted_cluster,table2:1356|table2:1423,,832,three-to-a-page disbursement checks
extra_predicted_cluster,table2:1362|table2:2289|table2:2425|table2:767,,435,webroot software 65210 spy sweeper 3 pc
extra_predicted_cluster,table2:1365|table2:1381,,840,daceasy ( tm ) continuous checks
extra_predicted_cluster,table2:1370,,3282,apple web objects 5.2 software apple & mac software
extra_predicted_cluster,table2:1372,,845,e-mu beat garden x for emulator x and proteus x software modules sounds for software
extra_predicted_cluster,table2:1388|table2:1391,,859,ams200 4gb
extra_predicted_cluster,table2:1392|table2:1410|table2:1412,,863,laser/inkjet checks for peachtree ( r ) complete iii for dos v. 5.0-10 .0
extra_predicted_cluster,table2:1401|table2:2779|table2:779,,3375,apple software m9301z/b soundtrack v1 .2
extra_predicted_cluster,table2:1409|table2:2621|table2:2755,,3335,apple software m9372z/a final cut express 2.0 upgrade
extra_predicted_cluster,table2:141,,128,money prem 2007 cd minibox
extra_predicted_cluster,table2:1418,,886,apple final cut studio 2 production suite for mac av production software
extra_predicted_cluster,table2:1420,,888,webroot software inc 66410 spy sweeper ( small box ) ( win 98 me 2000 xp )
extra_predicted_cluster,table2:1427,,3487,punch software 85100 punch!master landscape pro v10 and home design
extra_predicted_cluster,table2:1431,,3391,encore software a5992jch dk rainbow fish most beautiful fish in the ocean win 95 98 me xp
extra_predicted_cluster,table2:1433|table2:2400|table2:783,,3409,punch software 20100 punch ! 5 in 1 home design
extra_predicted_cluster,table2:1436|table2:2397|table2:2743,,898,individual software pro-tsm hanes t-shirt maker deluxe
extra_predicted_cluster,table2:1438|table2:2508|table2:2750,,899,individual software jce-th6 total 3d home deluxe j/c
extra_predicted_cluster,table2:1444|table2:2230|table2:2760,,901,freeverse software 4001 northland
extra_predicted_cluster,table2:1447,,3436,i copydvds 2 professional edition
extra_predicted_cluster,table2:1450|table2:2509|table2:2763,,903,freeverse software 4012 3d bridge deluxe ( retail box ) for mac
extra_predicted_cluster,table2:1472,,925,microsoft d48-00369 word mac 10.0 eng gov ' t 659556873790
extra_predicted_cluster,table2:1484,,935,oem internet security suite 2007 3-user single pack
extra_predicted_cluster,table2:1485,,3631,diskeeper 2007 professional
extra_predicted_cluster,table2:1486,,936,hallmark half-fold matte prem . blank greeting cards ( 20 pack ) ( paper )
extra_predicted_cluster,table2:1487,,3600,sea scene : living underwater worlds
extra_predicted_cluster,table2:149,,133,roxio popcorn 2 video conversion software
extra_predicted_cluster,table2:1490,,3658,autodesk 34006-010008-160 raster design 2006 essentials
extra_predicted_cluster,table2:1491,,3677,gods : lands of infinity spec
extra_predicted_cluster,table2:1496,,940,office mac student/teach 04
extra_predicted_cluster,table2:1502,,944,encore inc 10669 hoyle backgammon
extra_predicted_cluster,table2:1503,,945,hewlett packard 213076-b26 secure path v4 .0 c win wkgp ed 1 lic/cd
extra_predicted_cluster,table2:1504,,946,ilife '06 mac apple ma166z/a
extra_predicted_cluster,table2:1505,,3627,equilibrium debabelizer pro 6 0 win 1 u windows xp
extra_predicted_cluster,table2:1508,,948,borland hdb0006wwcs180 upg delphi 2006 prof nmd f/del v3 2005 pro cd
extra_predicted_cluster,table2:1510|table2:2941,,950,digital video & audio prod book
extra_predicted_cluster,table2:1512,,952,microsoft w87-02380 office sbe 2007 win32
extra_predicted_cluster,table2:1514,,3490,microsoft windows vista home basic upgrade ( pc )
extra_predicted_cluster,table2:1517,,3544,computrace lojack for laptops 1 year license ( win 2000 xp )
extra_predicted_cluster,table2:1520,,955,symantec 11859201 be sys recovery 7.0 win sbs ed media cd m/l
extra_predicted_cluster,table2:1524,,959,backup exec 10d win adv disk v10 .1 e/f/g / s/i/j / c/k full pk
extra_predicted_cluster,table2:1550,,977,iremember 2.0 intriguing development
extra_predicted_cluster,table2:1565,,988,10000 drink recipe snap
extra_predicted_cluster,table2:1567,,3562,encore inc 28453 midway arcade treasures win 98 me 2000 xp
extra_predicted_cluster,table2:1574,,994,freddi fish 2 case of haunted schl hse
extra_predicted_cluster,table2:1576,,996,east west bosendorfer 290
extra_predicted_cluster,table2:1580,,3616,symantec symantec pcanywhere 12 0 host remote
extra_predicted_cluster,table2:1583,,1000,internet security suite 2007 home protection pack xl box
extra_predicted_cluster,table2:1585,,1001,microsoft office and windows training ( win 98 me nt 2000 xp )
extra_predicted_cluster,table2:1593,,1007,encore 10025 hoyle card games for pc
extra_predicted_cluster,table2:1594,,1008,epson s041886 story teller 8 x 10 20 pages
extra_predicted_cluster,table2:1602,,3306,emedia eg04025 intermediate guitar method complete package
extra_predicted_cluster,table2:1609,,1016,microsoft h22-00301 gov open sa project svr w9x nt
extra_predicted_cluster,table2:1627,,1030,dramatica pro 4 for pc
extra_predicted_cluster,table2:1629,,1032,warlords iii darklords rising
extra_predicted_cluster,table2:1633,,1035,windows sbs cal 2003 20-clt addpak device cal microsoft t74-00003
extra_predicted_cluster,table2:1637,,1039,eagle games egl 150 tournament poker no limit texas hold 'em
extra_predicted_cluster,table2:1640,,1042,retrospect 7.5 prof win upg only pz24a0075
extra_predicted_cluster,table2:1652,,1050,microsoft 392-02322 ae frontpage 2003
extra_predicted_cluster,table2:1659,,3481,viva media llc 00257 my sim aquarium win 2000 xp vista
extra_predicted_cluster,table2:1667,,1063,adobe systems inc 13102124 adobe photoshop cs 2 mac os x v. 10.2.8 to 10.3
extra_predicted_cluster,table2:1676,,1070,adobe 09951404 solution expert annu all
extra_predicted_cluster,table2:168,,3647,adobe acrobat v8 .0 professional for mac upsell from std-pro
extra_predicted_cluster,table2:1681,,1074,iris card pro
extra_predicted_cluster,table2:1684,,3560,mcsa/mcse self-paced training kit ( exams 70-292 and 70-296 ) upg . your
extra_predicted_cluster,table2:1687,,1078,microsoft r39-00292 open win svr 2003 ext conn
extra_predicted_cluster,table2:1689,,1080,fogware publishing 10356 high school us history 2 foreign policy & reform
extra_predicted_cluster,table2:1690,,3333,hoyle solitaire
extra_predicted_cluster,table2:1699|table2:1700,,1085,cisco pgw2200 includes redundnt
extra_predicted_cluster,table2:1717,,1102,902453-007-e rumba unix-hp edition upgrade license 1 user volume level e 1000-1999
extra_predicted_cluster,table2:175,,3552,encore inc registry mechanic
extra_predicted_cluster,table2:1752|table2:2413,,1132,firebox x550e gateway antivirus intrusion prevention service 1yr watchguard -
extra_predicted_cluster,table2:1768,,1147,microsoft 394-00416 opens exch svr exconn l/sa qual
extra_predicted_cluster,table2:1771,,3558,business objects crystal reports xi
extra_predicted_cluster,table2:1774,,3414,sierrahome hse hallmark card studio special edition win 98 me 2000 xp
extra_predicted_cluster,table2:1794,,3606,microsoft h32-00034 sps extrnlconnnonemplyengl & s c 805529073074
extra_predicted_cluster,table2:1808,,1177,microsoft e32-00575 sql server 2005 developer edition x64 complete product dbms 1 developer ( s ) complete product standard english pc
extra_predicted_cluster,table2:1825,,1189,pantone gps206 reference library
extra_predicted_cluster,table2:1830,,1194,adobe 42050142 acrobat distiller 6 lnx ret cd u/l lnx
extra_predicted_cluster,table2:1878,,1239,clickart 950000 premier image pack ( dvd-rom )
extra_predicted_cluster,table2:189,,3650,micromat podlock ipod utility software
extra_predicted_cluster,table2:1923,,1275,adobe software 22070152 after effects 6.5 pbupgrd
extra_predicted_cluster,table2:1936,,3430,kutoka interactive 61208 mia 's math adventure : just in time !
extra_predicted_cluster,table2:195,,148,netopia timbuktu pro for mac single license
extra_predicted_cluster,table2:1955,,3488,punch software 85100 master landscape professional & home design v 10.0
extra_predicted_cluster,table2:1966,,1313,webroot software inc 31250 spy sweeper spanish
extra_predicted_cluster,table2:1984,,1328,sonicwall gms 1000n-incremental lic upg
extra_predicted_cluster,table2:1985,,1329,sonicwall gms 1000 upgrade
extra_predicted_cluster,table2:1988|table2:1989,,1332,ibm totalstorage ds4800 model 84 hard drive array
extra_predicted_cluster,table2:1995|table2:1996,,1339,jboss subscription service platinum jboss portal technical support
extra_predicted_cluster,table2:1998|table2:1999,,1342,sonicwall 01-ssc-6997 3yr snwl client/server anti-virus 1000u sonicwall client/server anti-virus suite subscription license 3 years 1000 users 0758479069973
extra_predicted_cluster,table2:2000,,3675,media made easy volume 3
extra_predicted_cluster,table2:2002,,3493,family tree maker 11 collector 's edition
extra_predicted_cluster,table2:2003|table2:2396|table2:2742,,1345,freeverse software 4015 big bang board games
extra_predicted_cluster,table2:2005|table2:2514|table2:2761,,1347,individual software prm-rce resumemaker career edition
extra_predicted_cluster,table2:2006,,3364,topics presents : dinosaurs
extra_predicted_cluster,table2:2007|table2:2515|table2:781,,442,individual software qne-t15 typing quick & easy 15.0
extra_predicted_cluster,table2:2009|table2:2510|table2:782,,3483,punch software 26100 punch ! master landscape and home design ( small box )
extra_predicted_cluster,table2:203,,3286,avanquest usa llc system care professional
extra_predicted_cluster,table2:2043,,3518,imsi turbocad designer 11
extra_predicted_cluster,table2:2046,,1371,encore software 10561 marine aquarium & goldfish screen saver by
extra_predicted_cluster,table2:2048,,3574,jumpstart kindergarten ( jc )
extra_predicted_cluster,table2:2049,,3596,encore software 11273 hasbro family collection 2006 sb cs by hasbro
extra_predicted_cluster,table2:2050,,1373,the printshop v22 deluxe
extra_predicted_cluster,table2:2054,,1374,scrapbook designer platinum
extra_predicted_cluster,table2:2055,,3571,encore software 10076 mavis beacon typing 17 standardby broderbund
extra_predicted_cluster,table2:2056,,1375,reader rabbit 1st grade
extra_predicted_cluster,table2:2058,,3386,the big mix
extra_predicted_cluster,table2:2063,,3433,encore software 10991 pc tools spyware doctor 2007 sbcs by pc tools
extra_predicted_cluster,table2:2066,,1378,clipart & more 250000 ( jc )
extra_predicted_cluster,table2:207,,3366,school zone interactive vocabulary puzzles 1 on track software
extra_predicted_cluster,table2:2070,,3270,resume writer deluxe
extra_predicted_cluster,table2:2072,,3421,topics entertainment reference success deluxe 2006
extra_predicted_cluster,table2:2074,,3603,national geographic : forces of nature
extra_predicted_cluster,table2:2078,,3472,national geographic redshift planetarium
extra_predicted_cluster,table2:208,,155,steinberg software cubase se 3.0 educational edition
extra_predicted_cluster,table2:2082,,1384,instant home design 1 ( jc )
extra_predicted_cluster,table2:2084,,1386,web shop platinum
extra_predicted_cluster,table2:2090,,1391,clifford thinking
extra_predicted_cluster,table2:2095,,3264,encore software 10861 family tree maker version 16 collectors edition sb cs
extra_predicted_cluster,table2:2096,,3329,encore software 10119 adventure workshop 4th-6th grade 7th edition win xp
extra_predicted_cluster,table2:2101,,3523,topics presents : museums of world
extra_predicted_cluster,table2:2106,,1397,trudys time & place house
extra_predicted_cluster,table2:2112,,3374,adobe production premium cs3 software suite for windows professional editing software
extra_predicted_cluster,table2:2115,,1401,apple . mac family pack software five user license with 1-year subscription apple & mac software
extra_predicted_cluster,table2:2117,,3384,nero nero 7 ultra edition enhanced cd/dvd burning software for windows authoring software
extra_predicted_cluster,table2:2126,,3434,encore software 10990 pc tools spyware doctor 2007 win 98 me 2000 xp
extra_predicted_cluster,table2:2133,,1408,phonics success deluxe 2006
extra_predicted_cluster,table2:2137,,1409,microsoft microsoft office 2004 software suite mac education apple & mac software
extra_predicted_cluster,table2:214,,160,symantec norton anti-virus v. 10 mac
extra_predicted_cluster,table2:2147,,1414,instant play electric guitar express ( jc )
extra_predicted_cluster,table2:2153,,3310,mavis beacon teaches typing v17 deluxe pc/mac
extra_predicted_cluster,table2:2155,,1418,topics presents : ancient civilizations
extra_predicted_cluster,table2:2158,,1419,apple mac os x v10 .4 tiger software family pack apple & mac software
extra_predicted_cluster,table2:2161,,1421,instant landscape design 3.0
extra_predicted_cluster,table2:2162,,1422,symantec norton internet security 3.0 software for macintosh apple & mac software
extra_predicted_cluster,table2:2164,,1423,autodesk combustion 4.0 compositing software win compositing software
extra_predicted_cluster,table2:2165,,1424,microsoft microsoft office pro 2004 software suite mac apple & mac software
extra_predicted_cluster,table2:2167,,3566,cakewalk sonar 6 studio edition software music production software
extra_predicted_cluster,table2:2171,,3638,apple shake 4.1 digital compositing software for mac os x effects software
extra_predicted_cluster,table2:2176,,3169,apple iwork '06 family pack software apple & mac software
extra_predicted_cluster,table2:2179,,1430,corel ulead dvd moviefactory plus 6 software for windows authoring software
extra_predicted_cluster,table2:2180,,1431,microsoft u02-00024 open sa biztalk hipaa accltr nt 1p
extra_predicted_cluster,table2:2181,,3266,corel ulead videostudio 11 video editing and dvd authoring software for windows authoring software
extra_predicted_cluster,table2:2183,,1432,make printmusic 2006 software music production software
extra_predicted_cluster,table2:2188,,3468,intuit quicken mac 2007 software finance software
extra_predicted_cluster,table2:2189,,1436,apple remote desktop 3 desktop management software 10-client edition apple & mac software
extra_predicted_cluster,table2:2195,,1439,microsoft microsoft office 2004 software suite mac apple & mac software
extra_predicted_cluster,table2:2197,,3564,cakewalk sonar 6 producers edition software music production software
extra_predicted_cluster,table2:2201,,1440,adobe captivate 2 software for windows presentation software
extra_predicted_cluster,table2:2206,,1445,microsoft office 2004 software suite oem mac apple & mac software
extra_predicted_cluster,table2:2209,,3538,absolute software lfl-n2-36 computrace lojack for laptops 3 year license ( win 2000 xp )
extra_predicted_cluster,table2:2214,,3545,absolute software lfl-n2-12 computrace lojack for laptops 1 year license ( win 2000 xp )
extra_predicted_cluster,table2:2222,,3277,apple/emagic logic express 7.2 software music production software
extra_predicted_cluster,table2:2227,,1457,topics entertainment 80542 instant immersion french 2.0 781735805428
extra_predicted_cluster,table2:2233,,3577,enfocus ss3.5-ug-001 pitstop server v. 3.5 upgrade package 1 server for windows and mac
extra_predicted_cluster,table2:2236,,1463,apple ilife '06 family pack software av production software
extra_predicted_cluster,table2:2238,,1465,steinberg cubase studio 4 software competitive crossgrade music production software
extra_predicted_cluster,table2:2247,,1470,final-draft final draft 7 screen writing software mac/win screen writing software
extra_predicted_cluster,table2:2249,,1472,apple ilife '06 software av production software
extra_predicted_cluster,table2:2253,,1476,apple remote desktop 3 unlimited client edition mac apple & mac software
extra_predicted_cluster,table2:2255,,1478,apple mac os x server tiger unlimited apple & mac software
extra_predicted_cluster,table2:2263,,1485,webroot software inc 50210 spy sweeper w/antivirus family edition ( mass merchant ) win 2000 xp
extra_predicted_cluster,table2:2264,,1486,webroot software inc 31250 spy sweeper spanish win 2000 xp
extra_predicted_cluster,table2:2267|table2:2416|table2:2740,,1487,freeverse software 006 active lancer
extra_predicted_cluster,table2:2270|table2:2410|table2:2751,,1490,individual software jce-wn5 professor teaches windows j/c
extra_predicted_cluster,table2:2271|table2:2412|table2:784,,443,individual software prm-wn5 professor teaches windows xp
extra_predicted_cluster,table2:2273|table2:2399|table2:2752,,3449,punch software 35100 punch ! professional home design suite ( small box )
extra_predicted_cluster,table2:2276,,3553,encore software 10599 encore registry mechanic v. 5.1 complete product utility 1 user ( s ) complete product standard pc
extra_predicted_cluster,table2:2277|table2:2696|table2:2907,,1494,abacus software s546 usa extreme landscapes for fs2004 and fs2002 3cd set
extra_predicted_cluster,table2:2282,,3660,encore software 10610 encore creating keepsakes scrapbook designer platinum complete product creativity application 1 user complete product standard pc
extra_predicted_cluster,table2:2283,,3581,encore software 10038 encore the print shop v. 21.0 deluxe print management pc
extra_predicted_cluster,table2:2285,,3380,ahead software 70115 nero 7 ultra edition enhanced mini pc & home entrmnt soln
extra_predicted_cluster,table2:2287,,3250,upg crystal reports 11 pro french
extra_predicted_cluster,table2:229,,166,dreamcatcher interactive wanted wild willy west
extra_predicted_cluster,table2:2294|table2:2520,,1502,native instruments traktor dj studio 3 software based dj rig music production software
extra_predicted_cluster,table2:2296,,1504,make finale 2007 software educational discount music production software
extra_predicted_cluster,table2:2301,,3242,intuit quickbooks simple start edition 2007 software for windows tax & finance software
extra_predicted_cluster,table2:2307,,1512,sony vegas movie studio + dvd v8 platinum edition video editing software professional editing software
extra_predicted_cluster,table2:2308,,3231,adobe premiere pro cs3 video editing software for mac av production software
extra_predicted_cluster,table2:2318,,1517,h & r block taxcut premium federal and state software for windows usb tax & finance software
extra_predicted_cluster,table2:2328,,3431,kutoka interactive 61208 mias math adventure ( just in time ) ( win 95 98 me 2000 xp/mac 8.6-9.x ( classic ) x v10 .1 or higher )
extra_predicted_cluster,table2:2329,,3467,intuit quicken premier 2007 software for windows tax & finance software
extra_predicted_cluster,table2:2330|table2:2919|table2:785,,444,freeverse software 5003 bumpercar 2.0 mac web browser
extra_predicted_cluster,table2:2333,,1526,make finale 2007 software music production software
extra_predicted_cluster,table2:2336|table2:2739|table2:2935,,3292,webroot software 54210 desktop firewall
extra_predicted_cluster,table2:2337,,1528,adobe 22011152 audition2 win retail ue 1u
extra_predicted_cluster,table2:2338|table2:2420|table2:2937,,3314,punch software 38100 punch ! super home suite ( small box )
extra_predicted_cluster,table2:2339,,3633,encore software 10478 encore printmaster v. 17.0 gold complete product creativity application 1 user ( s ) complete product standard pc
extra_predicted_cluster,table2:2343,,1532,encore software 12441 encore spongebob squarepants typing fun time management
extra_predicted_cluster,table2:2347,,3513,encore software 10568 encore hoyle puzzle & board games 2005 complete product puzzle game 1 user complete product standard pc
extra_predicted_cluster,table2:2348,,1535,encore software 12491 encore kissing canines screen saver
extra_predicted_cluster,table2:2350,,1537,encore software 460001 the big box of art 410000 95/98/me / nt4/w2k/xp ( win 95 98 me nt 2000 xp )
extra_predicted_cluster,table2:2356,,3664,encore software 10374 encore professor fuji 's sudoku deluxe complete product educational game 1 user ( s ) complete product standard pc
extra_predicted_cluster,table2:2364,,1544,microsoft 059-03871 molpc word sa
extra_predicted_cluster,table2:2367,,3470,intuit quicken deluxe 2007 software for windows tax & finance software
extra_predicted_cluster,table2:2379,,3296,roxio easy media creator 9 suite software for windows authoring software
extra_predicted_cluster,table2:2383,,1553,sibelius photoscore professional scanning software music production software
extra_predicted_cluster,table2:239,,3625,microsoft windows vista ultimate retail no open box returns
extra_predicted_cluster,table2:2393,,3373,adobe production premium cs3 software suite for mac av production software
extra_predicted_cluster,table2:2395,,3448,adobe premiere elements 3 video editing software for windows consumer video editing software
extra_predicted_cluster,table2:2402|table2:2765|table2:2926,,3343,punch software 41100 punch ! home design architectural series 18
extra_predicted_cluster,table2:2403|table2:2741|table2:2929,,3287,freeverse software 010 wingnuts 2 raina 's revenge
extra_predicted_cluster,table2:2404,,1563,business objects t-59j-e-56-wx crystal rpt 11 report essentials cbt
extra_predicted_cluster,table2:2415,,3255,aspyr media 10900 star wars battlefront mac
extra_predicted_cluster,table2:242,,171,adobe cs3 design standard academic
extra_predicted_cluster,table2:2421|table2:2435|table2:2936,,3313,punch software 17100 punch ! super home suite
extra_predicted_cluster,table2:2426,,1578,punch software 14100 punch ! home design suite professional architectural 1 user ( s ) pc
extra_predicted_cluster,table2:2438,,3316,punch software 17100 punch ! super home suite v. 3.0 complete product architectural 1 user complete productcomplete productstandard english pc
extra_predicted_cluster,table2:2440,,3667,onone software ele-10211 on1 essentials v. 1.0 for photoshop elements complete product graphics/designing 1 user complete product standard english pc mac
extra_predicted_cluster,table2:2446,,1589,symantec pcanywhere 11.0 windows
extra_predicted_cluster,table2:2447,,1590,punch software 86100 prof home design platinum v10 sb win 98 me nt 2000 xp
extra_predicted_cluster,table2:2463,,3541,now software num50e1r up-to-date & contact v. 5.0 complete product contact management 1 user ( s ) complete product standard mac
extra_predicted_cluster,table2:2470,,1603,intuit inc 284216 qckbks prem nonprofit ed 2005
extra_predicted_cluster,table2:2490,,3486,punch software 26100 punch ! master landscape & home design architectural 1 user ( s ) pc
extra_predicted_cluster,table2:2494,,3669,corel corporation ptr9engpcma ae painter ix win/mac
extra_predicted_cluster,table2:2495,,3359,sat act & psat 2007 platinum
extra_predicted_cluster,table2:2496,,3547,cakewalk sonar home studio 6 software music production software
extra_predicted_cluster,table2:2501,,3535,instant immers french dlx 2
extra_predicted_cluster,table2:2513,,3688,microsoft r18-00908 windows server 2003 client access license 20-pack ( per user )
extra_predicted_cluster,table2:2516,,1628,intuit quickbooks pro 2007 software for mac finance software
extra_predicted_cluster,table2:2527,,1634,encore software 10075 encore mavis beacon teaches typing v. 17.0 standard typing tutor pc mac
extra_predicted_cluster,table2:2529,,1636,h & r block taxcut home and business with state and e-file efile software for windows tax & finance software
extra_predicted_cluster,table2:2538,,1643,emc insignia retrospect server client v. 7.5 complete package
extra_predicted_cluster,table2:254,,3299,adobe cs3 web standard upsell
extra_predicted_cluster,table2:2540,,3526,encore software 10565 hoyle card games 2007 win 98 me 2000 xp
extra_predicted_cluster,table2:2541,,3506,encore software 11230 hoyle bridge club win 2000 xp
extra_predicted_cluster,table2:2546,,1646,encore software 10272 marine aquarium + sharks win 98 me 2000 xp
extra_predicted_cluster,table2:2553,,3438,encore software 10675 hoyle casino 2007 win 98 me 2000 xp
extra_predicted_cluster,table2:2556,,3595,encore software 11272 hasbro : family collection ( 2006 ) win 98 me 2000 xp
extra_predicted_cluster,table2:2557,,1651,encore software 10313 professor fujis sudoku ( win 98 me 2000 xp )
extra_predicted_cluster,table2:2558,,3614,mobi-cam 70008 monitoring and notification software
extra_predicted_cluster,table2:2559,,3406,encore software 11182 monopoly here & now win 98 me 2000 xp
extra_predicted_cluster,table2:2560,,1652,encore software 10025 hoyle card games ( win 98 me 2000 xp )
extra_predicted_cluster,table2:2561,,3417,encore software 10393 network now ! pro by encore
extra_predicted_cluster,table2:2562,,1653,encore software 10023 hoyle mahjongg ( win 98 me 2000 xp )
extra_predicted_cluster,table2:2563,,1654,encore software 2137421 printshop business card maker ( win 98 me 2000 xp )
extra_predicted_cluster,table2:2564,,3456,encore software 11253 brain food games : cranium collection 2006 sb cs by encore
extra_predicted_cluster,table2:2565,,1655,marine aquarium & goldfishscreen saver by encore software
extra_predicted_cluster,table2:2572,,3338,encore software 11192 scrabble champion edition win 98 me 2000 xp
extra_predicted_cluster,table2:2573,,3679,encore software 10636 3d home architect landscape v. 8by
extra_predicted_cluster,table2:2574,,3439,encore software 10673 hoyle casino 2007 win 98 me 2000 xp
extra_predicted_cluster,table2:258,,175,nova development corp art explosion 600000 images
extra_predicted_cluster,table2:2580,,1658,encore software 33027 hoyle texas holdem ( win 98 me 2000 xp )
extra_predicted_cluster,table2:2586,,3405,encore software 11180 monopoly here & now win 98 me 2000 xp
extra_predicted_cluster,table2:2587,,1660,3d home architect landscape v. 8by encore software
extra_predicted_cluster,table2:2588,,1661,encore software 33024 hoyle solitaire ( win 98 me 2000 xp )
extra_predicted_cluster,table2:2592,,1664,hp t1936aa uao digital sending software 4.0 ( 10 device license )
extra_predicted_cluster,table2:2594,,1666,computer associates babwbr1151s33 brightstor arcserve backup client for vss software snap-shot v. 11.5 for windows with service pack 1 add-on backup & recovery 1 server ( s ) complete product standard multilingual pc
extra_predicted_cluster,table2:2597,,1669,east west propack for garageband av production software
extra_predicted_cluster,table2:260,,3635,topics entertainment instant immersion german 2.0
extra_predicted_cluster,table2:2602,,1671,corel ulead dvd workshop 2 authoring software
extra_predicted_cluster,table2:2614|table2:2615,,1678,sony creative software sound forge audio studio v. 8.0 complete product
extra_predicted_cluster,table2:2617,,1681,star wars empire at war ( mac intel )
extra_predicted_cluster,table2:2620,,3629,sony vegas 6 video editing software professional editing software
extra_predicted_cluster,table2:2622,,3474,redshift 5 ( national geographic presents ) ( win 98 me 2000 xp )
extra_predicted_cluster,table2:2627|table2:2797,,1686,onone software pxe-11433 pxl smartscale elect 1-user english mac/win
extra_predicted_cluster,table2:2634,,1690,coreldraw graphics suite x3 upgrade ( win 98 me nt 2000 xp vista )
extra_predicted_cluster,table2:2642,,1695,merriam-webster english dictionary ( win 2000 xp/mac 10.3.8 or later )
extra_predicted_cluster,table2:2649,,1701,adobe photoshop cs3 ( mac os x v. 10.4.8 )
extra_predicted_cluster,table2:2660|table2:2817,,1711,onone software ice-10770 intellihance pro 4.1 mac/win ( buy now and get free cs3 compatibility upgrades )
extra_predicted_cluster,table2:2662|table2:2883,,1713,aec software 1018001000132 fasttrack schedule 8 pda
extra_predicted_cluster,table2:2672|table2:2806,,1722,onone software mpr-40212 mask pro 4.0 upgrade ( buy now and get free cs3 compatibility upgrades )
extra_predicted_cluster,table2:2677|table2:2913,,1725,abacus software s482 scenic railway add-on for pc
extra_predicted_cluster,table2:2678|table2:2912,,1726,abacus software s461 train sim modeller for pc
extra_predicted_cluster,table2:2679|table2:2887,,1727,abacus software 1557555117 flight deck iii for pc
extra_predicted_cluster,table2:2680,,1728,apple final cut express hd 3.5 video editing software for mac av production software
extra_predicted_cluster,table2:2689|table2:2914,,3680,palmspring software 523 oxford american desk dictionary
extra_predicted_cluster,table2:2691|table2:2916,,1736,abacus software s515 flight simulation sea plane adventures pc
extra_predicted_cluster,table2:2692|table2:2885,,1737,abacus software s fs commuter pilot pc
extra_predicted_cluster,table2:2693|table2:2897,,1738,ce software 4501eu01up35 quickeys 5.0 upgrade from 3.x
extra_predicted_cluster,table2:2694|table2:2905,,1739,abacus software 5563 abacus 5563 private pilot ii
extra_predicted_cluster,table2:2695|table2:2901,,1740,abacus software s532 military aircraft collection for pc
extra_predicted_cluster,table2:2697|table2:2896,,1742,abacus software s513 fligth simulation whirly birds adventures pc
extra_predicted_cluster,table2:2698|table2:2918,,1743,ce software 4501eu01up40 quickeys 5.0 upgrade from 4.0
extra_predicted_cluster,table2:2699|table2:2895,,1744,ce software 4x30eu01up20 quickeys x3 upgrade from 2.0
extra_predicted_cluster,table2:2700|table2:2893,,3247,global software a1055 i love the usa
extra_predicted_cluster,table2:2701|table2:2903,,1745,abacus software 5562 chopper havoc for pc
extra_predicted_cluster,table2:2702|table2:2899,,1746,abacus software s568 vietnam carrier ops
extra_predicted_cluster,table2:2703|table2:2923,,1747,abacus software s552 fs fighter pilot for fs2004 and fs2002
extra_predicted_cluster,table2:2704|table2:2910,,1748,abacus software ss69 corporate pilot 2
extra_predicted_cluster,table2:2720|table2:3026|table2:3056,,1763,punch software 90500 home design studio mac
extra_predicted_cluster,table2:273,,182,microsoft windows xp pro sp2 retail
extra_predicted_cluster,table2:274,,3272,roxio inc stopzilla 4.0
extra_predicted_cluster,table2:2758,,1794,m-audio pro tools m-powered mpowered 7.3 software music production software
extra_predicted_cluster,table2:2759,,1795,pinnacle mobile media converter software for windows ipod software
extra_predicted_cluster,table2:2766,,1801,avid liquid 7.0 professional video editing software for windows professional editing software
extra_predicted_cluster,table2:2768,,3673,global software a0447jch dk smart steps 2nd grade win 95 98 me 2000 xp vista
extra_predicted_cluster,table2:277,,3311,broderbund mavis beacon teaches typing deluxe17
extra_predicted_cluster,table2:2773,,1805,quicken home and business 2007 ( pc ) intuit
extra_predicted_cluster,table2:2778,,1810,global software a8641jch dk smart steps first grade win 95 98 me 2000 xp vista
extra_predicted_cluster,table2:2783,,1811,global software a2960jcw sudoku puzzle addict : unlimited edition win 98 me 2000 xp
extra_predicted_cluster,table2:2788,,1812,simply put software llc de905-s data elminator ( win 95 98 me nt 2000 xp )
extra_predicted_cluster,table2:2791,,3230,adobe premiere pro cs3 video editing software for windows professional editing software
extra_predicted_cluster,table2:2799,,1821,garageband jampack rhythm section ( mac ) apple
extra_predicted_cluster,table2:2807,,3445,adobe premiere elements 3 ( pc )
extra_predicted_cluster,table2:2812,,1828,sony creative software sf9006 sound forge 9 boxed upgrade sound editing s/w
extra_predicted_cluster,table2:2818,,1831,microsoft windows vista business ( pc )
extra_predicted_cluster,table2:2837,,1840,microsoft money 2007 home and business ( pc )
extra_predicted_cluster,table2:2842,,3569,ringtone media studio ( pc ) avanquest
extra_predicted_cluster,table2:2843,,3241,quickbooks simple start 2007 intuit
extra_predicted_cluster,table2:2846,,1842,scholastic brain play preschool to 1st grade topics
extra_predicted_cluster,table2:2848,,3368,microsoft onenote 2007 upgrade ( pc )
extra_predicted_cluster,table2:2850,,1843,microsoft office 2004 for students and teachers ( mac )
extra_predicted_cluster,table2:2851,,3497,instant immersion spanish 2.0 topics
extra_predicted_cluster,table2:2853,,1845,microsoft windows xp professional edition ( upgrade )
extra_predicted_cluster,table2:2857,,3416,network now ! pro ( pc ) encore
extra_predicted_cluster,table2:286,,188,microsoft windows xp home edition sp2 retail box
extra_predicted_cluster,table2:2861,,3185,professor teaches windows xp individual software
extra_predicted_cluster,table2:2867,,3370,microsoft onenote 2007 ( pc )
extra_predicted_cluster,table2:2871,,3258,vegas + dvd sony
extra_predicted_cluster,table2:2874,,1852,learning quickbooks ( pc ) intuit
extra_predicted_cluster,table2:2875,,1853,magix webradio recorder ( pc ) magix entertainment
extra_predicted_cluster,table2:288,,3307,emedia music corp emedia intermediate guitar method
extra_predicted_cluster,table2:289,,3610,entertainment partners ep budgeting for film
extra_predicted_cluster,table2:290,,190,nova development corp ideasoft photo clip art 10000
extra_predicted_cluster,table2:2906,,3476,high school world history ( pc/mac ) fogware
extra_predicted_cluster,table2:2908,,1877,weekly reader mastering elementary & middle school math ( pc/mac ) fogware
extra_predicted_cluster,table2:292,,191,steinberg software halion symphonic orchestra educational edition
extra_predicted_cluster,table2:2931,,1891,encore software 10538 adventure workshop preschool 7 by the learning company
extra_predicted_cluster,table2:2980,,1919,fisher-price rescue heroes : hurricane havoc
extra_predicted_cluster,table2:3017|table2:4,,3,production prem cs3 mac upgrad
extra_predicted_cluster,table2:3018|table2:6,,5,edius pro 4
extra_predicted_cluster,table2:3019,,3229,premiere pro cs3 mac
extra_predicted_cluster,table2:3021,,1939,instant immers spanish dlux 2
extra_predicted_cluster,table2:3023,,3499,instant immers japanese dlx 2 .
extra_predicted_cluster,table2:3031,,3426,transfer my dvd avanquest usa
extra_predicted_cluster,table2:3033|table2:3063,,1943,quickbooks pro 2007 3 user
extra_predicted_cluster,table2:304,,3637,apple shake 4.1 mac os x
extra_predicted_cluster,table2:3105,,3652,media studio for psp standard editon ( 800060 )
extra_predicted_cluster,table2:3107,,1992,microspot interiors ( ints3 .6 sb )
extra_predicted_cluster,table2:3127,,2007,starry night galaxy explorer ( pc & mac ) ( snge-5-c1u )
extra_predicted_cluster,table2:314,,3528,adobe systems inc adobe acrobat 8.0 professional upsell ( std-pro )
extra_predicted_cluster,table2:3171|table2:3194,,2045,microsoft ( r ) project standard 2007
extra_predicted_cluster,table2:323,,206,alsoft diskwarrior for intel
extra_predicted_cluster,table2:349,,213,marketcircle daylite 3 customer relationship management crm
extra_predicted_cluster,table2:352,,214,adobe cs3 flash professional
extra_predicted_cluster,table2:354,,215,adobe cs3 master collection upsell from cs2
extra_predicted_cluster,table2:367,,223,adobe acrobat v8 .0 professional for mac upgrade
extra_predicted_cluster,table2:368,,3324,adobe cs3 design standard upgrade windows
extra_predicted_cluster,table2:369,,3326,adobe cs3 design premium upsell
extra_predicted_cluster,table2:376,,228,micromat tech tool pro 4.5
extra_predicted_cluster,table2:381,,232,corel corel word perfect office 12 upgrade
extra_predicted_cluster,table2:382,,3645,ea sports battlefield 1942 : deluxe edition ( pc ) game
extra_predicted_cluster,table2:386,,233,sony pc video game the station access collection dvd-rom
extra_predicted_cluster,table2:387,,234,agatha christie and then there were none e ( pc ) tha christi
extra_predicted_cluster,table2:397,,240,sos aggregation company panda antivirus + firewall 2008 3-user
extra_predicted_cluster,table2:400,,241,mariner macjournal 4 journal blog podcast software
extra_predicted_cluster,table2:421,,249,re : launch carrara 5 pro
extra_predicted_cluster,table2:435,,3237,topics entertainment middle school success essentials
extra_predicted_cluster,table2:438,,255,myob firstedge
extra_predicted_cluster,table2:440,,256,omni web 5.0
extra_predicted_cluster,table2:461,,3537,computrace lojack for laptops 3 yr subscription
extra_predicted_cluster,table2:477,,3253,global marketing partners easy video editor 2.0 honest technology
extra_predicted_cluster,table2:492,,286,cyberchase adventures by brighter minds
extra_predicted_cluster,table2:5,,4,video studio 11 plus
extra_predicted_cluster,table2:504,,3304,leveractive llc giggles computer funtime for baby shapes
extra_predicted_cluster,table2:508,,3350,adobe photoshop elements 4.0 mac academic
extra_predicted_cluster,table2:509,,292,dvo enterprises inc. cookn deluxe 6.0
extra_predicted_cluster,table2:515,,296,apple . mac 4.0 family pack ( new or renewal )
extra_predicted_cluster,table2:533,,306,adobe acrobat v8 .0 professional for mac
extra_predicted_cluster,table2:536,,307,micromat inc. diskstudio
extra_predicted_cluster,table2:541,,3623,corel corporation corel snapfire plus
extra_predicted_cluster,table2:542,,3239,school zone interactive flash action phonics made easy
extra_predicted_cluster,table2:544,,3360,kaplan act/sat/psat gold 2007 mac os x
extra_predicted_cluster,table2:548,,3246,topics entertainment math success deluxe 2008
extra_predicted_cluster,table2:553,,312,aspyr stubbs the zombie
extra_predicted_cluster,table2:554,,313,onone software plug-in suite full
extra_predicted_cluster,table2:576,,320,individual software inc small business advantage deluxe
extra_predicted_cluster,table2:577,,3530,symantec norton anti-virus 2007 windows
extra_predicted_cluster,table2:610,,337,nuance communications inc. dragon ns standard v9
extra_predicted_cluster,table2:613,,340,corel corporation dvd movie factory 6 plus retial ( english )
extra_predicted_cluster,table2:646,,358,csdc power translator 11 premium language engineering company
extra_predicted_cluster,table2:648,,359,hal leonard allegro 2007 5-user labpack
extra_predicted_cluster,table2:654,,361,aspyr media inc return to castle wolfenstein
extra_predicted_cluster,table2:665,,367,simply magazine sales skills
extra_predicted_cluster,table2:671,,3334,encore inc hoyle solitaire
extra_predicted_cluster,table2:674,,374,print master platinum v17
extra_predicted_cluster,table2:683,,3261,global marketing partners video patrol 5.0 honest technology
extra_predicted_cluster,table2:689,,3690,findex.com inc sermon builder 4.0
extra_predicted_cluster,table2:692,,384,orion/imaginova starry night screensaver
extra_predicted_cluster,table2:697,,3556,spelling
extra_predicted_cluster,table2:7,,6,qb pos 6.0 pro multi store sw
extra_predicted_cluster,table2:705,,391,emedia music corp guitar pro v 5.1 ( hybrid )
extra_predicted_cluster,table2:716,,398,avanquest usa llc spycatcher 2007
extra_predicted_cluster,table2:737,,3423,madison media software aspvms8000 acad vegas movie studio + dvd 8 platinum
extra_predicted_cluster,table2:741,,419,3d home architect home v. 8by encore software
extra_predicted_cluster,table2:743,,421,encore software 11290 scrabble complete win 98 me xp
extra_predicted_cluster,table2:750,,3351,adobe photoshop elements 4.0 photo-editing software for mac
extra_predicted_cluster,table2:753,,3516,encore software 10567 hoyle puzzle games 2007 win 98 me 2000 xp
extra_predicted_cluster,table2:760,,3591,encore software 12370 middle school advantage 2008 win 2000 xp vista
extra_predicted_cluster,table2:762,,432,encore software 10653 professor fujis kakuro win 98 me 2000 xp
extra_predicted_cluster,table2:763,,3419,encore software 10392 network now ! pro ( win 98 me 2000 xp )
extra_predicted_cluster,table2:766,,434,encore software 11670 who wants to be a millionaire ? win xp 2000
extra_predicted_cluster,table2:768,,3459,encore software 11250 brain food games : cranium collection 2006 win 98 me 2000 xp
extra_predicted_cluster,table2:769,,3458,encore software 11252 brain food games : cranium collection 2006 win 98 me 2000 xp
extra_predicted_cluster,table2:771,,3353,encore software 14130 wheel of fortune deluxe win 98 me 2000 xp vista
extra_predicted_cluster,table2:772,,3520,encore software 10443 elementary school advantage 2007 win 98 me 2000 xp
extra_predicted_cluster,table2:774,,436,encore software 10598 registry mechanic win 98 me 2000 xp
extra_predicted_cluster,table2:775,,437,encore software 12390 math advantage 2008 win 2000 xp vista
extra_predicted_cluster,table2:780,,441,topics entertainment 80796 topics math success 2007 deluxe for windows educational software pc
extra_predicted_cluster,table2:790,,448,e-mu modern symphonic orchestra for emulator x and proteus x sounds for software
extra_predicted_cluster,table2:791,,3403,individual software resume maker professional deluxe 12.0
extra_predicted_cluster,table2:798,,3233,adobe premiere pro cs3 software with encore cs3 and onlocation cs3 ( windows only ) full version for macintosh
extra_predicted_cluster,table2:8,,3642,qb credit card kit 3.0
extra_predicted_cluster,table2:800,,3232,adobe premiere pro cs3 software with encore cs3 and onlocation cs3 ( windows only ) full version for windows
extra_predicted_cluster,table2:801,,451,onone software smartscale software
extra_predicted_cluster,table2:802,,452,onone software genuine fractals print pro software
extra_predicted_cluster,table2:804,,3461,hewlett packard t1936aa ua0 hp digital sending software 4.0 complete product document management 1 device ( s ) complete product standard multilingual pc
extra_predicted_cluster,table2:806,,3586,apple software t9163ll/a logic pro 6
extra_predicted_cluster,table2:807,,3608,apple software t9161ll/a logic platinum / gold 5 & 6 to logic pro 6 update
extra_predicted_cluster,table2:808,,454,microsoft digital image suite plus full version of photo editing software for windows .
extra_predicted_cluster,table2:810,,3281,apple software m8789z/a webobjects 5.2
extra_predicted_cluster,table2:819,,461,masque publishing best of slots ii
extra_predicted_cluster,table2:822,,463,topics entertainment i spy fantasy w / i spy bk & mini cd
extra_predicted_cluster,table2:832,,3389,topics entertainment instant immersion spanish audio deluxe
extra_predicted_cluster,table2:835,,3501,school zone interactive time money & fractions 1-2 on track software
extra_predicted_cluster,table2:837,,472,topics entertainment talk now ! afrikaans beginners
extra_predicted_cluster,table2:838,,3284,sos aggregation company iaudioize magnetic time
extra_predicted_cluster,table2:857,,3398,sage ( ptree ) premium accounting accountants edition 2007
extra_predicted_cluster,table2:874,,496,prosoft engineering data rescue universal license
extra_predicted_cluster,table2:887,,505,fogware publishing middle school life science classification & ecology
extra_predicted_cluster,table2:890,,3509,aspyr leave the lights on-bundle
extra_predicted_cluster,table2:893,,3319,adobe cs3 design premium upgrade
extra_predicted_cluster,table2:895,,507,apple . mac 4.0 1yr new or renewal internet service
extra_predicted_cluster,table2:897,,508,adobe contribute cs3 upgrade
extra_predicted_cluster,table2:900,,3466,intuit quicken 2007 macintosh
extra_predicted_cluster,table2:906,,3235,nova print explosion deluxe 3.0
extra_predicted_cluster,table2:912,,3174,freeverse burning monkey solitaire 3d
extra_predicted_cluster,table2:915,,3550,microsoft office 2004 std upgrade
extra_predicted_cluster,table2:917,,3302,adobe cs3 design standard upsell
extra_predicted_cluster,table2:920,,515,freeverse burning monkey mahjong 3d
extra_predicted_cluster,table2:921,,3372,adobe cs3 production premium
extra_predicted_cluster,table2:924,,516,microsoft windows xp pro oem sp2 no open box returns
extra_predicted_cluster,table2:929,,517,appleworks 6.2 for mac
extra_predicted_cluster,table2:930,,518,chessmaster 9000 : feral interactive
extra_predicted_cluster,table2:936,,519,git comic book library collector 's edition vol . 1
extra_predicted_cluster,table2:939,,521,adobe cs3 design premium academic
extra_predicted_cluster,table2:945,,3464,microsoft office 2004 student/teacher
extra_predicted_cluster,table2:946,,3321,adobe cs3 design standard upgrade
extra_predicted_cluster,table2:955,,524,adobe pagemaker 7.0 for mac version upgrade
extra_predicted_cluster,table2:959,,526,microsoft windows vista business retail no open box returns
extra_predicted_cluster,table2:963,,528,allume mediarecover
extra_predicted_cluster,table2:969,,3540,now software now up-to-date and contact
extra_predicted_cluster,table2:972,,3589,corel painter x academic
extra_predicted_cluster,table2:976,,3504,detto move2mac usb kit ( to move data from pc to ma
extra_predicted_cluster,table2:987,,3543,computrace lojack for laptops 1 yr subscription
extra_predicted_cluster,table2:989,,3618,broderbund mavis beacon teaches typing standard17
extra_predicted_cluster,table2:994,,3278,apple logic express 7.2
