side,refs,reference_title,predicted_entity_id,predicted_title
missing_reference_cluster,table1:0|table2:1833,clickart 950 000 - premier image pack (dvd-rom),,
missing_reference_cluster,table1:1001|table2:2293,roxio easy media creator 9,,
missing_reference_cluster,table1:1002|table2:798,logic pro 6 upgrade from logic platinum/gold 5&6,,
missing_reference_cluster,table1:1004|table2:2290,marine aquarium 2.0 (pc & mac),,
missing_reference_cluster,table1:1005|table2:767,elementary advantage 2008,,
missing_reference_cluster,table1:1006|table2:2311,finale songwriter 2007,,
missing_reference_cluster,table1:1007|table2:772,math success deluxe 2007,,
missing_reference_cluster,table1:1009|table2:765,wheel of fortune deluxe,,
missing_reference_cluster,table1:1012|table2:783,resumemaker professional 12.0,,
missing_reference_cluster,table1:1014|table2:778,aquarium 3 in 1 collection - limited edition for win/mac,,
missing_reference_cluster,table1:1016|table2:782,e-mu em8669 modern symphonic orchestra,,
missing_reference_cluster,table1:1019|table2:2254,makemusic finale 2007 win/mac,,
missing_reference_cluster,table1:102,myinvoices & estimates deluxe,,
missing_reference_cluster,table1:1020|table2:758,westward,,
missing_reference_cluster,table1:1023|table2:2247,finale allegro 2007,,
missing_reference_cluster,table1:1024|table2:756,pc professor fuji's kakuro,,
missing_reference_cluster,table1:1025|table2:764,marine aquarium 2.5 virtual undersea paradise win/mac,,
missing_reference_cluster,table1:1026|table2:2262,riverdeep spongebob squarepants typing fun,,
missing_reference_cluster,table1:1027|table2:763,brain food games: cranium collection 2006,,
missing_reference_cluster,table1:1028|table2:762,brain food games: cranium collection 2006,,
missing_reference_cluster,table1:1029|table2:2258,printmaster 17 gold by encore software,,
missing_reference_cluster,table1:103|table2:1618,my sim aquarium,,
missing_reference_cluster,table1:1030|table2:760,who wants to be a millionaire?,,
missing_reference_cluster,table1:1031,encore the big box of art 410 000 ( 460001 ),,
missing_reference_cluster,table1:1032|table2:751,fate,,
missing_reference_cluster,table1:1035|table2:747,hoyle puzzle & board games 2007,,
missing_reference_cluster,table1:1036|table2:748,jackpot tycoon (jewel case),,
missing_reference_cluster,table1:1037|table2:2266,riverdeep kissing canines,,
missing_reference_cluster,table1:1039|table2:755,monopoly platinum edition,,
missing_reference_cluster,table1:104|table2:1615,scrabble,,
missing_reference_cluster,table1:1040|table2:2277,home & business lawyer dlx 2006 by broderbund,,
missing_reference_cluster,table1:1043,reader rabbit learn to read phonics pre kindergarten,,
missing_reference_cluster,table1:1045|table2:2274,professor fujis sudoku deluxe by encore,,
missing_reference_cluster,table1:1047|table2:2276,the print shop 21 standard by broderbund,,
missing_reference_cluster,table1:1056,ares rising,,
missing_reference_cluster,table1:1058|table2:12,evergirl,,
missing_reference_cluster,table1:106|table2:1932,cisco security server agent for windows and solaris - license - 100 agents - win solaris ( csa-b100-srvr-k9 ),,
missing_reference_cluster,table1:1060|table2:1998,hasbro family game collection 2006,,
missing_reference_cluster,table1:1063|table2:1995,marine aquarium & goldfish screen saver by encore software,,
missing_reference_cluster,table1:1065|table2:2044,family tree maker version 16 collectors edition sb cs,,
missing_reference_cluster,table1:1066|table2:975,modeless liquid ledger personal finance software (mac),,
missing_reference_cluster,table1:107|table2:1652,photoshop elements 5 and premiere elements 3 bundle win minibox (29180248),,
missing_reference_cluster,table1:1071|table2:2045,adventure workshop 4th-6th grade 7th edition,,
missing_reference_cluster,table1:1080|table2:1345,e-mu em8685 beat garden x emulator x2/proteus x2 soundset,,
missing_reference_cluster,table1:1082,soundtrack 1.2,,
missing_reference_cluster,table1:1085|table2:960,detto move2mac usb,,
missing_reference_cluster,table1:1087|table2:1326,apple remote desktop 2.2 10 client (old version),,
missing_reference_cluster,table1:109|table2:2159,instant immersion french 2.0,,
missing_reference_cluster,table1:1090|table2:761,webroot spysweeper antispyware - 3 user,,
missing_reference_cluster,table1:1095,history (dvd) (pc & mac),,
missing_reference_cluster,table1:1097,zend studio 5.1 (win/mac),,
missing_reference_cluster,table1:1101|table2:1967,the print shop 22 pro publisher deluxe sb cs by the print shop,,
missing_reference_cluster,table1:1105|table2:1391,webroot spy sweeper antispyware 5.x,,
missing_reference_cluster,table1:1108|table2:1401,dk rainbow fish most beautiful fish in the ocean,,
missing_reference_cluster,table1:1113|table2:2126,apple xsan (mac),,
missing_reference_cluster,table1:1115|table2:2123,emedia print music 2006 win/mac,,
missing_reference_cluster,table1:1116|table2:1634,adobe solution expert support,,
missing_reference_cluster,table1:1118|table2:2122,steinberg sequel (pc or mac) music creation & performance software,,
missing_reference_cluster,table1:1120|table2:2117,bias deck le 3.5 macintosh cd,,
missing_reference_cluster,table1:1121,adobe cs3 design premium macosx dvd,,
missing_reference_cluster,table1:1125|table2:924,comic book library,,
missing_reference_cluster,table1:1126|table2:2138,taxcut home & bus +state + sage includes act 8.0 & peachtree 2007,,
missing_reference_cluster,table1:1129|table2:922,net ad creator,,
missing_reference_cluster,table1:113|table2:1644,microsoft licenses win svr 2003 ext conn lic (r3900292),,
missing_reference_cluster,table1:1130|table2:2133,cakewalk sonar 6 producer ed,,
missing_reference_cluster,table1:1133|table2:2136,adobe captivate 2.0,,
missing_reference_cluster,table1:1134,crystal 3d impact! pro 1.25 (jewel case),,
missing_reference_cluster,table1:1139|table2:2130,sibelius 4 professional edition,,
missing_reference_cluster,table1:1140|table2:911,burning monkey mahjongg (mac),,
missing_reference_cluster,table1:1142|table2:2073,pc tools spyware doctor 2007,,
missing_reference_cluster,table1:1144|table2:907,drive genius by prosoft engineering inc,,
missing_reference_cluster,table1:1149|table2:903,burning monkey solitaire 2005 edition,,
missing_reference_cluster,table1:1150|table2:2064,nero 7 ultra edition enhanced pc & home entrmnt soln,,
missing_reference_cluster,table1:1154,spring cleaning 9.0 for mac os 10.4 & above,,
missing_reference_cluster,table1:1155|table2:2063,g7 kontakt edition,,
missing_reference_cluster,table1:1158|table2:898,micromat techtool protege with firewire device,,
missing_reference_cluster,table1:1160,print explosion deluxe 3.0 (mac),,
missing_reference_cluster,table1:1162|table2:896,stuffit deluxe 11,,
missing_reference_cluster,table1:1173|table2:792,onone software pxl smartscale ( windows and macintosh ),,
missing_reference_cluster,table1:1174|table2:883,sims 2 pets expansion pack,,
missing_reference_cluster,table1:1176|table2:558,3d home architect landscape design deluxe version 9,,
missing_reference_cluster,table1:1177|table2:562,adobe creative suite cs3 web standard [mac],,
missing_reference_cluster,table1:1179|table2:1007,photoframe pro 3.0 1u,,
missing_reference_cluster,table1:118|table2:1726,crystal reports xi professional edition,,
missing_reference_cluster,table1:1183,mcafee virusscan plus - 3 user,,
missing_reference_cluster,table1:1184|table2:1010,mask pro 4.0 1u,,
missing_reference_cluster,table1:1186|table2:1011,home design architect series 3000 v10.0,,
missing_reference_cluster,table1:1187|table2:572,individual small business advantage deluxe 2006,,
missing_reference_cluster,table1:1188,finale 2007 academic (win/mac),,
missing_reference_cluster,table1:1189,quickbooks point-of-sale basic 6.0,,
missing_reference_cluster,table1:119|table2:1729,sierra hallmark card studio special edition ( windows ),,
missing_reference_cluster,table1:1190|table2:576,dreamweaver cs3 9 mac ed 1u,,
missing_reference_cluster,table1:1195,space (dvd) (pc & mac),,
missing_reference_cluster,table1:1196|table2:533,micromat diskstudio ( mac),,
missing_reference_cluster,table1:1198|table2:535,stuffit deluxe 11,,
missing_reference_cluster,table1:1201|table2:541,kaplan sat/act/psat gold 2007 win/mac,,
missing_reference_cluster,table1:1204|table2:2687,money home & business 2007 win32 eng na mini box us only cd,,
missing_reference_cluster,table1:1207|table2:546,macbackup,,
missing_reference_cluster,table1:121|table2:1723,microsoft licenses exch. srvr extrn conn sa eng (39400416),,
missing_reference_cluster,table1:1210,the movies (mac),,
missing_reference_cluster,table1:1212,ulead videostudio 10,,
missing_reference_cluster,table1:1216|table2:1063,sony acid pro 6 professional music workstation,,
missing_reference_cluster,table1:122|table2:1679,watchguard serverlock manager (100 servers),,
missing_reference_cluster,table1:1220|table2:1060,adobe photoshop cs2 advanced techniques by julieanne kost,,
missing_reference_cluster,table1:1225|table2:1319,logic express 6,,
missing_reference_cluster,table1:1226|table2:506,photoshop elements 4 edu mac 1u,,
missing_reference_cluster,table1:1228|table2:507,dvo cook'n deluxe 6.0 - ultimate recipe organizer,,
missing_reference_cluster,table1:1231|table2:1067,upgrade acid pro 6 boxed,,
missing_reference_cluster,table1:1233|table2:1045,peachtree by sage premium accounting 2007,,
missing_reference_cluster,table1:1235|table2:1047,peachtree by sage pro accounting 2007,,
missing_reference_cluster,table1:124|table2:1792,tlc dr. seuss reading learning system 2008,,
missing_reference_cluster,table1:1240|table2:1058,window washer,,
missing_reference_cluster,table1:1246|table2:1057,sony acid pro 5,,
missing_reference_cluster,table1:1249|table2:1026,punch! home design architectura series 18,,
missing_reference_cluster,table1:1251|table2:1024,hijack2,,
missing_reference_cluster,table1:1255|table2:1022,punch! professional home design suite,,
missing_reference_cluster,table1:126|table2:1775,oxford spanish dictionary,,
missing_reference_cluster,table1:1260|table2:775,punch 5 in 1 home design,,
missing_reference_cluster,table1:1261|table2:464,xtreme photostory on cd and dvd 6,,
missing_reference_cluster,table1:1262,anime studio 5 win 98/me 2000/xp mac os 10.4 & up,,
missing_reference_cluster,table1:1263|table2:1030,punch! home design architectural series 18,,
missing_reference_cluster,table1:1264|table2:2369,adobe soundbooth cs3,,
missing_reference_cluster,table1:1269|table2:475,easy video editor 2.0 by honest technology,,
missing_reference_cluster,table1:127|table2:1780,pantone reference library,,
missing_reference_cluster,table1:1272|table2:547,palo alto business plan pro 2007,,
missing_reference_cluster,table1:1273|table2:354,adobe after effects cs3,,
missing_reference_cluster,table1:1275|table2:1021,punch! master landscape & home design,,
missing_reference_cluster,table1:1278|table2:1017,punch! 5 in 1 home design,,
missing_reference_cluster,table1:1287|table2:687,starry night astronomy screensaver win/mac,,
missing_reference_cluster,table1:1288|table2:684,quickverse sermon builder 4.0,,
missing_reference_cluster,table1:129,oxford spanish dictionary,,
missing_reference_cluster,table1:1290|table2:692,snap! spelling (jewel case),,
missing_reference_cluster,table1:1291|table2:732,acad vegas movie studio +dvd 8 platinum,,
missing_reference_cluster,table1:1294|table2:738,scrabble complete (jewel case),,
missing_reference_cluster,table1:1297|table2:700,emedia guitarpro 5 win/mac,,
missing_reference_cluster,table1:1298|table2:711,spycatcher 2007for pc,,
missing_reference_cluster,table1:13|table2:1918,spy sweeper spanish,,
missing_reference_cluster,table1:130|table2:1749,microsoft licenses sps extrnlconnnonemplyenglands c (h3200034),,
missing_reference_cluster,table1:1303|table2:660,sales skills 2.0 ages 10+,,
missing_reference_cluster,table1:1309,treasure mountain! (jewel case) ages 5-9 for win/mac,,
missing_reference_cluster,table1:131|table2:1771,microspot interiors,,
missing_reference_cluster,table1:1310|table2:678,video patrol 5.0 by honest technology,,
missing_reference_cluster,table1:1313,adobe creative suite cs3 design premium upsell,,
missing_reference_cluster,table1:1325,adobe creative suite cs3 web standard,,
missing_reference_cluster,table1:1330|table2:644,northstar for pc/mac,,
missing_reference_cluster,table1:1331|table2:643,make music allegro 2007 labpack - 5 user,,
missing_reference_cluster,table1:1333|table2:641,power translator 11 premium,,
missing_reference_cluster,table1:1334|table2:640,liquid ledger personal finance,,
missing_reference_cluster,table1:1335|table2:639,sportsman's double play,,
missing_reference_cluster,table1:1340|table2:253,adobe creative suite cs3 web standard upsell [mac],,
missing_reference_cluster,table1:1344|table2:616,instant immersion italian deluxe v2.0 (large box),,
missing_reference_cluster,table1:1349|table2:611,flash remoting 1 alp ret eng cd 2u,,
missing_reference_cluster,table1:1350|table2:605,shapes,,
missing_reference_cluster,table1:1351|table2:606,dragon naturally speaking standard v9,,
missing_reference_cluster,table1:137,netmanage rumba unix-hp edition - ( v. 7.3 ) - upgrade license ( 902453-006 ),,
missing_reference_cluster,table1:139,adobe creative suite cs3 design premium upsell [mac],,
missing_reference_cluster,table1:143|table2:1785,adobe acrobat distiller svr v6-cd linux u/u ( 42050142 ),,
missing_reference_cluster,table1:145,microsoft virtual pc for mac 7.0 with windows 2000,,
missing_reference_cluster,table1:146,microsoft mappoint 2006 standard edition,,
missing_reference_cluster,table1:156,details 3.0,,
missing_reference_cluster,table1:157,adobe photoshop elements 4.0 plus adobe premiere elements 2.0 - complete package - 1 user - cd ( mini-box ) - win - canadian french ( 29180162 ),,
missing_reference_cluster,table1:161|table2:1458,gods: lands of infinity - special edition,,
missing_reference_cluster,table1:164|table2:1454,sea scene: living underwater worlds (jewel case),,
missing_reference_cluster,table1:165,hp storageworks secure path for windows workgroup edition - ( v. 4.0c ) - license ( 213076-b26 ),,
missing_reference_cluster,table1:166|table2:1469,equilibrium debabelizer pro 6.0 - 1 user,,
missing_reference_cluster,table1:168|table2:2107,autodesk discreet combustion 4 ( windows ),,
missing_reference_cluster,table1:171|table2:1439,microsoft licenses word mac 10.0 eng govt (d4800369),,
missing_reference_cluster,table1:175|table2:1452,diskeeper 2007 professional single lic pack,,
missing_reference_cluster,table1:178|table2:1509,smart steps 4th grade,,
missing_reference_cluster,table1:179|table2:1505,ca arcserve bkup r11.5 win dro sp1 prod only,,
missing_reference_cluster,table1:185|table2:1511,iremember digital scrapbooking 2.0,,
missing_reference_cluster,table1:193|table2:1487,backup exec 10d win adv disk v10.1 lic only (e180518),,
missing_reference_cluster,table1:195,world of warcraft,,
missing_reference_cluster,table1:197,sonicwall global vpn client - license ( 01-ssc-5310 ),,
missing_reference_cluster,table1:20|table2:1217,millie's math house ages 3-7 (win/mac),,
missing_reference_cluster,table1:204,cisco ios enterprise services - complete package ( cd28-esk9= ),,
missing_reference_cluster,table1:207|table2:1488,crystal reports 11 professional full product french,,
missing_reference_cluster,table1:220,mobileinventory additional mobile license,,
missing_reference_cluster,table1:223,symantec client security 3.1 with groupware protection business pack 50 user,,
missing_reference_cluster,table1:23|table2:1406,the printshop 20 professional publisher,,
missing_reference_cluster,table1:231,red hat enterprise linux ws - ( v. 4 update 4 ) - license - 1 workstation ( rl296aa ),,
missing_reference_cluster,table1:232,printshop home & office labels,,
missing_reference_cluster,table1:233,photo explosion deluxe 3.0,,
missing_reference_cluster,table1:236,readiris pro 11,,
missing_reference_cluster,table1:238,ca brightstor arcserve backup r11.5 for enterprise option for advantage ingres for,,
missing_reference_cluster,table1:242,lotus dev. ibm db2 net search extender - ( v. 8.2 ) - media ( bb0kyna ),,
missing_reference_cluster,table1:247,netmanage onweb web-to-host - ( v. 5.1 ) - upgrade license ( 910443-004 ),,
missing_reference_cluster,table1:248|table2:1592,microsoft windows small business server cal 2003 license pack 20 client addpack device,,
missing_reference_cluster,table1:249,scansoft paperport 11 - 5 user license,,
missing_reference_cluster,table1:250|table2:2098,adobe after effects professional 7.0,,
missing_reference_cluster,table1:253,filemaker mobile 8 for palm os and pocket pc,,
missing_reference_cluster,table1:254,watchguard mobile user vpn 5 user bundle ( wg3605 ),,
missing_reference_cluster,table1:256,hallmark card studio 2005 deluxe,,
missing_reference_cluster,table1:257,ca brightstor arcserve backup r11.5 for enterprise option for advantage ingres for,,
missing_reference_cluster,table1:260,cisco 2600xm ser ios ip/fw/ids ( cd26xm-ch= ),,
missing_reference_cluster,table1:267|table2:2397,adobe photoshop elements 5.0/premier elements 3.0 [lb],,
missing_reference_cluster,table1:27|table2:1415,i copy dvds 2 professional edition,,
missing_reference_cluster,table1:270,adobe acrobat 7.0 professional,,
missing_reference_cluster,table1:272|table2:2257,adobe audition 2.0,,
missing_reference_cluster,table1:273|table2:8,quickbooks credit card processing kit 3.0,,
missing_reference_cluster,table1:274|table2:2867,instant immersion italian 2.0,,
missing_reference_cluster,table1:275,easy drums (jewel case),,
missing_reference_cluster,table1:277,super solvers - spellbound! ! - school edition for mac,,
missing_reference_cluster,table1:279|table2:2056,the printshop 20,,
missing_reference_cluster,table1:28|table2:1951,gen-x media made easy vol. 3,,
missing_reference_cluster,table1:280,startopia,,
missing_reference_cluster,table1:281,easy home massage - dvd,,
missing_reference_cluster,table1:283,tonka town (jewel case),,
missing_reference_cluster,table1:287|table2:2845,sibelius 5 professional edition,,
missing_reference_cluster,table1:288,tonka search & rescue 2,,
missing_reference_cluster,table1:29|table2:1953,family tree maker 11.2 collector's edition,,
missing_reference_cluster,table1:291,wacky bird hunter,,
missing_reference_cluster,table1:292,namco museum 50th anniversary collection,,
missing_reference_cluster,table1:293,treasure galaxy 5-user lab pack for mac,,
missing_reference_cluster,table1:294,dk rainbow fish most beautiful fish,,
missing_reference_cluster,table1:295,madeline rainy day activities,,
missing_reference_cluster,table1:296,mighty math number heroes,,
missing_reference_cluster,table1:297,superstart! science arcade,,
missing_reference_cluster,table1:298,state standards - grade 6,,
missing_reference_cluster,table1:299,wacky farm,,
missing_reference_cluster,table1:300,police quest compilation,,
missing_reference_cluster,table1:301,broderbund printmaster platinum 16.0,,
missing_reference_cluster,table1:302,encyclopedia britannica profiles: dinosaurs (jewel case),,
missing_reference_cluster,table1:304|table2:2806,fisher-price rescue heroes: lava landslide,,
missing_reference_cluster,table1:306,quickstart photo montage studio,,
missing_reference_cluster,table1:307,season ticket football 2003,,
missing_reference_cluster,table1:312|table2:573,norton antivirus 2007,,
missing_reference_cluster,table1:313,backyard soccer (mls edition),,
missing_reference_cluster,table1:314,zipmagic personal edition,,
missing_reference_cluster,table1:326,math missions: the race to spectacle city arcade (grades k-2),,
missing_reference_cluster,table1:327,world of wild cats,,
missing_reference_cluster,table1:328,state standards - grade 8,,
missing_reference_cluster,table1:329,cluefinders 3rd grade adventures: mystery of mathra,,
missing_reference_cluster,table1:331,instant home cooking (jewel case),,
missing_reference_cluster,table1:332|table2:2855,spy sweeper [lb],,
missing_reference_cluster,table1:333|table2:2118,adobe after effects 7.0 professional (mac),,
missing_reference_cluster,table1:334|table2:2852,transfer my dvd,,
missing_reference_cluster,table1:335|table2:2859,tlc zoombinis 3rd grade lrng sys 2007 sb cs by riverdeep ( 10548 ),,
missing_reference_cluster,table1:336,csi: crime scene investigation,,
missing_reference_cluster,table1:338,sega smash pack 2,,
missing_reference_cluster,table1:339,post mortem,,
missing_reference_cluster,table1:340,zoboomafoo animal logic cd/workbook combo,,
missing_reference_cluster,table1:341,mother goose - interactive storybook,,
missing_reference_cluster,table1:342,let's learn about time & date,,
missing_reference_cluster,table1:343,living trust builder,,
missing_reference_cluster,table1:346|table2:2706,mcafee internet security suite 2007 - 3 users,,
missing_reference_cluster,table1:348|table2:1545,microsoft office & windows training,,
missing_reference_cluster,table1:35|table2:1988,the print shop pro publisher 22 deluxe [dvd],,
missing_reference_cluster,table1:350|table2:908,adobe creative suite cs3 design standard upsell [mac],,
missing_reference_cluster,table1:360,adobe creative suite cs3 web standard upsell,,
missing_reference_cluster,table1:363|table2:2305,adobe premiere elements 3.0 [lb],,
missing_reference_cluster,table1:366,big oil: build an oil empire,,
missing_reference_cluster,table1:37|table2:1980,my first bible stories,,
missing_reference_cluster,table1:370|table2:2678,readiris pro 11 corporate edition,,
missing_reference_cluster,table1:374|table2:2511,printmaster gold v 17.0,,
missing_reference_cluster,table1:38|table2:2007,the big mix (mac),,
missing_reference_cluster,table1:380,adobe production studio premium,,
missing_reference_cluster,table1:382,lego island 2: the brickster's revenge (xp compatible version),,
missing_reference_cluster,table1:383,tank battle,,
missing_reference_cluster,table1:385,home budget for dummies,,
missing_reference_cluster,table1:388,encyclopedia of our living oceans,,
missing_reference_cluster,table1:389,ultimate pinball (jewel case),,
missing_reference_cluster,table1:390,clifford reading pack (dvd box),,
missing_reference_cluster,table1:395,quickstart pc cleaner xp,,
missing_reference_cluster,table1:396,crayola first ladies costume maker,,
missing_reference_cluster,table1:398,pokemon team turbo (jewel case),,
missing_reference_cluster,table1:399,south park chef's luv shack,,
missing_reference_cluster,table1:40|table2:1999,the print shop 22 deluxe,,
missing_reference_cluster,table1:400,blues clues preschool,,
missing_reference_cluster,table1:401,backyard skateboarding,,
missing_reference_cluster,table1:405,rayman 10th anniversary collection,,
missing_reference_cluster,table1:407,pdf converter 4,,
missing_reference_cluster,table1:41|table2:1992,imsi turbocad designer v.11,,
missing_reference_cluster,table1:412|table2:2715,web radio recorder,,
missing_reference_cluster,table1:413,bodyworks 6.0 25-user building site license,,
missing_reference_cluster,table1:414,virtual labs: light,,
missing_reference_cluster,table1:415,pressure pop!,,
missing_reference_cluster,table1:416,essential business tools 2.0,,
missing_reference_cluster,table1:417,let's make stickers,,
missing_reference_cluster,table1:423|table2:2272,hoyle card games 2007,,
missing_reference_cluster,table1:428|table2:2190,child safe 3-pc,,
missing_reference_cluster,table1:432|table2:2165,upgrade pitstop server 3.5 1u win 2k/xp & mac os 10.2.8,,
missing_reference_cluster,table1:438|table2:2139,researchsoft endnote 9 student edition for students [old version],,
missing_reference_cluster,table1:439|table2:2106,sony acid music studio,,
missing_reference_cluster,table1:443|table2:2104,instant landscaping 3.0 [lb],,
missing_reference_cluster,table1:444|table2:2099,topics presents: ancient civilizations (4 cd set),,
missing_reference_cluster,table1:446|table2:2092,instant play electric guitar (jewel box),,
missing_reference_cluster,table1:45|table2:2009,elementary school success deluxe 2006,,
missing_reference_cluster,table1:450|table2:2415,adobe after effects cs3,,
missing_reference_cluster,table1:451|table2:2080,phonics success deluxe 2006 (large box),,
missing_reference_cluster,table1:453|table2:2450,brainfood games cranium collection 2006,,
missing_reference_cluster,table1:455|table2:2498,national geographic presents: redshift 5 planetarium software,,
missing_reference_cluster,table1:46|table2:2027,national geographic presents: redshift planetarium,,
missing_reference_cluster,table1:460|table2:2428,emc retrospect 7.5 svr 1-client windows,,
missing_reference_cluster,table1:462|table2:2388,ae painter v9 win/mac box,,
missing_reference_cluster,table1:468,cisco security desktop agent ( csa-b250-dtop-k9 ),,
missing_reference_cluster,table1:469|table2:2386,ov data protector open file 5-wk v.9 ltu incl ltu for 5 win nt/2000/xp workstati,,
missing_reference_cluster,table1:479|table2:2334,window washer,,
missing_reference_cluster,table1:48|table2:2023,national geographic presents: forces of nature,,
missing_reference_cluster,table1:480|table2:2336,child safe,,
missing_reference_cluster,table1:481|table2:2662,adobe premiere elements 3.0,,
missing_reference_cluster,table1:482|table2:2338,on hand spanish 1-2-3 ( windows ),,
missing_reference_cluster,table1:484|table2:2313,crystal reports 11 reporting essentials trng cbt,,
missing_reference_cluster,table1:485|table2:2324,star wars battlefront (mac),,
missing_reference_cluster,table1:49|table2:2021,reference success deluxe 2006,,
missing_reference_cluster,table1:490,adobe encore dvd 2.0,,
missing_reference_cluster,table1:496|table2:1540,symantec pcanywhere 12.0 host only,,
missing_reference_cluster,table1:498|table2:799,microsoft digital image suite plus [lb],,
missing_reference_cluster,table1:50|table2:2039,clifford the big red dog - thinking adventures,,
missing_reference_cluster,table1:502|table2:2105,norton internet security mac 3.0 [antivirus firewall privacy controls iclean],,
missing_reference_cluster,table1:503|table2:380,corel wordperfect office 12 standard upgrade,,
missing_reference_cluster,table1:504|table2:1457,raster design 2006 essentials,,
missing_reference_cluster,table1:505|table2:167,acrobat professional 8 mac upsell standard-professional,,
missing_reference_cluster,table1:507|table2:2005,reader rabbit learning system 1st grade,,
missing_reference_cluster,table1:508,microsoft publisher 2007 version upgrade,,
missing_reference_cluster,table1:509|table2:2697,microsoft windows xp professional upgrade with sp2,,
missing_reference_cluster,table1:510|table2:2004,mavis beacon typing 17 (win/mac),,
missing_reference_cluster,table1:511,microsoft windows vista ultimate upgrade [dvd],,
missing_reference_cluster,table1:513|table2:884,adobe creative suite cs3 design premium upgrade [mac],,
missing_reference_cluster,table1:515,microsoft office 2004 standard upgrade (mac),,
missing_reference_cluster,table1:517,quickbooks premier nonprofit edition 2007,,
missing_reference_cluster,table1:520,microsoft windows vista ultimate full version [dvd],,
missing_reference_cluster,table1:525|table2:1559,zoo tycoon 2: marine mania expansion,,
missing_reference_cluster,table1:526|table2:2356,learning company kid pix deluxe 4,,
missing_reference_cluster,table1:527|table2:2405,microsoft windows server 2003 client additional license for users-5 pack,,
missing_reference_cluster,table1:528,quickbooks pro 2007 for mac (mac),,
missing_reference_cluster,table1:53|table2:2033,boomerang webshop platinum,,
missing_reference_cluster,table1:532|table2:886,apple .mac 4.0 online service,,
missing_reference_cluster,table1:535|table2:5,ulead videostudio 11 plus,,
missing_reference_cluster,table1:536|table2:2708,microsoft onenote 2007,,
missing_reference_cluster,table1:537|table2:221,apple ilife '06 (mac dvd) [older version],,
missing_reference_cluster,table1:539|table2:285,microsoft windows xp home edition full version with sp2,,
missing_reference_cluster,table1:54|table2:2051,allume boost xp for windows,,
missing_reference_cluster,table1:542|table2:2227,quickbooks pro 2007 small business financial software,,
missing_reference_cluster,table1:544,windows vista business spanish full version [dvd],,
missing_reference_cluster,table1:546|table2:538,corel snapfire plus [ignite photo fun],,
missing_reference_cluster,table1:55,jumpstart learning games phonics (pc & mac),,
missing_reference_cluster,table1:550|table2:2841,instant immersion italian deluxe 2.0,,
missing_reference_cluster,table1:551|table2:2060,adobe creative suite cs3 production premium,,
missing_reference_cluster,table1:552|table2:2696,instant immersion spanish 2.0,,
missing_reference_cluster,table1:556|table2:942,adobe dreamweaver cs3 upgrade [mac],,
missing_reference_cluster,table1:562|table2:2649,dv rack 2 win retail ue1u,,
missing_reference_cluster,table1:566|table2:1524,adobe dreamweaver cs3 upgrade,,
missing_reference_cluster,table1:57|table2:2049,museums of the world,,
missing_reference_cluster,table1:570,cluefinders 3rd grade adventures: mystery of mathra,,
missing_reference_cluster,table1:589|table2:653,flash remoting 1 alp ret eng cd 1u,,
missing_reference_cluster,table1:59|table2:2066,studyworks! teaching pro: middle school math & science (win/mac),,
missing_reference_cluster,table1:590|table2:821,swat 4: special weapons and tactics,,
missing_reference_cluster,table1:594|table2:513,apple .mac 4.0 online service family pack,,
missing_reference_cluster,table1:595|table2:1997,jumpstart kindergarten,,
missing_reference_cluster,table1:596|table2:934,adobe creative suite cs3 design standard upgrade [mac],,
missing_reference_cluster,table1:6|table2:1877,adobe after effects professional 6.5 upgrade from standard to professional,,
missing_reference_cluster,table1:60|table2:2054,trudy's time and place house ages 3-6,,
missing_reference_cluster,table1:606,math missions: the amazing arcade adventure grades 3-5,,
missing_reference_cluster,table1:608|table2:367,adobe creative suite cs3 design standard upgrade,,
missing_reference_cluster,table1:609|table2:1477,microsoft windows vista home basic upgrade [dvd],,
missing_reference_cluster,table1:612|table2:289,ideasoft photo clip art 10 000,,
missing_reference_cluster,table1:613|table2:189,adobe premiere pro cs3,,
missing_reference_cluster,table1:614|table2:288,entertainment partners budgeting (mac),,
missing_reference_cluster,table1:615|table2:287,emedia intermediate guitar method win/mac,,
missing_reference_cluster,table1:62|table2:2074,stomp inc drive washer,,
missing_reference_cluster,table1:624|table2:2241,h&r block taxcut 2006 premium federal + state with usb 256m flashdrive,,
missing_reference_cluster,table1:625|table2:272,microsoft windows xp professional full version with sp2,,
missing_reference_cluster,table1:626|table2:280,sportsman's double play,,
missing_reference_cluster,table1:633|table2:322,alsoft diskwarrior: mac univeral binary,,
missing_reference_cluster,table1:640|table2:310,readiris pro 11 corporate edition (mac),,
missing_reference_cluster,table1:647|table2:313,acrobat professional 8 (windows),,
missing_reference_cluster,table1:649|table2:228,wanted: a wild western adventure,,
missing_reference_cluster,table1:654,adobe cs3 design standard macosx dvd,,
missing_reference_cluster,table1:658,photo go,,
missing_reference_cluster,table1:66|table2:1534,freddi fish 2: the haunted schoolhouse,,
missing_reference_cluster,table1:660|table2:211,toysight gold for isight: includes 15 games (mac),,
missing_reference_cluster,table1:662|table2:218,printmaster gold v 17.0,,
missing_reference_cluster,table1:665|table2:1482,scholastic brain play: pre-kindergarten - 1st grade,,
missing_reference_cluster,table1:667|table2:255,school zone flash action -- addition/subtraction (windows/macintosh),,
missing_reference_cluster,table1:668|table2:257,art explosion 600 000 images,,
missing_reference_cluster,table1:67,netgear vpn01l vpn client software,,
missing_reference_cluster,table1:670|table2:1641,mcsa/mcse self-paced training kit (exams 70-292 & 70-296) - upgrading your certi,,
missing_reference_cluster,table1:671|table2:259,instant immersion german v2.0 (pc & mac),,
missing_reference_cluster,table1:686|table2:2641,kakuro puzzle addict unlimited edition,,
missing_reference_cluster,table1:687|table2:420,eovia carrara 5 pro,,
missing_reference_cluster,table1:688|table2:2638,global software smart steps 1st grade ( windows macintosh ),,
missing_reference_cluster,table1:689|table2:417,wild photo effects (jewel case),,
missing_reference_cluster,table1:69|table2:1536,eastwest bsendorfer 290 grand piano virtual instrument,,
missing_reference_cluster,table1:690|table2:2639,amazing animals with zoofari games (win/mac),,
missing_reference_cluster,table1:705|table2:400,spongebob squarepants typing 2008 win/mac,,
missing_reference_cluster,table1:707|table2:2642,gsp crossword addict,,
missing_reference_cluster,table1:709|table2:2679,avid liquid pro,,
missing_reference_cluster,table1:713|table2:2672,3ds max 9 com new slm,,
missing_reference_cluster,table1:717|table2:2654,simply put software gotta sing ( windows/macintosh ),,
missing_reference_cluster,table1:719|table2:2646,simply put software data eliminator,,
missing_reference_cluster,table1:72|table2:1527,midway arcade treasures (jewel case),,
missing_reference_cluster,table1:728|table2:2761,adventure workshop preschool (jewel case),,
missing_reference_cluster,table1:73|table2:1525,snap! 10 000 drink recipies (jewel case),,
missing_reference_cluster,table1:731|table2:431,print shop 22 deluxe,,
missing_reference_cluster,table1:732|table2:423,iris readiris pro 11.0 (mac),,
missing_reference_cluster,table1:742,retrospect 6.0 desktop mac,,
missing_reference_cluster,table1:743|table2:341,microspot interiors (mac),,
missing_reference_cluster,table1:746|table2:1462,microsoft office & windows training professional,,
missing_reference_cluster,table1:75,epson storyteller photo book creator - 8 x 10 (20 pages),,
missing_reference_cluster,table1:753|table2:396,panda software antivirus & firewall 2008 - windows,,
missing_reference_cluster,table1:756|table2:385,station access collection,,
missing_reference_cluster,table1:757|table2:386,agatha christie: and then there were none,,
missing_reference_cluster,table1:76,adobe acrobat capture 3.0 ( 22101258 ),,
missing_reference_cluster,table1:761|table2:381,battlefield 1942: deluxe edition,,
missing_reference_cluster,table1:762|table2:383,power director 3,,
missing_reference_cluster,table1:770|table2:2459,varmint hunter (jewel case),,
missing_reference_cluster,table1:771|table2:2458,hoyle casino 2007,,
missing_reference_cluster,table1:772|table2:2457,3d home architect landscape v.8 by encore software,,
missing_reference_cluster,table1:775|table2:2462,pc hoyle bridge,,
missing_reference_cluster,table1:779|table2:2453,jeopardy! deluxe,,
missing_reference_cluster,table1:78|table2:1561,emedia intermediate guitar method os x,,
missing_reference_cluster,table1:781|table2:2451,hoyle puzzle & board games,,
missing_reference_cluster,table1:783|table2:2456,scrabble champion edition,,
missing_reference_cluster,table1:785|table2:490,cyberchase adventures: carnival chaos and casablanca quest,,
missing_reference_cluster,table1:788|table2:2473,ca arcserve bkup r11.5 win client vss software snap-shot- prod only,,
missing_reference_cluster,table1:789|table2:2121,ulead videostudio 11,,
missing_reference_cluster,table1:79,ca internet security suite 2007 - 3 user,,
missing_reference_cluster,table1:792|table2:795,hp dss software - ( v. 4.0 ) - complete package ( t1936aa ua0 ),,
missing_reference_cluster,table1:793,calendar creator 10,,
missing_reference_cluster,table1:794|table2:2481,ulead systems dvd workshop 2,,
missing_reference_cluster,table1:798|table2:2463,hoyle texas hold 'em poker (jewel case),,
missing_reference_cluster,table1:8|table2:1890,mia's math adventure: just in time,,
missing_reference_cluster,table1:800|table2:2921,media studio for psp standard editon,,
missing_reference_cluster,table1:803|table2:2469,monopoly here & now,,
missing_reference_cluster,table1:812|table2:2681,mavis beacon 17 standard,,
missing_reference_cluster,table1:813|table2:686,riverdeep adventure workshop 4th-6th grade 8th edition,,
missing_reference_cluster,table1:815|table2:2487,sharks 2.0 (pc & mac),,
missing_reference_cluster,table1:817|table2:2497,vegas 6 for pc,,
missing_reference_cluster,table1:819|table2:2622,m-audio pro tools m-powered 7.3 m-audio compatible world-class production software,,
missing_reference_cluster,table1:820|table2:2623,pinnacle mobile media converter,,
missing_reference_cluster,table1:821|table2:2628,avid liquid vs 7 software,,
missing_reference_cluster,table1:822|table2:956,acad corel painter x pc/mac,,
missing_reference_cluster,table1:823|table2:2629,rainbow fish and the whale (win/mac),,
missing_reference_cluster,table1:824|table2:2630,global software smart steps 2nd grade ( windows macintosh ),,
missing_reference_cluster,table1:827|table2:2558,handmark oxford american desk dictionary and thesaurus,,
missing_reference_cluster,table1:830|table2:459,computrace lojack for laptops - 3 year license (mac),,
missing_reference_cluster,table1:831|table2:2485,adobe photoshop cs3 extended,,
missing_reference_cluster,table1:832|table2:1473,digital video and audio production book for vegas 7+dvd,,
missing_reference_cluster,table1:836|table2:955,now up-to-date & contact v5.0 (mac),,
missing_reference_cluster,table1:838|table2:421,discrete drums: vol.1,,
missing_reference_cluster,table1:840|table2:2359,safekeeper plus,,
missing_reference_cluster,table1:845|table2:2342,onone essentials for adobe photoshop elements,,
missing_reference_cluster,table1:847|table2:188,micromat podlock (mac),,
missing_reference_cluster,table1:848|table2:2412,videostudio 11 plus,,
missing_reference_cluster,table1:849|table2:2399,cakewalk sonar home studio 6 xl,,
missing_reference_cluster,table1:850|table2:2694,microsoft onenote 2007 upgrade,,
missing_reference_cluster,table1:853|table2:2003,creating keepsakes scrapbook designer version 2 platinum,,
missing_reference_cluster,table1:855|table2:207,cubase se3 educational edition,,
missing_reference_cluster,table1:856|table2:206,vocabulary puzzles grade 1,,
missing_reference_cluster,table1:857|table2:2390,cakewalk sonar home studio 6,,
missing_reference_cluster,table1:858|table2:202,system care professional,,
missing_reference_cluster,table1:861|table2:2213,upgrade crystal reports 11 pro french,,
missing_reference_cluster,table1:862|table2:2384,tiny term emulator v4.3x,,
missing_reference_cluster,table1:865,quickbooks point-of-sale pro with hardware bundle 6.0,,
missing_reference_cluster,table1:868|table2:171,adobe soundbooth cs3 [mac],,
missing_reference_cluster,table1:869|table2:194,timbuktu remote control softwre 1 license for mac os,,
missing_reference_cluster,table1:87|table2:1568,microsoft licenses project svr sa govt (h2200301),,
missing_reference_cluster,table1:871|table2:2666,sony sound forge 9 boxed upgrade,,
missing_reference_cluster,table1:875|table2:912,adobe creative suite cs3 production premium,,
missing_reference_cluster,table1:876|table2:118,checkmark multiledger,,
missing_reference_cluster,table1:881|table2:2433,scrabble champion edition,,
missing_reference_cluster,table1:882,instant immersion japanese deluxe 2.0,,
missing_reference_cluster,table1:884|table2:791,adobe premiere pro cs3,,
missing_reference_cluster,table1:887|table2:2430,hoyle card games 2007,,
missing_reference_cluster,table1:89|table2:1575,everquest: titanium,,
missing_reference_cluster,table1:895|table2:973,mavis beacon teaches typing 17 standard,,
missing_reference_cluster,table1:898|table2:2448,monopoly here & now,,
missing_reference_cluster,table1:899|table2:1553,hoyle card games (jewel case),,
missing_reference_cluster,table1:9|table2:1882,disney's 1st & 2nd grade bundle (pixar 1st grade secret keys and aladdin reading quest),,
missing_reference_cluster,table1:906|table2:2445,hasbro classic collection ( 2006 ),,
missing_reference_cluster,table1:907|table2:157,allegro 2005,,
missing_reference_cluster,table1:908|table2:2446,professor fuji's sudoku (jewel case),,
missing_reference_cluster,table1:909|table2:162,elementary advantage 2008,,
missing_reference_cluster,table1:910|table2:2447,recam remote monitoring software,,
missing_reference_cluster,table1:913|table2:2441,sharks 2.0,,
missing_reference_cluster,table1:915|table2:2442,hoyle casino (2007),,
missing_reference_cluster,table1:919|table2:2444,jeopardy,,
missing_reference_cluster,table1:921|table2:888,adobe contribute cs3 [mac],,
missing_reference_cluster,table1:922|table2:169,dance 6,,
missing_reference_cluster,table1:923|table2:174,registry mechanic 5.x pc system repair,,
missing_reference_cluster,table1:924|table2:2438,axis & allies (jewel case),,
missing_reference_cluster,table1:927|table2:2440,defcon,,
missing_reference_cluster,table1:929|table2:866,typing instructor deluxe (jewel case),,
missing_reference_cluster,table1:932|table2:2193,webroot spy sweeper with antivirus family edition - 3 pcs,,
missing_reference_cluster,table1:935|table2:2202,registry mechanic by encore software,,
missing_reference_cluster,table1:936|table2:878,classification & ecology (win/mac) (jewel case),,
missing_reference_cluster,table1:937|table2:2209,the print shop 21 deluxe by broderbund,,
missing_reference_cluster,table1:939|table2:2208,creating keepsakes scrapbook platinum v.3 sb cs by riverdeep,,
missing_reference_cluster,table1:94|table2:1588,warlords 3 (jewel case),,
missing_reference_cluster,table1:940|table2:881,leave the lights on (mac),,
missing_reference_cluster,table1:941|table2:2214,apple logic pro 7.2 upgrade,,
missing_reference_cluster,table1:945|table2:2217,audition 2 win ed ue 1u,,
missing_reference_cluster,table1:951|table2:2221,make music finale 2008 academic,,
missing_reference_cluster,table1:955|table2:862,math 2,,
missing_reference_cluster,table1:960|table2:828,talk now! learn afrikaans - beginning level,,
missing_reference_cluster,table1:963|table2:2145,i copy dvd's 2,,
missing_reference_cluster,table1:964|table2:1480,computrace lojack for laptops: 1 year subscription,,
missing_reference_cluster,table1:966|table2:971,computrace lojack for laptops - 1 year license (mac),,
missing_reference_cluster,table1:968|table2:834,safekeeper plus,,
missing_reference_cluster,table1:97|table2:1596,tournament poker 2005,,
missing_reference_cluster,table1:972|table2:836,instant immersion italian v2.0 (large box),,
missing_reference_cluster,table1:973|table2:2156,power on now up to date & contact windows,,
missing_reference_cluster,table1:977|table2:2169,cubase 4 competitive crossgrade,,
missing_reference_cluster,table1:98|table2:1640,cold zero: no mercy,,
missing_reference_cluster,table1:980|table2:813,i spy fantasy v.2 with i spy book & mini cd,,
missing_reference_cluster,table1:982|table2:823,instant immersion spanish audio deluxe,,
missing_reference_cluster,table1:984|table2:2370,quickbooks customer manager 2.5,,
missing_reference_cluster,table1:987|table2:826,time money & fractions grades 1-2,,
missing_reference_cluster,table1:990|table2:2192,spy sweeper w/antivirus family edition,,
missing_reference_cluster,table1:992|table2:2288,printmaster 17 platinum by encore software,,
missing_reference_cluster,table1:993|table2:793,genuine fractals genuine fractals print pro 1u,,
missing_reference_cluster,table1:994|table2:797,logic pro 6,,
missing_reference_cluster,table2:1000,adobe creative suite 3 (cs3) web standard 3 windows - upsell from dreamweaver or flash,,
missing_reference_cluster,table2:1016,peachtree(r) premium accounting 2007,,
missing_reference_cluster,table2:1029,agatha christie: and then there were none,,
missing_reference_cluster,table2:1031,freeverse software 005 solace,,
missing_reference_cluster,table2:1035,freeverse software 005 solace,,
missing_reference_cluster,table2:1038,power translator(tm) 11 premium,,
missing_reference_cluster,table2:1042,ibm websphere portal enable for iseries - ( v. 4.1 ) - complete package,,
missing_reference_cluster,table2:1049,quickbooks(r) point of sale 2007: basic retail management 6.0 bundle,,
missing_reference_cluster,table2:1055,ibm websphere portal enable for iseries - ( v. 4.1 ) - complete package,,
missing_reference_cluster,table2:1081,symantec(tm) pcanywhere(tm) 12.0,,
missing_reference_cluster,table2:1084,csdc iremember digital scrapbooking 2.0,,
missing_reference_cluster,table2:1085,quickbooks(r) point of sale 2007: basic retail management 6.0,,
missing_reference_cluster,table2:1092,printmaster(r) gold 17,,
missing_reference_cluster,table2:11,ares rising,,
missing_reference_cluster,table2:1108,microsoft(r) windows(r) xp home edition with sp2,,
missing_reference_cluster,table2:1115,peachtree(r) pro accounting 2007,,
missing_reference_cluster,table2:1117,novell identity manager integration module for mainframe for 800 series mvs - (,,
missing_reference_cluster,table2:1119,novell identity manager integration module for mainframe for 800 series mvs - (,,
missing_reference_cluster,table2:1123,1000pk multi pack instant,,
missing_reference_cluster,table2:1125,1000pk multi pack instant,,
missing_reference_cluster,table2:1133,the print shop(r) 22,,
missing_reference_cluster,table2:1135,microsoft(r) office 2004 for mac standard edition upgrade version,,
missing_reference_cluster,table2:1148,studio ultimate version 11,,
missing_reference_cluster,table2:1151,mobile find,,
missing_reference_cluster,table2:1157,printmaster(r) platinum 16,,
missing_reference_cluster,table2:1164,system care? professional,,
missing_reference_cluster,table2:1175,peachtree(r) compatible continuous checks-accounting for windows versions 3.5-7.0,,
missing_reference_cluster,table2:1179,cisco pgw2200 include redundant,,
missing_reference_cluster,table2:1189,adobe creative suite 3 (cs3) design premium upgrade - mac,,
missing_reference_cluster,table2:1194,continuous checks for peachtree(r) complete iii for dos v. 5.0-10.0,,
missing_reference_cluster,table2:1195,cisco optical services module - multiplexor,,
missing_reference_cluster,table2:1196,multipurpose continuous checks,,
missing_reference_cluster,table2:1197,specialty single window envelopes to match your forms & checks,,
missing_reference_cluster,table2:1199,peachtree(r) compatible laser checks-accounting for windows versions 3.5-7.0,,
missing_reference_cluster,table2:1203,multipurpose laser/inkjet checks,,
missing_reference_cluster,table2:1205,specialty single window envelopes to match your forms & checks,,
missing_reference_cluster,table2:1207,quicken(r) quickbooks(r) microsoft money(r) and simply money(r) laser checks,,
missing_reference_cluster,table2:1208,multipurpose continuous checks,,
missing_reference_cluster,table2:1209,peachtree(r) complete iii,,
missing_reference_cluster,table2:1210,continuous checks for peachtree(r) complete iii for dos v. 5.0-10.0,,
missing_reference_cluster,table2:1212,peachtree(r) complete iii for dos 5.0-10.0 continuous checks,,
missing_reference_cluster,table2:1214,novell identity manager integration module for mainframe for 900 series mvs - (,,
missing_reference_cluster,table2:1219,mas 90(r) /mas 200(r) compatible continuous checks,,
missing_reference_cluster,table2:1220,cisco optical services module - multiplexor,,
missing_reference_cluster,table2:1221,quicken(r) quickbooks(r) microsoft money(r) and simply money(r) elegant laser checks,,
missing_reference_cluster,table2:1223,novell identity manager integration module for mainframe for 900 series mvs - (,,
missing_reference_cluster,table2:1225,blank laser checks,,
missing_reference_cluster,table2:1226,mas 90(r) /mas 200(r) compatible continuous checks,,
missing_reference_cluster,table2:1227,specialty single window envelopes to match your forms & checks,,
missing_reference_cluster,table2:1232,peachtree(r) compatible continuous forms-accounting for windows 8.0-2004 version,,
missing_reference_cluster,table2:1234,quicken(r) quickbooks(r) microsoft money(r) and simply money(r) elegant laser checks,,
missing_reference_cluster,table2:1236,peachtree(r) complete iii,,
missing_reference_cluster,table2:1237,peachtree(r) compatible continuous checks-office accounting 12.0,,
missing_reference_cluster,table2:1238,quicken(r) quickbooks(r) microsoft money(r) and simply money(r) elegant laser checks,,
missing_reference_cluster,table2:1240,peachtree(r) compatible continuous checks-accounting for windows versions 3.5-7.0,,
missing_reference_cluster,table2:1242,specialty single window envelopes to match your forms & checks,,
missing_reference_cluster,table2:1244,peachtree(r) compatible continuous checks-accounting for windows versions 3.5-7.0,,
missing_reference_cluster,table2:1245,three-to-a-page business checks,,
missing_reference_cluster,table2:1249,peachtree(r) compatible continuous checks-office accounting 12.0,,
missing_reference_cluster,table2:1250,quicken(r) quickbooks(r) microsoft money(r) and simply money(r) continuous checks,,
missing_reference_cluster,table2:1252,quicken(r) quickbooks(r) microsoft money(r) and simply money(r) laser checks,,
missing_reference_cluster,table2:1253,quicken(r) quickbooks(r) microsoft money(r) and simply money(r) elegant laser checks,,
missing_reference_cluster,table2:1254,blank laser checks,,
missing_reference_cluster,table2:1255,peachtree(r) complete iii for dos 5.0-10.0 continuous checks,,
missing_reference_cluster,table2:1256,peachtree(r) compatible continuous checks-accounting for windows 8.0-2004 version,,
missing_reference_cluster,table2:1257,blank laser checks,,
missing_reference_cluster,table2:1260,multipurpose continuous checks,,
missing_reference_cluster,table2:1261,blank laser checks,,
missing_reference_cluster,table2:1264,specialty double window envelopes to match your forms & checks,,
missing_reference_cluster,table2:1266,peachtree(r) compatible continuous checks-accounting for windows 8.0-2004 version,,
missing_reference_cluster,table2:1268,three-to-a-page itemized invoice checks,,
missing_reference_cluster,table2:1270,blank laser checks,,
missing_reference_cluster,table2:1272,three-to-a-page business checks,,
missing_reference_cluster,table2:1274,quicken(r) quickbooks(r) microsoft money(r) and simply money(r) elegant laser checks,,
missing_reference_cluster,table2:1275,quicken(r) quickbooks(r) microsoft money(r) and simply money(r) elegant laser checks,,
missing_reference_cluster,table2:1276,laser checks for peachtree(r) accounting for windows 8.0-2005,,
missing_reference_cluster,table2:1278,peachtree(r) compatible laser checks-accounting for windows versions 3.5-7.0,,
missing_reference_cluster,table2:1281,quicken(r) quickbooks(r) microsoft money(r) and simply money(r) continuous checks,,
missing_reference_cluster,table2:1288,peachtree(r) compatible continuous forms-accounting for windows 8.0-2004 version,,
missing_reference_cluster,table2:1290,multipurpose continuous checks,,
missing_reference_cluster,table2:1292,multipurpose continuous checks,,
missing_reference_cluster,table2:1293,peachtree(r) compatible continuous checks-accounting for windows 8.0-2004 version,,
missing_reference_cluster,table2:1295,laser checks for peachtree(r) accounting for windows 8.0-2005,,
missing_reference_cluster,table2:1297,peachtree(r) complete iii,,
missing_reference_cluster,table2:1301,quicken(r) quickbooks(r) microsoft money(r) and simply money(r) continuous checks,,
missing_reference_cluster,table2:1302,peachtree(r) compatible continuous checks-accounting for windows versions 3.5-7.0,,
missing_reference_cluster,table2:1304,peachtree(r) compatible continuous checks-accounting for windows 8.0-2004 version,,
missing_reference_cluster,table2:1305,three-to-a-page payroll checks,,
missing_reference_cluster,table2:1306,sage software acts2005rt act! 7.0 2005,,
missing_reference_cluster,table2:1308,individual software prm-r12 resumemaker professional 12.0,,
missing_reference_cluster,table2:1312,specialty double window envelopes to match your forms & checks,,
missing_reference_cluster,table2:1313,quicken(r) quickbooks(r) microsoft money(r) and simply money(r) continuous checks,,
missing_reference_cluster,table2:1315,blank laser checks,,
missing_reference_cluster,table2:1316,mas 90(r) /mas 200(r) compatible continuous checks,,
missing_reference_cluster,table2:1317,peachtree(r) complete iii,,
missing_reference_cluster,table2:1318,quicken(r) quickbooks(r) microsoft money(r) and simply money(r) elegant laser checks,,
missing_reference_cluster,table2:1320,continuous checks for peachtree(r) complete iii for dos v. 5.0-10.0,,
missing_reference_cluster,table2:1321,quicken(r) quickbooks(r) microsoft money(r) and simply money(r) elegant laser checks,,
missing_reference_cluster,table2:1324,peachtree(r) compatible continuous checks-accounting for windows 8.0-2004 version,,
missing_reference_cluster,table2:1327,freeverse software 4024 robin hood: the legend of sheerwood,,
missing_reference_cluster,table2:1328,daceasy(tm) laser/inkjet checks- versions 4.3 and higher,,
missing_reference_cluster,table2:1329,continuous checks for peachtree(r) complete iii for dos v. 5.0-10.0,,
missing_reference_cluster,table2:1331,three-to-a-page disbursement checks,,
missing_reference_cluster,table2:1332,specialty single window envelopes to match your forms & checks,,
missing_reference_cluster,table2:1336,peachtree(r) compatible continuous checks-accounting for windows 8.0-2004 version,,
missing_reference_cluster,table2:1337,three-to-a-page itemized invoice checks,,
missing_reference_cluster,table2:1339,daceasy(tm) continuous checks,,
missing_reference_cluster,table2:1340,specialty double window envelopes to match your forms & checks,,
missing_reference_cluster,table2:1343,blank laser checks,,
missing_reference_cluster,table2:1344,quicken(r) quickbooks(r) microsoft money(r) and simply money(r) laser checks,,
missing_reference_cluster,table2:1349,daceasy(tm) laser/inkjet checks- versions 4.3 and higher,,
missing_reference_cluster,table2:1350,peachtree(r) complete iii,,
missing_reference_cluster,table2:1352,multipurpose laser/inkjet checks,,
missing_reference_cluster,table2:1354,daceasy(tm) continuous checks,,
missing_reference_cluster,table2:1358,laser checks for peachtree(r) accounting for windows 8.0-2005,,
missing_reference_cluster,table2:1361,ams200 4gb,,
missing_reference_cluster,table2:1362,quicken(r) quickbooks(r) microsoft money(r) and simply money(r) continuous checks,,
missing_reference_cluster,table2:1364,ams200 4gb,,
missing_reference_cluster,table2:1365,laser/inkjet checks for peachtree(r) complete iii for dos v. 5.0-10.0,,
missing_reference_cluster,table2:1371,peachtree(r) complete iii,,
missing_reference_cluster,table2:1380,three-to-a-page payroll checks,,
missing_reference_cluster,table2:1382,laser/inkjet checks for peachtree(r) complete iii for dos v. 5.0-10.0,,
missing_reference_cluster,table2:1384,laser/inkjet checks for peachtree(r) complete iii for dos v. 5.0-10.0,,
missing_reference_cluster,table2:1387,quicken(r) quickbooks(r) microsoft money(r) and simply money(r) laser checks,,
missing_reference_cluster,table2:1389,blank laser checks,,
missing_reference_cluster,table2:1392,peachtree(r) complete iii,,
missing_reference_cluster,table2:1394,three-to-a-page disbursement checks,,
missing_reference_cluster,table2:1397,multipurpose continuous checks,,
missing_reference_cluster,table2:1398,specialty double window envelopes to match your forms & checks,,
missing_reference_cluster,table2:1400,specialty single window envelopes to match your forms & checks,,
missing_reference_cluster,table2:1402,brain play preschool-1st grade,,
missing_reference_cluster,table2:1405,individual software pro-tsm hanes t-shirt maker deluxe,,
missing_reference_cluster,table2:1407,individual software jce-th6 total 3d home deluxe j/c,,
missing_reference_cluster,table2:1412,freeverse software 4001 northland,,
missing_reference_cluster,table2:1417,freeverse software 4012 3d bridge deluxe (retail box) for mac,,
missing_reference_cluster,table2:1424,cisco pgw2200 include redundant,,
missing_reference_cluster,table2:1425,novell identity manager integration module for mainframe for 900 series mvs - (,,
missing_reference_cluster,table2:1426,novell identity manager integration module for mainframe for 900 series mvs - (,,
missing_reference_cluster,table2:1533,prosafe vpn client software single user - netgear inc. - vpn01l,,
missing_reference_cluster,table2:1554,epson s041886 story teller 8 x 10 20 pages,,
missing_reference_cluster,table2:1626,myinvoices & estimates deluxe,,
missing_reference_cluster,table2:1655,cisco pgw2200 includes redundnt,,
missing_reference_cluster,table2:1656,cisco pgw2200 includes redundnt,,
missing_reference_cluster,table2:1668,rl296aa red hat enterprise linux ws - ( v. 4 update 4 ) - license - 1 workstation,,
missing_reference_cluster,table2:1699,cd26xm-ch= cisco ios ip/fw/ids - complete package - cd,,
missing_reference_cluster,table2:1707,firebox x550e gateway antivirus intrusion prevention service 1yr - watchguard -,,
missing_reference_cluster,table2:1725,hgw hallmark card studio 2005 deluxe - complete package - 1 user - cd - win,,
missing_reference_cluster,table2:1732,wg3605 watchguard mobile user vpn - complete package - 5 users - cd - win - english - t,,
missing_reference_cluster,table2:1753,6809a-g03-11.0 scansoft paperport - ( v. 11 ) - complete package - 5 users - win - english,,
missing_reference_cluster,table2:1754,910443-004-g onweb web-to-host - ( v. 5.1 ) - upgrade license - 1 user - volume - level g ( 3,,
missing_reference_cluster,table2:1760,164-04052 microsoft office publisher 2007 - version upgrade package - 1 pc - cd - win - en,,
missing_reference_cluster,table2:1778,299530 quickbooks premier nonprofit edition 2007 - complete package - 1 user - cd - win,,
missing_reference_cluster,table2:1798,s65-00393 microsoft virtual pc for mac - ( v. 7.0 ) - w/ windows 2000 - complete package -,,
missing_reference_cluster,table2:1845,902453-006-g rumba unix-hp edition - ( v. 7.3 ) - upgrade license - 1 user - volume - level g,,
missing_reference_cluster,table2:1855,29180162 adobe photoshop elements 4.0 plus adobe premiere elements 2.0 - complete package,,
missing_reference_cluster,table2:1859,2013001000122 details - ( v. 3.0 ) - complete package - 1 user - cd - win - english,,
missing_reference_cluster,table2:1872,print explosion deluxe 3.0: mac,,
missing_reference_cluster,table2:1931,csa-b100-srvr-k9 cisco security server agent - license - 100 agents - win solaris,,
missing_reference_cluster,table2:1934,231319-b26 hp storageworks secure path for windows workgroup edition - ( v. 4.0c ) - licens,,
missing_reference_cluster,table2:1939,ibm totalstorage ds4800 model 84 - hard drive array,,
missing_reference_cluster,table2:1940,ibm totalstorage ds4800 model 84 - hard drive array,,
missing_reference_cluster,table2:1946,jboss subscription service platinum - jboss portal - technical support,,
missing_reference_cluster,table2:1947,jboss subscription service platinum - jboss portal - technical support,,
missing_reference_cluster,table2:1949,sonicwall 01-ssc-6997 3yr snwl client/server anti-virus 1000u sonicwall client/server anti-virus suite - subscription license ( 3 years ) - 1000 users 0758479069973,,
missing_reference_cluster,table2:1950,sonicwall 01-ssc-6997 3yr snwl client/server anti-virus 1000u sonicwall client/server anti-virus suite - subscription license ( 3 years ) - 1000 users 0758479069973,,
missing_reference_cluster,table2:1954,freeverse software 4015 big bang board games,,
missing_reference_cluster,table2:1955,individual software prm-rce resumemaker career edition,,
missing_reference_cluster,table2:1957,individual software qne-t15 typing quick & easy 15.0,,
missing_reference_cluster,table2:1969,apple ilife 06,,
missing_reference_cluster,table2:197,vivendi blizzard world of warcraft,,
missing_reference_cluster,table2:2010,encore software 13931 - 3d home architect landscape design deluxe version 9,,
missing_reference_cluster,table2:2028,encore software 14131 - wheel of fortune deluxe,,
missing_reference_cluster,table2:2030,encore software 13781 - westward,,
missing_reference_cluster,table2:2036,encore software 13881 - tlc dr seuss reading learning system 2008,,
missing_reference_cluster,table2:2053,jumpstart phonics (jc),,
missing_reference_cluster,table2:2055,sage software acts2005rt act! 7.0 2005,,
missing_reference_cluster,table2:2084,marine aquarium & goldfish screen saver by encore software,,
missing_reference_cluster,table2:2089,individual software prm-r12 resumemaker professional 12.0,,
missing_reference_cluster,table2:2131,adobe production studio premium software suite video software bundles,,
missing_reference_cluster,table2:2132,crystal-graphics crystal 3d impact! pro animation software,,
missing_reference_cluster,table2:2162,freeverse software 4001 northland,,
missing_reference_cluster,table2:2164,individual software prm-xw3 professor teaches excel & word,,
missing_reference_cluster,table2:2194,individual software prm-xw3 professor teaches excel & word,,
missing_reference_cluster,table2:2195,freeverse software 006 active lancer,,
missing_reference_cluster,table2:2197,individual software jce-wn5 professor teaches windows j/c,,
missing_reference_cluster,table2:2198,individual software prm-wn5 professor teaches windows xp,,
missing_reference_cluster,table2:2203,abacus software s546 usa extreme landscapes for fs2004 and fs2002 - 3cd set,,
missing_reference_cluster,table2:2215,encore software 12361 - encore elementary advantage 2008 - training/wbt - pc,,
missing_reference_cluster,table2:2219,native instruments traktor dj studio 3 - software based dj rig music production software,,
missing_reference_cluster,table2:225,checkmark multiledger 6.0,,
missing_reference_cluster,table2:2251,freeverse software 5003 bumpercar 2.0 mac web browser,,
missing_reference_cluster,table2:2268,encore software 460001 - the big box of art 410000 95/98/me/nt4/w2k/xp (win 95 98 me nt 2000 xp),,
missing_reference_cluster,table2:2286,steinberg cubase 4 software - competitive crossgrade music production software,,
missing_reference_cluster,table2:2308,freeverse software 4015 big bang board games,,
missing_reference_cluster,table2:2309,individual software pro-tsm hanes t-shirt maker deluxe,,
missing_reference_cluster,table2:2312,freeverse software 010 wingnuts 2 - raina's revenge,,
missing_reference_cluster,table2:2314,freeverse software 4024 robin hood: the legend of sheerwood,,
missing_reference_cluster,table2:2319,individual software jce-wn5 professor teaches windows j/c,,
missing_reference_cluster,table2:2321,individual software prm-wn5 professor teaches windows xp,,
missing_reference_cluster,table2:2322,firebox x550e gateway antivirus intrusion prevention service 1yr - watchguard -,,
missing_reference_cluster,table2:2323,freeverse software 005 solace,,
missing_reference_cluster,table2:2325,freeverse software 006 active lancer,,
missing_reference_cluster,table2:2354,individual software prm-r12 resumemaker professional 12.0,,
missing_reference_cluster,table2:2367,cisco csa-b250-dtop-k9 cisco security desktop agent win + sol 250 agent bundle cisco security desktop agent - license - 250 agents 0746320832500,,
missing_reference_cluster,table2:238,microsoft windows vista ultimate retail no open box returns,,
missing_reference_cluster,table2:2401,individual software jce-th6 total 3d home deluxe j/c,,
missing_reference_cluster,table2:2402,freeverse software 4012 3d bridge deluxe (retail box) for mac,,
missing_reference_cluster,table2:2406,individual software prm-rce resumemaker career edition,,
missing_reference_cluster,table2:2407,individual software qne-t15 typing quick & easy 15.0,,
missing_reference_cluster,table2:2411,native instruments traktor dj studio 3 - software based dj rig music production software,,
missing_reference_cluster,table2:2492,sony creative software sound forge audio studio v.8.0 complete product,,
missing_reference_cluster,table2:2493,sony creative software sound forge audio studio v.8.0 complete product,,
missing_reference_cluster,table2:2527,sage software acts2005rt act! 7.0 2005,,
missing_reference_cluster,table2:2534,aec software 1018001000132 fasttrack schedule 8 pda,,
missing_reference_cluster,table2:2543,onone software mpr-40212 mask pro 4.0 upgrade (buy now and get free cs3 compatibility upgrades),,
missing_reference_cluster,table2:2547,abacus software s482 scenic railway add-on for pc,,
missing_reference_cluster,table2:2548,abacus software s461 train sim modeller for pc,,
missing_reference_cluster,table2:2549,abacus software 1557555117 flight deck iii for pc,,
missing_reference_cluster,table2:2560,abacus software s515 flight simulation sea plane adventures pc,,
missing_reference_cluster,table2:2561,abacus software s fs commuter pilot - pc,,
missing_reference_cluster,table2:2562,ce software 4501eu01up35 quickeys 5.0 upgrade from 3.x,,
missing_reference_cluster,table2:2563,abacus software 5563 abacus 5563 - private pilot ii,,
missing_reference_cluster,table2:2564,abacus software s532 military aircraft collection for pc,,
missing_reference_cluster,table2:2565,abacus software s546 usa extreme landscapes for fs2004 and fs2002 - 3cd set,,
missing_reference_cluster,table2:2566,abacus software s513 fligth simulation whirly birds adventures pc,,
missing_reference_cluster,table2:2567,ce software 4501eu01up40 quickeys 5.0 upgrade from 4.0,,
missing_reference_cluster,table2:2568,ce software 4x30eu01up20 quickeys x3 upgrade from 2.0,,
missing_reference_cluster,table2:2570,abacus software 5562 chopper havoc for pc,,
missing_reference_cluster,table2:2571,abacus software s568 vietnam carrier ops,,
missing_reference_cluster,table2:2572,abacus software s552 fs fighter pilot for fs2004 and fs2002,,
missing_reference_cluster,table2:2573,abacus software ss69 corporate pilot 2,,
missing_reference_cluster,table2:2588,punch software 90500 home design studio - mac,,
missing_reference_cluster,table2:2607,freeverse software 006 active lancer,,
missing_reference_cluster,table2:2608,freeverse software 010 wingnuts 2 - raina's revenge,,
missing_reference_cluster,table2:2609,freeverse software 4015 big bang board games,,
missing_reference_cluster,table2:2610,individual software pro-tsm hanes t-shirt maker deluxe,,
missing_reference_cluster,table2:2611,individual software prm-xw3 professor teaches excel & word,,
missing_reference_cluster,table2:2612,freeverse software 4024 robin hood: the legend of sheerwood,,
missing_reference_cluster,table2:2616,individual software jce-th6 total 3d home deluxe j/c,,
missing_reference_cluster,table2:2617,individual software jce-wn5 professor teaches windows j/c,,
missing_reference_cluster,table2:2624,freeverse software 4001 northland,,
missing_reference_cluster,table2:2625,individual software prm-rce resumemaker career edition,,
missing_reference_cluster,table2:2626,freeverse software 4012 3d bridge deluxe (retail box) for mac,,
missing_reference_cluster,table2:2633,sony acid music studio (pc),,
missing_reference_cluster,table2:2636,big oil: build an oil empire,,
missing_reference_cluster,table2:2661,onone software mpr-40212 mask pro 4.0 upgrade (buy now and get free cs3 compatibility upgrades),,
missing_reference_cluster,table2:2667,webroot spy sweeper spanish edition (pc),,
missing_reference_cluster,table2:2671,mobile media converter (pc) pinnacle,,
missing_reference_cluster,table2:2689,photo explosion deluxe 3.0 nova,,
missing_reference_cluster,table2:2718,printshop home & office labels,,
missing_reference_cluster,table2:2719,bodyworks 6.0 25-user building site license,,
missing_reference_cluster,table2:2720,virtual labs: light,,
missing_reference_cluster,table2:2721,pressure pop!,,
missing_reference_cluster,table2:2722,aec software 1018001000132 fasttrack schedule 8 pda,,
missing_reference_cluster,table2:2723,essential business tools 2.0,,
missing_reference_cluster,table2:2724,abacus software s fs commuter pilot - pc,,
missing_reference_cluster,table2:2725,let's make stickers,,
missing_reference_cluster,table2:2726,abacus software 1557555117 flight deck iii for pc,,
missing_reference_cluster,table2:2727,backyard skateboarding,,
missing_reference_cluster,table2:2733,ce software 4x30eu01up20 quickeys x3 upgrade from 2.0,,
missing_reference_cluster,table2:2734,abacus software s513 fligth simulation whirly birds adventures pc,,
missing_reference_cluster,table2:2735,ce software 4501eu01up35 quickeys 5.0 upgrade from 3.x,,
missing_reference_cluster,table2:2736,rayman 10th anniversary collection,,
missing_reference_cluster,table2:2737,abacus software s568 vietnam carrier ops,,
missing_reference_cluster,table2:2739,abacus software s532 military aircraft collection for pc,,
missing_reference_cluster,table2:2740,scansoft pdf converter 4,,
missing_reference_cluster,table2:2741,abacus software 5562 chopper havoc for pc,,
missing_reference_cluster,table2:2743,abacus software 5563 abacus 5563 - private pilot ii,,
missing_reference_cluster,table2:2745,abacus software s546 usa extreme landscapes for fs2004 and fs2002 - 3cd set,,
missing_reference_cluster,table2:2747,abacus software ss69 corporate pilot 2,,
missing_reference_cluster,table2:2748,abacus software s461 train sim modeller for pc,,
missing_reference_cluster,table2:2749,abacus software s482 scenic railway add-on for pc,,
missing_reference_cluster,table2:2751,abacus software s515 flight simulation sea plane adventures pc,,
missing_reference_cluster,table2:2752,sony photo go,,
missing_reference_cluster,table2:2753,ce software 4501eu01up40 quickeys 5.0 upgrade from 4.0,,
missing_reference_cluster,table2:2754,freeverse software 5003 bumpercar 2.0 mac web browser,,
missing_reference_cluster,table2:2756,abacus software s552 fs fighter pilot for fs2004 and fs2002,,
missing_reference_cluster,table2:2759,freeverse software 010 wingnuts 2 - raina's revenge,,
missing_reference_cluster,table2:2765,crayola first ladies costume maker,,
missing_reference_cluster,table2:2767,quickstart pc cleaner xp,,
missing_reference_cluster,table2:2769,pokemon team turbo,,
missing_reference_cluster,table2:2771,blue's clues preschool,,
missing_reference_cluster,table2:2772,reader rabbit learn to read with phonics! preschool & kindergarten,,
missing_reference_cluster,table2:2774,south park chef's luv shack,,
missing_reference_cluster,table2:2775,tank battle,,
missing_reference_cluster,table2:2776,lego island 2: the brickster's revenge,,
missing_reference_cluster,table2:2779,home budget for dummies,,
missing_reference_cluster,table2:2781,encyclopedia of our living oceans,,
missing_reference_cluster,table2:2785,microsoft windows vista business full version,,
missing_reference_cluster,table2:2788,clifford the big red dog - reading pack,,
missing_reference_cluster,table2:2789,ultimate pinball,,
missing_reference_cluster,table2:2790,wacky farm,,
missing_reference_cluster,table2:2792,state standards - grade 6,,
missing_reference_cluster,table2:2793,superstart! science arcade,,
missing_reference_cluster,table2:2794,mighty math number heroes,,
missing_reference_cluster,table2:2795,madeline rainy day activities,,
missing_reference_cluster,table2:2796,rainbow fish and the whale,,
missing_reference_cluster,table2:2797,treasure galaxy 5-user lab pack for mac,,
missing_reference_cluster,table2:2799,namco museum 50th anniversary,,
missing_reference_cluster,table2:2800,season ticket football 2003,,
missing_reference_cluster,table2:2802,quickstart photo montage studio,,
missing_reference_cluster,table2:2809,encyclopedia britannica profiles: dinosaurs!,,
missing_reference_cluster,table2:2811,police quest compilation,,
missing_reference_cluster,table2:2813,elementary school success deluxe 2006,,
missing_reference_cluster,table2:2814,tonka town,,
missing_reference_cluster,table2:2815,startopia,,
missing_reference_cluster,table2:2816,easy home massage - dvd,,
missing_reference_cluster,table2:2817,super solvers - spellbound! ! - school edition for mac,,
missing_reference_cluster,table2:2820,clifford the big red dog - thinking adventures,,
missing_reference_cluster,table2:2821,easy drums,,
missing_reference_cluster,table2:2828,qb customer manager 2.5,,
missing_reference_cluster,table2:2829,adobe acrobat professional 7,,
missing_reference_cluster,table2:2830,wacky bird hunter,,
missing_reference_cluster,table2:2831,treasure mountain,,
missing_reference_cluster,table2:2832,tonka search & rescue 2,,
missing_reference_cluster,table2:2842,edius pro 4,,
missing_reference_cluster,table2:2843,studio ultimate version 11,,
missing_reference_cluster,table2:2844,instant immers japanese dlx 2.,,
missing_reference_cluster,table2:2847,punch software 90500 home design studio - mac,,
missing_reference_cluster,table2:2853,quickbooks pro 2007 3 user,,
missing_reference_cluster,table2:2857,csi: crime scene investigation,,
missing_reference_cluster,table2:2858,hoyle card games,,
missing_reference_cluster,table2:2860,cluefinders 3rd grade adventures: mystery of mathra,,
missing_reference_cluster,table2:2862,state standards - grade 8,,
missing_reference_cluster,table2:2863,instant home cooking,,
missing_reference_cluster,table2:2868,let's learn about time & date,,
missing_reference_cluster,table2:2870,mother goose - interactive storybook,,
missing_reference_cluster,table2:2872,calendar creator 10,,
missing_reference_cluster,table2:2874,punch software 90500 home design studio - mac,,
missing_reference_cluster,table2:2876,living trust builder,,
missing_reference_cluster,table2:2877,sega smash pack 2,,
missing_reference_cluster,table2:2881,quickbooks pro 2007 3 user,,
missing_reference_cluster,table2:2882,zoboomafoo animal logic with workbook combo,,
missing_reference_cluster,table2:2884,post mortem,,
missing_reference_cluster,table2:2885,backyard soccer mls edition,,
missing_reference_cluster,table2:2887,who wants to be a millionaire sports edition,,
missing_reference_cluster,table2:2888,zipmagic personal edition,,
missing_reference_cluster,table2:2903,windows vista ultimate - upgrade,,
missing_reference_cluster,table2:2928,math missions: the race to spectacle city arcade (grades k-2),,
missing_reference_cluster,table2:2929,world of wild cats,,
missing_reference_cluster,table2:2951,adobe dreamweaver cs3 - complete package - 1 user - academic - cd - mac,,
missing_reference_cluster,table2:2958,palo alto business plan pro 2007,,
missing_reference_cluster,table2:2969,wheel of fortune(r),,
missing_reference_cluster,table2:2973,microsoft(r) windows(r) xp professional edition with sp2,,
missing_reference_cluster,table2:2974,adobe creative suite 3 (cs3) design suite standard upgrade (upsell) - mac,,
missing_reference_cluster,table2:2984,microsoft(r) project standard 2007,,
missing_reference_cluster,table2:2994,macbackup,,
missing_reference_cluster,table2:3,math missions: the amazing arcade adventure (grades 3-5),,
missing_reference_cluster,table2:3002,math success(tm) deluxe 2007,,
missing_reference_cluster,table2:3003,microsoft(r) mappoint(r) 2006,,
missing_reference_cluster,table2:3007,microsoft(r) project standard 2007,,
missing_reference_cluster,table2:3008,roxio(r) easy media creator(r) 9 suite,,
missing_reference_cluster,table2:3009,calendar creator 10,,
missing_reference_cluster,table2:3020,family tree maker 16 collectors edition,,
missing_reference_cluster,table2:3032,pc tools spyware doctor 2007,,
missing_reference_cluster,table2:31,buvsag-00000 ulead videostudio 10 - complete package - 1 user - win - english,,
missing_reference_cluster,table2:318,aspyr star wars battlefront mac os x,,
missing_reference_cluster,table2:344,emc insignia retrospect desktop 6.x,,
missing_reference_cluster,table2:368,adobe cs3 design premium upsell,,
missing_reference_cluster,table2:412,magix entertainment corp. xtreme photostory on cd and dvd 6,,
missing_reference_cluster,table2:45,22030094 adobe encore dvd - ( v. 2.0 ) - complete package - 1 user - dvd - win - universa,,
missing_reference_cluster,table2:465,allume anime studio 5,,
missing_reference_cluster,table2:508,filemaker mobile 8,,
missing_reference_cluster,table2:552,feral interactive the movies,,
missing_reference_cluster,table2:570,mcafee inc mcafee virusscan plus sub 1:1 3u mb en,,
missing_reference_cluster,table2:571,makemusic finale 2007 academic create edit and print sheet music,,
missing_reference_cluster,table2:582,fogware hyb space dvd,,
missing_reference_cluster,table2:6,edius pro 4,,
missing_reference_cluster,table2:61,cd28-esk9= cisco ios enterprise services - complete package - cd,,
missing_reference_cluster,table2:63,01-ssc-5310 sonicwall global vpn client - license - 1 user - win,,
missing_reference_cluster,table2:715,bb0kyna ibm db2 net search extender - ( v. 8.2 ) - media - cd - linux unix win - engli,,
missing_reference_cluster,table2:726,22101258 adobe acrobat capture - ( v. 3.0 ) - license - 1 user 20000 pages - win - engli,,
missing_reference_cluster,table2:771,apple software m9301z/b soundtrack v1.2,,
missing_reference_cluster,table2:773,individual software qne-t15 typing quick & easy 15.0,,
missing_reference_cluster,table2:776,individual software prm-wn5 professor teaches windows xp,,
missing_reference_cluster,table2:777,freeverse software 5003 bumpercar 2.0 mac web browser,,
missing_reference_cluster,table2:82,10517940 symantec client security with groupware protection business pack - ( v. 3.1 ) -,,
missing_reference_cluster,table2:89,298881 quickbooks customer manager - ( v. 2.5 ) - complete package - 1 user - cd - win,,
missing_reference_cluster,table2:900,allume spring cleaning 9.0,,
missing_reference_cluster,table2:913,intuit quickbooks pro 2007 for mac,,
missing_reference_cluster,table2:944,zend studio 5.1 php integrated development environment,,
missing_reference_cluster,table2:946,fogware hyb history dvd,,
extra_predicted_cluster,table1:0,,2063,clickart 950 000 - premier image pack (dvd-rom)
extra_predicted_cluster,table1:1001|table2:2293|table2:3008,,3203,roxio easy media creator 9
extra_predicted_cluster,table1:1002,,3388,logic pro 6 upgrade from logic platinum/gold 5&6
extra_predicted_cluster,table1:1004,,3354,marine aquarium 2.0 (pc & mac)
extra_predicted_cluster,table1:1005|table1:909|table2:162|table2:2215|table2:767,,3178,elementary advantage 2008
extra_predicted_cluster,table1:1006,,2394,finale songwriter 2007
extra_predicted_cluster,table1:1007|table2:3002,,2798,math success(tm) deluxe 2007
extra_predicted_cluster,table1:1009|table2:2028|table2:2969|table2:765,,3228,wheel of fortune deluxe
extra_predicted_cluster,table1:1012,,3342,resumemaker professional 12.0
extra_predicted_cluster,table1:1014,,3410,aquarium 3 in 1 collection - limited edition for win/mac
extra_predicted_cluster,table1:1016,,2397,e-mu em8669 modern symphonic orchestra
extra_predicted_cluster,table1:1019,,2398,makemusic finale 2007 win/mac
extra_predicted_cluster,table1:102|table2:1626,,2740,myinvoices & estimates deluxe
extra_predicted_cluster,table1:1020|table2:2030,,3108,encore software 13781 - westward
extra_predicted_cluster,table1:1023,,3425,finale allegro 2007
extra_predicted_cluster,table1:1024,,2399,pc professor fuji's kakuro
extra_predicted_cluster,table1:1025,,2400,marine aquarium 2.5 virtual undersea paradise win/mac
extra_predicted_cluster,table1:1026,,3362,riverdeep spongebob squarepants typing fun
extra_predicted_cluster,table1:1027|table1:1028,,3267,brain food games: cranium collection 2006
extra_predicted_cluster,table1:1029|table1:374|table1:662|table2:1092|table2:218|table2:2258|table2:2511,,3179,printmaster gold v 17.0
extra_predicted_cluster,table1:103,,3253,my sim aquarium
extra_predicted_cluster,table1:1030|table2:2887,,2751,who wants to be a millionaire sports edition
extra_predicted_cluster,table1:1031|table2:2268,,3134,encore software 460001 - the big box of art 410000 95/98/me/nt4/w2k/xp (win 95 98 me nt 2000 xp)
extra_predicted_cluster,table1:1032,,2401,fate
extra_predicted_cluster,table1:1035,,3458,hoyle puzzle & board games 2007
extra_predicted_cluster,table1:1036,,2402,jackpot tycoon (jewel case)
extra_predicted_cluster,table1:1037,,2403,riverdeep kissing canines
extra_predicted_cluster,table1:1039,,2404,monopoly platinum edition
extra_predicted_cluster,table1:104,,2097,scrabble
extra_predicted_cluster,table1:1040,,2405,home & business lawyer dlx 2006 by broderbund
extra_predicted_cluster,table1:1043|table2:2772,,3059,reader rabbit learn to read with phonics! preschool & kindergarten
extra_predicted_cluster,table1:1045,,2406,professor fujis sudoku deluxe by encore
extra_predicted_cluster,table1:1047,,2407,the print shop 21 standard by broderbund
extra_predicted_cluster,table1:1056|table2:11,,6,ares rising
extra_predicted_cluster,table1:1058,,2413,evergirl
extra_predicted_cluster,table1:106|table2:1931,,2776,cisco security server agent for windows and solaris - license - 100 agents - win solaris ( csa-b100-srvr-k9 )
extra_predicted_cluster,table1:1060,,3291,hasbro family game collection 2006
extra_predicted_cluster,table1:1063|table2:2084,,3252,marine aquarium & goldfish screen saver by encore software
extra_predicted_cluster,table1:1065|table2:2044|table2:3020,,3204,family tree maker version 16 collectors edition sb cs
extra_predicted_cluster,table1:1066|table1:1334|table2:640|table2:975,,3185,liquid ledger personal finance
extra_predicted_cluster,table1:107,,3300,photoshop elements 5 and premiere elements 3 bundle win minibox (29180248)
extra_predicted_cluster,table1:1071,,3245,adventure workshop 4th-6th grade 7th edition
extra_predicted_cluster,table1:1080,,2417,e-mu em8685 beat garden x emulator x2/proteus x2 soundset
extra_predicted_cluster,table1:1082|table2:771,,3232,soundtrack 1.2
extra_predicted_cluster,table1:1085,,2418,detto move2mac usb
extra_predicted_cluster,table1:1087,,3323,apple remote desktop 2.2 10 client (old version)
extra_predicted_cluster,table1:109,,2098,instant immersion french 2.0
extra_predicted_cluster,table1:1090,,2419,webroot spysweeper antispyware - 3 user
extra_predicted_cluster,table1:1095|table2:946,,2942,fogware hyb history dvd
extra_predicted_cluster,table1:1097|table2:944,,3156,zend studio 5.1 php integrated development environment
extra_predicted_cluster,table1:1101|table1:35|table2:1967|table2:1988,,3182,the print shop 22 pro publisher deluxe sb cs by the print shop
extra_predicted_cluster,table1:1105,,2421,webroot spy sweeper antispyware 5.x
extra_predicted_cluster,table1:1108,,2422,dk rainbow fish most beautiful fish in the ocean
extra_predicted_cluster,table1:1113,,2423,apple xsan (mac)
extra_predicted_cluster,table1:1115,,2424,emedia print music 2006 win/mac
extra_predicted_cluster,table1:1116,,2425,adobe solution expert support
extra_predicted_cluster,table1:1118,,2426,steinberg sequel (pc or mac) music creation & performance software
extra_predicted_cluster,table1:1120,,2427,bias deck le 3.5 macintosh cd
extra_predicted_cluster,table1:1121|table1:513|table2:1189|table2:884,,3226,adobe creative suite cs3 design premium upgrade [mac]
extra_predicted_cluster,table1:1125,,2428,comic book library
extra_predicted_cluster,table1:1126,,2429,taxcut home & bus +state + sage includes act 8.0 & peachtree 2007
extra_predicted_cluster,table1:1129,,2430,net ad creator
extra_predicted_cluster,table1:113,,2100,microsoft licenses win svr 2003 ext conn lic (r3900292)
extra_predicted_cluster,table1:1130,,3399,cakewalk sonar 6 producer ed
extra_predicted_cluster,table1:1133,,3467,adobe captivate 2.0
extra_predicted_cluster,table1:1134|table2:2132,,3119,crystal-graphics crystal 3d impact! pro animation software
extra_predicted_cluster,table1:1139,,3452,sibelius 4 professional edition
extra_predicted_cluster,table1:1140,,2432,burning monkey mahjongg (mac)
extra_predicted_cluster,table1:1142|table2:2073|table2:3032,,3211,pc tools spyware doctor 2007
extra_predicted_cluster,table1:1144,,2434,drive genius by prosoft engineering inc
extra_predicted_cluster,table1:1149,,3450,burning monkey solitaire 2005 edition
extra_predicted_cluster,table1:1150,,2435,nero 7 ultra edition enhanced pc & home entrmnt soln
extra_predicted_cluster,table1:1154|table2:900,,2887,spring cleaning 9.0 for mac os 10.4 & above
extra_predicted_cluster,table1:1155,,2437,g7 kontakt edition
extra_predicted_cluster,table1:1158,,2438,micromat techtool protege with firewire device
extra_predicted_cluster,table1:1160|table2:1872,,2708,print explosion deluxe 3.0 (mac)
extra_predicted_cluster,table1:1162|table1:1198|table2:535|table2:896,,2700,allume stuffit deluxe 11 os x 10.4 or higher
extra_predicted_cluster,table1:1173,,2440,onone software pxl smartscale ( windows and macintosh )
extra_predicted_cluster,table1:1174,,3377,sims 2 pets expansion pack
extra_predicted_cluster,table1:1176|table2:2010,,2673,encore software 13931 - 3d home architect landscape design deluxe version 9
extra_predicted_cluster,table1:1177,,2441,adobe creative suite cs3 web standard [mac]
extra_predicted_cluster,table1:1179,,2442,photoframe pro 3.0 1u
extra_predicted_cluster,table1:118|table2:1488,,2833,crystal reports xi professional edition - complete package
extra_predicted_cluster,table1:1183|table2:570,,2873,mcafee inc mcafee virusscan plus sub 1:1 3u mb en
extra_predicted_cluster,table1:1184,,2443,mask pro 4.0 1u
extra_predicted_cluster,table1:1186,,3331,home design architect series 3000 v10.0
extra_predicted_cluster,table1:1187,,2444,individual small business advantage deluxe 2006
extra_predicted_cluster,table1:1188|table2:571,,2978,makemusic finale 2007 academic create edit and print sheet music
extra_predicted_cluster,table1:1189|table2:1085,,2755,quickbooks(r) point of sale 2007: basic retail management 6.0
extra_predicted_cluster,table1:119,,3286,sierra hallmark card studio special edition ( windows )
extra_predicted_cluster,table1:1190|table2:2951,,3155,adobe dreamweaver cs3 - complete package - 1 user - academic - cd - mac
extra_predicted_cluster,table1:1195|table2:582,,2828,fogware hyb space dvd
extra_predicted_cluster,table1:1196,,2446,micromat diskstudio ( mac)
extra_predicted_cluster,table1:1201,,3238,kaplan sat/act/psat gold 2007 win/mac
extra_predicted_cluster,table1:1204,,2447,money home & business 2007 win32 eng na mini box us only cd
extra_predicted_cluster,table1:1207|table2:2994,,2709,macbackup
extra_predicted_cluster,table1:121,,2101,microsoft licenses exch. srvr extrn conn sa eng (39400416)
extra_predicted_cluster,table1:1210|table2:552,,2734,feral interactive the movies
extra_predicted_cluster,table1:1212|table2:31,,3171,buvsag-00000 ulead videostudio 10 - complete package - 1 user - win - english
extra_predicted_cluster,table1:1216,,2450,sony acid pro 6 professional music workstation
extra_predicted_cluster,table1:122,,2102,watchguard serverlock manager (100 servers)
extra_predicted_cluster,table1:1220,,2451,adobe photoshop cs2 advanced techniques by julieanne kost
extra_predicted_cluster,table1:1225,,3419,logic express 6
extra_predicted_cluster,table1:1226,,2453,photoshop elements 4 edu mac 1u
extra_predicted_cluster,table1:1228,,2454,dvo cook'n deluxe 6.0 - ultimate recipe organizer
extra_predicted_cluster,table1:1231,,2455,upgrade acid pro 6 boxed
extra_predicted_cluster,table1:1233|table2:1016|table2:1045,,3231,peachtree by sage premium accounting 2007
extra_predicted_cluster,table1:1235|table2:1047|table2:1115,,3222,peachtree by sage pro accounting 2007
extra_predicted_cluster,table1:124|table2:1792|table2:2036,,3175,tlc dr. seuss reading learning system 2008
extra_predicted_cluster,table1:1240|table1:479,,2261,window washer
extra_predicted_cluster,table1:1246,,2457,sony acid pro 5
extra_predicted_cluster,table1:1249,,2458,punch! home design architectura series 18
extra_predicted_cluster,table1:1251,,2459,hijack2
extra_predicted_cluster,table1:1255,,3465,punch! professional home design suite
extra_predicted_cluster,table1:126|table1:129,,3437,oxford spanish dictionary
extra_predicted_cluster,table1:1260|table1:1278,,3272,punch! 5 in 1 home design
extra_predicted_cluster,table1:1261|table2:412|table2:464,,3190,xtreme photostory on cd and dvd 6
extra_predicted_cluster,table1:1262|table2:465,,2997,anime studio 5 win 98/me 2000/xp mac os 10.4 & up
extra_predicted_cluster,table1:1263,,3327,punch! home design architectural series 18
extra_predicted_cluster,table1:1264|table1:868|table2:171|table2:2369,,3194,adobe soundbooth cs3
extra_predicted_cluster,table1:1269,,3444,easy video editor 2.0 by honest technology
extra_predicted_cluster,table1:127,,2104,pantone reference library
extra_predicted_cluster,table1:1272|table2:2958|table2:547,,1995,palo alto software business plan pro 2007
extra_predicted_cluster,table1:1273|table1:450|table2:2415|table2:354,,3177,adobe after effects cs3
extra_predicted_cluster,table1:1275,,3279,punch! master landscape & home design
extra_predicted_cluster,table1:1287,,2462,starry night astronomy screensaver win/mac
extra_predicted_cluster,table1:1288,,3408,quickverse sermon builder 4.0
extra_predicted_cluster,table1:1290,,3386,snap! spelling (jewel case)
extra_predicted_cluster,table1:1291,,3358,acad vegas movie studio +dvd 8 platinum
extra_predicted_cluster,table1:1294,,2464,scrabble complete (jewel case)
extra_predicted_cluster,table1:1297,,2466,emedia guitarpro 5 win/mac
extra_predicted_cluster,table1:1298,,2467,spycatcher 2007for pc
extra_predicted_cluster,table1:13|table2:2667,,2589,webroot spy sweeper spanish edition (pc)
extra_predicted_cluster,table1:130,,2105,microsoft licenses sps extrnlconnnonemplyenglands c (h3200034)
extra_predicted_cluster,table1:1303,,2468,sales skills 2.0 ages 10+
extra_predicted_cluster,table1:1309|table2:2831,,3074,treasure mountain! (jewel case) ages 5-9 for win/mac
extra_predicted_cluster,table1:131,,3257,microspot interiors
extra_predicted_cluster,table1:1310,,3487,video patrol 5.0 by honest technology
extra_predicted_cluster,table1:1313|table1:139|table2:368,,3221,adobe creative suite cs3 design premium upsell [mac]
extra_predicted_cluster,table1:1325|table2:562,,2807,adobe creative suite cs3 web standard
extra_predicted_cluster,table1:1330,,2470,northstar for pc/mac
extra_predicted_cluster,table1:1331,,2471,make music allegro 2007 labpack - 5 user
extra_predicted_cluster,table1:1333|table2:1038,,2738,power translator(tm) 11 premium
extra_predicted_cluster,table1:1335|table1:626|table2:639,,2932,masque publishing sportsmans double play
extra_predicted_cluster,table1:1340|table1:360|table2:1000|table2:253,,3217,adobe creative suite cs3 web standard upsell [mac]
extra_predicted_cluster,table1:1344|table1:550|table2:2841|table2:616,,3186,instant immersion italian deluxe 2.0
extra_predicted_cluster,table1:1349,,2472,flash remoting 1 alp ret eng cd 2u
extra_predicted_cluster,table1:1350,,2473,shapes
extra_predicted_cluster,table1:1351,,2474,dragon naturally speaking standard v9
extra_predicted_cluster,table1:137|table2:1845,,3042,902453-006-g rumba unix-hp edition - ( v. 7.3 ) - upgrade license - 1 user - volume - level g
extra_predicted_cluster,table1:143,,2115,adobe acrobat distiller svr v6-cd linux u/u ( 42050142 )
extra_predicted_cluster,table1:145|table2:1798,,2972,s65-00393 microsoft virtual pc for mac - ( v. 7.0 ) - w/ windows 2000 - complete package -
extra_predicted_cluster,table1:146|table2:3003,,2848,microsoft mappoint 2006 standard edition
extra_predicted_cluster,table1:156|table2:1859,,2868,2013001000122 details - ( v. 3.0 ) - complete package - 1 user - cd - win - english
extra_predicted_cluster,table1:157|table2:1855,,2955,adobe photoshop elements 4.0 plus adobe premiere elements 2.0 - complete package - 1 user - cd ( mini-box ) - win - canadian french ( 29180162 )
extra_predicted_cluster,table1:161,,2129,gods: lands of infinity - special edition
extra_predicted_cluster,table1:164,,3421,sea scene: living underwater worlds (jewel case)
extra_predicted_cluster,table1:165|table2:1934,,3167,hp storageworks secure path for windows workgroup edition - ( v. 4.0c ) - license ( 213076-b26 )
extra_predicted_cluster,table1:166,,2130,equilibrium debabelizer pro 6.0 - 1 user
extra_predicted_cluster,table1:168,,2132,autodesk discreet combustion 4 ( windows )
extra_predicted_cluster,table1:171,,2134,microsoft licenses word mac 10.0 eng govt (d4800369)
extra_predicted_cluster,table1:175,,3477,diskeeper 2007 professional single lic pack
extra_predicted_cluster,table1:178,,3475,smart steps 4th grade
extra_predicted_cluster,table1:179,,2138,ca arcserve bkup r11.5 win dro sp1 prod only
extra_predicted_cluster,table1:185|table2:1084,,2705,csdc iremember digital scrapbooking 2.0
extra_predicted_cluster,table1:193,,2142,backup exec 10d win adv disk v10.1 lic only (e180518)
extra_predicted_cluster,table1:195|table2:197,,3098,vivendi blizzard world of warcraft
extra_predicted_cluster,table1:197|table2:63,,2937,01-ssc-5310 sonicwall global vpn client - license - 1 user - win
extra_predicted_cluster,table1:20,,2072,millie's math house ages 3-7 (win/mac)
extra_predicted_cluster,table1:204|table2:61,,2827,cd28-esk9= cisco ios enterprise services - complete package - cd
extra_predicted_cluster,table1:207,,2152,crystal reports 11 professional full product french
extra_predicted_cluster,table1:220|table2:1151,,3125,mobileinventory additional mobile license
extra_predicted_cluster,table1:223|table2:82,,3170,10517940 symantec client security with groupware protection business pack - ( v. 3.1 ) -
extra_predicted_cluster,table1:23,,2073,the printshop 20 professional publisher
extra_predicted_cluster,table1:231|table2:1668,,2907,red hat enterprise linux ws - ( v. 4 update 4 ) - license - 1 workstation ( rl296aa )
extra_predicted_cluster,table1:232|table2:2718,,1836,printshop home & office labels
extra_predicted_cluster,table1:233|table2:2689,,2814,photo explosion deluxe 3.0 nova
extra_predicted_cluster,table1:236|table2:423,,2762,iris readiris pro 11 mac ocr
extra_predicted_cluster,table1:238|table1:257,,2175,ca brightstor arcserve backup r11.5 for enterprise option for advantage ingres for
extra_predicted_cluster,table1:242|table2:715,,2894,bb0kyna ibm db2 net search extender - ( v. 8.2 ) - media - cd - linux unix win - engli
extra_predicted_cluster,table1:247|table2:1754,,3051,910443-004-g onweb web-to-host - ( v. 5.1 ) - upgrade license - 1 user - volume - level g ( 3
extra_predicted_cluster,table1:248,,2182,microsoft windows small business server cal 2003 license pack 20 client addpack device
extra_predicted_cluster,table1:249|table2:1753,,3070,6809a-g03-11.0 scansoft paperport - ( v. 11 ) - complete package - 5 users - win - english
extra_predicted_cluster,table1:250|table1:333|table2:2098|table2:2118,,3176,adobe after effects professional 7.0
extra_predicted_cluster,table1:253|table2:508,,3079,filemaker mobile 8 for palm os and pocket pc
extra_predicted_cluster,table1:254|table2:1732,,2959,wg3605 watchguard mobile user vpn - complete package - 5 users - cd - win - english - t
extra_predicted_cluster,table1:256|table2:1725,,3150,hgw hallmark card studio 2005 deluxe - complete package - 1 user - cd - win
extra_predicted_cluster,table1:260|table2:1699,,3084,cd26xm-ch= cisco ios ip/fw/ids - complete package - cd
extra_predicted_cluster,table1:267,,3297,adobe photoshop elements 5.0/premier elements 3.0 [lb]
extra_predicted_cluster,table1:27,,2074,i copy dvds 2 professional edition
extra_predicted_cluster,table1:270|table2:2829,,2908,adobe acrobat 7.0 professional
extra_predicted_cluster,table1:272,,2192,adobe audition 2.0
extra_predicted_cluster,table1:273,,3441,quickbooks credit card processing kit 3.0
extra_predicted_cluster,table1:274|table1:972|table2:2867|table2:836,,3187,instant immersion italian 2.0
extra_predicted_cluster,table1:275|table2:2821,,3053,easy drums (jewel case)
extra_predicted_cluster,table1:277|table2:2817,,3520,super solvers - spellbound! ! - school edition for mac
extra_predicted_cluster,table1:279|table2:1406|table2:2056,,1404,printshop 20 pro publisher
extra_predicted_cluster,table1:28,,3493,gen-x media made easy vol. 3
extra_predicted_cluster,table1:280|table2:2815,,3524,startopia
extra_predicted_cluster,table1:281|table2:2816,,3404,easy home massage - dvd
extra_predicted_cluster,table1:283|table2:2814,,3065,tonka town (jewel case)
extra_predicted_cluster,table1:287,,3481,sibelius 5 professional edition
extra_predicted_cluster,table1:288|table2:2832,,2950,tonka search & rescue 2
extra_predicted_cluster,table1:29,,3335,family tree maker 11.2 collector's edition
extra_predicted_cluster,table1:291|table2:2830,,1909,wacky bird hunter
extra_predicted_cluster,table1:292|table2:2799,,2656,namco museum 50th anniversary collection
extra_predicted_cluster,table1:293|table2:2797,,1891,treasure galaxy 5-user lab pack for mac
extra_predicted_cluster,table1:294|table2:1401,,2733,encore software a5992jch - dk rainbow fish most beautiful fish in the ocean - win 95 98 me xp
extra_predicted_cluster,table1:295|table2:2795,,3529,madeline rainy day activities
extra_predicted_cluster,table1:296|table2:2794,,3509,mighty math number heroes
extra_predicted_cluster,table1:297|table2:2793,,3523,superstart! science arcade
extra_predicted_cluster,table1:298|table2:2792,,3505,state standards - grade 6
extra_predicted_cluster,table1:299|table2:2790,,1889,wacky farm
extra_predicted_cluster,table1:300|table2:2811,,2634,police quest compilation
extra_predicted_cluster,table1:301|table2:1157,,3057,broderbund printmaster platinum 16.0
extra_predicted_cluster,table1:302|table2:2809,,2931,encyclopedia britannica profiles: dinosaurs (jewel case)
extra_predicted_cluster,table1:304,,2201,fisher-price rescue heroes: lava landslide
extra_predicted_cluster,table1:306|table2:2802,,3528,quickstart photo montage studio
extra_predicted_cluster,table1:307|table2:2800,,3527,season ticket football 2003
extra_predicted_cluster,table1:312,,3379,norton antivirus 2007
extra_predicted_cluster,table1:313|table2:2885,,2952,backyard soccer (mls edition)
extra_predicted_cluster,table1:314|table2:2888,,1944,zipmagic personal edition
extra_predicted_cluster,table1:326|table2:2928,,1971,math missions: the race to spectacle city arcade (grades k-2)
extra_predicted_cluster,table1:327|table2:2929,,1972,world of wild cats
extra_predicted_cluster,table1:328|table2:2862,,3504,state standards - grade 8
extra_predicted_cluster,table1:329|table1:570|table2:2860,,2288,cluefinders 3rd grade adventures: mystery of mathra
extra_predicted_cluster,table1:331|table2:2863,,2922,instant home cooking (jewel case)
extra_predicted_cluster,table1:332,,3506,spy sweeper [lb]
extra_predicted_cluster,table1:334,,3349,transfer my dvd
extra_predicted_cluster,table1:335,,2210,tlc zoombinis 3rd grade lrng sys 2007 sb cs by riverdeep ( 10548 )
extra_predicted_cluster,table1:336|table2:2857,,3405,csi: crime scene investigation
extra_predicted_cluster,table1:338|table2:2877,,1936,sega smash pack 2
extra_predicted_cluster,table1:339|table2:2884,,1942,post mortem
extra_predicted_cluster,table1:340|table2:2882,,3101,zoboomafoo animal logic with workbook combo
extra_predicted_cluster,table1:341|table2:2870,,1929,mother goose - interactive storybook
extra_predicted_cluster,table1:342|table2:2868,,1927,let's learn about time & date
extra_predicted_cluster,table1:343|table2:2876,,1935,living trust builder
extra_predicted_cluster,table1:346,,3382,mcafee internet security suite 2007 - 3 users
extra_predicted_cluster,table1:348|table2:1462,,2725,microsoft office and windows training professional
extra_predicted_cluster,table1:350|table2:2974,,2614,adobe creative suite 3 (cs3) design suite standard upgrade (upsell) - mac
extra_predicted_cluster,table1:363|table1:481|table2:2305,,2819,adobe premiere elements 3.0 [lb]
extra_predicted_cluster,table1:366|table2:2636,,1795,big oil: build an oil empire
extra_predicted_cluster,table1:37,,3432,my first bible stories
extra_predicted_cluster,table1:370|table1:640|table2:2678|table2:310,,3180,readiris pro 11 corporate edition
extra_predicted_cluster,table1:38,,3261,the big mix (mac)
extra_predicted_cluster,table1:380|table2:2131,,2977,adobe production studio premium software suite video software bundles
extra_predicted_cluster,table1:382|table2:2776,,3055,lego island 2: the brickster's revenge (xp compatible version)
extra_predicted_cluster,table1:383|table2:2775,,1879,tank battle
extra_predicted_cluster,table1:385|table2:2779,,2947,home budget for dummies
extra_predicted_cluster,table1:388|table2:2781,,1883,encyclopedia of our living oceans
extra_predicted_cluster,table1:389|table2:2789,,3158,ultimate pinball (jewel case)
extra_predicted_cluster,table1:390|table2:2788,,3072,clifford the big red dog - reading pack
extra_predicted_cluster,table1:395|table2:2767,,1874,quickstart pc cleaner xp
extra_predicted_cluster,table1:396|table2:2765,,3530,crayola first ladies costume maker
extra_predicted_cluster,table1:398|table2:2769,,3046,pokemon team turbo (jewel case)
extra_predicted_cluster,table1:399|table2:2774,,1878,south park chef's luv shack
extra_predicted_cluster,table1:40|table1:731|table2:1133|table2:431,,3181,the print shop 22 deluxe
extra_predicted_cluster,table1:400|table2:2771,,2919,blue's clues preschool
extra_predicted_cluster,table1:401|table2:2727,,2953,backyard skateboarding
extra_predicted_cluster,table1:405|table2:2736,,1849,rayman 10th anniversary collection
extra_predicted_cluster,table1:407|table2:2740,,2520,scansoft pdf converter 4
extra_predicted_cluster,table1:41,,3352,imsi turbocad designer v.11
extra_predicted_cluster,table1:412,,2234,web radio recorder
extra_predicted_cluster,table1:413|table2:2719,,1837,bodyworks 6.0 25-user building site license
extra_predicted_cluster,table1:414|table2:2720,,1838,virtual labs: light
extra_predicted_cluster,table1:415|table2:2721,,1839,pressure pop!
extra_predicted_cluster,table1:416|table2:2723,,3526,essential business tools 2.0
extra_predicted_cluster,table1:417|table2:2725,,1842,let's make stickers
extra_predicted_cluster,table1:423|table1:887,,3304,hoyle card games 2007
extra_predicted_cluster,table1:428,,2244,child safe 3-pc
extra_predicted_cluster,table1:432,,3479,upgrade pitstop server 3.5 1u win 2k/xp & mac os 10.2.8
extra_predicted_cluster,table1:438,,2248,researchsoft endnote 9 student edition for students [old version]
extra_predicted_cluster,table1:439|table2:2633,,2645,sony acid music studio (pc)
extra_predicted_cluster,table1:443,,2251,instant landscaping 3.0 [lb]
extra_predicted_cluster,table1:444,,2252,topics presents: ancient civilizations (4 cd set)
extra_predicted_cluster,table1:446,,3485,instant play electric guitar (jewel box)
extra_predicted_cluster,table1:45|table2:2009|table2:2813,,1902,elementary school success deluxe 2006
extra_predicted_cluster,table1:451,,2254,phonics success deluxe 2006 (large box)
extra_predicted_cluster,table1:453,,3268,brainfood games cranium collection 2006
extra_predicted_cluster,table1:455,,3312,national geographic presents: redshift 5 planetarium software
extra_predicted_cluster,table1:46,,3314,national geographic presents: redshift planetarium
extra_predicted_cluster,table1:460,,3390,emc retrospect 7.5 svr 1-client windows
extra_predicted_cluster,table1:462,,3518,ae painter v9 win/mac box
extra_predicted_cluster,table1:468|table2:2367,,3126,cisco csa-b250-dtop-k9 cisco security desktop agent win + sol 250 agent bundle cisco security desktop agent - license - 250 agents 0746320832500
extra_predicted_cluster,table1:469,,2256,ov data protector open file 5-wk v.9 ltu incl ltu for 5 win nt/2000/xp workstati
extra_predicted_cluster,table1:48,,3516,national geographic presents: forces of nature
extra_predicted_cluster,table1:480,,2262,child safe
extra_predicted_cluster,table1:482,,2263,on hand spanish 1-2-3 ( windows )
extra_predicted_cluster,table1:484,,2265,crystal reports 11 reporting essentials trng cbt
extra_predicted_cluster,table1:485|table2:2324|table2:318,,3184,star wars battlefront (mac)
extra_predicted_cluster,table1:49,,3316,reference success deluxe 2006
extra_predicted_cluster,table1:490|table2:45,,2862,22030094 adobe encore dvd - ( v. 2.0 ) - complete package - 1 user - dvd - win - universa
extra_predicted_cluster,table1:496|table2:1081,,3073,symantec pcanywhere 12.0 host only
extra_predicted_cluster,table1:498,,2267,microsoft digital image suite plus [lb]
extra_predicted_cluster,table1:50|table2:2820,,2660,clifford the big red dog - thinking adventures
extra_predicted_cluster,table1:502,,2269,norton internet security mac 3.0 [antivirus firewall privacy controls iclean]
extra_predicted_cluster,table1:503,,2270,corel wordperfect office 12 standard upgrade
extra_predicted_cluster,table1:504,,3406,raster design 2006 essentials
extra_predicted_cluster,table1:505,,3384,acrobat professional 8 mac upsell standard-professional
extra_predicted_cluster,table1:507,,2271,reader rabbit learning system 1st grade
extra_predicted_cluster,table1:508|table2:1760,,3144,164-04052 microsoft office publisher 2007 - version upgrade package - 1 pc - cd - win - en
extra_predicted_cluster,table1:509|table2:2973,,3050,microsoft(r) windows(r) xp professional edition with sp2
extra_predicted_cluster,table1:510|table1:812|table1:895|table2:2004|table2:2681|table2:973,,3218,mavis beacon 17 standard
extra_predicted_cluster,table1:511|table2:2903,,2500,microsoft windows vista ultimate upgrade [dvd]
extra_predicted_cluster,table1:515|table2:1135,,3019,microsoft(r) office 2004 for mac standard edition upgrade version
extra_predicted_cluster,table1:517|table2:1778,,3164,299530 quickbooks premier nonprofit edition 2007 - complete package - 1 user - cd - win
extra_predicted_cluster,table1:520|table2:238,,3106,microsoft windows vista ultimate retail no open box returns
extra_predicted_cluster,table1:525,,2273,zoo tycoon 2: marine mania expansion
extra_predicted_cluster,table1:526,,2274,learning company kid pix deluxe 4
extra_predicted_cluster,table1:527,,2275,microsoft windows server 2003 client additional license for users-5 pack
extra_predicted_cluster,table1:528|table2:913,,2746,intuit quickbooks pro 2007 for mac
extra_predicted_cluster,table1:53,,2079,boomerang webshop platinum
extra_predicted_cluster,table1:532,,2278,apple .mac 4.0 online service
extra_predicted_cluster,table1:535|table1:848|table2:5,,3225,videostudio 11 plus
extra_predicted_cluster,table1:536,,3234,microsoft onenote 2007
extra_predicted_cluster,table1:537|table2:1969|table2:221,,1359,apple ilife '06 (mac dvd) [older version]
extra_predicted_cluster,table1:539|table2:1108,,2747,microsoft windows xp home edition full version with sp2
extra_predicted_cluster,table1:54,,3428,allume boost xp for windows
extra_predicted_cluster,table1:542,,3412,quickbooks pro 2007 small business financial software
extra_predicted_cluster,table1:544|table2:2785,,2853,windows vista business spanish full version [dvd]
extra_predicted_cluster,table1:546,,3416,corel snapfire plus [ignite photo fun]
extra_predicted_cluster,table1:55|table2:2053,,3093,jumpstart learning games phonics (pc & mac)
extra_predicted_cluster,table1:551|table1:875,,3283,adobe creative suite cs3 production premium
extra_predicted_cluster,table1:552,,3430,instant immersion spanish 2.0
extra_predicted_cluster,table1:556|table1:566|table2:1524|table2:942,,3195,adobe dreamweaver cs3 upgrade
extra_predicted_cluster,table1:562,,2285,dv rack 2 win retail ue1u
extra_predicted_cluster,table1:57,,3337,museums of the world
extra_predicted_cluster,table1:589,,2290,flash remoting 1 alp ret eng cd 1u
extra_predicted_cluster,table1:59,,2080,studyworks! teaching pro: middle school math & science (win/mac)
extra_predicted_cluster,table1:590,,2291,swat 4: special weapons and tactics
extra_predicted_cluster,table1:594,,2294,apple .mac 4.0 online service family pack
extra_predicted_cluster,table1:595,,3499,jumpstart kindergarten
extra_predicted_cluster,table1:596|table1:608|table1:654|table2:367|table2:934,,3227,adobe creative suite cs3 design standard upgrade
extra_predicted_cluster,table1:6,,2065,adobe after effects professional 6.5 upgrade from standard to professional
extra_predicted_cluster,table1:60,,2081,trudy's time and place house ages 3-6
extra_predicted_cluster,table1:606|table2:3,,3321,math missions: the amazing arcade adventure grades 3-5
extra_predicted_cluster,table1:609,,3318,microsoft windows vista home basic upgrade [dvd]
extra_predicted_cluster,table1:612,,2296,ideasoft photo clip art 10 000
extra_predicted_cluster,table1:613|table1:884|table2:189|table2:791,,3197,adobe premiere pro cs3
extra_predicted_cluster,table1:614,,2297,entertainment partners budgeting (mac)
extra_predicted_cluster,table1:615|table1:78|table2:1561|table2:287,,3216,emedia intermediate guitar method win/mac
extra_predicted_cluster,table1:62,,2082,stomp inc drive washer
extra_predicted_cluster,table1:624,,2299,h&r block taxcut 2006 premium federal + state with usb 256m flashdrive
extra_predicted_cluster,table1:625,,2300,microsoft windows xp professional full version with sp2
extra_predicted_cluster,table1:633,,2301,alsoft diskwarrior: mac univeral binary
extra_predicted_cluster,table1:647,,3454,acrobat professional 8 (windows)
extra_predicted_cluster,table1:649,,2303,wanted: a wild western adventure
extra_predicted_cluster,table1:658|table2:2752,,2519,sony photo go
extra_predicted_cluster,table1:66,,2083,freddi fish 2: the haunted schoolhouse
extra_predicted_cluster,table1:660,,2305,toysight gold for isight: includes 15 games (mac)
extra_predicted_cluster,table1:665,,2306,scholastic brain play: pre-kindergarten - 1st grade
extra_predicted_cluster,table1:667,,2307,school zone flash action -- addition/subtraction (windows/macintosh)
extra_predicted_cluster,table1:668,,2308,art explosion 600 000 images
extra_predicted_cluster,table1:67|table2:1533,,2768,prosafe vpn client software single user - netgear inc. - vpn01l
extra_predicted_cluster,table1:670,,3489,mcsa/mcse self-paced training kit (exams 70-292 & 70-296) - upgrading your certi
extra_predicted_cluster,table1:671,,2310,instant immersion german v2.0 (pc & mac)
extra_predicted_cluster,table1:686,,3448,kakuro puzzle addict unlimited edition
extra_predicted_cluster,table1:687,,3512,eovia carrara 5 pro
extra_predicted_cluster,table1:688,,2312,global software smart steps 1st grade ( windows macintosh )
extra_predicted_cluster,table1:689,,2313,wild photo effects (jewel case)
extra_predicted_cluster,table1:69,,2084,eastwest bsendorfer 290 grand piano virtual instrument
extra_predicted_cluster,table1:690,,2314,amazing animals with zoofari games (win/mac)
extra_predicted_cluster,table1:705,,3360,spongebob squarepants typing 2008 win/mac
extra_predicted_cluster,table1:707,,2316,gsp crossword addict
extra_predicted_cluster,table1:709,,2317,avid liquid pro
extra_predicted_cluster,table1:713,,2319,3ds max 9 com new slm
extra_predicted_cluster,table1:717,,2320,simply put software gotta sing ( windows/macintosh )
extra_predicted_cluster,table1:719,,2321,simply put software data eliminator
extra_predicted_cluster,table1:72,,3344,midway arcade treasures (jewel case)
extra_predicted_cluster,table1:728,,2324,adventure workshop preschool (jewel case)
extra_predicted_cluster,table1:73,,2087,snap! 10 000 drink recipies (jewel case)
extra_predicted_cluster,table1:732,,2327,iris readiris pro 11.0 (mac)
extra_predicted_cluster,table1:742|table2:344,,2998,emc insignia retrospect desktop 6.x
extra_predicted_cluster,table1:743,,3259,microspot interiors (mac)
extra_predicted_cluster,table1:746,,2329,microsoft office & windows training professional
extra_predicted_cluster,table1:75|table2:1554,,3169,epson storyteller photo book creator - 8 x 10 (20 pages)
extra_predicted_cluster,table1:753,,2330,panda software antivirus & firewall 2008 - windows
extra_predicted_cluster,table1:756,,2331,station access collection
extra_predicted_cluster,table1:757|table2:1029,,2706,agatha christie: and then there were none
extra_predicted_cluster,table1:76|table2:726,,2859,22101258 adobe acrobat capture - ( v. 3.0 ) - license - 1 user 20000 pages - win - engli
extra_predicted_cluster,table1:761,,3514,battlefield 1942: deluxe edition
extra_predicted_cluster,table1:762,,2333,power director 3
extra_predicted_cluster,table1:770,,2338,varmint hunter (jewel case)
extra_predicted_cluster,table1:771|table1:915,,3288,hoyle casino (2007)
extra_predicted_cluster,table1:772,,3456,3d home architect landscape v.8 by encore software
extra_predicted_cluster,table1:775,,2339,pc hoyle bridge
extra_predicted_cluster,table1:779,,3401,jeopardy! deluxe
extra_predicted_cluster,table1:781,,2340,hoyle puzzle & board games
extra_predicted_cluster,table1:783|table1:881,,3302,scrabble champion edition
extra_predicted_cluster,table1:785,,2341,cyberchase adventures: carnival chaos and casablanca quest
extra_predicted_cluster,table1:788,,2342,ca arcserve bkup r11.5 win client vss software snap-shot- prod only
extra_predicted_cluster,table1:789|table2:2121|table2:2412,,3224,ulead videostudio 11
extra_predicted_cluster,table1:79|table2:2706,,2675,mcafee internet security suite 2007 3-user (pc)
extra_predicted_cluster,table1:792,,2344,hp dss software - ( v. 4.0 ) - complete package ( t1936aa ua0 )
extra_predicted_cluster,table1:793|table2:2872|table2:3009,,1931,calendar creator 10
extra_predicted_cluster,table1:794,,2345,ulead systems dvd workshop 2
extra_predicted_cluster,table1:798,,2346,hoyle texas hold 'em poker (jewel case)
extra_predicted_cluster,table1:8,,3446,mia's math adventure: just in time
extra_predicted_cluster,table1:800,,3307,media studio for psp standard editon
extra_predicted_cluster,table1:803|table1:898,,3309,monopoly here & now
extra_predicted_cluster,table1:813,,3248,riverdeep adventure workshop 4th-6th grade 8th edition
extra_predicted_cluster,table1:815,,2350,sharks 2.0 (pc & mac)
extra_predicted_cluster,table1:817,,2351,vegas 6 for pc
extra_predicted_cluster,table1:819,,2353,m-audio pro tools m-powered 7.3 m-audio compatible world-class production software
extra_predicted_cluster,table1:820|table2:2623|table2:2671,,3201,pinnacle mobile media converter
extra_predicted_cluster,table1:821|table2:2679,,3040,avid liquid pro 7.0 video editing hardware/software bundle for windows professional editing software
extra_predicted_cluster,table1:822,,3372,acad corel painter x pc/mac
extra_predicted_cluster,table1:823|table2:2796,,2870,rainbow fish and the whale (win/mac)
extra_predicted_cluster,table1:824,,3483,global software smart steps 2nd grade ( windows macintosh )
extra_predicted_cluster,table1:827,,2355,handmark oxford american desk dictionary and thesaurus
extra_predicted_cluster,table1:830,,3395,computrace lojack for laptops - 3 year license (mac)
extra_predicted_cluster,table1:831,,3277,adobe photoshop cs3 extended
extra_predicted_cluster,table1:832,,2356,digital video and audio production book for vegas 7+dvd
extra_predicted_cluster,table1:836,,2360,now up-to-date & contact v5.0 (mac)
extra_predicted_cluster,table1:838,,2361,discrete drums: vol.1
extra_predicted_cluster,table1:840|table1:968|table2:834,,2775,bling software limited safekeeper plus
extra_predicted_cluster,table1:845,,3521,onone essentials for adobe photoshop elements
extra_predicted_cluster,table1:847,,2365,micromat podlock (mac)
extra_predicted_cluster,table1:849,,3263,cakewalk sonar home studio 6 xl
extra_predicted_cluster,table1:850,,3237,microsoft onenote 2007 upgrade
extra_predicted_cluster,table1:853|table2:2208,,3113,encore software 10610 - encore creating keepsakes scrapbook designer platinum - complete product - creativity application - 1 user - complete product - standard - pc
extra_predicted_cluster,table1:855,,2366,cubase se3 educational edition
extra_predicted_cluster,table1:856,,3243,vocabulary puzzles grade 1
extra_predicted_cluster,table1:857,,3265,cakewalk sonar home studio 6
extra_predicted_cluster,table1:858|table2:1164|table2:202,,3208,system care professional
extra_predicted_cluster,table1:861,,3250,upgrade crystal reports 11 pro french
extra_predicted_cluster,table1:862,,2367,tiny term emulator v4.3x
extra_predicted_cluster,table1:865|table2:1049,,3140,quickbooks(r) point of sale 2007: basic retail management 6.0 bundle
extra_predicted_cluster,table1:869,,2369,timbuktu remote control softwre 1 license for mac os
extra_predicted_cluster,table1:87,,2089,microsoft licenses project svr sa govt (h2200301)
extra_predicted_cluster,table1:871,,2370,sony sound forge 9 boxed upgrade
extra_predicted_cluster,table1:876|table2:225,,3130,checkmark multiledger 6.0
extra_predicted_cluster,table1:882|table2:2844,,2929,instant immersion japanese deluxe 2.0
extra_predicted_cluster,table1:89,,3439,everquest: titanium
extra_predicted_cluster,table1:899|table2:2858,,2963,hoyle card games (jewel case)
extra_predicted_cluster,table1:9,,2067,disney's 1st & 2nd grade bundle (pixar 1st grade secret keys and aladdin reading quest)
extra_predicted_cluster,table1:906,,3294,hasbro classic collection ( 2006 )
extra_predicted_cluster,table1:907,,2374,allegro 2005
extra_predicted_cluster,table1:908,,3501,professor fuji's sudoku (jewel case)
extra_predicted_cluster,table1:910,,2375,recam remote monitoring software
extra_predicted_cluster,table1:913,,2377,sharks 2.0
extra_predicted_cluster,table1:919,,2378,jeopardy
extra_predicted_cluster,table1:921,,3495,adobe contribute cs3 [mac]
extra_predicted_cluster,table1:922,,3366,dance 6
extra_predicted_cluster,table1:923,,3462,registry mechanic 5.x pc system repair
extra_predicted_cluster,table1:924,,2379,axis & allies (jewel case)
extra_predicted_cluster,table1:927,,2380,defcon
extra_predicted_cluster,table1:929,,2382,typing instructor deluxe (jewel case)
extra_predicted_cluster,table1:932,,2383,webroot spy sweeper with antivirus family edition - 3 pcs
extra_predicted_cluster,table1:935,,3464,registry mechanic by encore software
extra_predicted_cluster,table1:936,,2384,classification & ecology (win/mac) (jewel case)
extra_predicted_cluster,table1:937,,3535,the print shop 21 deluxe by broderbund
extra_predicted_cluster,table1:939,,2385,creating keepsakes scrapbook platinum v.3 sb cs by riverdeep
extra_predicted_cluster,table1:94,,2092,warlords 3 (jewel case)
extra_predicted_cluster,table1:940,,3510,leave the lights on (mac)
extra_predicted_cluster,table1:941,,3339,apple logic pro 7.2 upgrade
extra_predicted_cluster,table1:945,,2386,audition 2 win ed ue 1u
extra_predicted_cluster,table1:951,,2387,make music finale 2008 academic
extra_predicted_cluster,table1:955|table2:1217,,3152,millies math house
extra_predicted_cluster,table1:960,,3393,talk now! learn afrikaans - beginning level
extra_predicted_cluster,table1:963,,2389,i copy dvd's 2
extra_predicted_cluster,table1:964|table1:966|table2:1480|table2:971,,3233,computrace lojack for laptops - 1 year license (mac)
extra_predicted_cluster,table1:97,,2094,tournament poker 2005
extra_predicted_cluster,table1:973|table2:955,,3080,power on now up to date & contact windows
extra_predicted_cluster,table1:977|table2:2286,,2802,steinberg cubase 4 software - competitive crossgrade music production software
extra_predicted_cluster,table1:98,,2095,cold zero: no mercy
extra_predicted_cluster,table1:980,,2391,i spy fantasy v.2 with i spy book & mini cd
extra_predicted_cluster,table1:982,,3325,instant immersion spanish audio deluxe
extra_predicted_cluster,table1:984|table2:2370|table2:2828|table2:89,,3189,quickbooks customer manager 2.5
extra_predicted_cluster,table1:987,,3346,time money & fractions grades 1-2
extra_predicted_cluster,table1:990|table2:2192|table2:2193,,3220,spy sweeper w/antivirus family edition
extra_predicted_cluster,table1:992,,3369,printmaster 17 platinum by encore software
extra_predicted_cluster,table1:993,,2393,genuine fractals genuine fractals print pro 1u
extra_predicted_cluster,table1:994,,3364,logic pro 6
extra_predicted_cluster,table2:1007,,563,onone software inc. pfp-30001 - photoframe v.3.0 pro - complete product - image editing - 1 user(s) - complete product - standard - pc mac
extra_predicted_cluster,table2:1010,,565,onone software inc. mpr-40211 - on1 mask pro v.4.0 - complete product - graphics/designing - 1 user - complete product - standard - pc intel-based mac mac
extra_predicted_cluster,table2:1011,,3328,punch software 83100 - punch! home design architectural series 3000 v 10 (win 98 me nt 2000 xp)
extra_predicted_cluster,table2:1017,,3274,punch software 24100 - punch! 5 in 1 home design - complete product - architectural - 1 user - complete productcomplete productstandard - pc
extra_predicted_cluster,table2:1021,,3280,punch software 25100 punch! master landscape and home design
extra_predicted_cluster,table2:1022,,568,punch software 35100 - punch! home design suite professional - complete product - architectural - standard - 1 user(s) - complete product - pc
extra_predicted_cluster,table2:1024,,570,me too software 800801 - hijack2 - win 98 me nt 2000 xp/mac 10.0 or higher
extra_predicted_cluster,table2:1026,,3329,punch software 41100 - punch! home design architectural series 18 - complete product - architectural - 1 user(s) - complete product - standard - english - pc
extra_predicted_cluster,table2:1030,,3330,punch software 42100 - punch! home design architectural series 18 - complete product - architectural - 1 user(s) - complete product - standard - english - pc
extra_predicted_cluster,table2:1031|table2:1035|table2:2323,,574,freeverse software 005 solace
extra_predicted_cluster,table2:1042|table2:1055,,581,ibm websphere portal enable for iseries - ( v. 4.1 ) - complete package
extra_predicted_cluster,table2:1057,,592,sony media software acid pro 5 music production software
extra_predicted_cluster,table2:1058,,3472,webroot software inc 17410 - window washer - win 98 me 2000 xp
extra_predicted_cluster,table2:1060,,593,software cinema dvd-rom: dvdrom: photoshop cs2 advanced techniques (training) photoshop software
extra_predicted_cluster,table2:1063,,595,sony media software acid pro 6 software music production software
extra_predicted_cluster,table2:1067,,597,sony media software acid pro 6 software upgrade from acid pro 5 music production software
extra_predicted_cluster,table2:1117|table2:1119,,638,novell identity manager integration module for mainframe for 800 series mvs - (
extra_predicted_cluster,table2:1123|table2:1125,,644,1000pk multi pack instant
extra_predicted_cluster,table2:1148|table2:2843,,667,studio ultimate version 11
extra_predicted_cluster,table2:1175|table2:1240|table2:1244|table2:1302,,689,peachtree(r) compatible continuous checks-accounting for windows versions 3.5-7.0
extra_predicted_cluster,table2:1179|table2:1424,,693,cisco pgw2200 include redundant
extra_predicted_cluster,table2:118,,103,channel sources distribution co mlw6.0 checkmark multiledger for pc/mac
extra_predicted_cluster,table2:1194|table2:1210|table2:1320|table2:1329,,705,continuous checks for peachtree(r) complete iii for dos v. 5.0-10.0
extra_predicted_cluster,table2:1195|table2:1220,,706,cisco optical services module - multiplexor
extra_predicted_cluster,table2:1196|table2:1208|table2:1260|table2:1290|table2:1292|table2:1397,,707,multipurpose continuous checks
extra_predicted_cluster,table2:1197|table2:1205|table2:1227|table2:1242|table2:1332|table2:1400,,708,specialty single window envelopes to match your forms & checks
extra_predicted_cluster,table2:1199|table2:1278,,710,peachtree(r) compatible laser checks-accounting for windows versions 3.5-7.0
extra_predicted_cluster,table2:12,,7,evergirl: pc cd-rom video game
extra_predicted_cluster,table2:1203|table2:1352,,714,multipurpose laser/inkjet checks
extra_predicted_cluster,table2:1207|table2:1252|table2:1344|table2:1387,,718,quicken(r) quickbooks(r) microsoft money(r) and simply money(r) laser checks
extra_predicted_cluster,table2:1209|table2:1236|table2:1297|table2:1317|table2:1350|table2:1371|table2:1392,,720,peachtree(r) complete iii
extra_predicted_cluster,table2:1212|table2:1255,,723,peachtree(r) complete iii for dos 5.0-10.0 continuous checks
extra_predicted_cluster,table2:1214|table2:1223|table2:1425|table2:1426,,724,novell identity manager integration module for mainframe for 900 series mvs - (
extra_predicted_cluster,table2:1219|table2:1226|table2:1316,,728,mas 90(r) /mas 200(r) compatible continuous checks
extra_predicted_cluster,table2:1221|table2:1234|table2:1238|table2:1253|table2:1274|table2:1275|table2:1318|table2:1321,,730,quicken(r) quickbooks(r) microsoft money(r) and simply money(r) elegant laser checks
extra_predicted_cluster,table2:1225|table2:1254|table2:1257|table2:1261|table2:1270|table2:1315|table2:1343|table2:1389,,734,blank laser checks
extra_predicted_cluster,table2:1232|table2:1288,,741,peachtree(r) compatible continuous forms-accounting for windows 8.0-2004 version
extra_predicted_cluster,table2:1237|table2:1249,,746,peachtree(r) compatible continuous checks-office accounting 12.0
extra_predicted_cluster,table2:1245|table2:1272,,754,three-to-a-page business checks
extra_predicted_cluster,table2:1250|table2:1281|table2:1301|table2:1313|table2:1362,,759,quicken(r) quickbooks(r) microsoft money(r) and simply money(r) continuous checks
extra_predicted_cluster,table2:1256|table2:1266|table2:1293|table2:1304|table2:1324|table2:1336,,765,peachtree(r) compatible continuous checks-accounting for windows 8.0-2004 version
extra_predicted_cluster,table2:1264|table2:1312|table2:1340|table2:1398,,773,specialty double window envelopes to match your forms & checks
extra_predicted_cluster,table2:1268|table2:1337,,777,three-to-a-page itemized invoice checks
extra_predicted_cluster,table2:1276|table2:1295|table2:1358,,785,laser checks for peachtree(r) accounting for windows 8.0-2005
extra_predicted_cluster,table2:1305|table2:1380,,814,three-to-a-page payroll checks
extra_predicted_cluster,table2:1306|table2:2055|table2:2527,,815,sage software acts2005rt act! 7.0 2005
extra_predicted_cluster,table2:1308|table2:2089|table2:2354,,3341,individual software prm-r12 resumemaker professional 12.0
extra_predicted_cluster,table2:1319,,3420,apple software t9164ll/a logic express 6
extra_predicted_cluster,table2:1326,,3324,apple software m9953z/a remote desktop 2.2 10 client
extra_predicted_cluster,table2:1327|table2:2314|table2:2612,,832,freeverse software 4024 robin hood: the legend of sheerwood
extra_predicted_cluster,table2:1328|table2:1349,,833,daceasy(tm) laser/inkjet checks- versions 4.3 and higher
extra_predicted_cluster,table2:1331|table2:1394,,836,three-to-a-page disbursement checks
extra_predicted_cluster,table2:1339|table2:1354,,843,daceasy(tm) continuous checks
extra_predicted_cluster,table2:1345,,848,e-mu beat garden x for emulator x and proteus x software modules sounds for software
extra_predicted_cluster,table2:1361|table2:1364,,864,ams200 4gb
extra_predicted_cluster,table2:1365|table2:1382|table2:1384,,868,laser/inkjet checks for peachtree(r) complete iii for dos v. 5.0-10.0
extra_predicted_cluster,table2:1391,,893,webroot software inc 66410 - spy sweeper (small box) (win 98 me 2000 xp)
extra_predicted_cluster,table2:1402|table2:1482,,903,brain play preschool-1st grade
extra_predicted_cluster,table2:1405|table2:2309|table2:2610,,904,individual software pro-tsm hanes t-shirt maker deluxe
extra_predicted_cluster,table2:1407|table2:2401|table2:2616,,905,individual software jce-th6 total 3d home deluxe j/c
extra_predicted_cluster,table2:1412|table2:2162|table2:2624,,907,freeverse software 4001 northland
extra_predicted_cluster,table2:1415,,909,i copydvds 2 professional edition
extra_predicted_cluster,table2:1417|table2:2402|table2:2626,,910,freeverse software 4012 3d bridge deluxe (retail box) for mac
extra_predicted_cluster,table2:1439,,932,microsoft d48-00369 word mac 10.0 eng gov't 659556873790
extra_predicted_cluster,table2:1452,,3478,diskeeper 2007 professional
extra_predicted_cluster,table2:1454,,3422,sea scene: living underwater worlds
extra_predicted_cluster,table2:1457,,3407,autodesk 34006-010008-160 raster design 2006 essentials
extra_predicted_cluster,table2:1458,,945,gods: lands of infinity - spec
extra_predicted_cluster,table2:1469,,951,equilibrium debabelizer pro 6 0 win 1 u windows xp
extra_predicted_cluster,table2:1473,,955,digital video& audio prod book
extra_predicted_cluster,table2:1477,,3319,microsoft windows vista home basic upgrade (pc)
extra_predicted_cluster,table2:1487,,964,backup exec 10d win adv disk v10.1 e/f/g/s/i/j/c/k full pk
extra_predicted_cluster,table2:1505,,977,computer associates babwbr1151s05 bab r11.5 sp1 dro win m/l cd
extra_predicted_cluster,table2:1509,,3476,smart steps - 4th grade (jc)
extra_predicted_cluster,table2:1511,,982,iremember 2.0 - intriguing development
extra_predicted_cluster,table2:1525,,993,10000 drink recipe - snap
extra_predicted_cluster,table2:1527,,3345,encore inc 28453 midway arcade treasures win 98 me 2000 xp
extra_predicted_cluster,table2:1534,,998,freddi fish 2 - case of haunted schl hse
extra_predicted_cluster,table2:1536,,1000,east west bosendorfer 290
extra_predicted_cluster,table2:1540,,1002,symantec symantec pcanywhere 12 0 host remote
extra_predicted_cluster,table2:1545,,1006,microsoft office and windows training (win 98 me nt 2000 xp)
extra_predicted_cluster,table2:1553,,1012,encore 10025 hoyle card games for pc
extra_predicted_cluster,table2:1559,,1016,zoo tycoon for windows
extra_predicted_cluster,table2:1568,,1021,microsoft h22-00301 gov open sa project svr w9x nt
extra_predicted_cluster,table2:157,,3427,emedia finale allegro
extra_predicted_cluster,table2:1575,,3440,sony online entertainment inc 41032 everquest: titanium win 2000 xp
extra_predicted_cluster,table2:1588,,1037,warlords iii - darklords rising
extra_predicted_cluster,table2:1592,,1040,windows sbs cal 2003 20-clt addpak device cal - microsoft - t74-00003
extra_predicted_cluster,table2:1596,,1044,eagle games egl 150 tournament poker - no limit texas hold'em
extra_predicted_cluster,table2:1615,,1058,destineer inc 10328 scrabble mac 10.3.8 or later
extra_predicted_cluster,table2:1618,,3254,viva media llc 00257 - my sim aquarium - win 2000 xp vista
extra_predicted_cluster,table2:1634,,1074,adobe 09951404 solution expert annu all
extra_predicted_cluster,table2:1640,,1079,encore 28008 cold zero
extra_predicted_cluster,table2:1641,,3490,mcsa/mcse self-paced training kit (exams 70-292 and 70-296) upg. your
extra_predicted_cluster,table2:1644,,1081,microsoft r39-00292 open win svr 2003 ext conn
extra_predicted_cluster,table2:1652,,3299,adobe systems inc - 29180248 - adobe photoshop elements 5.0/premiere elements 3.0
extra_predicted_cluster,table2:1655|table2:1656,,1088,cisco pgw2200 includes redundnt
extra_predicted_cluster,table2:167,,3385,adobe acrobat v8.0 professional for mac upsell from std-pro
extra_predicted_cluster,table2:1679,,1111,serverlock manager - 100 servers
extra_predicted_cluster,table2:169,,3367,digital leisure inc dance 6 (e-jay)
extra_predicted_cluster,table2:1707|table2:2322,,1136,firebox x550e gateway antivirus intrusion prevention service 1yr - watchguard -
extra_predicted_cluster,table2:1723,,1151,microsoft 394-00416 opens exch svr exconn l/sa qual
extra_predicted_cluster,table2:1726,,3357,business objects crystal reports xi
extra_predicted_cluster,table2:1729,,3287,sierrahome hse hallmark card studio special edition win 98 me 2000 xp
extra_predicted_cluster,table2:174,,3463,encore inc registry mechanic
extra_predicted_cluster,table2:1749,,1170,microsoft h32-00034 sps extrnlconnnonemplyengl&s c 805529073074
extra_predicted_cluster,table2:1771,,3258,microspot interiors (mac 10.2 or later)
extra_predicted_cluster,table2:1775,,3438,pop up oxford spanish / english dict
extra_predicted_cluster,table2:1780,,1193,pantone gps206 - reference library
extra_predicted_cluster,table2:1785,,1198,adobe 42050142 acrobat distiller 6 lnx ret cd u/l lnx
extra_predicted_cluster,table2:1833,,1244,clickart 950000 - premier image pack (dvd-rom)
extra_predicted_cluster,table2:1877,,1280,adobe software 22070152 after effects 6.5 pbupgrd
extra_predicted_cluster,table2:188,,143,micromat podlock ipod utility software
extra_predicted_cluster,table2:1882,,1285,disney learning 1st-2nd grade win
extra_predicted_cluster,table2:1890,,3447,kutoka interactive 61208 mia's math adventure: just in time!
extra_predicted_cluster,table2:1918,,1318,webroot software inc - 31250 - spy sweeper spanish
extra_predicted_cluster,table2:1932,,1330,cisco security server agent (windows and solaris) 100-agent bundle
extra_predicted_cluster,table2:1939|table2:1940,,1335,ibm totalstorage ds4800 model 84 - hard drive array
extra_predicted_cluster,table2:194,,145,netopia timbuktu pro for mac single license
extra_predicted_cluster,table2:1946|table2:1947,,1342,jboss subscription service platinum - jboss portal - technical support
extra_predicted_cluster,table2:1949|table2:1950,,1345,sonicwall 01-ssc-6997 3yr snwl client/server anti-virus 1000u sonicwall client/server anti-virus suite - subscription license ( 3 years ) - 1000 users 0758479069973
extra_predicted_cluster,table2:1951,,3494,media made easy volume 3
extra_predicted_cluster,table2:1953,,3336,family tree maker 11 collector's edition
extra_predicted_cluster,table2:1954|table2:2308|table2:2609,,1348,freeverse software 4015 big bang board games
extra_predicted_cluster,table2:1955|table2:2406|table2:2625,,1349,individual software prm-rce resumemaker career edition
extra_predicted_cluster,table2:1957|table2:2407|table2:773,,440,individual software qne-t15 typing quick & easy 15.0
extra_predicted_cluster,table2:1980,,3433,my first bible stories (jc)
extra_predicted_cluster,table2:1992,,3353,imsi turbocad designer 11
extra_predicted_cluster,table2:1995,,3256,encore software 10561 - marine aquarium & goldfish screen saver by
extra_predicted_cluster,table2:1997,,3500,jumpstart kindergarten (jc)
extra_predicted_cluster,table2:1998,,3293,encore software 11273 - hasbro family collection 2006 sb cs by hasbro
extra_predicted_cluster,table2:1999,,1377,the printshop v22 deluxe
extra_predicted_cluster,table2:2003,,1378,scrapbook designer platinum
extra_predicted_cluster,table2:2005,,1379,reader rabbit 1st grade
extra_predicted_cluster,table2:2007,,3262,the big mix
extra_predicted_cluster,table2:2021,,3317,topics entertainment reference success deluxe 2006
extra_predicted_cluster,table2:2023,,3517,national geographic: forces of nature
extra_predicted_cluster,table2:2027,,3315,national geographic redshift planetarium
extra_predicted_cluster,table2:2033,,1390,web shop platinum
extra_predicted_cluster,table2:2039,,1395,clifford thinking
extra_predicted_cluster,table2:2045,,3246,encore software 10119 - adventure workshop 4th-6th grade 7th edition - win xp
extra_predicted_cluster,table2:2049,,3338,topics presents: museums of world
extra_predicted_cluster,table2:2051,,3429,boost xp
extra_predicted_cluster,table2:2054,,1402,trudys time & place house
extra_predicted_cluster,table2:206,,3244,school zone interactive vocabulary puzzles 1 on track software
extra_predicted_cluster,table2:2060,,3285,adobe production premium cs3 software suite for windows professional editing software
extra_predicted_cluster,table2:2063,,1406,sibelius g7 software for guitarists music production software
extra_predicted_cluster,table2:2064,,1407,nero nero 7 ultra edition enhanced cd/dvd burning software for windows authoring software
extra_predicted_cluster,table2:2066,,1409,middle school math & science
extra_predicted_cluster,table2:207,,152,steinberg software cubase se 3.0 - educational edition
extra_predicted_cluster,table2:2074,,1412,drive washer 2005
extra_predicted_cluster,table2:2080,,1415,phonics success deluxe 2006
extra_predicted_cluster,table2:2092,,3486,instant play electric guitar express (jc)
extra_predicted_cluster,table2:2099,,1424,topics presents: ancient civilizations
extra_predicted_cluster,table2:2104,,1426,instant landscape design 3.0
extra_predicted_cluster,table2:2105,,1427,symantec norton internet security 3.0 software for macintosh apple & mac software
extra_predicted_cluster,table2:2106,,1428,acid music studio 6
extra_predicted_cluster,table2:2107,,1429,autodesk combustion 4.0 compositing software - win compositing software
extra_predicted_cluster,table2:211,,155,freeverse software toysight gold
extra_predicted_cluster,table2:2117,,1434,bias deck 3.5 le digital audio recording software music production software
extra_predicted_cluster,table2:2122,,1437,steinberg sequel music software music production software
extra_predicted_cluster,table2:2123,,1438,make printmusic 2006 software music production software
extra_predicted_cluster,table2:2126,,1441,apple xsan san data storage consolidation and file sharing software apple & mac software
extra_predicted_cluster,table2:2130,,3453,sibelius sibelius 4 software music production software
extra_predicted_cluster,table2:2133,,3400,cakewalk sonar 6 producers edition software music production software
extra_predicted_cluster,table2:2136,,3468,adobe captivate 2 software for windows presentation software
extra_predicted_cluster,table2:2138,,1446,h&r block taxcut home and business with state e-file efile and sage act! 8 - win tax & finance software
extra_predicted_cluster,table2:2139,,1447,isi researchsoft 5229 endnote 9 academic (schools faculty & non-academics)
extra_predicted_cluster,table2:2145,,1452,me too software 800001 - i copy dvds 2 (win 98 me 2000 xp)
extra_predicted_cluster,table2:2156,,1460,now software nuw45e1k now up-to-date & contact for windows
extra_predicted_cluster,table2:2159,,1463,topics entertainment 80542 instant immersion french 2.0 781735805428
extra_predicted_cluster,table2:2164|table2:2194|table2:2611,,1468,individual software prm-xw3 professor teaches excel & word
extra_predicted_cluster,table2:2165,,3480,enfocus ss3.5-ug-001 pitstop server v. 3.5 upgrade package - 1 server for windows and mac
extra_predicted_cluster,table2:2169,,1471,steinberg cubase studio 4 software - competitive crossgrade music production software
extra_predicted_cluster,table2:2190,,1486,webroot software inc 28310 - child safe 3-pc - win 2000 xp vista
extra_predicted_cluster,table2:2195|table2:2325|table2:2607,,1489,freeverse software 006 active lancer
extra_predicted_cluster,table2:2197|table2:2319|table2:2617,,1491,individual software jce-wn5 professor teaches windows j/c
extra_predicted_cluster,table2:2198|table2:2321|table2:776,,441,individual software prm-wn5 professor teaches windows xp
extra_predicted_cluster,table2:2202,,1495,encore software 10599 - encore registry mechanic v.5.1 - complete product - utility - 1 user(s) - complete product - standard - pc
extra_predicted_cluster,table2:2203|table2:2565|table2:2745,,1496,abacus software s546 usa extreme landscapes for fs2004 and fs2002 - 3cd set
extra_predicted_cluster,table2:2209,,3536,encore software 10038 - encore the print shop v.21.0 deluxe - print management - pc
extra_predicted_cluster,table2:2213,,3251,upg crystal reports 11 pro french
extra_predicted_cluster,table2:2214,,3340,apple/emagic logic pro 7.2 software upgrade music production software
extra_predicted_cluster,table2:2217,,1502,adobe audition 2.0 audio production software - educational discount audio software for video
extra_predicted_cluster,table2:2219|table2:2411,,1504,native instruments traktor dj studio 3 - software based dj rig music production software
extra_predicted_cluster,table2:2221,,1506,make finale 2007 software - educational discount music production software
extra_predicted_cluster,table2:2227,,3415,intuit quickbooks pro 2007 software for windows tax & finance software
extra_predicted_cluster,table2:2241,,1518,h&r block taxcut premium federal and state software for windows - usb tax & finance software
extra_predicted_cluster,table2:2247,,3426,make finale allegro software music production software
extra_predicted_cluster,table2:2251|table2:2754|table2:777,,442,freeverse software 5003 bumpercar 2.0 mac web browser
extra_predicted_cluster,table2:2254,,1527,make finale 2007 software music production software
extra_predicted_cluster,table2:2257,,1529,adobe 22011152 audition2 win retail ue 1u
extra_predicted_cluster,table2:2262,,3363,encore software 12441 - encore spongebob squarepants typing fun - time management
extra_predicted_cluster,table2:2266,,1536,encore software 12491 - encore kissing canines - screen saver
extra_predicted_cluster,table2:2272,,1540,encore software 10566 - encore hoyle card games 2005 - complete product - sports game - 1 user - complete product - standard - pc
extra_predicted_cluster,table2:2274,,3502,encore software 10374 - encore professor fuji's sudoku deluxe - complete product - educational game - 1 user(s) - complete product - standard - pc
extra_predicted_cluster,table2:2276,,1543,encore software 10033 - encore the print shop v.21.0 - complete product - print management - 1 user(s) - complete product - standard - pc
extra_predicted_cluster,table2:2277,,1544,encore software 10476 - encore home and business lawyer 2006 deluxe - complete product - legal reference - 1 user - complete product - standard - pc
extra_predicted_cluster,table2:228,,163,dreamcatcher interactive wanted - wild willy west
extra_predicted_cluster,table2:2288,,3370,encore software 10485 - encore printmaster v.17.0 platinum - complete product - creativity application - 1 user - complete product - standard - pc
extra_predicted_cluster,table2:2290,,3355,encore software 25005 - encore marine aquarium v.2.0 - complete product - screen saver - 1 user(s) - complete product - standard - pc mac
extra_predicted_cluster,table2:2311,,1565,make songwriter software music production software
extra_predicted_cluster,table2:2312|table2:2608|table2:2759,,1566,freeverse software 010 wingnuts 2 - raina's revenge
extra_predicted_cluster,table2:2313,,1567,business objects t-59j-e-56-wx crystal rpt 11 report essentials cbt
extra_predicted_cluster,table2:2334,,3473,webroot software inc 17210 - window washer - win 98 me 2000 xp
extra_predicted_cluster,table2:2336,,1584,webroot software inc 28410 - child safe - win 98 me 2000 xp vista
extra_predicted_cluster,table2:2338,,1586,csdc jc212 spanish 1-2-3 - on hand software
extra_predicted_cluster,table2:2342,,3522,onone software ele-10211 - on1 essentials v.1.0 for photoshop elements - complete product - graphics/designing - 1 user - complete product - standard - english - pc mac
extra_predicted_cluster,table2:2356,,1599,encore software 32179 - encore kid pix deluxe 4 home edition - complete product - graphics/designing - 1 user(s) - complete product - standard - pc mac
extra_predicted_cluster,table2:2359,,3539,bling software limited 873172050209 - safekeeper plus - win 2000 xp
extra_predicted_cluster,table2:2384,,1616,century software tt-1 - century tinyterm v.4.3x - emulation - 1 user(s) - english french german spanish italian polish portuguese - pc
extra_predicted_cluster,table2:2386,,1618,hewlett packard ba154aa dp open file agent win 5wkst ltu
extra_predicted_cluster,table2:2388,,3519,corel corporation ptr9engpcma ae painter ix win/mac
extra_predicted_cluster,table2:2390,,3266,cakewalk sonar home studio 6 software music production software
extra_predicted_cluster,table2:2397,,3298,adobe premiere elements 3 and photoshop elements 5 software for windows consumer video editing software
extra_predicted_cluster,table2:2399,,3264,cakewalk sonar home studio 6 xl software music production software
extra_predicted_cluster,table2:2405,,1627,microsoft r18-00908 windows server 2003 client access license 20-pack (per user)
extra_predicted_cluster,table2:2428,,1642,emc insignia retrospect server client - ( v. 7.5 ) - complete package
extra_predicted_cluster,table2:2430,,3305,encore software 10565 - hoyle card games 2007 - win 98 me 2000 xp
extra_predicted_cluster,table2:2433,,1644,encore software 11190 - scrabble - win 98 me 2000 xp
extra_predicted_cluster,table2:2438,,1645,encore software 11620 - axis & allies - win 98 me 2000 xp
extra_predicted_cluster,table2:2440,,1646,encore software 13840 - defcon: global nuclear domination game - win 98 me 2000 xp vista
extra_predicted_cluster,table2:2441,,1647,encore software 10279 - sharks 2.0 (win 95 98 me 2000 xp/mac 10.1 or higher)
extra_predicted_cluster,table2:2442,,3290,encore software 10675 - hoyle casino 2007 - win 98 me 2000 xp
extra_predicted_cluster,table2:2444,,1648,encore software 14120 - jeopardy jc - win 98 me 2000 xp
extra_predicted_cluster,table2:2445,,3292,encore software 11272 - hasbro: family collection (2006) - win 98 me 2000 xp
extra_predicted_cluster,table2:2446,,1649,encore software 10313 - professor fujis sudoku (win 98 me 2000 xp)
extra_predicted_cluster,table2:2447,,1650,mobi-cam 70008 monitoring and notification software
extra_predicted_cluster,table2:2448,,3310,encore software 11182 - monopoly here & now - win 98 me 2000 xp
extra_predicted_cluster,table2:2450,,3269,encore software 11253 - brain food games: cranium collection 2006 sb cs by encore
extra_predicted_cluster,table2:2451,,3459,encore software 10569 - hoyle puzzle games 2007 - win 98 me 2000 xp
extra_predicted_cluster,table2:2453,,3403,encore software 14110 - jeopardy! deluxe - win 2000 xp vista
extra_predicted_cluster,table2:2456,,3303,encore software 11192 - scrabble champion edition - win 98 me 2000 xp
extra_predicted_cluster,table2:2457,,3457,encore software 10636 - 3d home architect landscape v.8by
extra_predicted_cluster,table2:2458,,3289,encore software 10673 - hoyle casino 2007 - win 98 me 2000 xp
extra_predicted_cluster,table2:2459,,1651,encore software 33041 - country varmint hunter - win 98 me 2000 xp
extra_predicted_cluster,table2:2462,,1652,encore software 10655 - hoyle bridge - win 98 me 2000 xp
extra_predicted_cluster,table2:2463,,1653,encore software 33027 - hoyle texas holdem (win 98 me 2000 xp)
extra_predicted_cluster,table2:2469,,3311,encore software 11180 - monopoly here & now - win 98 me 2000 xp
extra_predicted_cluster,table2:2473,,1658,computer associates babwbr1151s33 - brightstor arcserve backup client for vss software snap-shot v.11.5 for windows with service pack 1 - add-on - backup & recovery - 1 server(s) - complete product - standard - multilingual - pc
extra_predicted_cluster,table2:2481,,1663,corel ulead dvd workshop 2 authoring software
extra_predicted_cluster,table2:2485,,3278,adobe photoshop cs3 extended software full version for windows
extra_predicted_cluster,table2:2487,,1666,encore software 10282 - sharks 2.0 (win 95 98 me 2000 xp/mac 10.1 or higher)
extra_predicted_cluster,table2:2492|table2:2493,,1671,sony creative software sound forge audio studio v.8.0 complete product
extra_predicted_cluster,table2:2497,,1675,sony vegas 6 video editing software professional editing software
extra_predicted_cluster,table2:2498,,3313,redshift 5 (national geographic presents) (win 98 me 2000 xp)
extra_predicted_cluster,table2:2534|table2:2722,,1702,aec software 1018001000132 fasttrack schedule 8 pda
extra_predicted_cluster,table2:2543|table2:2661,,1711,onone software mpr-40212 mask pro 4.0 upgrade (buy now and get free cs3 compatibility upgrades)
extra_predicted_cluster,table2:2547|table2:2749,,1714,abacus software s482 scenic railway add-on for pc
extra_predicted_cluster,table2:2548|table2:2748,,1715,abacus software s461 train sim modeller for pc
extra_predicted_cluster,table2:2549|table2:2726,,1716,abacus software 1557555117 flight deck iii for pc
extra_predicted_cluster,table2:255,,173,school zone interactive flash action addition & subtraction
extra_predicted_cluster,table2:2558,,1723,palmspring software 523 oxford american desk dictionary
extra_predicted_cluster,table2:2560|table2:2751,,1725,abacus software s515 flight simulation sea plane adventures pc
extra_predicted_cluster,table2:2561|table2:2724,,1726,abacus software s fs commuter pilot - pc
extra_predicted_cluster,table2:2562|table2:2735,,1727,ce software 4501eu01up35 quickeys 5.0 upgrade from 3.x
extra_predicted_cluster,table2:2563|table2:2743,,1728,abacus software 5563 abacus 5563 - private pilot ii
extra_predicted_cluster,table2:2564|table2:2739,,1729,abacus software s532 military aircraft collection for pc
extra_predicted_cluster,table2:2566|table2:2734,,1731,abacus software s513 fligth simulation whirly birds adventures pc
extra_predicted_cluster,table2:2567|table2:2753,,1732,ce software 4501eu01up40 quickeys 5.0 upgrade from 4.0
extra_predicted_cluster,table2:2568|table2:2733,,1733,ce software 4x30eu01up20 quickeys x3 upgrade from 2.0
extra_predicted_cluster,table2:257,,174,nova development corp art explosion 600000 images
extra_predicted_cluster,table2:2570|table2:2741,,1734,abacus software 5562 chopper havoc for pc
extra_predicted_cluster,table2:2571|table2:2737,,1735,abacus software s568 vietnam carrier ops
extra_predicted_cluster,table2:2572|table2:2756,,1736,abacus software s552 fs fighter pilot for fs2004 and fs2002
extra_predicted_cluster,table2:2573|table2:2747,,1737,abacus software ss69 corporate pilot 2
extra_predicted_cluster,table2:2588|table2:2847|table2:2874,,1752,punch software 90500 home design studio - mac
extra_predicted_cluster,table2:259,,175,topics entertainment instant immersion german 2.0
extra_predicted_cluster,table2:2622,,1785,m-audio pro tools m-powered mpowered 7.3 software music production software
extra_predicted_cluster,table2:2628,,1790,avid liquid 7.0 - professional video editing software for windows professional editing software
extra_predicted_cluster,table2:2629,,1791,global software a2649m2h - rainbow fish & the whale - win 95 98 me xp/mac 8.6-9.x (classic) x v10.1 or higher
extra_predicted_cluster,table2:2630,,3484,global software a0447jch - dk smart steps 2nd grade - win 95 98 me 2000 xp vista
extra_predicted_cluster,table2:2638,,1797,global software a8641jch - dk smart steps first grade - win 95 98 me 2000 xp vista
extra_predicted_cluster,table2:2639,,1798,global software a2663m2h - amazing animals w/zoofari games - win 95 98 me xp/mac 8.6-9.x (classic) x v10.1 or higher
extra_predicted_cluster,table2:2641,,3449,global software a7163jcw - kakuro puzzle addict unlimited edition - dvd movie
extra_predicted_cluster,table2:2642,,1799,global software a9716jcw - crossword addict - win 95 98 me 2000 xp
extra_predicted_cluster,table2:2646,,1800,simply put software llc de905-s - data elminator (win 95 98 me nt 2000 xp)
extra_predicted_cluster,table2:2649,,1803,adobe dv rack 2.0 hd software for windows professional editing software
extra_predicted_cluster,table2:2654,,1808,simply put software llc gs905-s - gotta sing (win 95 98 me nt 2000 xp/mac 10.0 or higher)
extra_predicted_cluster,table2:2662,,3296,adobe premiere elements 3 (pc)
extra_predicted_cluster,table2:2666,,1815,sony creative software sf9006 - sound forge 9 boxed upgrade sound editing s/w
extra_predicted_cluster,table2:2672,,1817,autodesk 3ds max 9 - 3d animation software for windows animation software
extra_predicted_cluster,table2:2687,,1826,microsoft money 2007 home and business (pc)
extra_predicted_cluster,table2:2694,,3236,microsoft onenote 2007 upgrade (pc)
extra_predicted_cluster,table2:2696,,3431,instant immersion spanish 2.0 topics
extra_predicted_cluster,table2:2697,,1828,microsoft windows xp professional edition (upgrade)
extra_predicted_cluster,table2:2708,,3235,microsoft onenote 2007 (pc)
extra_predicted_cluster,table2:2715,,1834,magix webradio recorder (pc) magix entertainment
extra_predicted_cluster,table2:272,,182,microsoft windows xp pro sp2 retail
extra_predicted_cluster,table2:2761,,1871,encore software 10538 - adventure workshop preschool 7 by the learning company
extra_predicted_cluster,table2:280,,3424,masque publishing sportsmans double play with american billiards
extra_predicted_cluster,table2:2806,,1897,fisher-price rescue heroes: hurricane havoc
extra_predicted_cluster,table2:2842|table2:6,,4,edius pro 4
extra_predicted_cluster,table2:2845,,3482,sibelius sibelius 5 software music production software
extra_predicted_cluster,table2:285,,188,microsoft windows xp home edition sp2 retail box
extra_predicted_cluster,table2:2852,,3350,transfer my dvd avanquest usa
extra_predicted_cluster,table2:2853|table2:2881,,1919,quickbooks pro 2007 3 user
extra_predicted_cluster,table2:2855,,1920,webroot software inc 66210 - spy sweeper (mass merchant) (win 98 me 2000 xp)
extra_predicted_cluster,table2:2859,,1922,encore software 10548 - encore tlc zoombinis 3rd grade learning system 2007 - complete product - educational - 1 user - complete product - standard - pc mac
extra_predicted_cluster,table2:288,,190,entertainment partners ep budgeting for film
extra_predicted_cluster,table2:289,,191,nova development corp ideasoft photo clip art 10000
extra_predicted_cluster,table2:2921,,3308,media studio for psp standard editon (800060)
extra_predicted_cluster,table2:2984|table2:3007,,2018,microsoft(r) project standard 2007
extra_predicted_cluster,table2:313,,3455,adobe systems inc adobe acrobat 8.0 professional upsell (std-pro)
extra_predicted_cluster,table2:322,,206,alsoft diskwarrior for intel
extra_predicted_cluster,table2:341,,3260,microspot interiors version 3.6
extra_predicted_cluster,table2:380,,230,corel corel word perfect office 12 upgrade
extra_predicted_cluster,table2:381,,3515,ea sports battlefield 1942: deluxe edition (pc) game
extra_predicted_cluster,table2:383,,231,cyberlink power director 3
extra_predicted_cluster,table2:385,,232,sony pc video game - the station access collection - dvd-rom
extra_predicted_cluster,table2:386,,233,agatha christie and then there were none e (pc) tha christi
extra_predicted_cluster,table2:396,,239,sos aggregation company panda antivirus + firewall 2008 3-user
extra_predicted_cluster,table2:400,,3361,encore inc spongebob squarepants - typing fun
extra_predicted_cluster,table2:417,,246,csdc wild photo effects - on hand software
extra_predicted_cluster,table2:420,,3513,re:launch carrara 5 pro
extra_predicted_cluster,table2:421,,249,sony media software discrete drums: vol.1 - sony sound series
extra_predicted_cluster,table2:459,,3396,computrace lojack for laptops - 3 yr subscription
extra_predicted_cluster,table2:475,,3445,global marketing partners easy video editor 2.0 - honest technology
extra_predicted_cluster,table2:490,,286,cyberchase adventures by brighter minds
extra_predicted_cluster,table2:506,,292,adobe photoshop elements 4.0 mac academic
extra_predicted_cluster,table2:507,,293,dvo enterprises inc. cookn deluxe 6.0
extra_predicted_cluster,table2:513,,297,apple .mac 4.0 family pack (new or renewal)
extra_predicted_cluster,table2:533,,308,micromat inc. diskstudio
extra_predicted_cluster,table2:538,,3418,corel corporation corel snapfire plus
extra_predicted_cluster,table2:541,,3240,kaplan act/sat/psat gold 2007 mac os x
extra_predicted_cluster,table2:546,,311,summit soft macbackup mac os x macxware
extra_predicted_cluster,table2:558,,315,encore inc 3d home architect landscape design deluxe v 9.0
extra_predicted_cluster,table2:572,,321,individual software inc small business advantage deluxe
extra_predicted_cluster,table2:573,,3380,symantec norton anti-virus 2007 windows
extra_predicted_cluster,table2:576,,3196,adobe dreamweaver cs3 academic
extra_predicted_cluster,table2:605,,337,school zone interactive shapes on track software
extra_predicted_cluster,table2:606,,338,nuance communications inc. dragon ns standard v9
extra_predicted_cluster,table2:611,,341,adobe systems inc flash remoting 1.0 (net&java 2)(2 users)
extra_predicted_cluster,table2:641,,358,csdc power translator 11 premium - language engineering company
extra_predicted_cluster,table2:643,,359,hal leonard allegro 2007 5-user labpack
extra_predicted_cluster,table2:644,,360,true north technology inc. northstar
extra_predicted_cluster,table2:653,,364,adobe systems inc flash remoting 1.0 (net&java 1)(1 user)
extra_predicted_cluster,table2:660,,367,simply magazine sales skills
extra_predicted_cluster,table2:678,,3488,global marketing partners video patrol 5.0 - honest technology
extra_predicted_cluster,table2:684,,3409,findex.com inc sermon builder 4.0
extra_predicted_cluster,table2:686,,3247,encore inc adventure workshop 4th-6th grade 8th edition
extra_predicted_cluster,table2:687,,384,orion/imaginova starry night screensaver
extra_predicted_cluster,table2:692,,3387,spelling
extra_predicted_cluster,table2:700,,391,emedia music corp guitar pro v 5.1 (hybrid)
extra_predicted_cluster,table2:711,,398,avanquest usa llc spycatcher 2007
extra_predicted_cluster,table2:732,,3359,madison media software aspvms8000 - acad vegas movie studio +dvd 8 platinum
extra_predicted_cluster,table2:738,,421,encore software 11290 - scrabble complete - win 98 me xp
extra_predicted_cluster,table2:747,,3460,encore software 10567 - hoyle puzzle games 2007 - win 98 me 2000 xp
extra_predicted_cluster,table2:748,,428,encore software 33020 - jackpot tycoon - win 98 me 2000 xp
extra_predicted_cluster,table2:751,,430,encore software 11140 - fate - win 2000 xp
extra_predicted_cluster,table2:755,,431,encore software 11580 - monopoly with bonus risk - win 98 me 2000 xp
extra_predicted_cluster,table2:756,,432,encore software 10653 - professor fujis kakuro - win 98 me 2000 xp
extra_predicted_cluster,table2:758,,433,encore software 13780 - westward - win 98 me 2000 xp vista
extra_predicted_cluster,table2:760,,434,encore software 11670 - who wants to be a millionaire? - win xp 2000
extra_predicted_cluster,table2:761,,3507,webroot software 65210 spy sweeper 3 pc
extra_predicted_cluster,table2:762,,3271,encore software 11250 - brain food games: cranium collection 2006 - win 98 me 2000 xp
extra_predicted_cluster,table2:763,,3270,encore software 11252 - brain food games: cranium collection 2006 - win 98 me 2000 xp
extra_predicted_cluster,table2:764,,435,encore software 25020 - marine aquarium 2.5 (hybrid) - win 95 98 me 2000 xp/mac 10.1 or higher
extra_predicted_cluster,table2:772,,439,topics entertainment 80796 - topics math success 2007 deluxe for windows - educational software - pc
extra_predicted_cluster,table2:775,,3275,punch software 20100 punch! 5 in 1 home design
extra_predicted_cluster,table2:778,,3411,encore software 10123 - aquarium 3-in-one limited edition (eurpac) - win 95 98 me 2000 xp
extra_predicted_cluster,table2:782,,446,e-mu modern symphonic orchestra for emulator x and proteus x sounds for software
extra_predicted_cluster,table2:783,,3343,individual software resume maker professional deluxe 12.0
extra_predicted_cluster,table2:792,,449,onone software smartscale software
extra_predicted_cluster,table2:793,,450,onone software genuine fractals print pro software
extra_predicted_cluster,table2:795,,451,hewlett packard t1936aa ua0 - hp digital sending software 4.0 - complete product - document management - 1 device(s) - complete product - standard - multilingual - pc
extra_predicted_cluster,table2:797,,3365,apple software t9163ll/a logic pro 6
extra_predicted_cluster,table2:798,,3389,apple software t9161ll/a logic platinum/ gold 5&6 to logic pro 6 update
extra_predicted_cluster,table2:799,,453,microsoft digital image suite plus full version of photo editing software for windows.
extra_predicted_cluster,table2:8,,3442,qb credit card kit 3.0
extra_predicted_cluster,table2:813,,462,topics entertainment i spy fantasy w/ i spy bk & mini cd
extra_predicted_cluster,table2:821,,468,vivendi-universal games inc swat 4
extra_predicted_cluster,table2:823,,3326,topics entertainment instant immersion spanish audio deluxe
extra_predicted_cluster,table2:826,,3347,school zone interactive time money & fractions 1-2 on track software
extra_predicted_cluster,table2:828,,3394,topics entertainment talk now! afrikaans - beginners
extra_predicted_cluster,table2:862,,492,school zone interactive math 2 on track software
extra_predicted_cluster,table2:866,,496,individual software inc typing instructor deluxe j/c
extra_predicted_cluster,table2:878,,505,fogware publishing middle school life science - classification & ecology
extra_predicted_cluster,table2:881,,3511,aspyr leave the lights on-bundle
extra_predicted_cluster,table2:883,,3378,sims 2 pets for mac
extra_predicted_cluster,table2:886,,507,apple .mac 4.0 1yr new or renewal internet service
extra_predicted_cluster,table2:888,,3496,adobe contribute cs3 upgrade
extra_predicted_cluster,table2:898,,511,micromat techtool protege utility with 1gb firewire flash drive
extra_predicted_cluster,table2:903,,3451,freeverse burning monkey solitaire 3d
extra_predicted_cluster,table2:907,,515,prosoft engineering drive genius 1.5
extra_predicted_cluster,table2:908,,516,adobe cs3 design standard upsell
extra_predicted_cluster,table2:911,,519,freeverse burning monkey mahjong 3d
extra_predicted_cluster,table2:912,,3284,adobe cs3 production premium
extra_predicted_cluster,table2:922,,520,laughingbird the flash ad creator
extra_predicted_cluster,table2:924,,521,git comic book library collector's edition vol. 1
extra_predicted_cluster,table2:956,,3373,corel painter x academic
extra_predicted_cluster,table2:960,,532,detto move2mac usb kit (to move data from pc to ma
