side,refs,reference_title,predicted_entity_id,predicted_title
missing_reference_cluster,table1:0|table2:1833,clickart 950 000 - premier image pack (dvd-rom),,
missing_reference_cluster,table1:1001|table2:2293,roxio easy media creator 9,,
missing_reference_cluster,table1:1002|table2:798,logic pro 6 upgrade from logic platinum/gold 5&6,,
missing_reference_cluster,table1:1004|table2:2290,marine aquarium 2.0 (pc & mac),,
missing_reference_cluster,table1:1005|table2:767,elementary advantage 2008,,
missing_reference_cluster,table1:1006|table2:2311,finale songwriter 2007,,
missing_reference_cluster,table1:1007|table2:772,math success deluxe 2007,,
missing_reference_cluster,table1:1009|table2:765,wheel of fortune deluxe,,
missing_reference_cluster,table1:1011|table2:766,elementary school advantage 2007,,
missing_reference_cluster,table1:1012|table2:783,resumemaker professional 12.0,,
missing_reference_cluster,table1:1016|table2:782,e-mu em8669 modern symphonic orchestra,,
missing_reference_cluster,table1:1019|table2:2254,makemusic finale 2007 win/mac,,
missing_reference_cluster,table1:102,myinvoices & estimates deluxe,,
missing_reference_cluster,table1:1020|table2:758,westward,,
missing_reference_cluster,table1:1024|table2:756,pc professor fuji's kakuro,,
missing_reference_cluster,table1:1025|table2:764,marine aquarium 2.5 virtual undersea paradise win/mac,,
missing_reference_cluster,table1:1026|table2:2262,riverdeep spongebob squarepants typing fun,,
missing_reference_cluster,table1:1027|table2:763,brain food games: cranium collection 2006,,
missing_reference_cluster,table1:1028|table2:762,brain food games: cranium collection 2006,,
missing_reference_cluster,table1:1029|table2:2258,printmaster 17 gold by encore software,,
missing_reference_cluster,table1:103|table2:1618,my sim aquarium,,
missing_reference_cluster,table1:1030|table2:760,who wants to be a millionaire?,,
missing_reference_cluster,table1:1032|table2:751,fate,,
missing_reference_cluster,table1:1035|table2:747,hoyle puzzle & board games 2007,,
missing_reference_cluster,table1:1036|table2:748,jackpot tycoon (jewel case),,
missing_reference_cluster,table1:1037|table2:2266,riverdeep kissing canines,,
missing_reference_cluster,table1:1039|table2:755,monopoly platinum edition,,
missing_reference_cluster,table1:104|table2:1615,scrabble,,
missing_reference_cluster,table1:1040|table2:2277,home & business lawyer dlx 2006 by broderbund,,
missing_reference_cluster,table1:1041|table2:754,middle school advantage 2008,,
missing_reference_cluster,table1:1043,reader rabbit learn to read phonics pre kindergarten,,
missing_reference_cluster,table1:1045|table2:2274,professor fujis sudoku deluxe by encore,,
missing_reference_cluster,table1:1053|table2:2012,pc tools spyware doctor 2007 sb cs by pc tools,,
missing_reference_cluster,table1:1056,ares rising,,
missing_reference_cluster,table1:1058|table2:12,evergirl,,
missing_reference_cluster,table1:106|table2:1932,cisco security server agent for windows and solaris - license - 100 agents - win solaris ( csa-b100-srvr-k9 ),,
missing_reference_cluster,table1:1060|table2:1998,hasbro family game collection 2006,,
missing_reference_cluster,table1:1063|table2:1995,marine aquarium & goldfish screen saver by encore software,,
missing_reference_cluster,table1:1065|table2:2044,family tree maker version 16 collectors edition sb cs,,
missing_reference_cluster,table1:1066|table2:975,modeless liquid ledger personal finance software (mac),,
missing_reference_cluster,table1:107|table2:1652,photoshop elements 5 and premiere elements 3 bundle win minibox (29180248),,
missing_reference_cluster,table1:1071|table2:2045,adventure workshop 4th-6th grade 7th edition,,
missing_reference_cluster,table1:1076|table2:969,burning monkey solitaire 4.0,,
missing_reference_cluster,table1:1080|table2:1345,e-mu em8685 beat garden x emulator x2/proteus x2 soundset,,
missing_reference_cluster,table1:1084|table2:1381,final cut express 2.0 upgrade,,
missing_reference_cluster,table1:1085|table2:960,detto move2mac usb,,
missing_reference_cluster,table1:1086|table2:952,allume aquazone seven seas deluxe,,
missing_reference_cluster,table1:1087|table2:1326,apple remote desktop 2.2 10 client (old version),,
missing_reference_cluster,table1:109|table2:2159,instant immersion french 2.0,,
missing_reference_cluster,table1:1090|table2:761,webroot spysweeper antispyware - 3 user,,
missing_reference_cluster,table1:1096|table2:774,punch! master landscape & home design,,
missing_reference_cluster,table1:1101|table2:1967,the print shop 22 pro publisher deluxe sb cs by the print shop,,
missing_reference_cluster,table1:1105|table2:1391,webroot spy sweeper antispyware 5.x,,
missing_reference_cluster,table1:1108|table2:1401,dk rainbow fish most beautiful fish in the ocean,,
missing_reference_cluster,table1:1115|table2:2123,emedia print music 2006 win/mac,,
missing_reference_cluster,table1:1116|table2:1634,adobe solution expert support,,
missing_reference_cluster,table1:112|table2:1646,foreign policy & reform (win/mac) (jewel case),,
missing_reference_cluster,table1:1125|table2:924,comic book library,,
missing_reference_cluster,table1:1126|table2:2138,taxcut home & bus +state + sage includes act 8.0 & peachtree 2007,,
missing_reference_cluster,table1:113|table2:1644,microsoft licenses win svr 2003 ext conn lic (r3900292),,
missing_reference_cluster,table1:1130|table2:2133,cakewalk sonar 6 producer ed,,
missing_reference_cluster,table1:1133|table2:2136,adobe captivate 2.0,,
missing_reference_cluster,table1:1134,crystal 3d impact! pro 1.25 (jewel case),,
missing_reference_cluster,table1:114|table2:7,quickbooks pos: pro multistore 6.0,,
missing_reference_cluster,table1:1140|table2:911,burning monkey mahjongg (mac),,
missing_reference_cluster,table1:1142|table2:2073,pc tools spyware doctor 2007,,
missing_reference_cluster,table1:1144|table2:907,drive genius by prosoft engineering inc,,
missing_reference_cluster,table1:1149|table2:903,burning monkey solitaire 2005 edition,,
missing_reference_cluster,table1:1150|table2:2064,nero 7 ultra edition enhanced pc & home entrmnt soln,,
missing_reference_cluster,table1:1154,spring cleaning 9.0 for mac os 10.4 & above,,
missing_reference_cluster,table1:1155|table2:2063,g7 kontakt edition,,
missing_reference_cluster,table1:1157|table2:2110,cakewalk sonar 6 studio,,
missing_reference_cluster,table1:1160,print explosion deluxe 3.0 (mac),,
missing_reference_cluster,table1:1162|table2:896,stuffit deluxe 11,,
missing_reference_cluster,table1:1165|table2:914,adobe indesign cs3 upgrade from pagemaker [mac],,
missing_reference_cluster,table1:1168|table2:933,microsoft office student and teacher edition 2004 macintosh,,
missing_reference_cluster,table1:1173|table2:792,onone software pxl smartscale ( windows and macintosh ),,
missing_reference_cluster,table1:1176|table2:558,3d home architect landscape design deluxe version 9,,
missing_reference_cluster,table1:1177|table2:562,adobe creative suite cs3 web standard [mac],,
missing_reference_cluster,table1:1179|table2:1007,photoframe pro 3.0 1u,,
missing_reference_cluster,table1:118|table2:1726,crystal reports xi professional edition,,
missing_reference_cluster,table1:1181|table2:1009,punch! professional home design,,
missing_reference_cluster,table1:1183,mcafee virusscan plus - 3 user,,
missing_reference_cluster,table1:1184|table2:1010,mask pro 4.0 1u,,
missing_reference_cluster,table1:1186|table2:1011,home design architect series 3000 v10.0,,
missing_reference_cluster,table1:1187|table2:572,individual small business advantage deluxe 2006,,
missing_reference_cluster,table1:1188,finale 2007 academic (win/mac),,
missing_reference_cluster,table1:1189,quickbooks point-of-sale basic 6.0,,
missing_reference_cluster,table1:119|table2:1729,sierra hallmark card studio special edition ( windows ),,
missing_reference_cluster,table1:1190|table2:576,dreamweaver cs3 9 mac ed 1u,,
missing_reference_cluster,table1:1195,space (dvd) (pc & mac),,
missing_reference_cluster,table1:1196|table2:533,micromat diskstudio ( mac),,
missing_reference_cluster,table1:1198|table2:535,stuffit deluxe 11,,
missing_reference_cluster,table1:1201|table2:541,kaplan sat/act/psat gold 2007 win/mac,,
missing_reference_cluster,table1:1204|table2:2687,money home & business 2007 win32 eng na mini box us only cd,,
missing_reference_cluster,table1:1207|table2:546,macbackup,,
missing_reference_cluster,table1:121|table2:1723,microsoft licenses exch. srvr extrn conn sa eng (39400416),,
missing_reference_cluster,table1:1210,the movies (mac),,
missing_reference_cluster,table1:1212,ulead videostudio 10,,
missing_reference_cluster,table1:1216|table2:1063,sony acid pro 6 professional music workstation,,
missing_reference_cluster,table1:122|table2:1679,watchguard serverlock manager (100 servers),,
missing_reference_cluster,table1:1225|table2:1319,logic express 6,,
missing_reference_cluster,table1:1226|table2:506,photoshop elements 4 edu mac 1u,,
missing_reference_cluster,table1:1228|table2:507,dvo cook'n deluxe 6.0 - ultimate recipe organizer,,
missing_reference_cluster,table1:1231|table2:1067,upgrade acid pro 6 boxed,,
missing_reference_cluster,table1:1233|table2:1045,peachtree by sage premium accounting 2007,,
missing_reference_cluster,table1:1235|table2:1047,peachtree by sage pro accounting 2007,,
missing_reference_cluster,table1:124|table2:1792,tlc dr. seuss reading learning system 2008,,
missing_reference_cluster,table1:1240|table2:1058,window washer,,
missing_reference_cluster,table1:1246|table2:1057,sony acid pro 5,,
missing_reference_cluster,table1:1249|table2:1026,punch! home design architectura series 18,,
missing_reference_cluster,table1:1250|table2:454,print shop 22 pro publisher deluxe,,
missing_reference_cluster,table1:1251|table2:1024,hijack2,,
missing_reference_cluster,table1:1255|table2:1022,punch! professional home design suite,,
missing_reference_cluster,table1:126|table2:1775,oxford spanish dictionary,,
missing_reference_cluster,table1:1260|table2:775,punch 5 in 1 home design,,
missing_reference_cluster,table1:1261|table2:464,xtreme photostory on cd and dvd 6,,
missing_reference_cluster,table1:1262,anime studio 5 win 98/me 2000/xp mac os 10.4 & up,,
missing_reference_cluster,table1:1263|table2:1030,punch! home design architectural series 18,,
missing_reference_cluster,table1:1264|table2:2369,adobe soundbooth cs3,,
missing_reference_cluster,table1:1265|table2:484,wingnuts 2 (mac),,
missing_reference_cluster,table1:1266|table2:1014,punch! super home suite,,
missing_reference_cluster,table1:1269|table2:475,easy video editor 2.0 by honest technology,,
missing_reference_cluster,table1:127|table2:1780,pantone reference library,,
missing_reference_cluster,table1:1272|table2:547,palo alto business plan pro 2007,,
missing_reference_cluster,table1:1273|table2:354,adobe after effects cs3,,
missing_reference_cluster,table1:1275|table2:1021,punch! master landscape & home design,,
missing_reference_cluster,table1:1278|table2:1017,punch! 5 in 1 home design,,
missing_reference_cluster,table1:1287|table2:687,starry night astronomy screensaver win/mac,,
missing_reference_cluster,table1:1288|table2:684,quickverse sermon builder 4.0,,
missing_reference_cluster,table1:129,oxford spanish dictionary,,
missing_reference_cluster,table1:1290|table2:692,snap! spelling (jewel case),,
missing_reference_cluster,table1:1291|table2:732,acad vegas movie studio +dvd 8 platinum,,
missing_reference_cluster,table1:1294|table2:738,scrabble complete (jewel case),,
missing_reference_cluster,table1:1297|table2:700,emedia guitarpro 5 win/mac,,
missing_reference_cluster,table1:1298|table2:711,spycatcher 2007for pc,,
missing_reference_cluster,table1:13|table2:1918,spy sweeper spanish,,
missing_reference_cluster,table1:130|table2:1749,microsoft licenses sps extrnlconnnonemplyenglands c (h3200034),,
missing_reference_cluster,table1:1303|table2:660,sales skills 2.0 ages 10+,,
missing_reference_cluster,table1:1305|table2:649,return to castle wolfenstein (mac),,
missing_reference_cluster,table1:1309,treasure mountain! (jewel case) ages 5-9 for win/mac,,
missing_reference_cluster,table1:1310|table2:678,video patrol 5.0 by honest technology,,
missing_reference_cluster,table1:1325,adobe creative suite cs3 web standard,,
missing_reference_cluster,table1:1330|table2:644,northstar for pc/mac,,
missing_reference_cluster,table1:1331|table2:643,make music allegro 2007 labpack - 5 user,,
missing_reference_cluster,table1:1333|table2:641,power translator 11 premium,,
missing_reference_cluster,table1:1334|table2:640,liquid ledger personal finance,,
missing_reference_cluster,table1:1335|table2:639,sportsman's double play,,
missing_reference_cluster,table1:1340|table2:253,adobe creative suite cs3 web standard upsell [mac],,
missing_reference_cluster,table1:1344|table2:616,instant immersion italian deluxe v2.0 (large box),,
missing_reference_cluster,table1:1349|table2:611,flash remoting 1 alp ret eng cd 2u,,
missing_reference_cluster,table1:1350|table2:605,shapes,,
missing_reference_cluster,table1:1351|table2:606,dragon naturally speaking standard v9,,
missing_reference_cluster,table1:137,netmanage rumba unix-hp edition - ( v. 7.3 ) - upgrade license ( 902453-006 ),,
missing_reference_cluster,table1:140,retrospect 6.0 desktop mac upgrade,,
missing_reference_cluster,table1:143|table2:1785,adobe acrobat distiller svr v6-cd linux u/u ( 42050142 ),,
missing_reference_cluster,table1:146,microsoft mappoint 2006 standard edition,,
missing_reference_cluster,table1:156,details 3.0,,
missing_reference_cluster,table1:157,adobe photoshop elements 4.0 plus adobe premiere elements 2.0 - complete package - 1 user - cd ( mini-box ) - win - canadian french ( 29180162 ),,
missing_reference_cluster,table1:161|table2:1458,gods: lands of infinity - special edition,,
missing_reference_cluster,table1:164|table2:1454,sea scene: living underwater worlds (jewel case),,
missing_reference_cluster,table1:166|table2:1469,equilibrium debabelizer pro 6.0 - 1 user,,
missing_reference_cluster,table1:168|table2:2107,autodesk discreet combustion 4 ( windows ),,
missing_reference_cluster,table1:17|table2:1936,upg sgms 1000 incremental node,,
missing_reference_cluster,table1:171|table2:1439,microsoft licenses word mac 10.0 eng govt (d4800369),,
missing_reference_cluster,table1:175|table2:1452,diskeeper 2007 professional single lic pack,,
missing_reference_cluster,table1:178|table2:1509,smart steps 4th grade,,
missing_reference_cluster,table1:179|table2:1505,ca arcserve bkup r11.5 win dro sp1 prod only,,
missing_reference_cluster,table1:185|table2:1511,iremember digital scrapbooking 2.0,,
missing_reference_cluster,table1:193|table2:1487,backup exec 10d win adv disk v10.1 lic only (e180518),,
missing_reference_cluster,table1:195,world of warcraft,,
missing_reference_cluster,table1:197,sonicwall global vpn client - license ( 01-ssc-5310 ),,
missing_reference_cluster,table1:198,scansoft paperport professional 11 - 5 user license,,
missing_reference_cluster,table1:20|table2:1217,millie's math house ages 3-7 (win/mac),,
missing_reference_cluster,table1:204,cisco ios enterprise services - complete package ( cd28-esk9= ),,
missing_reference_cluster,table1:207|table2:1488,crystal reports 11 professional full product french,,
missing_reference_cluster,table1:220,mobileinventory additional mobile license,,
missing_reference_cluster,table1:222,pinnacle studio plus titanium edition v10.5,,
missing_reference_cluster,table1:23|table2:1406,the printshop 20 professional publisher,,
missing_reference_cluster,table1:231,red hat enterprise linux ws - ( v. 4 update 4 ) - license - 1 workstation ( rl296aa ),,
missing_reference_cluster,table1:232,printshop home & office labels,,
missing_reference_cluster,table1:233,photo explosion deluxe 3.0,,
missing_reference_cluster,table1:236,readiris pro 11,,
missing_reference_cluster,table1:238,ca brightstor arcserve backup r11.5 for enterprise option for advantage ingres for,,
missing_reference_cluster,table1:239,designcad v 17,,
missing_reference_cluster,table1:242,lotus dev. ibm db2 net search extender - ( v. 8.2 ) - media ( bb0kyna ),,
missing_reference_cluster,table1:247,netmanage onweb web-to-host - ( v. 5.1 ) - upgrade license ( 910443-004 ),,
missing_reference_cluster,table1:248|table2:1592,microsoft windows small business server cal 2003 license pack 20 client addpack device,,
missing_reference_cluster,table1:249,scansoft paperport 11 - 5 user license,,
missing_reference_cluster,table1:250|table2:2098,adobe after effects professional 7.0,,
missing_reference_cluster,table1:253,filemaker mobile 8 for palm os and pocket pc,,
missing_reference_cluster,table1:254,watchguard mobile user vpn 5 user bundle ( wg3605 ),,
missing_reference_cluster,table1:256,hallmark card studio 2005 deluxe,,
missing_reference_cluster,table1:257,ca brightstor arcserve backup r11.5 for enterprise option for advantage ingres for,,
missing_reference_cluster,table1:260,cisco 2600xm ser ios ip/fw/ids ( cd26xm-ch= ),,
missing_reference_cluster,table1:27|table2:1415,i copy dvds 2 professional edition,,
missing_reference_cluster,table1:270,adobe acrobat 7.0 professional,,
missing_reference_cluster,table1:272|table2:2257,adobe audition 2.0,,
missing_reference_cluster,table1:273|table2:8,quickbooks credit card processing kit 3.0,,
missing_reference_cluster,table1:274|table2:2867,instant immersion italian 2.0,,
missing_reference_cluster,table1:275,easy drums (jewel case),,
missing_reference_cluster,table1:277,super solvers - spellbound! ! - school edition for mac,,
missing_reference_cluster,table1:279|table2:2056,the printshop 20,,
missing_reference_cluster,table1:28|table2:1951,gen-x media made easy vol. 3,,
missing_reference_cluster,table1:280,startopia,,
missing_reference_cluster,table1:281,easy home massage - dvd,,
missing_reference_cluster,table1:283,tonka town (jewel case),,
missing_reference_cluster,table1:284|table2:2849,sibelius 5 educational edition,,
missing_reference_cluster,table1:288,tonka search & rescue 2,,
missing_reference_cluster,table1:29|table2:1953,family tree maker 11.2 collector's edition,,
missing_reference_cluster,table1:291,wacky bird hunter,,
missing_reference_cluster,table1:292,namco museum 50th anniversary collection,,
missing_reference_cluster,table1:293,treasure galaxy 5-user lab pack for mac,,
missing_reference_cluster,table1:295,madeline rainy day activities,,
missing_reference_cluster,table1:296,mighty math number heroes,,
missing_reference_cluster,table1:297,superstart! science arcade,,
missing_reference_cluster,table1:298,state standards - grade 6,,
missing_reference_cluster,table1:299,wacky farm,,
missing_reference_cluster,table1:300,police quest compilation,,
missing_reference_cluster,table1:302,encyclopedia britannica profiles: dinosaurs (jewel case),,
missing_reference_cluster,table1:304|table2:2806,fisher-price rescue heroes: lava landslide,,
missing_reference_cluster,table1:306,quickstart photo montage studio,,
missing_reference_cluster,table1:307,season ticket football 2003,,
missing_reference_cluster,table1:31|table2:1956,dinosaurs,,
missing_reference_cluster,table1:312|table2:573,norton antivirus 2007,,
missing_reference_cluster,table1:313,backyard soccer (mls edition),,
missing_reference_cluster,table1:314,zipmagic personal edition,,
missing_reference_cluster,table1:326,math missions: the race to spectacle city arcade (grades k-2),,
missing_reference_cluster,table1:327,world of wild cats,,
missing_reference_cluster,table1:328,state standards - grade 8,,
missing_reference_cluster,table1:329,cluefinders 3rd grade adventures: mystery of mathra,,
missing_reference_cluster,table1:331,instant home cooking (jewel case),,
missing_reference_cluster,table1:332|table2:2855,spy sweeper [lb],,
missing_reference_cluster,table1:333|table2:2118,adobe after effects 7.0 professional (mac),,
missing_reference_cluster,table1:334|table2:2852,transfer my dvd,,
missing_reference_cluster,table1:335|table2:2859,tlc zoombinis 3rd grade lrng sys 2007 sb cs by riverdeep ( 10548 ),,
missing_reference_cluster,table1:336,csi: crime scene investigation,,
missing_reference_cluster,table1:338,sega smash pack 2,,
missing_reference_cluster,table1:339,post mortem,,
missing_reference_cluster,table1:340,zoboomafoo animal logic cd/workbook combo,,
missing_reference_cluster,table1:341,mother goose - interactive storybook,,
missing_reference_cluster,table1:342,let's learn about time & date,,
missing_reference_cluster,table1:343,living trust builder,,
missing_reference_cluster,table1:346|table2:2706,mcafee internet security suite 2007 - 3 users,,
missing_reference_cluster,table1:348|table2:1545,microsoft office & windows training,,
missing_reference_cluster,table1:35|table2:1988,the print shop pro publisher 22 deluxe [dvd],,
missing_reference_cluster,table1:350|table2:908,adobe creative suite cs3 design standard upsell [mac],,
missing_reference_cluster,table1:351|table2:2701,is3 stopzilla 4.0 [stop spyware pop-ups id theft],,
missing_reference_cluster,table1:353,the universe (win/mac) (jewel case),,
missing_reference_cluster,table1:355|table2:2691,ringtone media studio 2,,
missing_reference_cluster,table1:360,adobe creative suite cs3 web standard upsell,,
missing_reference_cluster,table1:363|table2:2305,adobe premiere elements 3.0 [lb],,
missing_reference_cluster,table1:366,big oil: build an oil empire,,
missing_reference_cluster,table1:37|table2:1980,my first bible stories,,
missing_reference_cluster,table1:370|table2:2678,readiris pro 11 corporate edition,,
missing_reference_cluster,table1:374|table2:2511,printmaster gold v 17.0,,
missing_reference_cluster,table1:375,pc cillin internet sec 2007 lics large box 3u,,
missing_reference_cluster,table1:38|table2:2007,the big mix (mac),,
missing_reference_cluster,table1:380,adobe production studio premium,,
missing_reference_cluster,table1:382,lego island 2: the brickster's revenge (xp compatible version),,
missing_reference_cluster,table1:383,tank battle,,
missing_reference_cluster,table1:385,home budget for dummies,,
missing_reference_cluster,table1:388,encyclopedia of our living oceans,,
missing_reference_cluster,table1:389,ultimate pinball (jewel case),,
missing_reference_cluster,table1:390,clifford reading pack (dvd box),,
missing_reference_cluster,table1:395,quickstart pc cleaner xp,,
missing_reference_cluster,table1:396,crayola first ladies costume maker,,
missing_reference_cluster,table1:398,pokemon team turbo (jewel case),,
missing_reference_cluster,table1:399,south park chef's luv shack,,
missing_reference_cluster,table1:40|table2:1999,the print shop 22 deluxe,,
missing_reference_cluster,table1:400,blues clues preschool,,
missing_reference_cluster,table1:401,backyard skateboarding,,
missing_reference_cluster,table1:405,rayman 10th anniversary collection,,
missing_reference_cluster,table1:407,pdf converter 4,,
missing_reference_cluster,table1:41|table2:1992,imsi turbocad designer v.11,,
missing_reference_cluster,table1:412|table2:2715,web radio recorder,,
missing_reference_cluster,table1:413,bodyworks 6.0 25-user building site license,,
missing_reference_cluster,table1:414,virtual labs: light,,
missing_reference_cluster,table1:415,pressure pop!,,
missing_reference_cluster,table1:416,essential business tools 2.0,,
missing_reference_cluster,table1:417,let's make stickers,,
missing_reference_cluster,table1:423|table2:2272,hoyle card games 2007,,
missing_reference_cluster,table1:428|table2:2190,child safe 3-pc,,
missing_reference_cluster,table1:432|table2:2165,upgrade pitstop server 3.5 1u win 2k/xp & mac os 10.2.8,,
missing_reference_cluster,table1:434|table2:2151,sudoku puzzle addict: unlimited edition,,
missing_reference_cluster,table1:438|table2:2139,researchsoft endnote 9 student edition for students [old version],,
missing_reference_cluster,table1:439|table2:2106,sony acid music studio,,
missing_reference_cluster,table1:443|table2:2104,instant landscaping 3.0 [lb],,
missing_reference_cluster,table1:444|table2:2099,topics presents: ancient civilizations (4 cd set),,
missing_reference_cluster,table1:446|table2:2092,instant play electric guitar (jewel box),,
missing_reference_cluster,table1:45|table2:2009,elementary school success deluxe 2006,,
missing_reference_cluster,table1:450|table2:2415,adobe after effects cs3,,
missing_reference_cluster,table1:451|table2:2080,phonics success deluxe 2006 (large box),,
missing_reference_cluster,table1:453|table2:2450,brainfood games cranium collection 2006,,
missing_reference_cluster,table1:455|table2:2498,national geographic presents: redshift 5 planetarium software,,
missing_reference_cluster,table1:46|table2:2027,national geographic presents: redshift planetarium,,
missing_reference_cluster,table1:460|table2:2428,emc retrospect 7.5 svr 1-client windows,,
missing_reference_cluster,table1:462|table2:2388,ae painter v9 win/mac box,,
missing_reference_cluster,table1:468,cisco security desktop agent ( csa-b250-dtop-k9 ),,
missing_reference_cluster,table1:469|table2:2386,ov data protector open file 5-wk v.9 ltu incl ltu for 5 win nt/2000/xp workstati,,
missing_reference_cluster,table1:479|table2:2334,window washer,,
missing_reference_cluster,table1:48|table2:2023,national geographic presents: forces of nature,,
missing_reference_cluster,table1:480|table2:2336,child safe,,
missing_reference_cluster,table1:481|table2:2662,adobe premiere elements 3.0,,
missing_reference_cluster,table1:482|table2:2338,on hand spanish 1-2-3 ( windows ),,
missing_reference_cluster,table1:484|table2:2313,crystal reports 11 reporting essentials trng cbt,,
missing_reference_cluster,table1:485|table2:2324,star wars battlefront (mac),,
missing_reference_cluster,table1:49|table2:2021,reference success deluxe 2006,,
missing_reference_cluster,table1:490,adobe encore dvd 2.0,,
missing_reference_cluster,table1:496|table2:1540,symantec pcanywhere 12.0 host only,,
missing_reference_cluster,table1:498|table2:799,microsoft digital image suite plus [lb],,
missing_reference_cluster,table1:5,emc retrospect 7.5 disk to disk windows,,
missing_reference_cluster,table1:50|table2:2039,clifford the big red dog - thinking adventures,,
missing_reference_cluster,table1:501|table2:2482,adobe audition 2.0 upgrade,,
missing_reference_cluster,table1:502|table2:2105,norton internet security mac 3.0 [antivirus firewall privacy controls iclean],,
missing_reference_cluster,table1:503|table2:380,corel wordperfect office 12 standard upgrade,,
missing_reference_cluster,table1:504|table2:1457,raster design 2006 essentials,,
missing_reference_cluster,table1:505|table2:167,acrobat professional 8 mac upsell standard-professional,,
missing_reference_cluster,table1:507|table2:2005,reader rabbit learning system 1st grade,,
missing_reference_cluster,table1:509|table2:2697,microsoft windows xp professional upgrade with sp2,,
missing_reference_cluster,table1:510|table2:2004,mavis beacon typing 17 (win/mac),,
missing_reference_cluster,table1:511,microsoft windows vista ultimate upgrade [dvd],,
missing_reference_cluster,table1:513|table2:884,adobe creative suite cs3 design premium upgrade [mac],,
missing_reference_cluster,table1:517,quickbooks premier nonprofit edition 2007,,
missing_reference_cluster,table1:518|table2:1763,microsoft sql server developer edition 2005 cd/dvd,,
missing_reference_cluster,table1:526|table2:2356,learning company kid pix deluxe 4,,
missing_reference_cluster,table1:528,quickbooks pro 2007 for mac (mac),,
missing_reference_cluster,table1:53|table2:2033,boomerang webshop platinum,,
missing_reference_cluster,table1:532|table2:886,apple .mac 4.0 online service,,
missing_reference_cluster,table1:535|table2:5,ulead videostudio 11 plus,,
missing_reference_cluster,table1:536|table2:2708,microsoft onenote 2007,,
missing_reference_cluster,table1:537|table2:221,apple ilife '06 (mac dvd) [older version],,
missing_reference_cluster,table1:539|table2:285,microsoft windows xp home edition full version with sp2,,
missing_reference_cluster,table1:54|table2:2051,allume boost xp for windows,,
missing_reference_cluster,table1:546|table2:538,corel snapfire plus [ignite photo fun],,
missing_reference_cluster,table1:547,adobe indesign cs3 upgrade from pagemaker,,
missing_reference_cluster,table1:55,jumpstart learning games phonics (pc & mac),,
missing_reference_cluster,table1:550|table2:2841,instant immersion italian deluxe 2.0,,
missing_reference_cluster,table1:551|table2:2060,adobe creative suite cs3 production premium,,
missing_reference_cluster,table1:552|table2:2696,instant immersion spanish 2.0,,
missing_reference_cluster,table1:556|table2:942,adobe dreamweaver cs3 upgrade [mac],,
missing_reference_cluster,table1:561|table2:2419,h&r block taxcut 2006 home & business + state,,
missing_reference_cluster,table1:562|table2:2649,dv rack 2 win retail ue1u,,
missing_reference_cluster,table1:566|table2:1524,adobe dreamweaver cs3 upgrade,,
missing_reference_cluster,table1:57|table2:2049,museums of the world,,
missing_reference_cluster,table1:570,cluefinders 3rd grade adventures: mystery of mathra,,
missing_reference_cluster,table1:578,microsoft windows vista business full version [dvd],,
missing_reference_cluster,table1:589|table2:653,flash remoting 1 alp ret eng cd 1u,,
missing_reference_cluster,table1:59|table2:2066,studyworks! teaching pro: middle school math & science (win/mac),,
missing_reference_cluster,table1:590|table2:821,swat 4: special weapons and tactics,,
missing_reference_cluster,table1:594|table2:513,apple .mac 4.0 online service family pack,,
missing_reference_cluster,table1:595|table2:1997,jumpstart kindergarten,,
missing_reference_cluster,table1:596|table2:934,adobe creative suite cs3 design standard upgrade [mac],,
missing_reference_cluster,table1:599|table2:2108,microsoft office 2004 professional (mac),,
missing_reference_cluster,table1:6|table2:1877,adobe after effects professional 6.5 upgrade from standard to professional,,
missing_reference_cluster,table1:60|table2:2054,trudy's time and place house ages 3-6,,
missing_reference_cluster,table1:606,math missions: the amazing arcade adventure grades 3-5,,
missing_reference_cluster,table1:607,microsoft works suite 2006,,
missing_reference_cluster,table1:608|table2:367,adobe creative suite cs3 design standard upgrade,,
missing_reference_cluster,table1:609|table2:1477,microsoft windows vista home basic upgrade [dvd],,
missing_reference_cluster,table1:610|table2:213,norton antivirus mac 10.0 (mac),,
missing_reference_cluster,table1:612|table2:289,ideasoft photo clip art 10 000,,
missing_reference_cluster,table1:613|table2:189,adobe premiere pro cs3,,
missing_reference_cluster,table1:614|table2:288,entertainment partners budgeting (mac),,
missing_reference_cluster,table1:615|table2:287,emedia intermediate guitar method win/mac,,
missing_reference_cluster,table1:619|table2:291,steinberg halion symphonic orchestra virtual instrument (academic version),,
missing_reference_cluster,table1:623|table2:273,stopzilla 4.0,,
missing_reference_cluster,table1:624|table2:2241,h&r block taxcut 2006 premium federal + state with usb 256m flashdrive,,
missing_reference_cluster,table1:625|table2:272,microsoft windows xp professional full version with sp2,,
missing_reference_cluster,table1:626|table2:280,sportsman's double play,,
missing_reference_cluster,table1:633|table2:322,alsoft diskwarrior: mac univeral binary,,
missing_reference_cluster,table1:640|table2:310,readiris pro 11 corporate edition (mac),,
missing_reference_cluster,table1:646|table2:312,3d home architect home design deluxe version 9,,
missing_reference_cluster,table1:647|table2:313,acrobat professional 8 (windows),,
missing_reference_cluster,table1:648,art (dvd) (pc & mac),,
missing_reference_cluster,table1:649|table2:228,wanted: a wild western adventure,,
missing_reference_cluster,table1:658,photo go,,
missing_reference_cluster,table1:66|table2:1534,freddi fish 2: the haunted schoolhouse,,
missing_reference_cluster,table1:660|table2:211,toysight gold for isight: includes 15 games (mac),,
missing_reference_cluster,table1:662|table2:218,printmaster gold v 17.0,,
missing_reference_cluster,table1:665|table2:1482,scholastic brain play: pre-kindergarten - 1st grade,,
missing_reference_cluster,table1:668|table2:257,art explosion 600 000 images,,
missing_reference_cluster,table1:67,netgear vpn01l vpn client software,,
missing_reference_cluster,table1:670|table2:1641,mcsa/mcse self-paced training kit (exams 70-292 & 70-296) - upgrading your certi,,
missing_reference_cluster,table1:671|table2:259,instant immersion german v2.0 (pc & mac),,
missing_reference_cluster,table1:686|table2:2641,kakuro puzzle addict unlimited edition,,
missing_reference_cluster,table1:687|table2:420,eovia carrara 5 pro,,
missing_reference_cluster,table1:688|table2:2638,global software smart steps 1st grade ( windows macintosh ),,
missing_reference_cluster,table1:69|table2:1536,eastwest bsendorfer 290 grand piano virtual instrument,,
missing_reference_cluster,table1:700|table2:2643,sudoku puzzle addict,,
missing_reference_cluster,table1:705|table2:400,spongebob squarepants typing 2008 win/mac,,
missing_reference_cluster,table1:707|table2:2642,gsp crossword addict,,
missing_reference_cluster,table1:709|table2:2679,avid liquid pro,,
missing_reference_cluster,table1:712,best of card games (jewel case),,
missing_reference_cluster,table1:718|table2:438,omniweb 5.0,,
missing_reference_cluster,table1:719|table2:2646,simply put software data eliminator,,
missing_reference_cluster,table1:72|table2:1527,midway arcade treasures (jewel case),,
missing_reference_cluster,table1:720|table2:437,ibm viavoice advanced v.10,,
missing_reference_cluster,table1:728|table2:2761,adventure workshop preschool (jewel case),,
missing_reference_cluster,table1:73|table2:1525,snap! 10 000 drink recipies (jewel case),,
missing_reference_cluster,table1:731|table2:431,print shop 22 deluxe,,
missing_reference_cluster,table1:732|table2:423,iris readiris pro 11.0 (mac),,
missing_reference_cluster,table1:742,retrospect 6.0 desktop mac,,
missing_reference_cluster,table1:746|table2:1462,microsoft office & windows training professional,,
missing_reference_cluster,table1:753|table2:396,panda software antivirus & firewall 2008 - windows,,
missing_reference_cluster,table1:756|table2:385,station access collection,,
missing_reference_cluster,table1:757|table2:386,agatha christie: and then there were none,,
missing_reference_cluster,table1:76,adobe acrobat capture 3.0 ( 22101258 ),,
missing_reference_cluster,table1:761|table2:381,battlefield 1942: deluxe edition,,
missing_reference_cluster,table1:762|table2:383,power director 3,,
missing_reference_cluster,table1:769|table2:375,micromat techtool pro 4 (mac),,
missing_reference_cluster,table1:770|table2:2459,varmint hunter (jewel case),,
missing_reference_cluster,table1:771|table2:2458,hoyle casino 2007,,
missing_reference_cluster,table1:772|table2:2457,3d home architect landscape v.8 by encore software,,
missing_reference_cluster,table1:78|table2:1561,emedia intermediate guitar method os x,,
missing_reference_cluster,table1:781|table2:2451,hoyle puzzle & board games,,
missing_reference_cluster,table1:783|table2:2456,scrabble champion edition,,
missing_reference_cluster,table1:785|table2:490,cyberchase adventures: carnival chaos and casablanca quest,,
missing_reference_cluster,table1:788|table2:2473,ca arcserve bkup r11.5 win client vss software snap-shot- prod only,,
missing_reference_cluster,table1:789|table2:2121,ulead videostudio 11,,
missing_reference_cluster,table1:79,ca internet security suite 2007 - 3 user,,
missing_reference_cluster,table1:792|table2:795,hp dss software - ( v. 4.0 ) - complete package ( t1936aa ua0 ),,
missing_reference_cluster,table1:793,calendar creator 10,,
missing_reference_cluster,table1:794|table2:2481,ulead systems dvd workshop 2,,
missing_reference_cluster,table1:798|table2:2463,hoyle texas hold 'em poker (jewel case),,
missing_reference_cluster,table1:8|table2:1890,mia's math adventure: just in time,,
missing_reference_cluster,table1:800|table2:2921,media studio for psp standard editon,,
missing_reference_cluster,table1:803|table2:2469,monopoly here & now,,
missing_reference_cluster,table1:812|table2:2681,mavis beacon 17 standard,,
missing_reference_cluster,table1:814|table2:184,adventure workshop preschool-1st grade 8th edition,,
missing_reference_cluster,table1:815|table2:2487,sharks 2.0 (pc & mac),,
missing_reference_cluster,table1:817|table2:2497,vegas 6 for pc,,
missing_reference_cluster,table1:819|table2:2622,m-audio pro tools m-powered 7.3 m-audio compatible world-class production software,,
missing_reference_cluster,table1:820|table2:2623,pinnacle mobile media converter,,
missing_reference_cluster,table1:821|table2:2628,avid liquid vs 7 software,,
missing_reference_cluster,table1:822|table2:956,acad corel painter x pc/mac,,
missing_reference_cluster,table1:824|table2:2630,global software smart steps 2nd grade ( windows macintosh ),,
missing_reference_cluster,table1:827|table2:2558,handmark oxford american desk dictionary and thesaurus,,
missing_reference_cluster,table1:830|table2:459,computrace lojack for laptops - 3 year license (mac),,
missing_reference_cluster,table1:832|table2:1473,digital video and audio production book for vegas 7+dvd,,
missing_reference_cluster,table1:836|table2:955,now up-to-date & contact v5.0 (mac),,
missing_reference_cluster,table1:838|table2:421,discrete drums: vol.1,,
missing_reference_cluster,table1:840|table2:2359,safekeeper plus,,
missing_reference_cluster,table1:845|table2:2342,onone essentials for adobe photoshop elements,,
missing_reference_cluster,table1:847|table2:188,micromat podlock (mac),,
missing_reference_cluster,table1:848|table2:2412,videostudio 11 plus,,
missing_reference_cluster,table1:850|table2:2694,microsoft onenote 2007 upgrade,,
missing_reference_cluster,table1:853|table2:2003,creating keepsakes scrapbook designer version 2 platinum,,
missing_reference_cluster,table1:855|table2:207,cubase se3 educational edition,,
missing_reference_cluster,table1:856|table2:206,vocabulary puzzles grade 1,,
missing_reference_cluster,table1:857|table2:2390,cakewalk sonar home studio 6,,
missing_reference_cluster,table1:858|table2:202,system care professional,,
missing_reference_cluster,table1:862|table2:2384,tiny term emulator v4.3x,,
missing_reference_cluster,table1:865,quickbooks point-of-sale pro with hardware bundle 6.0,,
missing_reference_cluster,table1:868|table2:171,adobe soundbooth cs3 [mac],,
missing_reference_cluster,table1:869|table2:194,timbuktu remote control softwre 1 license for mac os,,
missing_reference_cluster,table1:87|table2:1568,microsoft licenses project svr sa govt (h2200301),,
missing_reference_cluster,table1:871|table2:2666,sony sound forge 9 boxed upgrade,,
missing_reference_cluster,table1:873|table2:2434,the print shop 22 deluxe sb cs by the print shop,,
missing_reference_cluster,table1:875|table2:912,adobe creative suite cs3 production premium,,
missing_reference_cluster,table1:876|table2:118,checkmark multiledger,,
missing_reference_cluster,table1:877|table2:119,ipswitch inc ws ftp pro 9 sdk w/ ws ftp pro ( wd-1000-0900 ),,
missing_reference_cluster,table1:879|table2:2431,hoyle bridge club,,
missing_reference_cluster,table1:881|table2:2433,scrabble champion edition,,
missing_reference_cluster,table1:884|table2:791,adobe premiere pro cs3,,
missing_reference_cluster,table1:887|table2:2430,hoyle card games 2007,,
missing_reference_cluster,table1:89|table2:1575,everquest: titanium,,
missing_reference_cluster,table1:892,sims 2 seasons expansion pack,,
missing_reference_cluster,table1:895|table2:973,mavis beacon teaches typing 17 standard,,
missing_reference_cluster,table1:898|table2:2448,monopoly here & now,,
missing_reference_cluster,table1:899|table2:1553,hoyle card games (jewel case),,
missing_reference_cluster,table1:9|table2:1882,disney's 1st & 2nd grade bundle (pixar 1st grade secret keys and aladdin reading quest),,
missing_reference_cluster,table1:906|table2:2445,hasbro classic collection ( 2006 ),,
missing_reference_cluster,table1:907|table2:157,allegro 2005,,
missing_reference_cluster,table1:908|table2:2446,professor fuji's sudoku (jewel case),,
missing_reference_cluster,table1:909|table2:162,elementary advantage 2008,,
missing_reference_cluster,table1:910|table2:2447,recam remote monitoring software,,
missing_reference_cluster,table1:913|table2:2441,sharks 2.0,,
missing_reference_cluster,table1:915|table2:2442,hoyle casino (2007),,
missing_reference_cluster,table1:919|table2:2444,jeopardy,,
missing_reference_cluster,table1:921|table2:888,adobe contribute cs3 [mac],,
missing_reference_cluster,table1:922|table2:169,dance 6,,
missing_reference_cluster,table1:923|table2:174,registry mechanic 5.x pc system repair,,
missing_reference_cluster,table1:924|table2:2438,axis & allies (jewel case),,
missing_reference_cluster,table1:927|table2:2440,defcon,,
missing_reference_cluster,table1:932|table2:2193,webroot spy sweeper with antivirus family edition - 3 pcs,,
missing_reference_cluster,table1:935|table2:2202,registry mechanic by encore software,,
missing_reference_cluster,table1:936|table2:878,classification & ecology (win/mac) (jewel case),,
missing_reference_cluster,table1:937|table2:2209,the print shop 21 deluxe by broderbund,,
missing_reference_cluster,table1:939|table2:2208,creating keepsakes scrapbook platinum v.3 sb cs by riverdeep,,
missing_reference_cluster,table1:94|table2:1588,warlords 3 (jewel case),,
missing_reference_cluster,table1:940|table2:881,leave the lights on (mac),,
missing_reference_cluster,table1:945|table2:2217,audition 2 win ed ue 1u,,
missing_reference_cluster,table1:948|table2:848,peachtree by sage premium accounting 2007 - accountants' edition,,
missing_reference_cluster,table1:951|table2:2221,make music finale 2008 academic,,
missing_reference_cluster,table1:960|table2:828,talk now! learn afrikaans - beginning level,,
missing_reference_cluster,table1:961|table2:2144,computrace lojack for laptops: 3 year subscription,,
missing_reference_cluster,table1:964|table2:1480,computrace lojack for laptops: 1 year subscription,,
missing_reference_cluster,table1:966|table2:971,computrace lojack for laptops - 1 year license (mac),,
missing_reference_cluster,table1:968|table2:834,safekeeper plus,,
missing_reference_cluster,table1:97|table2:1596,tournament poker 2005,,
missing_reference_cluster,table1:972|table2:836,instant immersion italian v2.0 (large box),,
missing_reference_cluster,table1:973|table2:2156,power on now up to date & contact windows,,
missing_reference_cluster,table1:977|table2:2169,cubase 4 competitive crossgrade,,
missing_reference_cluster,table1:98|table2:1640,cold zero: no mercy,,
missing_reference_cluster,table1:980|table2:813,i spy fantasy v.2 with i spy book & mini cd,,
missing_reference_cluster,table1:982|table2:823,instant immersion spanish audio deluxe,,
missing_reference_cluster,table1:983|table2:2178,final draft 7 professional scriptwriting win/mac,,
missing_reference_cluster,table1:987|table2:826,time money & fractions grades 1-2,,
missing_reference_cluster,table1:990|table2:2192,spy sweeper w/antivirus family edition,,
missing_reference_cluster,table1:993|table2:793,genuine fractals genuine fractals print pro 1u,,
missing_reference_cluster,table1:994|table2:797,logic pro 6,,
missing_reference_cluster,table1:995|table2:786,professor teaches excel & word,,
missing_reference_cluster,table1:996|table2:2281,sibelius 4 educational edition,,
missing_reference_cluster,table2:1000,adobe creative suite 3 (cs3) web standard 3 windows - upsell from dreamweaver or flash,,
missing_reference_cluster,table2:1029,agatha christie: and then there were none,,
missing_reference_cluster,table2:1031,freeverse software 005 solace,,
missing_reference_cluster,table2:1035,freeverse software 005 solace,,
missing_reference_cluster,table2:1042,ibm websphere portal enable for iseries - ( v. 4.1 ) - complete package,,
missing_reference_cluster,table2:1049,quickbooks(r) point of sale 2007: basic retail management 6.0 bundle,,
missing_reference_cluster,table2:1055,ibm websphere portal enable for iseries - ( v. 4.1 ) - complete package,,
missing_reference_cluster,table2:1084,csdc iremember digital scrapbooking 2.0,,
missing_reference_cluster,table2:1085,quickbooks(r) point of sale 2007: basic retail management 6.0,,
missing_reference_cluster,table2:11,ares rising,,
missing_reference_cluster,table2:1108,microsoft(r) windows(r) xp home edition with sp2,,
missing_reference_cluster,table2:1115,peachtree(r) pro accounting 2007,,
missing_reference_cluster,table2:1117,novell identity manager integration module for mainframe for 800 series mvs - (,,
missing_reference_cluster,table2:1119,novell identity manager integration module for mainframe for 800 series mvs - (,,
missing_reference_cluster,table2:1123,1000pk multi pack instant,,
missing_reference_cluster,table2:1125,1000pk multi pack instant,,
missing_reference_cluster,table2:1148,studio ultimate version 11,,
missing_reference_cluster,table2:1151,mobile find,,
missing_reference_cluster,table2:1164,system care? professional,,
missing_reference_cluster,table2:1175,peachtree(r) compatible continuous checks-accounting for windows versions 3.5-7.0,,
missing_reference_cluster,table2:1179,cisco pgw2200 include redundant,,
missing_reference_cluster,table2:1183,microsoft(r) works suite 2006,,
missing_reference_cluster,table2:1194,continuous checks for peachtree(r) complete iii for dos v. 5.0-10.0,,
missing_reference_cluster,table2:1195,cisco optical services module - multiplexor,,
missing_reference_cluster,table2:1196,multipurpose continuous checks,,
missing_reference_cluster,table2:1197,specialty single window envelopes to match your forms & checks,,
missing_reference_cluster,table2:1199,peachtree(r) compatible laser checks-accounting for windows versions 3.5-7.0,,
missing_reference_cluster,table2:1203,multipurpose laser/inkjet checks,,
missing_reference_cluster,table2:1205,specialty single window envelopes to match your forms & checks,,
missing_reference_cluster,table2:1207,quicken(r) quickbooks(r) microsoft money(r) and simply money(r) laser checks,,
missing_reference_cluster,table2:1208,multipurpose continuous checks,,
missing_reference_cluster,table2:1209,peachtree(r) complete iii,,
missing_reference_cluster,table2:1210,continuous checks for peachtree(r) complete iii for dos v. 5.0-10.0,,
missing_reference_cluster,table2:1212,peachtree(r) complete iii for dos 5.0-10.0 continuous checks,,
missing_reference_cluster,table2:1214,novell identity manager integration module for mainframe for 900 series mvs - (,,
missing_reference_cluster,table2:1219,mas 90(r) /mas 200(r) compatible continuous checks,,
missing_reference_cluster,table2:1220,cisco optical services module - multiplexor,,
missing_reference_cluster,table2:1221,quicken(r) quickbooks(r) microsoft money(r) and simply money(r) elegant laser checks,,
missing_reference_cluster,table2:1223,novell identity manager integration module for mainframe for 900 series mvs - (,,
missing_reference_cluster,table2:1225,blank laser checks,,
missing_reference_cluster,table2:1226,mas 90(r) /mas 200(r) compatible continuous checks,,
missing_reference_cluster,table2:1227,specialty single window envelopes to match your forms & checks,,
missing_reference_cluster,table2:1232,peachtree(r) compatible continuous forms-accounting for windows 8.0-2004 version,,
missing_reference_cluster,table2:1234,quicken(r) quickbooks(r) microsoft money(r) and simply money(r) elegant laser checks,,
missing_reference_cluster,table2:1236,peachtree(r) complete iii,,
missing_reference_cluster,table2:1237,peachtree(r) compatible continuous checks-office accounting 12.0,,
missing_reference_cluster,table2:1238,quicken(r) quickbooks(r) microsoft money(r) and simply money(r) elegant laser checks,,
missing_reference_cluster,table2:1240,peachtree(r) compatible continuous checks-accounting for windows versions 3.5-7.0,,
missing_reference_cluster,table2:1242,specialty single window envelopes to match your forms & checks,,
missing_reference_cluster,table2:1244,peachtree(r) compatible continuous checks-accounting for windows versions 3.5-7.0,,
missing_reference_cluster,table2:1245,three-to-a-page business checks,,
missing_reference_cluster,table2:1249,peachtree(r) compatible continuous checks-office accounting 12.0,,
missing_reference_cluster,table2:1250,quicken(r) quickbooks(r) microsoft money(r) and simply money(r) continuous checks,,
missing_reference_cluster,table2:1252,quicken(r) quickbooks(r) microsoft money(r) and simply money(r) laser checks,,
missing_reference_cluster,table2:1253,quicken(r) quickbooks(r) microsoft money(r) and simply money(r) elegant laser checks,,
missing_reference_cluster,table2:1254,blank laser checks,,
missing_reference_cluster,table2:1255,peachtree(r) complete iii for dos 5.0-10.0 continuous checks,,
missing_reference_cluster,table2:1256,peachtree(r) compatible continuous checks-accounting for windows 8.0-2004 version,,
missing_reference_cluster,table2:1257,blank laser checks,,
missing_reference_cluster,table2:1260,multipurpose continuous checks,,
missing_reference_cluster,table2:1261,blank laser checks,,
missing_reference_cluster,table2:1264,specialty double window envelopes to match your forms & checks,,
missing_reference_cluster,table2:1266,peachtree(r) compatible continuous checks-accounting for windows 8.0-2004 version,,
missing_reference_cluster,table2:1268,three-to-a-page itemized invoice checks,,
missing_reference_cluster,table2:1270,blank laser checks,,
missing_reference_cluster,table2:1272,three-to-a-page business checks,,
missing_reference_cluster,table2:1274,quicken(r) quickbooks(r) microsoft money(r) and simply money(r) elegant laser checks,,
missing_reference_cluster,table2:1275,quicken(r) quickbooks(r) microsoft money(r) and simply money(r) elegant laser checks,,
missing_reference_cluster,table2:1276,laser checks for peachtree(r) accounting for windows 8.0-2005,,
missing_reference_cluster,table2:1278,peachtree(r) compatible laser checks-accounting for windows versions 3.5-7.0,,
missing_reference_cluster,table2:1281,quicken(r) quickbooks(r) microsoft money(r) and simply money(r) continuous checks,,
missing_reference_cluster,table2:1288,peachtree(r) compatible continuous forms-accounting for windows 8.0-2004 version,,
missing_reference_cluster,table2:1290,multipurpose continuous checks,,
missing_reference_cluster,table2:1292,multipurpose continuous checks,,
missing_reference_cluster,table2:1293,peachtree(r) compatible continuous checks-accounting for windows 8.0-2004 version,,
missing_reference_cluster,table2:1295,laser checks for peachtree(r) accounting for windows 8.0-2005,,
missing_reference_cluster,table2:1297,peachtree(r) complete iii,,
missing_reference_cluster,table2:1301,quicken(r) quickbooks(r) microsoft money(r) and simply money(r) continuous checks,,
missing_reference_cluster,table2:1302,peachtree(r) compatible continuous checks-accounting for windows versions 3.5-7.0,,
missing_reference_cluster,table2:1304,peachtree(r) compatible continuous checks-accounting for windows 8.0-2004 version,,
missing_reference_cluster,table2:1305,three-to-a-page payroll checks,,
missing_reference_cluster,table2:1306,sage software acts2005rt act! 7.0 2005,,
missing_reference_cluster,table2:1308,individual software prm-r12 resumemaker professional 12.0,,
missing_reference_cluster,table2:1312,specialty double window envelopes to match your forms & checks,,
missing_reference_cluster,table2:1313,quicken(r) quickbooks(r) microsoft money(r) and simply money(r) continuous checks,,
missing_reference_cluster,table2:1315,blank laser checks,,
missing_reference_cluster,table2:1316,mas 90(r) /mas 200(r) compatible continuous checks,,
missing_reference_cluster,table2:1317,peachtree(r) complete iii,,
missing_reference_cluster,table2:1318,quicken(r) quickbooks(r) microsoft money(r) and simply money(r) elegant laser checks,,
missing_reference_cluster,table2:1320,continuous checks for peachtree(r) complete iii for dos v. 5.0-10.0,,
missing_reference_cluster,table2:1321,quicken(r) quickbooks(r) microsoft money(r) and simply money(r) elegant laser checks,,
missing_reference_cluster,table2:1324,peachtree(r) compatible continuous checks-accounting for windows 8.0-2004 version,,
missing_reference_cluster,table2:1327,freeverse software 4024 robin hood: the legend of sheerwood,,
missing_reference_cluster,table2:1328,daceasy(tm) laser/inkjet checks- versions 4.3 and higher,,
missing_reference_cluster,table2:1329,continuous checks for peachtree(r) complete iii for dos v. 5.0-10.0,,
missing_reference_cluster,table2:1331,three-to-a-page disbursement checks,,
missing_reference_cluster,table2:1332,specialty single window envelopes to match your forms & checks,,
missing_reference_cluster,table2:1336,peachtree(r) compatible continuous checks-accounting for windows 8.0-2004 version,,
missing_reference_cluster,table2:1337,three-to-a-page itemized invoice checks,,
missing_reference_cluster,table2:1339,daceasy(tm) continuous checks,,
missing_reference_cluster,table2:1340,specialty double window envelopes to match your forms & checks,,
missing_reference_cluster,table2:1343,blank laser checks,,
missing_reference_cluster,table2:1344,quicken(r) quickbooks(r) microsoft money(r) and simply money(r) laser checks,,
missing_reference_cluster,table2:1349,daceasy(tm) laser/inkjet checks- versions 4.3 and higher,,
missing_reference_cluster,table2:1350,peachtree(r) complete iii,,
missing_reference_cluster,table2:1352,multipurpose laser/inkjet checks,,
missing_reference_cluster,table2:1354,daceasy(tm) continuous checks,,
missing_reference_cluster,table2:1358,laser checks for peachtree(r) accounting for windows 8.0-2005,,
missing_reference_cluster,table2:1360,freeverse software 010 - wingnuts 2 - mac 9.1-9.x 10.1 or higher,,
missing_reference_cluster,table2:1361,ams200 4gb,,
missing_reference_cluster,table2:1362,quicken(r) quickbooks(r) microsoft money(r) and simply money(r) continuous checks,,
missing_reference_cluster,table2:1364,ams200 4gb,,
missing_reference_cluster,table2:1365,laser/inkjet checks for peachtree(r) complete iii for dos v. 5.0-10.0,,
missing_reference_cluster,table2:1369,freeverse software 7001 - burning monkey solitaire 4.0 - mac 10.3.9 or later ub,,
missing_reference_cluster,table2:1371,peachtree(r) complete iii,,
missing_reference_cluster,table2:1380,three-to-a-page payroll checks,,
missing_reference_cluster,table2:1382,laser/inkjet checks for peachtree(r) complete iii for dos v. 5.0-10.0,,
missing_reference_cluster,table2:1384,laser/inkjet checks for peachtree(r) complete iii for dos v. 5.0-10.0,,
missing_reference_cluster,table2:1387,quicken(r) quickbooks(r) microsoft money(r) and simply money(r) laser checks,,
missing_reference_cluster,table2:1389,blank laser checks,,
missing_reference_cluster,table2:1392,peachtree(r) complete iii,,
missing_reference_cluster,table2:1394,three-to-a-page disbursement checks,,
missing_reference_cluster,table2:1397,multipurpose continuous checks,,
missing_reference_cluster,table2:1398,specialty double window envelopes to match your forms & checks,,
missing_reference_cluster,table2:1400,specialty single window envelopes to match your forms & checks,,
missing_reference_cluster,table2:1402,brain play preschool-1st grade,,
missing_reference_cluster,table2:1405,individual software pro-tsm hanes t-shirt maker deluxe,,
missing_reference_cluster,table2:1407,individual software jce-th6 total 3d home deluxe j/c,,
missing_reference_cluster,table2:1412,freeverse software 4001 northland,,
missing_reference_cluster,table2:1417,freeverse software 4012 3d bridge deluxe (retail box) for mac,,
missing_reference_cluster,table2:1424,cisco pgw2200 include redundant,,
missing_reference_cluster,table2:1425,novell identity manager integration module for mainframe for 900 series mvs - (,,
missing_reference_cluster,table2:1426,novell identity manager integration module for mainframe for 900 series mvs - (,,
missing_reference_cluster,table2:146,sims 2 season expansion pack,,
missing_reference_cluster,table2:1533,prosafe vpn client software single user - netgear inc. - vpn01l,,
missing_reference_cluster,table2:1626,myinvoices & estimates deluxe,,
missing_reference_cluster,table2:1654,cisco csa-b100-srvr-k9 cisco security server agent win + sol 100 agentbundle cisco security server agent - license - 100 agents - win solaris 0746320832586,,
missing_reference_cluster,table2:1655,cisco pgw2200 includes redundnt,,
missing_reference_cluster,table2:1656,cisco pgw2200 includes redundnt,,
missing_reference_cluster,table2:1668,rl296aa red hat enterprise linux ws - ( v. 4 update 4 ) - license - 1 workstation,,
missing_reference_cluster,table2:1699,cd26xm-ch= cisco ios ip/fw/ids - complete package - cd,,
missing_reference_cluster,table2:1707,firebox x550e gateway antivirus intrusion prevention service 1yr - watchguard -,,
missing_reference_cluster,table2:1725,hgw hallmark card studio 2005 deluxe - complete package - 1 user - cd - win,,
missing_reference_cluster,table2:1732,wg3605 watchguard mobile user vpn - complete package - 5 users - cd - win - english - t,,
missing_reference_cluster,table2:1753,6809a-g03-11.0 scansoft paperport - ( v. 11 ) - complete package - 5 users - win - english,,
missing_reference_cluster,table2:1754,910443-004-g onweb web-to-host - ( v. 5.1 ) - upgrade license - 1 user - volume - level g ( 3,,
missing_reference_cluster,table2:1776,10731 the print shop 22 pro publisher deluxe - complete package - 1 user - win,,
missing_reference_cluster,table2:1778,299530 quickbooks premier nonprofit edition 2007 - complete package - 1 user - cd - win,,
missing_reference_cluster,table2:1844,emc ju10a0075 emc retrospect 7.5 disk to disk windows emc insignia retrospect disk-to-disk - ( v. 7.5 ) - complete package - 1 server - cd - win 0093156011006,,
missing_reference_cluster,table2:1845,902453-006-g rumba unix-hp edition - ( v. 7.3 ) - upgrade license - 1 user - volume - level g,,
missing_reference_cluster,table2:1855,29180162 adobe photoshop elements 4.0 plus adobe premiere elements 2.0 - complete package,,
missing_reference_cluster,table2:1859,2013001000122 details - ( v. 3.0 ) - complete package - 1 user - cd - win - english,,
missing_reference_cluster,table2:1872,print explosion deluxe 3.0: mac,,
missing_reference_cluster,table2:1931,csa-b100-srvr-k9 cisco security server agent - license - 100 agents - win solaris,,
missing_reference_cluster,table2:1939,ibm totalstorage ds4800 model 84 - hard drive array,,
missing_reference_cluster,table2:1940,ibm totalstorage ds4800 model 84 - hard drive array,,
missing_reference_cluster,table2:1946,jboss subscription service platinum - jboss portal - technical support,,
missing_reference_cluster,table2:1947,jboss subscription service platinum - jboss portal - technical support,,
missing_reference_cluster,table2:1949,sonicwall 01-ssc-6997 3yr snwl client/server anti-virus 1000u sonicwall client/server anti-virus suite - subscription license ( 3 years ) - 1000 users 0758479069973,,
missing_reference_cluster,table2:1950,sonicwall 01-ssc-6997 3yr snwl client/server anti-virus 1000u sonicwall client/server anti-virus suite - subscription license ( 3 years ) - 1000 users 0758479069973,,
missing_reference_cluster,table2:1954,freeverse software 4015 big bang board games,,
missing_reference_cluster,table2:1955,individual software prm-rce resumemaker career edition,,
missing_reference_cluster,table2:1957,individual software qne-t15 typing quick & easy 15.0,,
missing_reference_cluster,table2:1969,apple ilife 06,,
missing_reference_cluster,table2:197,vivendi blizzard world of warcraft,,
missing_reference_cluster,table2:1993,encore software 13921 - 3d home architect home design deluxe version 9,,
missing_reference_cluster,table2:2010,encore software 13931 - 3d home architect landscape design deluxe version 9,,
missing_reference_cluster,table2:2030,encore software 13781 - westward,,
missing_reference_cluster,table2:2036,encore software 13881 - tlc dr seuss reading learning system 2008,,
missing_reference_cluster,table2:2053,jumpstart phonics (jc),,
missing_reference_cluster,table2:2055,sage software acts2005rt act! 7.0 2005,,
missing_reference_cluster,table2:2084,marine aquarium & goldfish screen saver by encore software,,
missing_reference_cluster,table2:2089,individual software prm-r12 resumemaker professional 12.0,,
missing_reference_cluster,table2:2131,adobe production studio premium software suite video software bundles,,
missing_reference_cluster,table2:2132,crystal-graphics crystal 3d impact! pro animation software,,
missing_reference_cluster,table2:2162,freeverse software 4001 northland,,
missing_reference_cluster,table2:2164,individual software prm-xw3 professor teaches excel & word,,
missing_reference_cluster,table2:2194,individual software prm-xw3 professor teaches excel & word,,
missing_reference_cluster,table2:2195,freeverse software 006 active lancer,,
missing_reference_cluster,table2:2197,individual software jce-wn5 professor teaches windows j/c,,
missing_reference_cluster,table2:2198,individual software prm-wn5 professor teaches windows xp,,
missing_reference_cluster,table2:2203,abacus software s546 usa extreme landscapes for fs2004 and fs2002 - 3cd set,,
missing_reference_cluster,table2:2215,encore software 12361 - encore elementary advantage 2008 - training/wbt - pc,,
missing_reference_cluster,table2:2219,native instruments traktor dj studio 3 - software based dj rig music production software,,
missing_reference_cluster,table2:225,checkmark multiledger 6.0,,
missing_reference_cluster,table2:2251,freeverse software 5003 bumpercar 2.0 mac web browser,,
missing_reference_cluster,table2:2273,encore software 12411 - encore adventure workshop preschool-1st grade 8th edition - educational - pc,,
missing_reference_cluster,table2:2286,steinberg cubase 4 software - competitive crossgrade music production software,,
missing_reference_cluster,table2:230,fogware hyb art dvd,,
missing_reference_cluster,table2:2308,freeverse software 4015 big bang board games,,
missing_reference_cluster,table2:2309,individual software pro-tsm hanes t-shirt maker deluxe,,
missing_reference_cluster,table2:2312,freeverse software 010 wingnuts 2 - raina's revenge,,
missing_reference_cluster,table2:2314,freeverse software 4024 robin hood: the legend of sheerwood,,
missing_reference_cluster,table2:2319,individual software jce-wn5 professor teaches windows j/c,,
missing_reference_cluster,table2:2321,individual software prm-wn5 professor teaches windows xp,,
missing_reference_cluster,table2:2322,firebox x550e gateway antivirus intrusion prevention service 1yr - watchguard -,,
missing_reference_cluster,table2:2323,freeverse software 005 solace,,
missing_reference_cluster,table2:2325,freeverse software 006 active lancer,,
missing_reference_cluster,table2:2354,individual software prm-r12 resumemaker professional 12.0,,
missing_reference_cluster,table2:2367,cisco csa-b250-dtop-k9 cisco security desktop agent win + sol 250 agent bundle cisco security desktop agent - license - 250 agents 0746320832500,,
missing_reference_cluster,table2:2401,individual software jce-th6 total 3d home deluxe j/c,,
missing_reference_cluster,table2:2402,freeverse software 4012 3d bridge deluxe (retail box) for mac,,
missing_reference_cluster,table2:2406,individual software prm-rce resumemaker career edition,,
missing_reference_cluster,table2:2407,individual software qne-t15 typing quick & easy 15.0,,
missing_reference_cluster,table2:2411,native instruments traktor dj studio 3 - software based dj rig music production software,,
missing_reference_cluster,table2:2492,sony creative software sound forge audio studio v.8.0 complete product,,
missing_reference_cluster,table2:2493,sony creative software sound forge audio studio v.8.0 complete product,,
missing_reference_cluster,table2:2499,pc-cillin internet security 2007 3-user (win me 2000 xp),,
missing_reference_cluster,table2:2527,sage software acts2005rt act! 7.0 2005,,
missing_reference_cluster,table2:2534,aec software 1018001000132 fasttrack schedule 8 pda,,
missing_reference_cluster,table2:2543,onone software mpr-40212 mask pro 4.0 upgrade (buy now and get free cs3 compatibility upgrades),,
missing_reference_cluster,table2:2547,abacus software s482 scenic railway add-on for pc,,
missing_reference_cluster,table2:2548,abacus software s461 train sim modeller for pc,,
missing_reference_cluster,table2:2549,abacus software 1557555117 flight deck iii for pc,,
missing_reference_cluster,table2:2560,abacus software s515 flight simulation sea plane adventures pc,,
missing_reference_cluster,table2:2561,abacus software s fs commuter pilot - pc,,
missing_reference_cluster,table2:2562,ce software 4501eu01up35 quickeys 5.0 upgrade from 3.x,,
missing_reference_cluster,table2:2563,abacus software 5563 abacus 5563 - private pilot ii,,
missing_reference_cluster,table2:2564,abacus software s532 military aircraft collection for pc,,
missing_reference_cluster,table2:2565,abacus software s546 usa extreme landscapes for fs2004 and fs2002 - 3cd set,,
missing_reference_cluster,table2:2566,abacus software s513 fligth simulation whirly birds adventures pc,,
missing_reference_cluster,table2:2567,ce software 4501eu01up40 quickeys 5.0 upgrade from 4.0,,
missing_reference_cluster,table2:2568,ce software 4x30eu01up20 quickeys x3 upgrade from 2.0,,
missing_reference_cluster,table2:2570,abacus software 5562 chopper havoc for pc,,
missing_reference_cluster,table2:2571,abacus software s568 vietnam carrier ops,,
missing_reference_cluster,table2:2572,abacus software s552 fs fighter pilot for fs2004 and fs2002,,
missing_reference_cluster,table2:2573,abacus software ss69 corporate pilot 2,,
missing_reference_cluster,table2:2588,punch software 90500 home design studio - mac,,
missing_reference_cluster,table2:2607,freeverse software 006 active lancer,,
missing_reference_cluster,table2:2608,freeverse software 010 wingnuts 2 - raina's revenge,,
missing_reference_cluster,table2:2609,freeverse software 4015 big bang board games,,
missing_reference_cluster,table2:2610,individual software pro-tsm hanes t-shirt maker deluxe,,
missing_reference_cluster,table2:2611,individual software prm-xw3 professor teaches excel & word,,
missing_reference_cluster,table2:2612,freeverse software 4024 robin hood: the legend of sheerwood,,
missing_reference_cluster,table2:2616,individual software jce-th6 total 3d home deluxe j/c,,
missing_reference_cluster,table2:2617,individual software jce-wn5 professor teaches windows j/c,,
missing_reference_cluster,table2:2624,freeverse software 4001 northland,,
missing_reference_cluster,table2:2625,individual software prm-rce resumemaker career edition,,
missing_reference_cluster,table2:2626,freeverse software 4012 3d bridge deluxe (retail box) for mac,,
missing_reference_cluster,table2:2633,sony acid music studio (pc),,
missing_reference_cluster,table2:2636,big oil: build an oil empire,,
missing_reference_cluster,table2:2661,onone software mpr-40212 mask pro 4.0 upgrade (buy now and get free cs3 compatibility upgrades),,
missing_reference_cluster,table2:2667,webroot spy sweeper spanish edition (pc),,
missing_reference_cluster,table2:2671,mobile media converter (pc) pinnacle,,
missing_reference_cluster,table2:2689,photo explosion deluxe 3.0 nova,,
missing_reference_cluster,table2:2710,elementary school space - the universe (pc/mac) fogware,,
missing_reference_cluster,table2:2718,printshop home & office labels,,
missing_reference_cluster,table2:2719,bodyworks 6.0 25-user building site license,,
missing_reference_cluster,table2:2720,virtual labs: light,,
missing_reference_cluster,table2:2721,pressure pop!,,
missing_reference_cluster,table2:2722,aec software 1018001000132 fasttrack schedule 8 pda,,
missing_reference_cluster,table2:2723,essential business tools 2.0,,
missing_reference_cluster,table2:2724,abacus software s fs commuter pilot - pc,,
missing_reference_cluster,table2:2725,let's make stickers,,
missing_reference_cluster,table2:2726,abacus software 1557555117 flight deck iii for pc,,
missing_reference_cluster,table2:2727,backyard skateboarding,,
missing_reference_cluster,table2:2733,ce software 4x30eu01up20 quickeys x3 upgrade from 2.0,,
missing_reference_cluster,table2:2734,abacus software s513 fligth simulation whirly birds adventures pc,,
missing_reference_cluster,table2:2735,ce software 4501eu01up35 quickeys 5.0 upgrade from 3.x,,
missing_reference_cluster,table2:2736,rayman 10th anniversary collection,,
missing_reference_cluster,table2:2737,abacus software s568 vietnam carrier ops,,
missing_reference_cluster,table2:2739,abacus software s532 military aircraft collection for pc,,
missing_reference_cluster,table2:2740,scansoft pdf converter 4,,
missing_reference_cluster,table2:2741,abacus software 5562 chopper havoc for pc,,
missing_reference_cluster,table2:2743,abacus software 5563 abacus 5563 - private pilot ii,,
missing_reference_cluster,table2:2745,abacus software s546 usa extreme landscapes for fs2004 and fs2002 - 3cd set,,
missing_reference_cluster,table2:2747,abacus software ss69 corporate pilot 2,,
missing_reference_cluster,table2:2748,abacus software s461 train sim modeller for pc,,
missing_reference_cluster,table2:2749,abacus software s482 scenic railway add-on for pc,,
missing_reference_cluster,table2:2751,abacus software s515 flight simulation sea plane adventures pc,,
missing_reference_cluster,table2:2752,sony photo go,,
missing_reference_cluster,table2:2753,ce software 4501eu01up40 quickeys 5.0 upgrade from 4.0,,
missing_reference_cluster,table2:2754,freeverse software 5003 bumpercar 2.0 mac web browser,,
missing_reference_cluster,table2:2756,abacus software s552 fs fighter pilot for fs2004 and fs2002,,
missing_reference_cluster,table2:2759,freeverse software 010 wingnuts 2 - raina's revenge,,
missing_reference_cluster,table2:2765,crayola first ladies costume maker,,
missing_reference_cluster,table2:2767,quickstart pc cleaner xp,,
missing_reference_cluster,table2:2769,pokemon team turbo,,
missing_reference_cluster,table2:2772,reader rabbit learn to read with phonics! preschool & kindergarten,,
missing_reference_cluster,table2:2774,south park chef's luv shack,,
missing_reference_cluster,table2:2775,tank battle,,
missing_reference_cluster,table2:2776,lego island 2: the brickster's revenge,,
missing_reference_cluster,table2:2779,home budget for dummies,,
missing_reference_cluster,table2:2781,encyclopedia of our living oceans,,
missing_reference_cluster,table2:2785,microsoft windows vista business full version,,
missing_reference_cluster,table2:2788,clifford the big red dog - reading pack,,
missing_reference_cluster,table2:2789,ultimate pinball,,
missing_reference_cluster,table2:2790,wacky farm,,
missing_reference_cluster,table2:2792,state standards - grade 6,,
missing_reference_cluster,table2:2793,superstart! science arcade,,
missing_reference_cluster,table2:2794,mighty math number heroes,,
missing_reference_cluster,table2:2795,madeline rainy day activities,,
missing_reference_cluster,table2:2797,treasure galaxy 5-user lab pack for mac,,
missing_reference_cluster,table2:2799,namco museum 50th anniversary,,
missing_reference_cluster,table2:2800,season ticket football 2003,,
missing_reference_cluster,table2:2802,quickstart photo montage studio,,
missing_reference_cluster,table2:2809,encyclopedia britannica profiles: dinosaurs!,,
missing_reference_cluster,table2:2811,police quest compilation,,
missing_reference_cluster,table2:2813,elementary school success deluxe 2006,,
missing_reference_cluster,table2:2814,tonka town,,
missing_reference_cluster,table2:2815,startopia,,
missing_reference_cluster,table2:2816,easy home massage - dvd,,
missing_reference_cluster,table2:2817,super solvers - spellbound! ! - school edition for mac,,
missing_reference_cluster,table2:2820,clifford the big red dog - thinking adventures,,
missing_reference_cluster,table2:2821,easy drums,,
missing_reference_cluster,table2:2829,adobe acrobat professional 7,,
missing_reference_cluster,table2:2830,wacky bird hunter,,
missing_reference_cluster,table2:2831,treasure mountain,,
missing_reference_cluster,table2:2832,tonka search & rescue 2,,
missing_reference_cluster,table2:2842,edius pro 4,,
missing_reference_cluster,table2:2843,studio ultimate version 11,,
missing_reference_cluster,table2:2847,punch software 90500 home design studio - mac,,
missing_reference_cluster,table2:2853,quickbooks pro 2007 3 user,,
missing_reference_cluster,table2:2857,csi: crime scene investigation,,
missing_reference_cluster,table2:2858,hoyle card games,,
missing_reference_cluster,table2:2860,cluefinders 3rd grade adventures: mystery of mathra,,
missing_reference_cluster,table2:2862,state standards - grade 8,,
missing_reference_cluster,table2:2863,instant home cooking,,
missing_reference_cluster,table2:2866,encore software 13851 - tlc blues clues preschool learning system 2008,,
missing_reference_cluster,table2:2868,let's learn about time & date,,
missing_reference_cluster,table2:2870,mother goose - interactive storybook,,
missing_reference_cluster,table2:2872,calendar creator 10,,
missing_reference_cluster,table2:2874,punch software 90500 home design studio - mac,,
missing_reference_cluster,table2:2876,living trust builder,,
missing_reference_cluster,table2:2877,sega smash pack 2,,
missing_reference_cluster,table2:2881,quickbooks pro 2007 3 user,,
missing_reference_cluster,table2:2882,zoboomafoo animal logic with workbook combo,,
missing_reference_cluster,table2:2884,post mortem,,
missing_reference_cluster,table2:2885,backyard soccer mls edition,,
missing_reference_cluster,table2:2887,who wants to be a millionaire sports edition,,
missing_reference_cluster,table2:2888,zipmagic personal edition,,
missing_reference_cluster,table2:2903,windows vista ultimate - upgrade,,
missing_reference_cluster,table2:2928,math missions: the race to spectacle city arcade (grades k-2),,
missing_reference_cluster,table2:2929,world of wild cats,,
missing_reference_cluster,table2:2958,palo alto business plan pro 2007,,
missing_reference_cluster,table2:2973,microsoft(r) windows(r) xp professional edition with sp2,,
missing_reference_cluster,table2:2974,adobe creative suite 3 (cs3) design suite standard upgrade (upsell) - mac,,
missing_reference_cluster,table2:2984,microsoft(r) project standard 2007,,
missing_reference_cluster,table2:2994,macbackup,,
missing_reference_cluster,table2:3,math missions: the amazing arcade adventure (grades 3-5),,
missing_reference_cluster,table2:3002,math success(tm) deluxe 2007,,
missing_reference_cluster,table2:3003,microsoft(r) mappoint(r) 2006,,
missing_reference_cluster,table2:3007,microsoft(r) project standard 2007,,
missing_reference_cluster,table2:3008,roxio(r) easy media creator(r) 9 suite,,
missing_reference_cluster,table2:3009,calendar creator 10,,
missing_reference_cluster,table2:3020,family tree maker 16 collectors edition,,
missing_reference_cluster,table2:3032,pc tools spyware doctor 2007,,
missing_reference_cluster,table2:3035,ibm(r) viavoice(r) advanced edition 10,,
missing_reference_cluster,table2:31,buvsag-00000 ulead videostudio 10 - complete package - 1 user - win - english,,
missing_reference_cluster,table2:318,aspyr star wars battlefront mac os x,,
missing_reference_cluster,table2:343,emc insignia retrospect desktop 6 upgrade,,
missing_reference_cluster,table2:344,emc insignia retrospect desktop 6.x,,
missing_reference_cluster,table2:412,magix entertainment corp. xtreme photostory on cd and dvd 6,,
missing_reference_cluster,table2:444,csdc best of card games j/c - on hand software,,
missing_reference_cluster,table2:45,22030094 adobe encore dvd - ( v. 2.0 ) - complete package - 1 user - dvd - win - universa,,
missing_reference_cluster,table2:465,allume anime studio 5,,
missing_reference_cluster,table2:508,filemaker mobile 8,,
missing_reference_cluster,table2:552,feral interactive the movies,,
missing_reference_cluster,table2:570,mcafee inc mcafee virusscan plus sub 1:1 3u mb en,,
missing_reference_cluster,table2:571,makemusic finale 2007 academic create edit and print sheet music,,
missing_reference_cluster,table2:582,fogware hyb space dvd,,
missing_reference_cluster,table2:6,edius pro 4,,
missing_reference_cluster,table2:61,cd28-esk9= cisco ios enterprise services - complete package - cd,,
missing_reference_cluster,table2:63,01-ssc-5310 sonicwall global vpn client - license - 1 user - win,,
missing_reference_cluster,table2:64,f309a-g03-11.0 scansoft paperport professional - ( v. 11 ) - complete package - 5 users - win -,,
missing_reference_cluster,table2:715,bb0kyna ibm db2 net search extender - ( v. 8.2 ) - media - cd - linux unix win - engli,,
missing_reference_cluster,table2:716,00dexx17cc01 designcad - ( v. 17 ) - complete package - 1 user - cd - win,,
missing_reference_cluster,table2:726,22101258 adobe acrobat capture - ( v. 3.0 ) - license - 1 user 20000 pages - win - engli,,
missing_reference_cluster,table2:773,individual software qne-t15 typing quick & easy 15.0,,
missing_reference_cluster,table2:776,individual software prm-wn5 professor teaches windows xp,,
missing_reference_cluster,table2:777,freeverse software 5003 bumpercar 2.0 mac web browser,,
missing_reference_cluster,table2:897,nova print explosion deluxe 3.0,,
missing_reference_cluster,table2:900,allume spring cleaning 9.0,,
missing_reference_cluster,table2:913,intuit quickbooks pro 2007 for mac,,
missing_reference_cluster,table2:94,210100533 pinnacle studio plus titanium edition - ( v. 10.5 ) - complete package - 1 user,,
extra_predicted_cluster,table1:0,,2022,clickart 950 000 - premier image pack (dvd-rom)
extra_predicted_cluster,table1:1001|table2:2293|table2:3008,,3172,roxio easy media creator 9
extra_predicted_cluster,table1:1002,,3466,logic pro 6 upgrade from logic platinum/gold 5&6
extra_predicted_cluster,table1:1004,,3203,marine aquarium 2.0 (pc & mac)
extra_predicted_cluster,table1:1005|table1:909|table2:162|table2:2215|table2:767,,3141,elementary advantage 2008
extra_predicted_cluster,table1:1006,,2337,finale songwriter 2007
extra_predicted_cluster,table1:1007|table2:3002,,2745,math success(tm) deluxe 2007
extra_predicted_cluster,table1:1009,,3206,wheel of fortune deluxe
extra_predicted_cluster,table1:1011,,3348,elementary school advantage 2007
extra_predicted_cluster,table1:1012,,3246,resumemaker professional 12.0
extra_predicted_cluster,table1:1016,,2340,e-mu em8669 modern symphonic orchestra
extra_predicted_cluster,table1:1019,,2341,makemusic finale 2007 win/mac
extra_predicted_cluster,table1:102|table2:1626,,2669,myinvoices & estimates deluxe
extra_predicted_cluster,table1:1020|table2:2030,,3032,encore software 13781 - westward
extra_predicted_cluster,table1:1024,,2342,pc professor fuji's kakuro
extra_predicted_cluster,table1:1025,,2343,marine aquarium 2.5 virtual undersea paradise win/mac
extra_predicted_cluster,table1:1026|table2:400,,2797,encore inc spongebob squarepants - typing fun
extra_predicted_cluster,table1:1027|table1:1028,,3293,brain food games: cranium collection 2006
extra_predicted_cluster,table1:1029,,3485,printmaster 17 gold by encore software
extra_predicted_cluster,table1:103,,3314,my sim aquarium
extra_predicted_cluster,table1:1030|table2:2887,,2613,who wants to be a millionaire sports edition
extra_predicted_cluster,table1:1032,,2345,fate
extra_predicted_cluster,table1:1035,,3526,hoyle puzzle & board games 2007
extra_predicted_cluster,table1:1036,,2346,jackpot tycoon (jewel case)
extra_predicted_cluster,table1:1037,,2347,riverdeep kissing canines
extra_predicted_cluster,table1:1039,,2348,monopoly platinum edition
extra_predicted_cluster,table1:104,,2056,scrabble
extra_predicted_cluster,table1:1040,,2349,home & business lawyer dlx 2006 by broderbund
extra_predicted_cluster,table1:1041,,3449,middle school advantage 2008
extra_predicted_cluster,table1:1043|table2:2772,,2926,reader rabbit learn to read with phonics! preschool & kindergarten
extra_predicted_cluster,table1:1045,,2350,professor fujis sudoku deluxe by encore
extra_predicted_cluster,table1:1053,,3279,pc tools spyware doctor 2007 sb cs by pc tools
extra_predicted_cluster,table1:1056|table2:11,,3496,ares rising
extra_predicted_cluster,table1:1058,,2355,evergirl
extra_predicted_cluster,table1:106|table2:1654|table2:1931|table2:1932,,3113,cisco security server agent for windows and solaris - license - 100 agents - win solaris ( csa-b100-srvr-k9 )
extra_predicted_cluster,table1:1060,,3453,hasbro family game collection 2006
extra_predicted_cluster,table1:1063|table2:2084,,2812,marine aquarium & goldfish screen saver by encore software
extra_predicted_cluster,table1:1065|table2:2044|table2:3020,,3164,family tree maker version 16 collectors edition sb cs
extra_predicted_cluster,table1:1066|table1:1334|table2:640|table2:975,,3127,liquid ledger personal finance
extra_predicted_cluster,table1:107,,3292,photoshop elements 5 and premiere elements 3 bundle win minibox (29180248)
extra_predicted_cluster,table1:1071,,3197,adventure workshop 4th-6th grade 7th edition
extra_predicted_cluster,table1:1076|table2:1369|table2:969,,3110,burning monkey solitaire 4.0
extra_predicted_cluster,table1:1080,,2359,e-mu em8685 beat garden x emulator x2/proteus x2 soundset
extra_predicted_cluster,table1:1084,,3199,final cut express 2.0 upgrade
extra_predicted_cluster,table1:1085,,2360,detto move2mac usb
extra_predicted_cluster,table1:1086,,3180,allume aquazone seven seas deluxe
extra_predicted_cluster,table1:1087,,3344,apple remote desktop 2.2 10 client (old version)
extra_predicted_cluster,table1:109,,2057,instant immersion french 2.0
extra_predicted_cluster,table1:1090,,2361,webroot spysweeper antispyware - 3 user
extra_predicted_cluster,table1:1096|table1:1275,,3317,punch! master landscape & home design
extra_predicted_cluster,table1:1101|table1:1250|table1:35|table2:1776|table2:1967|table2:1988|table2:454,,3123,print shop 22 pro publisher deluxe
extra_predicted_cluster,table1:1105,,2364,webroot spy sweeper antispyware 5.x
extra_predicted_cluster,table1:1108,,3237,dk rainbow fish most beautiful fish in the ocean
extra_predicted_cluster,table1:1115,,2365,emedia print music 2006 win/mac
extra_predicted_cluster,table1:1116,,2366,adobe solution expert support
extra_predicted_cluster,table1:112,,2059,foreign policy & reform (win/mac) (jewel case)
extra_predicted_cluster,table1:1125,,2368,comic book library
extra_predicted_cluster,table1:1126,,2369,taxcut home & bus +state + sage includes act 8.0 & peachtree 2007
extra_predicted_cluster,table1:113,,2060,microsoft licenses win svr 2003 ext conn lic (r3900292)
extra_predicted_cluster,table1:1130,,3416,cakewalk sonar 6 producer ed
extra_predicted_cluster,table1:1133,,2371,adobe captivate 2.0
extra_predicted_cluster,table1:1134|table2:2132,,3012,crystal-graphics crystal 3d impact! pro animation software
extra_predicted_cluster,table1:114,,2061,quickbooks pos: pro multistore 6.0
extra_predicted_cluster,table1:1140,,2372,burning monkey mahjongg (mac)
extra_predicted_cluster,table1:1142|table2:3032,,2668,pc tools spyware doctor 2007
extra_predicted_cluster,table1:1144,,2374,drive genius by prosoft engineering inc
extra_predicted_cluster,table1:1149,,3112,burning monkey solitaire 2005 edition
extra_predicted_cluster,table1:1150,,2375,nero 7 ultra edition enhanced pc & home entrmnt soln
extra_predicted_cluster,table1:1154|table2:900,,2919,spring cleaning 9.0 for mac os 10.4 & above
extra_predicted_cluster,table1:1155,,2377,g7 kontakt edition
extra_predicted_cluster,table1:1157,,3418,cakewalk sonar 6 studio
extra_predicted_cluster,table1:1160|table2:1872|table2:897,,3154,print explosion deluxe 3.0 (mac)
extra_predicted_cluster,table1:1162|table1:1198|table2:535|table2:896,,2549,allume stuffit deluxe 11 os x 10.4 or higher
extra_predicted_cluster,table1:1165|table1:547|table2:914,,3145,adobe indesign cs3 upgrade from pagemaker [mac]
extra_predicted_cluster,table1:1168,,3298,microsoft office student and teacher edition 2004 macintosh
extra_predicted_cluster,table1:1173,,2379,onone software pxl smartscale ( windows and macintosh )
extra_predicted_cluster,table1:1176|table2:2010|table2:558,,3115,3d home architect landscape design deluxe version 9
extra_predicted_cluster,table1:1177,,2380,adobe creative suite cs3 web standard [mac]
extra_predicted_cluster,table1:1179,,2381,photoframe pro 3.0 1u
extra_predicted_cluster,table1:118|table2:1488,,2559,crystal reports xi professional edition - complete package
extra_predicted_cluster,table1:1181,,3389,punch! professional home design
extra_predicted_cluster,table1:1183|table2:570,,2873,mcafee inc mcafee virusscan plus sub 1:1 3u mb en
extra_predicted_cluster,table1:1184,,2382,mask pro 4.0 1u
extra_predicted_cluster,table1:1186,,2383,home design architect series 3000 v10.0
extra_predicted_cluster,table1:1187,,2384,individual small business advantage deluxe 2006
extra_predicted_cluster,table1:1188|table2:571,,2882,makemusic finale 2007 academic create edit and print sheet music
extra_predicted_cluster,table1:1189|table2:1085,,2645,quickbooks(r) point of sale 2007: basic retail management 6.0
extra_predicted_cluster,table1:119,,3268,sierra hallmark card studio special edition ( windows )
extra_predicted_cluster,table1:1190,,2385,dreamweaver cs3 9 mac ed 1u
extra_predicted_cluster,table1:1195|table2:582,,2696,fogware hyb space dvd
extra_predicted_cluster,table1:1196,,2387,micromat diskstudio ( mac)
extra_predicted_cluster,table1:1201,,3214,kaplan sat/act/psat gold 2007 win/mac
extra_predicted_cluster,table1:1204,,2388,money home & business 2007 win32 eng na mini box us only cd
extra_predicted_cluster,table1:1207|table2:2994,,2666,macbackup
extra_predicted_cluster,table1:121,,2062,microsoft licenses exch. srvr extrn conn sa eng (39400416)
extra_predicted_cluster,table1:1210|table2:552,,2756,feral interactive the movies
extra_predicted_cluster,table1:1212|table2:31,,3098,buvsag-00000 ulead videostudio 10 - complete package - 1 user - win - english
extra_predicted_cluster,table1:1216,,2391,sony acid pro 6 professional music workstation
extra_predicted_cluster,table1:122,,3501,watchguard serverlock manager (100 servers)
extra_predicted_cluster,table1:1225,,2393,logic express 6
extra_predicted_cluster,table1:1226,,2394,photoshop elements 4 edu mac 1u
extra_predicted_cluster,table1:1228,,2395,dvo cook'n deluxe 6.0 - ultimate recipe organizer
extra_predicted_cluster,table1:1231,,3436,upgrade acid pro 6 boxed
extra_predicted_cluster,table1:1233,,3243,peachtree by sage premium accounting 2007
extra_predicted_cluster,table1:1235|table2:1115,,2854,peachtree by sage pro accounting 2007
extra_predicted_cluster,table1:124|table2:1792|table2:2036,,3109,tlc dr. seuss reading learning system 2008
extra_predicted_cluster,table1:1240|table1:479,,3254,window washer
extra_predicted_cluster,table1:1246|table2:1063,,3018,sony media software acid pro 6 software music production software
extra_predicted_cluster,table1:1249,,2397,punch! home design architectura series 18
extra_predicted_cluster,table1:1251,,2398,hijack2
extra_predicted_cluster,table1:1255,,3386,punch! professional home design suite
extra_predicted_cluster,table1:126|table1:129,,3514,oxford spanish dictionary
extra_predicted_cluster,table1:1260|table1:1278,,3257,punch! 5 in 1 home design
extra_predicted_cluster,table1:1261|table2:412|table2:464,,3130,xtreme photostory on cd and dvd 6
extra_predicted_cluster,table1:1262|table2:465,,2975,anime studio 5 win 98/me 2000/xp mac os 10.4 & up
extra_predicted_cluster,table1:1263,,3377,punch! home design architectural series 18
extra_predicted_cluster,table1:1264|table1:868|table2:171,,3151,adobe soundbooth cs3
extra_predicted_cluster,table1:1265|table2:1360|table2:2312|table2:2608|table2:2759|table2:484,,3171,wingnuts 2 (mac)
extra_predicted_cluster,table1:1266,,3356,punch! super home suite
extra_predicted_cluster,table1:1269,,3545,easy video editor 2.0 by honest technology
extra_predicted_cluster,table1:127,,2064,pantone reference library
extra_predicted_cluster,table1:1272|table2:2958|table2:547,,1954,palo alto software business plan pro 2007
extra_predicted_cluster,table1:1273|table1:450|table2:2415|table2:354,,3126,adobe after effects cs3
extra_predicted_cluster,table1:1287,,2401,starry night astronomy screensaver win/mac
extra_predicted_cluster,table1:1288,,3551,quickverse sermon builder 4.0
extra_predicted_cluster,table1:1290,,3404,snap! spelling (jewel case)
extra_predicted_cluster,table1:1291,,3308,acad vegas movie studio +dvd 8 platinum
extra_predicted_cluster,table1:1294,,2403,scrabble complete (jewel case)
extra_predicted_cluster,table1:1297,,2405,emedia guitarpro 5 win/mac
extra_predicted_cluster,table1:1298,,2406,spycatcher 2007for pc
extra_predicted_cluster,table1:13|table2:2667,,2504,webroot spy sweeper spanish edition (pc)
extra_predicted_cluster,table1:130,,3464,microsoft licenses sps extrnlconnnonemplyenglands c (h3200034)
extra_predicted_cluster,table1:1303,,2407,sales skills 2.0 ages 10+
extra_predicted_cluster,table1:1305,,3212,return to castle wolfenstein (mac)
extra_predicted_cluster,table1:1309|table2:2831,,2933,treasure mountain! (jewel case) ages 5-9 for win/mac
extra_predicted_cluster,table1:1310,,2408,video patrol 5.0 by honest technology
extra_predicted_cluster,table1:1325|table2:562,,2730,adobe creative suite cs3 web standard
extra_predicted_cluster,table1:1330,,2410,northstar for pc/mac
extra_predicted_cluster,table1:1331,,2411,make music allegro 2007 labpack - 5 user
extra_predicted_cluster,table1:1333,,3191,power translator 11 premium
extra_predicted_cluster,table1:1335|table1:626|table2:280|table2:639,,2843,masque publishing sportsmans double play with american billiards
extra_predicted_cluster,table1:1340|table1:360|table2:1000|table2:253,,3174,adobe creative suite cs3 web standard upsell [mac]
extra_predicted_cluster,table1:1344|table1:550|table2:2841|table2:616,,3140,instant immersion italian deluxe 2.0
extra_predicted_cluster,table1:1349,,2412,flash remoting 1 alp ret eng cd 2u
extra_predicted_cluster,table1:1350,,2413,shapes
extra_predicted_cluster,table1:1351,,2414,dragon naturally speaking standard v9
extra_predicted_cluster,table1:137|table2:1845,,2936,902453-006-g rumba unix-hp edition - ( v. 7.3 ) - upgrade license - 1 user - volume - level g
extra_predicted_cluster,table1:140|table2:343,,3095,emc insignia retrospect desktop 6 upgrade
extra_predicted_cluster,table1:143,,2073,adobe acrobat distiller svr v6-cd linux u/u ( 42050142 )
extra_predicted_cluster,table1:146|table2:3003,,2921,microsoft mappoint 2006 standard edition
extra_predicted_cluster,table1:156|table2:1859,,2799,2013001000122 details - ( v. 3.0 ) - complete package - 1 user - cd - win - english
extra_predicted_cluster,table1:157|table2:1855,,2844,adobe photoshop elements 4.0 plus adobe premiere elements 2.0 - complete package - 1 user - cd ( mini-box ) - win - canadian french ( 29180162 )
extra_predicted_cluster,table1:161,,3534,gods: lands of infinity - special edition
extra_predicted_cluster,table1:164,,3458,sea scene: living underwater worlds (jewel case)
extra_predicted_cluster,table1:166,,3481,equilibrium debabelizer pro 6.0 - 1 user
extra_predicted_cluster,table1:168,,2089,autodesk discreet combustion 4 ( windows )
extra_predicted_cluster,table1:17,,2031,upg sgms 1000 incremental node
extra_predicted_cluster,table1:171,,2091,microsoft licenses word mac 10.0 eng govt (d4800369)
extra_predicted_cluster,table1:175,,3483,diskeeper 2007 professional single lic pack
extra_predicted_cluster,table1:178,,3406,smart steps 4th grade
extra_predicted_cluster,table1:179,,2095,ca arcserve bkup r11.5 win dro sp1 prod only
extra_predicted_cluster,table1:185|table2:1084,,2430,csdc iremember digital scrapbooking 2.0
extra_predicted_cluster,table1:193,,2099,backup exec 10d win adv disk v10.1 lic only (e180518)
extra_predicted_cluster,table1:195|table2:197,,2862,vivendi blizzard world of warcraft
extra_predicted_cluster,table1:197|table2:63,,2748,01-ssc-5310 sonicwall global vpn client - license - 1 user - win
extra_predicted_cluster,table1:198|table2:64,,3073,f309a-g03-11.0 scansoft paperport professional - ( v. 11 ) - complete package - 5 users - win -
extra_predicted_cluster,table1:20,,2032,millie's math house ages 3-7 (win/mac)
extra_predicted_cluster,table1:204|table2:61,,2706,cd28-esk9= cisco ios enterprise services - complete package - cd
extra_predicted_cluster,table1:207,,2108,crystal reports 11 professional full product french
extra_predicted_cluster,table1:220|table2:1151,,3003,mobileinventory additional mobile license
extra_predicted_cluster,table1:222|table2:94,,2955,210100533 pinnacle studio plus titanium edition - ( v. 10.5 ) - complete package - 1 user
extra_predicted_cluster,table1:23,,2033,the printshop 20 professional publisher
extra_predicted_cluster,table1:231|table2:1668,,2699,red hat enterprise linux ws - ( v. 4 update 4 ) - license - 1 workstation ( rl296aa )
extra_predicted_cluster,table1:232|table2:2718,,1793,printshop home & office labels
extra_predicted_cluster,table1:233|table2:2689,,2831,photo explosion deluxe 3.0 nova
extra_predicted_cluster,table1:236|table2:423,,2643,iris readiris pro 11 mac ocr
extra_predicted_cluster,table1:238|table1:257,,2132,ca brightstor arcserve backup r11.5 for enterprise option for advantage ingres for
extra_predicted_cluster,table1:239|table2:716,,3001,00dexx17cc01 designcad - ( v. 17 ) - complete package - 1 user - cd - win
extra_predicted_cluster,table1:242|table2:715,,2958,bb0kyna ibm db2 net search extender - ( v. 8.2 ) - media - cd - linux unix win - engli
extra_predicted_cluster,table1:247|table2:1754,,2915,910443-004-g onweb web-to-host - ( v. 5.1 ) - upgrade license - 1 user - volume - level g ( 3
extra_predicted_cluster,table1:248,,2138,microsoft windows small business server cal 2003 license pack 20 client addpack device
extra_predicted_cluster,table1:249|table2:1753,,3092,6809a-g03-11.0 scansoft paperport - ( v. 11 ) - complete package - 5 users - win - english
extra_predicted_cluster,table1:250|table1:333|table2:2098|table2:2118,,3125,adobe after effects professional 7.0
extra_predicted_cluster,table1:253|table2:508,,2944,filemaker mobile 8 for palm os and pocket pc
extra_predicted_cluster,table1:254|table2:1732,,2798,wg3605 watchguard mobile user vpn - complete package - 5 users - cd - win - english - t
extra_predicted_cluster,table1:256|table2:1725,,3022,hgw hallmark card studio 2005 deluxe - complete package - 1 user - cd - win
extra_predicted_cluster,table1:260|table2:1699,,3015,cd26xm-ch= cisco ios ip/fw/ids - complete package - cd
extra_predicted_cluster,table1:27,,2034,i copy dvds 2 professional edition
extra_predicted_cluster,table1:270|table2:2829,,2947,adobe acrobat 7.0 professional
extra_predicted_cluster,table1:272,,2148,adobe audition 2.0
extra_predicted_cluster,table1:273,,3491,quickbooks credit card processing kit 3.0
extra_predicted_cluster,table1:274|table1:972|table2:2867|table2:836,,3139,instant immersion italian 2.0
extra_predicted_cluster,table1:275|table2:2821,,2984,easy drums (jewel case)
extra_predicted_cluster,table1:277|table2:2817,,3452,super solvers - spellbound! ! - school edition for mac
extra_predicted_cluster,table1:279|table2:1406|table2:2056,,1383,printshop 20 pro publisher
extra_predicted_cluster,table1:28,,3531,gen-x media made easy vol. 3
extra_predicted_cluster,table1:280|table2:2815,,3460,startopia
extra_predicted_cluster,table1:281|table2:2816,,3425,easy home massage - dvd
extra_predicted_cluster,table1:283|table2:2814,,2989,tonka town (jewel case)
extra_predicted_cluster,table1:284,,3410,sibelius 5 educational edition
extra_predicted_cluster,table1:288|table2:2832,,2811,tonka search & rescue 2
extra_predicted_cluster,table1:29,,3327,family tree maker 11.2 collector's edition
extra_predicted_cluster,table1:291|table2:2830,,1865,wacky bird hunter
extra_predicted_cluster,table1:292|table2:2799,,2801,namco museum 50th anniversary collection
extra_predicted_cluster,table1:293|table2:2797,,1848,treasure galaxy 5-user lab pack for mac
extra_predicted_cluster,table1:295|table2:2795,,3541,madeline rainy day activities
extra_predicted_cluster,table1:296|table2:2794,,3443,mighty math number heroes
extra_predicted_cluster,table1:297|table2:2793,,3463,superstart! science arcade
extra_predicted_cluster,table1:298|table2:2792,,3471,state standards - grade 6
extra_predicted_cluster,table1:299|table2:2790,,1845,wacky farm
extra_predicted_cluster,table1:300|table2:2811,,2577,police quest compilation
extra_predicted_cluster,table1:302|table2:2809,,2800,encyclopedia britannica profiles: dinosaurs (jewel case)
extra_predicted_cluster,table1:304,,2156,fisher-price rescue heroes: lava landslide
extra_predicted_cluster,table1:306|table2:2802,,3540,quickstart photo montage studio
extra_predicted_cluster,table1:307|table2:2800,,3538,season ticket football 2003
extra_predicted_cluster,table1:31,,3219,dinosaurs
extra_predicted_cluster,table1:312,,3381,norton antivirus 2007
extra_predicted_cluster,table1:313|table2:2885,,2806,backyard soccer (mls edition)
extra_predicted_cluster,table1:314|table2:2888,,1900,zipmagic personal edition
extra_predicted_cluster,table1:326|table2:2928,,1928,math missions: the race to spectacle city arcade (grades k-2)
extra_predicted_cluster,table1:327|table2:2929,,1929,world of wild cats
extra_predicted_cluster,table1:328|table2:2862,,3470,state standards - grade 8
extra_predicted_cluster,table1:329|table1:570|table2:2860,,2242,cluefinders 3rd grade adventures: mystery of mathra
extra_predicted_cluster,table1:331|table2:2863,,2866,instant home cooking (jewel case)
extra_predicted_cluster,table1:332,,2165,spy sweeper [lb]
extra_predicted_cluster,table1:334,,3272,transfer my dvd
extra_predicted_cluster,table1:335,,2166,tlc zoombinis 3rd grade lrng sys 2007 sb cs by riverdeep ( 10548 )
extra_predicted_cluster,table1:336|table2:2857,,3428,csi: crime scene investigation
extra_predicted_cluster,table1:338|table2:2877,,1892,sega smash pack 2
extra_predicted_cluster,table1:339|table2:2884,,1898,post mortem
extra_predicted_cluster,table1:340|table2:2882,,2917,zoboomafoo animal logic with workbook combo
extra_predicted_cluster,table1:341|table2:2870,,1885,mother goose - interactive storybook
extra_predicted_cluster,table1:342|table2:2868,,1883,let's learn about time & date
extra_predicted_cluster,table1:343|table2:2876,,1891,living trust builder
extra_predicted_cluster,table1:346,,3505,mcafee internet security suite 2007 - 3 users
extra_predicted_cluster,table1:348|table2:1462,,2656,microsoft office and windows training professional
extra_predicted_cluster,table1:350|table2:2974,,2503,adobe creative suite 3 (cs3) design suite standard upgrade (upsell) - mac
extra_predicted_cluster,table1:351|table1:623|table2:273,,3168,stopzilla 4.0
extra_predicted_cluster,table1:353|table2:2710,,3057,elementary school space - the universe (pc/mac) fogware
extra_predicted_cluster,table1:355,,3420,ringtone media studio 2
extra_predicted_cluster,table1:363|table1:481|table2:2305,,2784,adobe premiere elements 3.0 [lb]
extra_predicted_cluster,table1:366|table2:2636,,1755,big oil: build an oil empire
extra_predicted_cluster,table1:37,,3393,my first bible stories
extra_predicted_cluster,table1:370|table2:310,,3131,readiris pro 11 corporate edition
extra_predicted_cluster,table1:374|table1:662|table2:218|table2:2511,,3136,printmaster gold v 17.0
extra_predicted_cluster,table1:375|table2:2499,,3088,pc-cillin internet security 2007 3-user (win me 2000 xp)
extra_predicted_cluster,table1:38,,3232,the big mix (mac)
extra_predicted_cluster,table1:380|table2:2131,,2918,adobe production studio premium software suite video software bundles
extra_predicted_cluster,table1:382|table2:2776,,2894,lego island 2: the brickster's revenge (xp compatible version)
extra_predicted_cluster,table1:383|table2:2775,,1835,tank battle
extra_predicted_cluster,table1:385|table2:2779,,2807,home budget for dummies
extra_predicted_cluster,table1:388|table2:2781,,1839,encyclopedia of our living oceans
extra_predicted_cluster,table1:389|table2:2789,,3069,ultimate pinball (jewel case)
extra_predicted_cluster,table1:390|table2:2788,,2927,clifford the big red dog - reading pack
extra_predicted_cluster,table1:395|table2:2767,,1829,quickstart pc cleaner xp
extra_predicted_cluster,table1:396|table2:2765,,3542,crayola first ladies costume maker
extra_predicted_cluster,table1:398|table2:2769,,2962,pokemon team turbo (jewel case)
extra_predicted_cluster,table1:399|table2:2774,,1834,south park chef's luv shack
extra_predicted_cluster,table1:40|table1:731|table1:873|table2:2434|table2:431,,3128,print shop 22 deluxe
extra_predicted_cluster,table1:400|table2:2866,,3006,encore software 13851 - tlc blues clues preschool learning system 2008
extra_predicted_cluster,table1:401|table2:2727,,2805,backyard skateboarding
extra_predicted_cluster,table1:405|table2:2736,,1807,rayman 10th anniversary collection
extra_predicted_cluster,table1:407|table2:2740,,2490,scansoft pdf converter 4
extra_predicted_cluster,table1:41,,3346,imsi turbocad designer v.11
extra_predicted_cluster,table1:412,,2188,web radio recorder
extra_predicted_cluster,table1:413|table2:2719,,1794,bodyworks 6.0 25-user building site license
extra_predicted_cluster,table1:414|table2:2720,,1795,virtual labs: light
extra_predicted_cluster,table1:415|table2:2721,,1796,pressure pop!
extra_predicted_cluster,table1:416|table2:2723,,3539,essential business tools 2.0
extra_predicted_cluster,table1:417|table2:2725,,1799,let's make stickers
extra_predicted_cluster,table1:423|table1:887,,3353,hoyle card games 2007
extra_predicted_cluster,table1:428,,2197,child safe 3-pc
extra_predicted_cluster,table1:432,,3431,upgrade pitstop server 3.5 1u win 2k/xp & mac os 10.2.8
extra_predicted_cluster,table1:434,,3265,sudoku puzzle addict: unlimited edition
extra_predicted_cluster,table1:438,,2201,researchsoft endnote 9 student edition for students [old version]
extra_predicted_cluster,table1:439|table2:2633,,2694,sony acid music studio (pc)
extra_predicted_cluster,table1:443,,2204,instant landscaping 3.0 [lb]
extra_predicted_cluster,table1:444,,2205,topics presents: ancient civilizations (4 cd set)
extra_predicted_cluster,table1:446,,2206,instant play electric guitar (jewel box)
extra_predicted_cluster,table1:45|table2:2009|table2:2813,,1857,elementary school success deluxe 2006
extra_predicted_cluster,table1:451,,2208,phonics success deluxe 2006 (large box)
extra_predicted_cluster,table1:453,,3295,brainfood games cranium collection 2006
extra_predicted_cluster,table1:455,,3306,national geographic presents: redshift 5 planetarium software
extra_predicted_cluster,table1:46,,3304,national geographic presents: redshift planetarium
extra_predicted_cluster,table1:460,,2209,emc retrospect 7.5 svr 1-client windows
extra_predicted_cluster,table1:462,,3522,ae painter v9 win/mac box
extra_predicted_cluster,table1:468|table2:2367,,3074,cisco csa-b250-dtop-k9 cisco security desktop agent win + sol 250 agent bundle cisco security desktop agent - license - 250 agents 0746320832500
extra_predicted_cluster,table1:469,,2211,ov data protector open file 5-wk v.9 ltu incl ltu for 5 win nt/2000/xp workstati
extra_predicted_cluster,table1:48,,3461,national geographic presents: forces of nature
extra_predicted_cluster,table1:480,,2216,child safe
extra_predicted_cluster,table1:482,,2217,on hand spanish 1-2-3 ( windows )
extra_predicted_cluster,table1:484,,3160,crystal reports 11 reporting essentials trng cbt
extra_predicted_cluster,table1:485|table2:2324|table2:318,,3163,star wars battlefront (mac)
extra_predicted_cluster,table1:49,,3270,reference success deluxe 2006
extra_predicted_cluster,table1:490|table2:45,,3051,22030094 adobe encore dvd - ( v. 2.0 ) - complete package - 1 user - dvd - win - universa
extra_predicted_cluster,table1:496,,3472,symantec pcanywhere 12.0 host only
extra_predicted_cluster,table1:498,,2220,microsoft digital image suite plus [lb]
extra_predicted_cluster,table1:5|table2:1844,,3078,emc ju10a0075 emc retrospect 7.5 disk to disk windows emc insignia retrospect disk-to-disk - ( v. 7.5 ) - complete package - 1 server - cd - win 0093156011006
extra_predicted_cluster,table1:50|table2:2820,,2608,clifford the big red dog - thinking adventures
extra_predicted_cluster,table1:501,,3433,adobe audition 2.0 upgrade
extra_predicted_cluster,table1:502,,2222,norton internet security mac 3.0 [antivirus firewall privacy controls iclean]
extra_predicted_cluster,table1:503,,2223,corel wordperfect office 12 standard upgrade
extra_predicted_cluster,table1:504,,3509,raster design 2006 essentials
extra_predicted_cluster,table1:505,,3494,acrobat professional 8 mac upsell standard-professional
extra_predicted_cluster,table1:507,,2224,reader rabbit learning system 1st grade
extra_predicted_cluster,table1:509|table2:2973,,2931,microsoft(r) windows(r) xp professional edition with sp2
extra_predicted_cluster,table1:510,,3423,mavis beacon typing 17 (win/mac)
extra_predicted_cluster,table1:511|table2:2903,,2454,microsoft windows vista ultimate upgrade [dvd]
extra_predicted_cluster,table1:513,,3182,adobe creative suite cs3 design premium upgrade [mac]
extra_predicted_cluster,table1:517|table2:1778,,3071,299530 quickbooks premier nonprofit edition 2007 - complete package - 1 user - cd - win
extra_predicted_cluster,table1:518,,2226,microsoft sql server developer edition 2005 cd/dvd
extra_predicted_cluster,table1:526,,2228,learning company kid pix deluxe 4
extra_predicted_cluster,table1:528|table2:913,,2529,intuit quickbooks pro 2007 for mac
extra_predicted_cluster,table1:53,,2038,boomerang webshop platinum
extra_predicted_cluster,table1:532,,2231,apple .mac 4.0 online service
extra_predicted_cluster,table1:535|table1:848|table2:5,,3166,videostudio 11 plus
extra_predicted_cluster,table1:536,,3223,microsoft onenote 2007
extra_predicted_cluster,table1:537|table2:1969|table2:221,,1340,apple ilife '06 (mac dvd) [older version]
extra_predicted_cluster,table1:539|table2:1108,,2834,microsoft windows xp home edition full version with sp2
extra_predicted_cluster,table1:54,,3524,allume boost xp for windows
extra_predicted_cluster,table1:546,,3476,corel snapfire plus [ignite photo fun]
extra_predicted_cluster,table1:55|table2:2053,,3061,jumpstart learning games phonics (pc & mac)
extra_predicted_cluster,table1:551|table1:875,,3227,adobe creative suite cs3 production premium
extra_predicted_cluster,table1:552,,3331,instant immersion spanish 2.0
extra_predicted_cluster,table1:556,,3143,adobe dreamweaver cs3 upgrade [mac]
extra_predicted_cluster,table1:561,,2238,h&r block taxcut 2006 home & business + state
extra_predicted_cluster,table1:562,,2239,dv rack 2 win retail ue1u
extra_predicted_cluster,table1:566|table2:1524|table2:942,,3142,adobe dreamweaver cs3 upgrade
extra_predicted_cluster,table1:57,,3351,museums of the world
extra_predicted_cluster,table1:578|table2:2785,,2726,microsoft windows vista business full version [dvd]
extra_predicted_cluster,table1:589,,2243,flash remoting 1 alp ret eng cd 1u
extra_predicted_cluster,table1:59,,2039,studyworks! teaching pro: middle school math & science (win/mac)
extra_predicted_cluster,table1:590,,2244,swat 4: special weapons and tactics
extra_predicted_cluster,table1:594,,2247,apple .mac 4.0 online service family pack
extra_predicted_cluster,table1:595,,3426,jumpstart kindergarten
extra_predicted_cluster,table1:596,,3184,adobe creative suite cs3 design standard upgrade [mac]
extra_predicted_cluster,table1:599,,2248,microsoft office 2004 professional (mac)
extra_predicted_cluster,table1:6,,2024,adobe after effects professional 6.5 upgrade from standard to professional
extra_predicted_cluster,table1:60,,2040,trudy's time and place house ages 3-6
extra_predicted_cluster,table1:606|table2:3,,3329,math missions: the amazing arcade adventure grades 3-5
extra_predicted_cluster,table1:607|table2:1183,,2952,microsoft(r) works suite 2006
extra_predicted_cluster,table1:608,,3186,adobe creative suite cs3 design standard upgrade
extra_predicted_cluster,table1:609,,3324,microsoft windows vista home basic upgrade [dvd]
extra_predicted_cluster,table1:610,,2250,norton antivirus mac 10.0 (mac)
extra_predicted_cluster,table1:612,,2251,ideasoft photo clip art 10 000
extra_predicted_cluster,table1:613|table1:884|table2:189|table2:791,,3153,adobe premiere pro cs3
extra_predicted_cluster,table1:614,,3468,entertainment partners budgeting (mac)
extra_predicted_cluster,table1:615,,3176,emedia intermediate guitar method win/mac
extra_predicted_cluster,table1:619,,2252,steinberg halion symphonic orchestra virtual instrument (academic version)
extra_predicted_cluster,table1:624,,2254,h&r block taxcut 2006 premium federal + state with usb 256m flashdrive
extra_predicted_cluster,table1:625,,2255,microsoft windows xp professional full version with sp2
extra_predicted_cluster,table1:633,,2256,alsoft diskwarrior: mac univeral binary
extra_predicted_cluster,table1:640,,3132,readiris pro 11 corporate edition (mac)
extra_predicted_cluster,table1:646|table2:1993|table2:312,,3114,3d home architect home design deluxe version 9
extra_predicted_cluster,table1:647,,3375,acrobat professional 8 (windows)
extra_predicted_cluster,table1:648|table2:230,,2819,fogware hyb art dvd
extra_predicted_cluster,table1:649,,2258,wanted: a wild western adventure
extra_predicted_cluster,table1:658|table2:2752,,2444,sony photo go
extra_predicted_cluster,table1:66,,2041,freddi fish 2: the haunted schoolhouse
extra_predicted_cluster,table1:660,,2261,toysight gold for isight: includes 15 games (mac)
extra_predicted_cluster,table1:665|table2:1402|table2:1482,,942,scholastic brain play: pre-kindergarten - 1st grade
extra_predicted_cluster,table1:668,,2262,art explosion 600 000 images
extra_predicted_cluster,table1:67|table2:1533,,2881,prosafe vpn client software single user - netgear inc. - vpn01l
extra_predicted_cluster,table1:670,,3412,mcsa/mcse self-paced training kit (exams 70-292 & 70-296) - upgrading your certi
extra_predicted_cluster,table1:671,,3487,instant immersion german v2.0 (pc & mac)
extra_predicted_cluster,table1:686,,3266,kakuro puzzle addict unlimited edition
extra_predicted_cluster,table1:687,,2265,eovia carrara 5 pro
extra_predicted_cluster,table1:688,,2266,global software smart steps 1st grade ( windows macintosh )
extra_predicted_cluster,table1:69,,2042,eastwest bsendorfer 290 grand piano virtual instrument
extra_predicted_cluster,table1:700,,3262,sudoku puzzle addict
extra_predicted_cluster,table1:705,,2268,spongebob squarepants typing 2008 win/mac
extra_predicted_cluster,table1:707,,2269,gsp crossword addict
extra_predicted_cluster,table1:709,,2270,avid liquid pro
extra_predicted_cluster,table1:712|table2:444,,3058,csdc best of card games j/c - on hand software
extra_predicted_cluster,table1:718,,2271,omniweb 5.0
extra_predicted_cluster,table1:719,,2272,simply put software data eliminator
extra_predicted_cluster,table1:72,,3414,midway arcade treasures (jewel case)
extra_predicted_cluster,table1:720|table2:3035|table2:437,,3161,ibm viavoice advanced v.10
extra_predicted_cluster,table1:728,,2275,adventure workshop preschool (jewel case)
extra_predicted_cluster,table1:73,,2045,snap! 10 000 drink recipies (jewel case)
extra_predicted_cluster,table1:732,,2277,iris readiris pro 11.0 (mac)
extra_predicted_cluster,table1:742|table2:344,,3033,emc insignia retrospect desktop 6.x
extra_predicted_cluster,table1:746,,2280,microsoft office & windows training professional
extra_predicted_cluster,table1:753,,2281,panda software antivirus & firewall 2008 - windows
extra_predicted_cluster,table1:756,,3547,station access collection
extra_predicted_cluster,table1:757|table2:1029,,2661,agatha christie: and then there were none
extra_predicted_cluster,table1:76|table2:726,,2941,22101258 adobe acrobat capture - ( v. 3.0 ) - license - 1 user 20000 pages - win - engli
extra_predicted_cluster,table1:761,,3497,battlefield 1942: deluxe edition
extra_predicted_cluster,table1:762,,2283,power director 3
extra_predicted_cluster,table1:769,,2288,micromat techtool pro 4 (mac)
extra_predicted_cluster,table1:770,,2289,varmint hunter (jewel case)
extra_predicted_cluster,table1:771|table1:915,,3282,hoyle casino (2007)
extra_predicted_cluster,table1:772,,3536,3d home architect landscape v.8 by encore software
extra_predicted_cluster,table1:78,,3179,emedia intermediate guitar method os x
extra_predicted_cluster,table1:781,,2290,hoyle puzzle & board games
extra_predicted_cluster,table1:783|table1:881,,3201,scrabble champion edition
extra_predicted_cluster,table1:785,,2291,cyberchase adventures: carnival chaos and casablanca quest
extra_predicted_cluster,table1:788,,2292,ca arcserve bkup r11.5 win client vss software snap-shot- prod only
extra_predicted_cluster,table1:789|table2:2121|table2:2412,,3165,ulead videostudio 11
extra_predicted_cluster,table1:79|table2:2706,,2670,mcafee internet security suite 2007 3-user (pc)
extra_predicted_cluster,table1:792,,2294,hp dss software - ( v. 4.0 ) - complete package ( t1936aa ua0 )
extra_predicted_cluster,table1:793|table2:2872|table2:3009,,1887,calendar creator 10
extra_predicted_cluster,table1:794,,2295,ulead systems dvd workshop 2
extra_predicted_cluster,table1:798,,2296,hoyle texas hold 'em poker (jewel case)
extra_predicted_cluster,table1:8,,3277,mia's math adventure: just in time
extra_predicted_cluster,table1:800,,3503,media studio for psp standard editon
extra_predicted_cluster,table1:803|table1:898,,3250,monopoly here & now
extra_predicted_cluster,table1:812,,3474,mavis beacon 17 standard
extra_predicted_cluster,table1:814|table2:184|table2:2273,,3119,adventure workshop preschool-1st grade 8th edition
extra_predicted_cluster,table1:815,,3362,sharks 2.0 (pc & mac)
extra_predicted_cluster,table1:817,,2300,vegas 6 for pc
extra_predicted_cluster,table1:819,,2302,m-audio pro tools m-powered 7.3 m-audio compatible world-class production software
extra_predicted_cluster,table1:820|table2:2671,,2539,mobile media converter (pc) pinnacle
extra_predicted_cluster,table1:821|table2:2679,,2946,avid liquid pro 7.0 video editing hardware/software bundle for windows professional editing software
extra_predicted_cluster,table1:822,,3447,acad corel painter x pc/mac
extra_predicted_cluster,table1:824,,3529,global software smart steps 2nd grade ( windows macintosh )
extra_predicted_cluster,table1:827,,3543,handmark oxford american desk dictionary and thesaurus
extra_predicted_cluster,table1:830,,3358,computrace lojack for laptops - 3 year license (mac)
extra_predicted_cluster,table1:832,,2304,digital video and audio production book for vegas 7+dvd
extra_predicted_cluster,table1:836,,3322,now up-to-date & contact v5.0 (mac)
extra_predicted_cluster,table1:838,,3429,discrete drums: vol.1
extra_predicted_cluster,table1:840|table1:968|table2:2359|table2:834,,3162,safekeeper plus
extra_predicted_cluster,table1:845,,3520,onone essentials for adobe photoshop elements
extra_predicted_cluster,table1:847,,3499,micromat podlock (mac)
extra_predicted_cluster,table1:850,,3225,microsoft onenote 2007 upgrade
extra_predicted_cluster,table1:853,,3511,creating keepsakes scrapbook designer version 2 platinum
extra_predicted_cluster,table1:855,,2311,cubase se3 educational edition
extra_predicted_cluster,table1:856,,3221,vocabulary puzzles grade 1
extra_predicted_cluster,table1:857,,3395,cakewalk sonar home studio 6
extra_predicted_cluster,table1:858|table2:1164|table2:202,,3170,system care professional
extra_predicted_cluster,table1:862,,2312,tiny term emulator v4.3x
extra_predicted_cluster,table1:865|table2:1049,,3075,quickbooks(r) point of sale 2007: basic retail management 6.0 bundle
extra_predicted_cluster,table1:869,,2314,timbuktu remote control softwre 1 license for mac os
extra_predicted_cluster,table1:87,,2048,microsoft licenses project svr sa govt (h2200301)
extra_predicted_cluster,table1:871,,2315,sony sound forge 9 boxed upgrade
extra_predicted_cluster,table1:876|table2:225,,3060,checkmark multiledger 6.0
extra_predicted_cluster,table1:877,,3210,ipswitch inc ws ftp pro 9 sdk w/ ws ftp pro ( wd-1000-0900 )
extra_predicted_cluster,table1:879,,3339,hoyle bridge club
extra_predicted_cluster,table1:89,,3369,everquest: titanium
extra_predicted_cluster,table1:892|table2:146,,3063,sims 2 seasons expansion pack
extra_predicted_cluster,table1:895|table2:2681,,2595,mavis beacon teaches typing 17 standard (pc/mac) encore
extra_predicted_cluster,table1:899|table2:2858,,2893,hoyle card games (jewel case)
extra_predicted_cluster,table1:9,,2026,disney's 1st & 2nd grade bundle (pixar 1st grade secret keys and aladdin reading quest)
extra_predicted_cluster,table1:906,,3456,hasbro classic collection ( 2006 )
extra_predicted_cluster,table1:907,,2318,allegro 2005
extra_predicted_cluster,table1:908,,3517,professor fuji's sudoku (jewel case)
extra_predicted_cluster,table1:910,,2319,recam remote monitoring software
extra_predicted_cluster,table1:913,,2321,sharks 2.0
extra_predicted_cluster,table1:919,,2322,jeopardy
extra_predicted_cluster,table1:921,,3367,adobe contribute cs3 [mac]
extra_predicted_cluster,table1:922,,3248,dance 6
extra_predicted_cluster,table1:923,,3403,registry mechanic 5.x pc system repair
extra_predicted_cluster,table1:924,,2323,axis & allies (jewel case)
extra_predicted_cluster,table1:927,,2324,defcon
extra_predicted_cluster,table1:932,,2326,webroot spy sweeper with antivirus family edition - 3 pcs
extra_predicted_cluster,table1:935,,3400,registry mechanic by encore software
extra_predicted_cluster,table1:936,,2327,classification & ecology (win/mac) (jewel case)
extra_predicted_cluster,table1:937,,3439,the print shop 21 deluxe by broderbund
extra_predicted_cluster,table1:939,,3513,creating keepsakes scrapbook platinum v.3 sb cs by riverdeep
extra_predicted_cluster,table1:94,,2051,warlords 3 (jewel case)
extra_predicted_cluster,table1:940,,3342,leave the lights on (mac)
extra_predicted_cluster,table1:945,,2328,audition 2 win ed ue 1u
extra_predicted_cluster,table1:948,,3240,peachtree by sage premium accounting 2007 - accountants' edition
extra_predicted_cluster,table1:951,,2329,make music finale 2008 academic
extra_predicted_cluster,table1:960,,2331,talk now! learn afrikaans - beginning level
extra_predicted_cluster,table1:961,,3360,computrace lojack for laptops: 3 year subscription
extra_predicted_cluster,table1:964,,3374,computrace lojack for laptops: 1 year subscription
extra_predicted_cluster,table1:966,,3371,computrace lojack for laptops - 1 year license (mac)
extra_predicted_cluster,table1:97,,2053,tournament poker 2005
extra_predicted_cluster,table1:973,,3320,power on now up to date & contact windows
extra_predicted_cluster,table1:977|table2:2286,,2852,steinberg cubase 4 software - competitive crossgrade music production software
extra_predicted_cluster,table1:98,,2054,cold zero: no mercy
extra_predicted_cluster,table1:980,,2333,i spy fantasy v.2 with i spy book & mini cd
extra_predicted_cluster,table1:982,,3235,instant immersion spanish audio deluxe
extra_predicted_cluster,table1:983,,2334,final draft 7 professional scriptwriting win/mac
extra_predicted_cluster,table1:987,,3335,time money & fractions grades 1-2
extra_predicted_cluster,table1:990|table2:2193,,2749,webroot software inc 50410 - spy sweeper w/antivirus family edition (small box) - win 2000 xp
extra_predicted_cluster,table1:993,,2336,genuine fractals genuine fractals print pro 1u
extra_predicted_cluster,table1:994,,3444,logic pro 6
extra_predicted_cluster,table1:995|table2:2164|table2:2194|table2:2611|table2:786,,3117,professor teaches excel & word
extra_predicted_cluster,table1:996,,3365,sibelius 4 educational edition
extra_predicted_cluster,table2:1007,,553,onone software inc. pfp-30001 - photoframe v.3.0 pro - complete product - image editing - 1 user(s) - complete product - standard - pc mac
extra_predicted_cluster,table2:1009,,3388,punch software 14100 punch! professional home design suite for windows
extra_predicted_cluster,table2:1010,,555,onone software inc. mpr-40211 - on1 mask pro v.4.0 - complete product - graphics/designing - 1 user - complete product - standard - pc intel-based mac mac
extra_predicted_cluster,table2:1011,,3380,punch software 83100 - punch! home design architectural series 3000 v 10 (win 98 me nt 2000 xp)
extra_predicted_cluster,table2:1014,,3357,punch software 38100 - punch! super home suite - complete product - architectural - 1 user - complete productcomplete productstandard - english - pc
extra_predicted_cluster,table2:1017,,3258,punch software 24100 - punch! 5 in 1 home design - complete product - architectural - 1 user - complete productcomplete productstandard - pc
extra_predicted_cluster,table2:1021,,3319,punch software 25100 punch! master landscape and home design
extra_predicted_cluster,table2:1022,,3390,punch software 35100 - punch! home design suite professional - complete product - architectural - standard - 1 user(s) - complete product - pc
extra_predicted_cluster,table2:1024,,559,me too software 800801 - hijack2 - win 98 me nt 2000 xp/mac 10.0 or higher
extra_predicted_cluster,table2:1026,,3378,punch software 41100 - punch! home design architectural series 18 - complete product - architectural - 1 user(s) - complete product - standard - english - pc
extra_predicted_cluster,table2:1030,,3379,punch software 42100 - punch! home design architectural series 18 - complete product - architectural - 1 user(s) - complete product - standard - english - pc
extra_predicted_cluster,table2:1031|table2:1035|table2:2323,,563,freeverse software 005 solace
extra_predicted_cluster,table2:1042|table2:1055,,570,ibm websphere portal enable for iseries - ( v. 4.1 ) - complete package
extra_predicted_cluster,table2:1045,,3244,sage software peachtree premium accounting 2007 software for windows tax & finance software
extra_predicted_cluster,table2:1047,,573,sage software peachtree pro accounting 2007 software for windows tax & finance software
extra_predicted_cluster,table2:1057,,582,sony media software acid pro 5 music production software
extra_predicted_cluster,table2:1058,,3255,webroot software inc 17410 - window washer - win 98 me 2000 xp
extra_predicted_cluster,table2:1067,,3437,sony media software acid pro 6 software upgrade from acid pro 5 music production software
extra_predicted_cluster,table2:1117|table2:1119,,625,novell identity manager integration module for mainframe for 800 series mvs - (
extra_predicted_cluster,table2:1123|table2:1125,,631,1000pk multi pack instant
extra_predicted_cluster,table2:1148|table2:2843,,653,studio ultimate version 11
extra_predicted_cluster,table2:1175|table2:1240|table2:1244|table2:1302,,676,peachtree(r) compatible continuous checks-accounting for windows versions 3.5-7.0
extra_predicted_cluster,table2:1179|table2:1424,,680,cisco pgw2200 include redundant
extra_predicted_cluster,table2:118,,104,channel sources distribution co mlw6.0 checkmark multiledger for pc/mac
extra_predicted_cluster,table2:119,,3211,ipswitch wd-1000-0900 ws_ftp pro 9 sdk w/ ws_ftp pro
extra_predicted_cluster,table2:1194|table2:1210|table2:1320|table2:1329,,692,continuous checks for peachtree(r) complete iii for dos v. 5.0-10.0
extra_predicted_cluster,table2:1195|table2:1220,,693,cisco optical services module - multiplexor
extra_predicted_cluster,table2:1196|table2:1208|table2:1260|table2:1290|table2:1292|table2:1397,,694,multipurpose continuous checks
extra_predicted_cluster,table2:1197|table2:1205|table2:1227|table2:1242|table2:1332|table2:1400,,695,specialty single window envelopes to match your forms & checks
extra_predicted_cluster,table2:1199|table2:1278,,697,peachtree(r) compatible laser checks-accounting for windows versions 3.5-7.0
extra_predicted_cluster,table2:12,,6,evergirl: pc cd-rom video game
extra_predicted_cluster,table2:1203|table2:1352,,701,multipurpose laser/inkjet checks
extra_predicted_cluster,table2:1207|table2:1252|table2:1344|table2:1387,,705,quicken(r) quickbooks(r) microsoft money(r) and simply money(r) laser checks
extra_predicted_cluster,table2:1209|table2:1236|table2:1297|table2:1317|table2:1350|table2:1371|table2:1392,,707,peachtree(r) complete iii
extra_predicted_cluster,table2:1212|table2:1255,,710,peachtree(r) complete iii for dos 5.0-10.0 continuous checks
extra_predicted_cluster,table2:1214|table2:1223|table2:1425|table2:1426,,711,novell identity manager integration module for mainframe for 900 series mvs - (
extra_predicted_cluster,table2:1217,,714,millies math house
extra_predicted_cluster,table2:1219|table2:1226|table2:1316,,716,mas 90(r) /mas 200(r) compatible continuous checks
extra_predicted_cluster,table2:1221|table2:1234|table2:1238|table2:1253|table2:1274|table2:1275|table2:1318|table2:1321,,718,quicken(r) quickbooks(r) microsoft money(r) and simply money(r) elegant laser checks
extra_predicted_cluster,table2:1225|table2:1254|table2:1257|table2:1261|table2:1270|table2:1315|table2:1343|table2:1389,,722,blank laser checks
extra_predicted_cluster,table2:1232|table2:1288,,729,peachtree(r) compatible continuous forms-accounting for windows 8.0-2004 version
extra_predicted_cluster,table2:1237|table2:1249,,734,peachtree(r) compatible continuous checks-office accounting 12.0
extra_predicted_cluster,table2:1245|table2:1272,,742,three-to-a-page business checks
extra_predicted_cluster,table2:1250|table2:1281|table2:1301|table2:1313|table2:1362,,747,quicken(r) quickbooks(r) microsoft money(r) and simply money(r) continuous checks
extra_predicted_cluster,table2:1256|table2:1266|table2:1293|table2:1304|table2:1324|table2:1336,,753,peachtree(r) compatible continuous checks-accounting for windows 8.0-2004 version
extra_predicted_cluster,table2:1264|table2:1312|table2:1340|table2:1398,,761,specialty double window envelopes to match your forms & checks
extra_predicted_cluster,table2:1268|table2:1337,,765,three-to-a-page itemized invoice checks
extra_predicted_cluster,table2:1276|table2:1295|table2:1358,,773,laser checks for peachtree(r) accounting for windows 8.0-2005
extra_predicted_cluster,table2:1305|table2:1380,,802,three-to-a-page payroll checks
extra_predicted_cluster,table2:1306|table2:2055|table2:2527,,803,sage software acts2005rt act! 7.0 2005
extra_predicted_cluster,table2:1308|table2:2089|table2:2354,,3245,individual software prm-r12 resumemaker professional 12.0
extra_predicted_cluster,table2:1319,,815,apple software t9164ll/a logic express 6
extra_predicted_cluster,table2:1326,,3345,apple software m9953z/a remote desktop 2.2 10 client
extra_predicted_cluster,table2:1327|table2:2314|table2:2612,,821,freeverse software 4024 robin hood: the legend of sheerwood
extra_predicted_cluster,table2:1328|table2:1349,,822,daceasy(tm) laser/inkjet checks- versions 4.3 and higher
extra_predicted_cluster,table2:1331|table2:1394,,825,three-to-a-page disbursement checks
extra_predicted_cluster,table2:1339|table2:1354,,832,daceasy(tm) continuous checks
extra_predicted_cluster,table2:1345,,837,e-mu beat garden x for emulator x and proteus x software modules sounds for software
extra_predicted_cluster,table2:1361|table2:1364,,851,ams200 4gb
extra_predicted_cluster,table2:1365|table2:1382|table2:1384,,855,laser/inkjet checks for peachtree(r) complete iii for dos v. 5.0-10.0
extra_predicted_cluster,table2:1381,,3200,apple software m9372z/a final cut express 2.0 upgrade
extra_predicted_cluster,table2:1391,,879,webroot software inc 66410 - spy sweeper (small box) (win 98 me 2000 xp)
extra_predicted_cluster,table2:1401,,3238,encore software a5992jch - dk rainbow fish most beautiful fish in the ocean - win 95 98 me xp
extra_predicted_cluster,table2:1405|table2:2309|table2:2610,,889,individual software pro-tsm hanes t-shirt maker deluxe
extra_predicted_cluster,table2:1407|table2:2401|table2:2616,,890,individual software jce-th6 total 3d home deluxe j/c
extra_predicted_cluster,table2:1412|table2:2162|table2:2624,,892,freeverse software 4001 northland
extra_predicted_cluster,table2:1415,,894,i copydvds 2 professional edition
extra_predicted_cluster,table2:1417|table2:2402|table2:2626,,895,freeverse software 4012 3d bridge deluxe (retail box) for mac
extra_predicted_cluster,table2:1439,,917,microsoft d48-00369 word mac 10.0 eng gov't 659556873790
extra_predicted_cluster,table2:1452,,3484,diskeeper 2007 professional
extra_predicted_cluster,table2:1454,,3459,sea scene: living underwater worlds
extra_predicted_cluster,table2:1457,,3510,autodesk 34006-010008-160 raster design 2006 essentials
extra_predicted_cluster,table2:1458,,3535,gods: lands of infinity - spec
extra_predicted_cluster,table2:1469,,3482,equilibrium debabelizer pro 6 0 win 1 u windows xp
extra_predicted_cluster,table2:1473,,938,digital video& audio prod book
extra_predicted_cluster,table2:1477,,3325,microsoft windows vista home basic upgrade (pc)
extra_predicted_cluster,table2:1480,,3372,computrace lojack for laptops - 1 year license (win 2000 xp)
extra_predicted_cluster,table2:1487,,947,backup exec 10d win adv disk v10.1 e/f/g/s/i/j/c/k full pk
extra_predicted_cluster,table2:1505,,960,computer associates babwbr1151s05 bab r11.5 sp1 dro win m/l cd
extra_predicted_cluster,table2:1509,,3407,smart steps - 4th grade (jc)
extra_predicted_cluster,table2:1511,,965,iremember 2.0 - intriguing development
extra_predicted_cluster,table2:1525,,976,10000 drink recipe - snap
extra_predicted_cluster,table2:1527,,3415,encore inc 28453 midway arcade treasures win 98 me 2000 xp
extra_predicted_cluster,table2:1534,,981,freddi fish 2 - case of haunted schl hse
extra_predicted_cluster,table2:1536,,983,east west bosendorfer 290
extra_predicted_cluster,table2:1540,,3473,symantec symantec pcanywhere 12 0 host remote
extra_predicted_cluster,table2:1545,,988,microsoft office and windows training (win 98 me nt 2000 xp)
extra_predicted_cluster,table2:1553,,994,encore 10025 hoyle card games for pc
extra_predicted_cluster,table2:1561,,3177,emedia eg04025 intermediate guitar method - complete package
extra_predicted_cluster,table2:1568,,1003,microsoft h22-00301 gov open sa project svr w9x nt
extra_predicted_cluster,table2:157,,133,emedia finale allegro
extra_predicted_cluster,table2:1575,,3370,sony online entertainment inc 41032 everquest: titanium win 2000 xp
extra_predicted_cluster,table2:1588,,1019,warlords iii - darklords rising
extra_predicted_cluster,table2:1592,,1022,windows sbs cal 2003 20-clt addpak device cal - microsoft - t74-00003
extra_predicted_cluster,table2:1596,,1026,eagle games egl 150 tournament poker - no limit texas hold'em
extra_predicted_cluster,table2:1615,,1040,destineer inc 10328 scrabble mac 10.3.8 or later
extra_predicted_cluster,table2:1618,,3316,viva media llc 00257 - my sim aquarium - win 2000 xp vista
extra_predicted_cluster,table2:1634,,1056,adobe 09951404 solution expert annu all
extra_predicted_cluster,table2:1640,,1061,encore 28008 cold zero
extra_predicted_cluster,table2:1641,,3413,mcsa/mcse self-paced training kit (exams 70-292 and 70-296) upg. your
extra_predicted_cluster,table2:1644,,1063,microsoft r39-00292 open win svr 2003 ext conn
extra_predicted_cluster,table2:1646,,1065,fogware publishing - 10356 - high school us history 2 - foreign policy & reform
extra_predicted_cluster,table2:1652,,3291,adobe systems inc - 29180248 - adobe photoshop elements 5.0/premiere elements 3.0
extra_predicted_cluster,table2:1655|table2:1656,,1070,cisco pgw2200 includes redundnt
extra_predicted_cluster,table2:167,,3495,adobe acrobat v8.0 professional for mac upsell from std-pro
extra_predicted_cluster,table2:1679,,3502,serverlock manager - 100 servers
extra_predicted_cluster,table2:169,,3249,digital leisure inc dance 6 (e-jay)
extra_predicted_cluster,table2:1707|table2:2322,,1117,firebox x550e gateway antivirus intrusion prevention service 1yr - watchguard -
extra_predicted_cluster,table2:1723,,1132,microsoft 394-00416 opens exch svr exconn l/sa qual
extra_predicted_cluster,table2:1726,,3409,business objects crystal reports xi
extra_predicted_cluster,table2:1729,,3269,sierrahome hse hallmark card studio special edition win 98 me 2000 xp
extra_predicted_cluster,table2:174,,3401,encore inc registry mechanic
extra_predicted_cluster,table2:1749,,3465,microsoft h32-00034 sps extrnlconnnonemplyengl&s c 805529073074
extra_predicted_cluster,table2:1763,,1162,microsoft e32-00575 - sql server 2005 developer edition x64 - complete product - dbms - 1 developer(s) - complete product - standard - english - pc
extra_predicted_cluster,table2:1775,,3515,pop up oxford spanish / english dict
extra_predicted_cluster,table2:1780,,1174,pantone gps206 - reference library
extra_predicted_cluster,table2:1785,,1179,adobe 42050142 acrobat distiller 6 lnx ret cd u/l lnx
extra_predicted_cluster,table2:1833,,1225,clickart 950000 - premier image pack (dvd-rom)
extra_predicted_cluster,table2:1877,,1261,adobe software 22070152 after effects 6.5 pbupgrd
extra_predicted_cluster,table2:188,,3500,micromat podlock ipod utility software
extra_predicted_cluster,table2:1882,,1266,disney learning 1st-2nd grade win
extra_predicted_cluster,table2:1890,,3278,kutoka interactive 61208 mia's math adventure: just in time!
extra_predicted_cluster,table2:1918,,1299,webroot software inc - 31250 - spy sweeper spanish
extra_predicted_cluster,table2:1936,,1314,sonicwall gms 1000n-incremental lic upg
extra_predicted_cluster,table2:1939|table2:1940,,1317,ibm totalstorage ds4800 model 84 - hard drive array
extra_predicted_cluster,table2:194,,145,netopia timbuktu pro for mac single license
extra_predicted_cluster,table2:1946|table2:1947,,1324,jboss subscription service platinum - jboss portal - technical support
extra_predicted_cluster,table2:1949|table2:1950,,1327,sonicwall 01-ssc-6997 3yr snwl client/server anti-virus 1000u sonicwall client/server anti-virus suite - subscription license ( 3 years ) - 1000 users 0758479069973
extra_predicted_cluster,table2:1951,,3532,media made easy volume 3
extra_predicted_cluster,table2:1953,,3328,family tree maker 11 collector's edition
extra_predicted_cluster,table2:1954|table2:2308|table2:2609,,1330,freeverse software 4015 big bang board games
extra_predicted_cluster,table2:1955|table2:2406|table2:2625,,1331,individual software prm-rce resumemaker career edition
extra_predicted_cluster,table2:1956,,3220,topics presents:dinosaurs
extra_predicted_cluster,table2:1957|table2:2407|table2:773,,435,individual software qne-t15 typing quick & easy 15.0
extra_predicted_cluster,table2:1980,,3394,my first bible stories (jc)
extra_predicted_cluster,table2:1992,,3347,imsi turbocad designer 11
extra_predicted_cluster,table2:1995,,1355,encore software 10561 - marine aquarium & goldfish screen saver by
extra_predicted_cluster,table2:1997,,3427,jumpstart kindergarten (jc)
extra_predicted_cluster,table2:1998,,3455,encore software 11273 - hasbro family collection 2006 sb cs by hasbro
extra_predicted_cluster,table2:1999,,1357,the printshop v22 deluxe
extra_predicted_cluster,table2:2003,,1358,scrapbook designer platinum
extra_predicted_cluster,table2:2004,,3424,encore software 10076 - mavis beacon typing 17 standardby broderbund
extra_predicted_cluster,table2:2005,,1359,reader rabbit 1st grade
extra_predicted_cluster,table2:2007,,3233,the big mix
extra_predicted_cluster,table2:2012,,3280,encore software 10991 - pc tools spyware doctor 2007 sbcs by pc tools
extra_predicted_cluster,table2:2021,,3271,topics entertainment reference success deluxe 2006
extra_predicted_cluster,table2:2023,,3462,national geographic: forces of nature
extra_predicted_cluster,table2:2027,,3305,national geographic redshift planetarium
extra_predicted_cluster,table2:2033,,1370,web shop platinum
extra_predicted_cluster,table2:2039,,1375,clifford thinking
extra_predicted_cluster,table2:2045,,3198,encore software 10119 - adventure workshop 4th-6th grade 7th edition - win xp
extra_predicted_cluster,table2:2049,,3352,topics presents: museums of world
extra_predicted_cluster,table2:2051,,3525,boost xp
extra_predicted_cluster,table2:2054,,1381,trudys time & place house
extra_predicted_cluster,table2:206,,3222,school zone interactive vocabulary puzzles 1 on track software
extra_predicted_cluster,table2:2060,,3229,adobe production premium cs3 software suite for windows professional editing software
extra_predicted_cluster,table2:2063,,1385,sibelius g7 software for guitarists music production software
extra_predicted_cluster,table2:2064,,1386,nero nero 7 ultra edition enhanced cd/dvd burning software for windows authoring software
extra_predicted_cluster,table2:2066,,1388,middle school math & science
extra_predicted_cluster,table2:207,,152,steinberg software cubase se 3.0 - educational edition
extra_predicted_cluster,table2:2073,,3281,encore software 10990 - pc tools spyware doctor 2007 - win 98 me 2000 xp
extra_predicted_cluster,table2:2080,,1393,phonics success deluxe 2006
extra_predicted_cluster,table2:2092,,1398,instant play electric guitar express (jc)
extra_predicted_cluster,table2:2099,,1402,topics presents: ancient civilizations
extra_predicted_cluster,table2:2104,,1404,instant landscape design 3.0
extra_predicted_cluster,table2:2105,,1405,symantec norton internet security 3.0 software for macintosh apple & mac software
extra_predicted_cluster,table2:2106,,1406,acid music studio 6
extra_predicted_cluster,table2:2107,,1407,autodesk combustion 4.0 compositing software - win compositing software
extra_predicted_cluster,table2:2108,,1408,microsoft microsoft office pro 2004 software suite - mac apple & mac software
extra_predicted_cluster,table2:211,,155,freeverse software toysight gold
extra_predicted_cluster,table2:2110,,3419,cakewalk sonar 6 studio edition software music production software
extra_predicted_cluster,table2:2123,,1415,make printmusic 2006 software music production software
extra_predicted_cluster,table2:213,,157,symantec norton anti-virus v.10 mac
extra_predicted_cluster,table2:2133,,3417,cakewalk sonar 6 producers edition software music production software
extra_predicted_cluster,table2:2136,,1421,adobe captivate 2 software for windows presentation software
extra_predicted_cluster,table2:2138,,1423,h&r block taxcut home and business with state e-file efile and sage act! 8 - win tax & finance software
extra_predicted_cluster,table2:2139,,1424,isi researchsoft 5229 endnote 9 academic (schools faculty & non-academics)
extra_predicted_cluster,table2:2144,,3361,absolute software lfl-n2-36 - computrace lojack for laptops - 3 year license (win 2000 xp)
extra_predicted_cluster,table2:2151,,3264,sudoku puzzle addict: unlimited edition (win 98 me 2000 xp) from global software publ na
extra_predicted_cluster,table2:2156,,3323,now software nuw45e1k now up-to-date & contact for windows
extra_predicted_cluster,table2:2159,,1438,topics entertainment 80542 instant immersion french 2.0 781735805428
extra_predicted_cluster,table2:2165,,3432,enfocus ss3.5-ug-001 pitstop server v. 3.5 upgrade package - 1 server for windows and mac
extra_predicted_cluster,table2:2169,,1445,steinberg cubase studio 4 software - competitive crossgrade music production software
extra_predicted_cluster,table2:2178,,1450,final-draft final draft 7 screen writing software - mac/win screen writing software
extra_predicted_cluster,table2:2190,,1461,webroot software inc 28310 - child safe 3-pc - win 2000 xp vista
extra_predicted_cluster,table2:2192,,1463,webroot software inc 50210 - spy sweeper w/antivirus family edition (mass merchant) - win 2000 xp
extra_predicted_cluster,table2:2195|table2:2325|table2:2607,,1464,freeverse software 006 active lancer
extra_predicted_cluster,table2:2197|table2:2319|table2:2617,,1466,individual software jce-wn5 professor teaches windows j/c
extra_predicted_cluster,table2:2198|table2:2321|table2:776,,436,individual software prm-wn5 professor teaches windows xp
extra_predicted_cluster,table2:2202,,3402,encore software 10599 - encore registry mechanic v.5.1 - complete product - utility - 1 user(s) - complete product - standard - pc
extra_predicted_cluster,table2:2203|table2:2565|table2:2745,,1470,abacus software s546 usa extreme landscapes for fs2004 and fs2002 - 3cd set
extra_predicted_cluster,table2:2208,,3512,encore software 10610 - encore creating keepsakes scrapbook designer platinum - complete product - creativity application - 1 user - complete product - standard - pc
extra_predicted_cluster,table2:2209,,3440,encore software 10038 - encore the print shop v.21.0 deluxe - print management - pc
extra_predicted_cluster,table2:2217,,3434,adobe audition 2.0 audio production software - educational discount audio software for video
extra_predicted_cluster,table2:2219|table2:2411,,1476,native instruments traktor dj studio 3 - software based dj rig music production software
extra_predicted_cluster,table2:2221,,1478,make finale 2007 software - educational discount music production software
extra_predicted_cluster,table2:2241,,1490,h&r block taxcut premium federal and state software for windows - usb tax & finance software
extra_predicted_cluster,table2:2251|table2:2754|table2:777,,437,freeverse software 5003 bumpercar 2.0 mac web browser
extra_predicted_cluster,table2:2254,,1499,make finale 2007 software music production software
extra_predicted_cluster,table2:2257,,1501,adobe 22011152 audition2 win retail ue 1u
extra_predicted_cluster,table2:2258,,3486,encore software 10478 - encore printmaster v.17.0 gold - complete product - creativity application - 1 user(s) - complete product - standard - pc
extra_predicted_cluster,table2:2262,,1505,encore software 12441 - encore spongebob squarepants typing fun - time management
extra_predicted_cluster,table2:2266,,1508,encore software 12491 - encore kissing canines - screen saver
extra_predicted_cluster,table2:2272,,1513,encore software 10566 - encore hoyle card games 2005 - complete product - sports game - 1 user - complete product - standard - pc
extra_predicted_cluster,table2:2274,,3518,encore software 10374 - encore professor fuji's sudoku deluxe - complete product - educational game - 1 user(s) - complete product - standard - pc
extra_predicted_cluster,table2:2277,,1515,encore software 10476 - encore home and business lawyer 2006 deluxe - complete product - legal reference - 1 user - complete product - standard - pc
extra_predicted_cluster,table2:228,,164,dreamcatcher interactive wanted - wild willy west
extra_predicted_cluster,table2:2281,,3366,sibelius sibelius 4 software - educational discount music production software
extra_predicted_cluster,table2:2290,,3204,encore software 25005 - encore marine aquarium v.2.0 - complete product - screen saver - 1 user(s) - complete product - standard - pc mac
extra_predicted_cluster,table2:2311,,1534,make songwriter software music production software
extra_predicted_cluster,table2:2313,,1535,business objects t-59j-e-56-wx crystal rpt 11 report essentials cbt
extra_predicted_cluster,table2:2334,,3256,webroot software inc 17210 - window washer - win 98 me 2000 xp
extra_predicted_cluster,table2:2336,,1551,webroot software inc 28410 - child safe - win 98 me 2000 xp vista
extra_predicted_cluster,table2:2338,,1553,csdc jc212 spanish 1-2-3 - on hand software
extra_predicted_cluster,table2:2342,,3521,onone software ele-10211 - on1 essentials v.1.0 for photoshop elements - complete product - graphics/designing - 1 user - complete product - standard - english - pc mac
extra_predicted_cluster,table2:2356,,1566,encore software 32179 - encore kid pix deluxe 4 home edition - complete product - graphics/designing - 1 user(s) - complete product - standard - pc mac
extra_predicted_cluster,table2:2369,,3152,adobe soundbooth cs3 audio editing software - windows music production software
extra_predicted_cluster,table2:2384,,1583,century software tt-1 - century tinyterm v.4.3x - emulation - 1 user(s) - english french german spanish italian polish portuguese - pc
extra_predicted_cluster,table2:2386,,1585,hewlett packard ba154aa dp open file agent win 5wkst ltu
extra_predicted_cluster,table2:2388,,3523,corel corporation ptr9engpcma ae painter ix win/mac
extra_predicted_cluster,table2:2390,,3396,cakewalk sonar home studio 6 software music production software
extra_predicted_cluster,table2:2419,,1602,h&r block taxcut home and business with state and e-file efile software for windows tax & finance software
extra_predicted_cluster,table2:2428,,1609,emc insignia retrospect server client - ( v. 7.5 ) - complete package
extra_predicted_cluster,table2:2430,,3355,encore software 10565 - hoyle card games 2007 - win 98 me 2000 xp
extra_predicted_cluster,table2:2431,,3340,encore software 11230 - hoyle bridge club - win 2000 xp
extra_predicted_cluster,table2:2433,,1611,encore software 11190 - scrabble - win 98 me 2000 xp
extra_predicted_cluster,table2:2438,,1612,encore software 11620 - axis & allies - win 98 me 2000 xp
extra_predicted_cluster,table2:2440,,1613,encore software 13840 - defcon: global nuclear domination game - win 98 me 2000 xp vista
extra_predicted_cluster,table2:2441,,3363,encore software 10279 - sharks 2.0 (win 95 98 me 2000 xp/mac 10.1 or higher)
extra_predicted_cluster,table2:2442,,3283,encore software 10675 - hoyle casino 2007 - win 98 me 2000 xp
extra_predicted_cluster,table2:2444,,1614,encore software 14120 - jeopardy jc - win 98 me 2000 xp
extra_predicted_cluster,table2:2445,,3454,encore software 11272 - hasbro: family collection (2006) - win 98 me 2000 xp
extra_predicted_cluster,table2:2446,,1615,encore software 10313 - professor fujis sudoku (win 98 me 2000 xp)
extra_predicted_cluster,table2:2447,,1616,mobi-cam 70008 monitoring and notification software
extra_predicted_cluster,table2:2448,,3252,encore software 11182 - monopoly here & now - win 98 me 2000 xp
extra_predicted_cluster,table2:2450,,3294,encore software 11253 - brain food games: cranium collection 2006 sb cs by encore
extra_predicted_cluster,table2:2451,,3527,encore software 10569 - hoyle puzzle games 2007 - win 98 me 2000 xp
extra_predicted_cluster,table2:2456,,3202,encore software 11192 - scrabble champion edition - win 98 me 2000 xp
extra_predicted_cluster,table2:2457,,3537,encore software 10636 - 3d home architect landscape v.8by
extra_predicted_cluster,table2:2458,,3284,encore software 10673 - hoyle casino 2007 - win 98 me 2000 xp
extra_predicted_cluster,table2:2459,,1617,encore software 33041 - country varmint hunter - win 98 me 2000 xp
extra_predicted_cluster,table2:2463,,1618,encore software 33027 - hoyle texas holdem (win 98 me 2000 xp)
extra_predicted_cluster,table2:2469,,3251,encore software 11180 - monopoly here & now - win 98 me 2000 xp
extra_predicted_cluster,table2:2473,,1622,computer associates babwbr1151s33 - brightstor arcserve backup client for vss software snap-shot v.11.5 for windows with service pack 1 - add-on - backup & recovery - 1 server(s) - complete product - standard - multilingual - pc
extra_predicted_cluster,table2:2481,,1627,corel ulead dvd workshop 2 authoring software
extra_predicted_cluster,table2:2482,,3435,adobe audition 2.0 software pro audio digital editing environment for windows upgrade version.
extra_predicted_cluster,table2:2487,,3364,encore software 10282 - sharks 2.0 (win 95 98 me 2000 xp/mac 10.1 or higher)
extra_predicted_cluster,table2:2492|table2:2493,,1634,sony creative software sound forge audio studio v.8.0 complete product
extra_predicted_cluster,table2:2497,,1638,sony vegas 6 video editing software professional editing software
extra_predicted_cluster,table2:2498,,3307,redshift 5 (national geographic presents) (win 98 me 2000 xp)
extra_predicted_cluster,table2:2534|table2:2722,,1665,aec software 1018001000132 fasttrack schedule 8 pda
extra_predicted_cluster,table2:2543|table2:2661,,1674,onone software mpr-40212 mask pro 4.0 upgrade (buy now and get free cs3 compatibility upgrades)
extra_predicted_cluster,table2:2547|table2:2749,,1677,abacus software s482 scenic railway add-on for pc
extra_predicted_cluster,table2:2548|table2:2748,,1678,abacus software s461 train sim modeller for pc
extra_predicted_cluster,table2:2549|table2:2726,,1679,abacus software 1557555117 flight deck iii for pc
extra_predicted_cluster,table2:2558,,3544,palmspring software 523 oxford american desk dictionary
extra_predicted_cluster,table2:2560|table2:2751,,1687,abacus software s515 flight simulation sea plane adventures pc
extra_predicted_cluster,table2:2561|table2:2724,,1688,abacus software s fs commuter pilot - pc
extra_predicted_cluster,table2:2562|table2:2735,,1689,ce software 4501eu01up35 quickeys 5.0 upgrade from 3.x
extra_predicted_cluster,table2:2563|table2:2743,,1690,abacus software 5563 abacus 5563 - private pilot ii
extra_predicted_cluster,table2:2564|table2:2739,,1691,abacus software s532 military aircraft collection for pc
extra_predicted_cluster,table2:2566|table2:2734,,1693,abacus software s513 fligth simulation whirly birds adventures pc
extra_predicted_cluster,table2:2567|table2:2753,,1694,ce software 4501eu01up40 quickeys 5.0 upgrade from 4.0
extra_predicted_cluster,table2:2568|table2:2733,,1695,ce software 4x30eu01up20 quickeys x3 upgrade from 2.0
extra_predicted_cluster,table2:257,,173,nova development corp art explosion 600000 images
extra_predicted_cluster,table2:2570|table2:2741,,1696,abacus software 5562 chopper havoc for pc
extra_predicted_cluster,table2:2571|table2:2737,,1697,abacus software s568 vietnam carrier ops
extra_predicted_cluster,table2:2572|table2:2756,,1698,abacus software s552 fs fighter pilot for fs2004 and fs2002
extra_predicted_cluster,table2:2573|table2:2747,,1699,abacus software ss69 corporate pilot 2
extra_predicted_cluster,table2:2588|table2:2847|table2:2874,,1714,punch software 90500 home design studio - mac
extra_predicted_cluster,table2:259,,3488,topics entertainment instant immersion german 2.0
extra_predicted_cluster,table2:2622,,1745,m-audio pro tools m-powered mpowered 7.3 software music production software
extra_predicted_cluster,table2:2623,,1746,pinnacle mobile media converter software for windows ipod software
extra_predicted_cluster,table2:2628,,1751,avid liquid 7.0 - professional video editing software for windows professional editing software
extra_predicted_cluster,table2:2630,,3530,global software a0447jch - dk smart steps 2nd grade - win 95 98 me 2000 xp vista
extra_predicted_cluster,table2:2638,,1757,global software a8641jch - dk smart steps first grade - win 95 98 me 2000 xp vista
extra_predicted_cluster,table2:2641,,3267,global software a7163jcw - kakuro puzzle addict unlimited edition - dvd movie
extra_predicted_cluster,table2:2642,,1758,global software a9716jcw - crossword addict - win 95 98 me 2000 xp
extra_predicted_cluster,table2:2643,,3263,global software a2991m2w - sudoku puzzle addict (win 98 me 2000 xp)
extra_predicted_cluster,table2:2646,,1759,simply put software llc de905-s - data elminator (win 95 98 me nt 2000 xp)
extra_predicted_cluster,table2:2649,,1762,adobe dv rack 2.0 hd software for windows professional editing software
extra_predicted_cluster,table2:2662,,3290,adobe premiere elements 3 (pc)
extra_predicted_cluster,table2:2666,,1773,sony creative software sf9006 - sound forge 9 boxed upgrade sound editing s/w
extra_predicted_cluster,table2:2678,,3133,readiris pro 11 corporate edition for pc
extra_predicted_cluster,table2:2687,,1783,microsoft money 2007 home and business (pc)
extra_predicted_cluster,table2:2691,,3422,ringtone media studio (pc) avanquest
extra_predicted_cluster,table2:2694,,3224,microsoft onenote 2007 upgrade (pc)
extra_predicted_cluster,table2:2696,,3332,instant immersion spanish 2.0 topics
extra_predicted_cluster,table2:2697,,1785,microsoft windows xp professional edition (upgrade)
extra_predicted_cluster,table2:2701,,1786,stopzilla! 4.0 (pc) roxio
extra_predicted_cluster,table2:2708,,3226,microsoft onenote 2007 (pc)
extra_predicted_cluster,table2:2715,,1791,magix webradio recorder (pc) magix entertainment
extra_predicted_cluster,table2:272,,180,microsoft windows xp pro sp2 retail
extra_predicted_cluster,table2:2761,,1826,encore software 10538 - adventure workshop preschool 7 by the learning company
extra_predicted_cluster,table2:2806,,1854,fisher-price rescue heroes: hurricane havoc
extra_predicted_cluster,table2:2842|table2:6,,3,edius pro 4
extra_predicted_cluster,table2:2849,,3411,sibelius sibelius 5 software - educational discount music production software
extra_predicted_cluster,table2:285,,186,microsoft windows xp home edition sp2 retail box
extra_predicted_cluster,table2:2852,,3274,transfer my dvd avanquest usa
extra_predicted_cluster,table2:2853|table2:2881,,1875,quickbooks pro 2007 3 user
extra_predicted_cluster,table2:2855,,1877,webroot software inc 66210 - spy sweeper (mass merchant) (win 98 me 2000 xp)
extra_predicted_cluster,table2:2859,,1879,encore software 10548 - encore tlc zoombinis 3rd grade learning system 2007 - complete product - educational - 1 user - complete product - standard - pc mac
extra_predicted_cluster,table2:287,,3178,emedia music corp emedia intermediate guitar method
extra_predicted_cluster,table2:288,,3469,entertainment partners ep budgeting for film
extra_predicted_cluster,table2:289,,188,nova development corp ideasoft photo clip art 10000
extra_predicted_cluster,table2:291,,189,steinberg software halion symphonic orchestra - educational edition
extra_predicted_cluster,table2:2921,,3504,media studio for psp standard editon (800060)
extra_predicted_cluster,table2:2984|table2:3007,,1977,microsoft(r) project standard 2007
extra_predicted_cluster,table2:313,,3376,adobe systems inc adobe acrobat 8.0 professional upsell (std-pro)
extra_predicted_cluster,table2:322,,204,alsoft diskwarrior for intel
extra_predicted_cluster,table2:367,,3188,adobe cs3 design standard upgrade windows
extra_predicted_cluster,table2:375,,225,micromat tech tool pro 4.5
extra_predicted_cluster,table2:380,,229,corel corel word perfect office 12 upgrade
extra_predicted_cluster,table2:381,,3498,ea sports battlefield 1942: deluxe edition (pc) game
extra_predicted_cluster,table2:383,,230,cyberlink power director 3
extra_predicted_cluster,table2:385,,3548,sony pc video game - the station access collection - dvd-rom
extra_predicted_cluster,table2:386,,231,agatha christie and then there were none e (pc) tha christi
extra_predicted_cluster,table2:396,,237,sos aggregation company panda antivirus + firewall 2008 3-user
extra_predicted_cluster,table2:420,,246,re:launch carrara 5 pro
extra_predicted_cluster,table2:421,,3430,sony media software discrete drums: vol.1 - sony sound series
extra_predicted_cluster,table2:438,,253,omni web 5.0
extra_predicted_cluster,table2:459,,3359,computrace lojack for laptops - 3 yr subscription
extra_predicted_cluster,table2:475,,3546,global marketing partners easy video editor 2.0 - honest technology
extra_predicted_cluster,table2:490,,283,cyberchase adventures by brighter minds
extra_predicted_cluster,table2:506,,289,adobe photoshop elements 4.0 mac academic
extra_predicted_cluster,table2:507,,290,dvo enterprises inc. cookn deluxe 6.0
extra_predicted_cluster,table2:513,,294,apple .mac 4.0 family pack (new or renewal)
extra_predicted_cluster,table2:533,,305,micromat inc. diskstudio
extra_predicted_cluster,table2:538,,3478,corel corporation corel snapfire plus
extra_predicted_cluster,table2:541,,3216,kaplan act/sat/psat gold 2007 mac os x
extra_predicted_cluster,table2:546,,308,summit soft macbackup mac os x macxware
extra_predicted_cluster,table2:572,,317,individual software inc small business advantage deluxe
extra_predicted_cluster,table2:573,,3382,symantec norton anti-virus 2007 windows
extra_predicted_cluster,table2:576,,3144,adobe dreamweaver cs3 academic
extra_predicted_cluster,table2:605,,333,school zone interactive shapes on track software
extra_predicted_cluster,table2:606,,334,nuance communications inc. dragon ns standard v9
extra_predicted_cluster,table2:611,,337,adobe systems inc flash remoting 1.0 (net&java 2)(2 users)
extra_predicted_cluster,table2:641,,3192,csdc power translator 11 premium - language engineering company
extra_predicted_cluster,table2:643,,354,hal leonard allegro 2007 5-user labpack
extra_predicted_cluster,table2:644,,355,true north technology inc. northstar
extra_predicted_cluster,table2:649,,3213,aspyr media inc return to castle wolfenstein
extra_predicted_cluster,table2:653,,359,adobe systems inc flash remoting 1.0 (net&java 1)(1 user)
extra_predicted_cluster,table2:660,,362,simply magazine sales skills
extra_predicted_cluster,table2:678,,375,global marketing partners video patrol 5.0 - honest technology
extra_predicted_cluster,table2:684,,3552,findex.com inc sermon builder 4.0
extra_predicted_cluster,table2:687,,380,orion/imaginova starry night screensaver
extra_predicted_cluster,table2:692,,3405,spelling
extra_predicted_cluster,table2:7,,4,qb pos 6.0 pro multi store sw
extra_predicted_cluster,table2:700,,387,emedia music corp guitar pro v 5.1 (hybrid)
extra_predicted_cluster,table2:711,,394,avanquest usa llc spycatcher 2007
extra_predicted_cluster,table2:732,,3309,madison media software aspvms8000 - acad vegas movie studio +dvd 8 platinum
extra_predicted_cluster,table2:738,,416,encore software 11290 - scrabble complete - win 98 me xp
extra_predicted_cluster,table2:747,,3528,encore software 10567 - hoyle puzzle games 2007 - win 98 me 2000 xp
extra_predicted_cluster,table2:748,,423,encore software 33020 - jackpot tycoon - win 98 me 2000 xp
extra_predicted_cluster,table2:751,,425,encore software 11140 - fate - win 2000 xp
extra_predicted_cluster,table2:754,,3450,encore software 12370 - middle school advantage 2008 - win 2000 xp vista
extra_predicted_cluster,table2:755,,426,encore software 11580 - monopoly with bonus risk - win 98 me 2000 xp
extra_predicted_cluster,table2:756,,427,encore software 10653 - professor fujis kakuro - win 98 me 2000 xp
extra_predicted_cluster,table2:758,,428,encore software 13780 - westward - win 98 me 2000 xp vista
extra_predicted_cluster,table2:760,,429,encore software 11670 - who wants to be a millionaire? - win xp 2000
extra_predicted_cluster,table2:761,,430,webroot software 65210 spy sweeper 3 pc
extra_predicted_cluster,table2:762,,3297,encore software 11250 - brain food games: cranium collection 2006 - win 98 me 2000 xp
extra_predicted_cluster,table2:763,,3296,encore software 11252 - brain food games: cranium collection 2006 - win 98 me 2000 xp
extra_predicted_cluster,table2:764,,3205,encore software 25020 - marine aquarium 2.5 (hybrid) - win 95 98 me 2000 xp/mac 10.1 or higher
extra_predicted_cluster,table2:765,,3207,encore software 14130 - wheel of fortune deluxe - win 98 me 2000 xp vista
extra_predicted_cluster,table2:766,,3349,encore software 10443 - elementary school advantage 2007 - win 98 me 2000 xp
extra_predicted_cluster,table2:772,,434,topics entertainment 80796 - topics math success 2007 deluxe for windows - educational software - pc
extra_predicted_cluster,table2:774,,3318,punch software 26100 punch! master landscape and home design (small box)
extra_predicted_cluster,table2:775,,3260,punch software 20100 punch! 5 in 1 home design
extra_predicted_cluster,table2:782,,441,e-mu modern symphonic orchestra for emulator x and proteus x sounds for software
extra_predicted_cluster,table2:783,,3247,individual software resume maker professional deluxe 12.0
extra_predicted_cluster,table2:792,,444,onone software smartscale software
extra_predicted_cluster,table2:793,,445,onone software genuine fractals print pro software
extra_predicted_cluster,table2:795,,446,hewlett packard t1936aa ua0 - hp digital sending software 4.0 - complete product - document management - 1 device(s) - complete product - standard - multilingual - pc
extra_predicted_cluster,table2:797,,3445,apple software t9163ll/a logic pro 6
extra_predicted_cluster,table2:798,,3467,apple software t9161ll/a logic platinum/ gold 5&6 to logic pro 6 update
extra_predicted_cluster,table2:799,,448,microsoft digital image suite plus full version of photo editing software for windows.
extra_predicted_cluster,table2:8,,3492,qb credit card kit 3.0
extra_predicted_cluster,table2:813,,457,topics entertainment i spy fantasy w/ i spy bk & mini cd
extra_predicted_cluster,table2:821,,463,vivendi-universal games inc swat 4
extra_predicted_cluster,table2:823,,3236,topics entertainment instant immersion spanish audio deluxe
extra_predicted_cluster,table2:826,,3336,school zone interactive time money & fractions 1-2 on track software
extra_predicted_cluster,table2:828,,466,topics entertainment talk now! afrikaans - beginners
extra_predicted_cluster,table2:848,,3242,sage (ptree) premium accounting accountants edition 2007
extra_predicted_cluster,table2:878,,499,fogware publishing middle school life science - classification & ecology
extra_predicted_cluster,table2:881,,3343,aspyr leave the lights on-bundle
extra_predicted_cluster,table2:884,,3183,adobe cs3 design premium upgrade
extra_predicted_cluster,table2:886,,501,apple .mac 4.0 1yr new or renewal internet service
extra_predicted_cluster,table2:888,,3368,adobe contribute cs3 upgrade
extra_predicted_cluster,table2:903,,3111,freeverse burning monkey solitaire 3d
extra_predicted_cluster,table2:907,,506,prosoft engineering drive genius 1.5
extra_predicted_cluster,table2:908,,3175,adobe cs3 design standard upsell
extra_predicted_cluster,table2:911,,509,freeverse burning monkey mahjong 3d
extra_predicted_cluster,table2:912,,3228,adobe cs3 production premium
extra_predicted_cluster,table2:924,,510,git comic book library collector's edition vol. 1
extra_predicted_cluster,table2:933,,3300,microsoft office 2004 student/teacher
extra_predicted_cluster,table2:934,,3185,adobe cs3 design standard upgrade
extra_predicted_cluster,table2:952,,3181,allume aquazone seven seas deluxe edition
extra_predicted_cluster,table2:955,,3321,now software now up-to-date and contact
extra_predicted_cluster,table2:956,,3448,corel painter x academic
extra_predicted_cluster,table2:960,,522,detto move2mac usb kit (to move data from pc to ma
extra_predicted_cluster,table2:971,,3373,computrace lojack for laptops - 1 yr subscription
extra_predicted_cluster,table2:973,,3475,broderbund mavis beacon teaches typing standard17
