side,refs,reference_title,predicted_entity_id,predicted_title
missing_reference_cluster,table1:0|table2:1878,clickart 950 000 premier image pack ( dvd-rom ),,
missing_reference_cluster,table1:10|table2:1953,paper art : gift wrapping,,
missing_reference_cluster,table1:1001|table2:2373,printmaster 17 platinum by encore software,,
missing_reference_cluster,table1:1002|table2:802,genuine fractals genuine fractals print pro 1u,,
missing_reference_cluster,table1:1003|table2:806,logic pro 6,,
missing_reference_cluster,table1:1004|table2:794,professor teaches excel & word,,
missing_reference_cluster,table1:1005|table2:2363,sibelius 4 educational edition,,
missing_reference_cluster,table1:1006|table2:796,terror strike,,
missing_reference_cluster,table1:1007|table2:815,wisdom of the bible holy land edition,,
missing_reference_cluster,table1:1008|table2:1534,norton internet security 2008 10 user,,
missing_reference_cluster,table1:1009|table2:817,test and improve your memory ( dvd box ),,
missing_reference_cluster,table1:101|table2:1670,atari arcade classics ( mac ),,
missing_reference_cluster,table1:1010|table2:2379,roxio easy media creator 9,,
missing_reference_cluster,table1:1011|table2:807,logic pro 6 upgrade from logic platinum/gold 5 & 6,,
missing_reference_cluster,table1:1012|table2:813,reel deal slots 2.0 for pc,,
missing_reference_cluster,table1:1014|table2:2835,elementary advantage 2008,,
missing_reference_cluster,table1:1014|table2:773,elementary advantage 2008,,
missing_reference_cluster,table1:1016|table2:780,math success deluxe 2007,,
missing_reference_cluster,table1:1018|table2:771,wheel of fortune deluxe,,
missing_reference_cluster,table1:1019|table2:2383,neuratron photoscore professional 4,,
missing_reference_cluster,table1:102,myinvoices & estimates deluxe,,
missing_reference_cluster,table1:1020|table2:772,elementary school advantage 2007,,
missing_reference_cluster,table1:1021|table2:791,resumemaker professional 12.0,,
missing_reference_cluster,table1:1022|table2:793,panda internet security 2007 3-user,,
missing_reference_cluster,table1:1023|table2:786,aquarium 3 in 1 collection limited edition for win/mac,,
missing_reference_cluster,table1:1024|table2:2421,punch super home suite 3.0,,
missing_reference_cluster,table1:1024|table2:2435,punch super home suite 3.0,,
missing_reference_cluster,table1:1024|table2:2438,punch super home suite 3.0,,
missing_reference_cluster,table1:1024|table2:2936,punch super home suite 3.0,,
missing_reference_cluster,table1:1025|table2:790,e-mu em8669 modern symphonic orchestra,,
missing_reference_cluster,table1:1026|table2:2327,final draft scriptwriter 's suite [ final draft 7 & final draft av2 ],,
missing_reference_cluster,table1:1028|table2:2333,makemusic finale 2007 win/mac,,
missing_reference_cluster,table1:103|table2:1659,my sim aquarium,,
missing_reference_cluster,table1:1030|table2:2320,final draft av 2.5 win/mac,,
missing_reference_cluster,table1:1031|table2:2857,singleclick network now ! pro,,
missing_reference_cluster,table1:1031|table2:763,singleclick network now ! pro,,
missing_reference_cluster,table1:1032|table2:2325,finale allegro 2007,,
missing_reference_cluster,table1:1033|table2:762,pc professor fuji 's kakuro,,
missing_reference_cluster,table1:1035|table2:2343,riverdeep spongebob squarepants typing fun,,
missing_reference_cluster,table1:1036|table2:769,brain food games : cranium collection 2006,,
missing_reference_cluster,table1:1037|table2:768,brain food games : cranium collection 2006,,
missing_reference_cluster,table1:1038|table2:2339,printmaster 17 gold by encore software,,
missing_reference_cluster,table1:1039|table2:766,who wants to be a millionaire ?,,
missing_reference_cluster,table1:1040|table2:2350,encore the big box of art 410 000 460001 ),,
missing_reference_cluster,table1:1042|table2:2352,genuine fractals print pro 4.1 sharpener pro 2.0,,
missing_reference_cluster,table1:1043|table2:755,monopoly tycoon,,
missing_reference_cluster,table1:1044|table2:2347,hoyle puzzle & board games 2007,,
missing_reference_cluster,table1:1044|table2:753,hoyle puzzle & board games 2007,,
missing_reference_cluster,table1:1046|table2:2348,riverdeep kissing canines,,
missing_reference_cluster,table1:1047|table2:747,game of life jc,,
missing_reference_cluster,table1:105|table2:1655,instant immersion spanish ( audio book ),,
missing_reference_cluster,table1:1050|table2:760,middle school advantage 2008,,
missing_reference_cluster,table1:1051|table2:2360,tlc clue finders math learning system sb by riverdeep,,
missing_reference_cluster,table1:1053|table2:759,high school advantage 2008,,
missing_reference_cluster,table1:1054|table2:2356,professor fujis sudoku deluxe by encore,,
missing_reference_cluster,table1:1055|table2:758,high school advantage 2007,,
missing_reference_cluster,table1:1058|table2:2053,pitstop pro 7.0 upgr 6.x or higher,,
missing_reference_cluster,table1:106|table2:1980,cisco security server agent for windows and solaris license 100 agents win solaris csa-b100-srvr-k9 ),,
missing_reference_cluster,table1:1060|table2:2051,web.com site builder & hosting suite sb by web.com,,
missing_reference_cluster,table1:1062|table2:2063,pc tools spyware doctor 2007 sb cs by pc tools,,
missing_reference_cluster,table1:1064|table2:2057,adventure workshop 4th-6th grade 7th ed sb cs by riverdeep,,
missing_reference_cluster,table1:1066|table2:2036,the print shop design suite pro ed sb cs by the print shop,,
missing_reference_cluster,table1:1067|table2:12,evergirl,,
missing_reference_cluster,table1:1068|table2:2023,the print shop elements : labels & logos sb cs by the print shop,,
missing_reference_cluster,table1:1069|table2:2049,hasbro family game collection 2006,,
missing_reference_cluster,table1:107|table2:1696,photoshop elements 5 and premiere elements 3 bundle win minibox ( 29180248 ),,
missing_reference_cluster,table1:1072|table2:2046,marine aquarium & goldfish screen saver by encore software,,
missing_reference_cluster,table1:1072|table2:2565,marine aquarium & goldfish screen saver by encore software,,
missing_reference_cluster,table1:1073|table2:990,backyard sports backyard basketball and backyard football,,
missing_reference_cluster,table1:1074|table2:2095,family tree maker version 16 collectors edition sb cs,,
missing_reference_cluster,table1:1075|table2:991,modeless liquid ledger personal finance software ( mac ),,
missing_reference_cluster,table1:1076|table2:2093,the print shop 22 sb cs by the print shop,,
missing_reference_cluster,table1:1078|table2:2100,3d home architect home v. 8 by encore software,,
missing_reference_cluster,table1:1078|table2:741,3d home architect home v. 8 by encore software,,
missing_reference_cluster,table1:1079|table2:997,tropico 2 : pirate cove ( mac ),,
missing_reference_cluster,table1:108|table2:1695,buzby breakin ' all the rules hermie and friends,,
missing_reference_cluster,table1:1080|table2:2096,adventure workshop 4th-6th grade 7th edition,,
missing_reference_cluster,table1:1081|table2:980,stuffit deluxe v 10.0 ( mac ),,
missing_reference_cluster,table1:1082|table2:2069,pitstop pro 7.0 upgr 5.x or below,,
missing_reference_cluster,table1:1083|table2:983,nova greeting card factory ( mac ),,
missing_reference_cluster,table1:1084|table2:2067,riverdeep the print shop zoom dvd,,
missing_reference_cluster,table1:1085|table2:985,burning monkey solitaire 4.0,,
missing_reference_cluster,table1:1086|table2:2077,calendar creator platinum sb cs by riverdeep,,
missing_reference_cluster,table1:1087|table2:988,captain america the complete comic collection win/mac,,
missing_reference_cluster,table1:1088|table2:975,suitcase fusion 1u box,,
missing_reference_cluster,table1:1089|table2:1372,e-mu em8685 beat garden x emulator x2/proteus x2 soundset,,
missing_reference_cluster,table1:109|table2:2227,instant immersion french 2.0,,
missing_reference_cluster,table1:1090|table2:973,the sims 2 ( mac ),,
missing_reference_cluster,table1:1091|table2:1401,soundtrack 1.2,,
missing_reference_cluster,table1:1091|table2:2779,soundtrack 1.2,,
missing_reference_cluster,table1:1091|table2:779,soundtrack 1.2,,
missing_reference_cluster,table1:1092|table2:978,call of duty 2 dvd-rom ( mac ),,
missing_reference_cluster,table1:1093|table2:1409,final cut express 2.0 upgrade,,
missing_reference_cluster,table1:1093|table2:2621,final cut express 2.0 upgrade,,
missing_reference_cluster,table1:1093|table2:2755,final cut express 2.0 upgrade,,
missing_reference_cluster,table1:1094|table2:976,detto move2mac usb,,
missing_reference_cluster,table1:1095|table2:966,allume aquazone seven seas deluxe,,
missing_reference_cluster,table1:1096|table2:1351,apple remote desktop 2.2 10 client ( old version ),,
missing_reference_cluster,table1:1096|table2:2135,apple remote desktop 2.2 10 client ( old version ),,
missing_reference_cluster,table1:1096|table2:2460,apple remote desktop 2.2 10 client ( old version ),,
missing_reference_cluster,table1:1097|table2:1360,spy sweeper with antivirus/child safe,,
missing_reference_cluster,table1:1098|table2:965,rollercoaster tycoon 3 ( mac ),,
missing_reference_cluster,table1:1099|table2:1362,webroot spysweeper antispyware 3 user,,
missing_reference_cluster,table1:1099|table2:2289,webroot spysweeper antispyware 3 user,,
missing_reference_cluster,table1:1099|table2:2425,webroot spysweeper antispyware 3 user,,
missing_reference_cluster,table1:1099|table2:767,webroot spysweeper antispyware 3 user,,
missing_reference_cluster,table1:1100|table2:2365,poser 7 win 2000 xp mac os 10.4 & up,,
missing_reference_cluster,table1:1101|table2:1368,steinberg cubase studio 4,,
missing_reference_cluster,table1:1102|table2:967,john deere : busy days in deerfield valley,,
missing_reference_cluster,table1:1103|table2:1440,genuine fractals print pro 5 1u,,
missing_reference_cluster,table1:1105|table2:2009,punch ! master landscape & home design,,
missing_reference_cluster,table1:1105|table2:2490,punch ! master landscape & home design,,
missing_reference_cluster,table1:1105|table2:2510,punch ! master landscape & home design,,
missing_reference_cluster,table1:1105|table2:782,punch ! master landscape & home design,,
missing_reference_cluster,table1:1106|table2:956,zend studio 5.1 ( win/mac ),,
missing_reference_cluster,table1:1107|table2:2016,pitstop pro 7.0,,
missing_reference_cluster,table1:1108|table2:964,3d bridge deluxe ( mac ),,
missing_reference_cluster,table1:111|table2:1692,instant play electric guitar deluxe,,
missing_reference_cluster,table1:1110|table2:2018,the print shop 22 pro publisher deluxe sb cs by the print shop,,
missing_reference_cluster,table1:1111|table2:1418,apple final cut studio 2 ( mac ),,
missing_reference_cluster,table1:1111|table2:495,apple final cut studio 2 ( mac ),,
missing_reference_cluster,table1:1112|table2:949,railroad tycoon 3 ( mac ),,
missing_reference_cluster,table1:1114|table2:1420,webroot spy sweeper antispyware 5.x,,
missing_reference_cluster,table1:1115|table2:1427,punch ! master landscape professional & home design v 10.0,,
missing_reference_cluster,table1:1115|table2:1955,punch ! master landscape professional & home design v 10.0,,
missing_reference_cluster,table1:1115|table2:792,punch ! master landscape professional & home design v 10.0,,
missing_reference_cluster,table1:1117|table2:1431,dk rainbow fish most beautiful fish in the ocean,,
missing_reference_cluster,table1:1118|table2:950,adobe creative suite cs3 master collection upsell,,
missing_reference_cluster,table1:1119|table2:2189,apple remote desktop 3 10 managed systems,,
missing_reference_cluster,table1:1119|table2:707,apple remote desktop 3 10 managed systems,,
missing_reference_cluster,table1:112|table2:1689,foreign policy & reform ( win/mac ) ( jewel case ),,
missing_reference_cluster,table1:1120|table2:942,caillou ready for school ( pc & mac ),,
missing_reference_cluster,table1:1121|table2:943,totally spies : zombie jamboree ( win/mac ),,
missing_reference_cluster,table1:1123|table2:940,business card composer ( mac ),,
missing_reference_cluster,table1:1124|table2:2183,emedia print music 2006 win/mac,,
missing_reference_cluster,table1:1125|table2:1676,adobe solution expert support,,
missing_reference_cluster,table1:1126|table2:941,totally spies : total swamp romp ( pc & mac ),,
missing_reference_cluster,table1:1127|table2:2182,steinberg sequel ( pc or mac ) music creation & performance software,,
missing_reference_cluster,table1:1128|table2:938,miraizon cinematize 2 ( mac ),,
missing_reference_cluster,table1:113|table2:1687,microsoft licenses win svr 2003 ext conn lic ( r3900292 ),,
missing_reference_cluster,table1:1130|table2:939,adobe cs3 design premium macosx dvd,,
missing_reference_cluster,table1:1131|table2:2172,power production storyboard quick,,
missing_reference_cluster,table1:1132|table2:935,civilization iv dvd-rom ( mac ),,
missing_reference_cluster,table1:1133|table2:2171,apple shake 4.1 visual effects ( mac ),,
missing_reference_cluster,table1:1133|table2:304,apple shake 4.1 visual effects ( mac ),,
missing_reference_cluster,table1:1134|table2:936,comic book library,,
missing_reference_cluster,table1:1136|table2:933,mediafour macdrive 6 for windows,,
missing_reference_cluster,table1:1137,wavelab studio 6,,
missing_reference_cluster,table1:1138|table2:934,net ad creator,,
missing_reference_cluster,table1:1139|table2:2197,cakewalk sonar 6 producer ed,,
missing_reference_cluster,table1:114|table2:7,quickbooks pos : pro multistore 6.0,,
missing_reference_cluster,table1:1141|table2:2811,appleworks 6.2.9,,
missing_reference_cluster,table1:1141|table2:929,appleworks 6.2.9,,
missing_reference_cluster,table1:1142|table2:2201,adobe captivate 2.0,,
missing_reference_cluster,table1:1143|table2:2196,crystal 3d impact ! pro 1.25 ( jewel case ),,
missing_reference_cluster,table1:1144|table2:931,play music together mac,,
missing_reference_cluster,table1:1145|table2:2195,microsoft office 2004 standard ( mac ),,
missing_reference_cluster,table1:1145|table2:904,microsoft office 2004 standard ( mac ),,
missing_reference_cluster,table1:1146|table2:927,swift publisher for mac,,
missing_reference_cluster,table1:1147|table2:928,zoo tycoon 2 ( mac ),,
missing_reference_cluster,table1:1148|table2:2192,sibelius 4 professional edition,,
missing_reference_cluster,table1:1149|table2:920,burning monkey mahjongg ( mac ),,
missing_reference_cluster,table1:115|table2:1685,encyclopedia britannica deluxe 2008 win/mac,,
missing_reference_cluster,table1:1150|table2:925,40 years of the x-men,,
missing_reference_cluster,table1:1151|table2:2126,pc tools spyware doctor 2007,,
missing_reference_cluster,table1:1153|table2:916,drive genius by prosoft engineering inc,,
missing_reference_cluster,table1:1155|table2:914,istopmotion,,
missing_reference_cluster,table1:1156|table2:2124,pro digital frame bundle 1u,,
missing_reference_cluster,table1:1157|table2:913,internet cleanup 4.0 mac os 10.4 or higher,,
missing_reference_cluster,table1:1158|table2:912,burning monkey solitaire 2005 edition,,
missing_reference_cluster,table1:1159|table2:2117,nero 7 ultra edition enhanced pc & home entrmnt soln,,
missing_reference_cluster,table1:116|table2:1784,cook 'n vegetarian,,
missing_reference_cluster,table1:1160|table2:442,apple mac os x tiger 10.4.6 ( mac dvd ),,
missing_reference_cluster,table1:1162|table2:2109,motu digital performer 5 digital audio software competitive upgrade ( mac only ),,
missing_reference_cluster,table1:1163|table2:909,spring cleaning 9.0 for mac os 10.4 & above,,
missing_reference_cluster,table1:1165|table2:908,chronos stickybrain 3.0 ( mac ),,
missing_reference_cluster,table1:1166|table2:2167,cakewalk sonar 6 studio,,
missing_reference_cluster,table1:1167|table2:907,micromat techtool protege with firewire device,,
missing_reference_cluster,table1:1168|table2:2169,sibelius compass,,
missing_reference_cluster,table1:1169|table2:906,print explosion deluxe 3.0 ( mac ),,
missing_reference_cluster,table1:117|table2:1790,hidden expedition : titanic,,
missing_reference_cluster,table1:1170|table2:2156,steinberg cubase 4 digital audio software,,
missing_reference_cluster,table1:1171|table2:905,stuffit deluxe 11,,
missing_reference_cluster,table1:1173|table2:899,amazing spider-man complete comic book collection win/mac,,
missing_reference_cluster,table1:1174|table2:923,adobe indesign cs3 upgrade from pagemaker [ mac ],,
missing_reference_cluster,table1:1175|table2:2158,apple mac os x tiger 10.4.6 family pack ( mac ),,
missing_reference_cluster,table1:1175|table2:926,apple mac os x tiger 10.4.6 family pack ( mac ),,
missing_reference_cluster,table1:1176|table2:898,valuesoft tune transfer for ipod software for windows xp,,
missing_reference_cluster,table1:1177|table2:1496,microsoft office student and teacher edition 2004 macintosh,,
missing_reference_cluster,table1:1177|table2:2137,microsoft office student and teacher edition 2004 macintosh,,
missing_reference_cluster,table1:1177|table2:2850,microsoft office student and teacher edition 2004 macintosh,,
missing_reference_cluster,table1:1177|table2:945,microsoft office student and teacher edition 2004 macintosh,,
missing_reference_cluster,table1:1178,band in a box 2007,,
missing_reference_cluster,table1:1179|table2:896,microspot x-rip ( mac ),,
missing_reference_cluster,table1:118|table2:1771,crystal reports xi professional edition,,
missing_reference_cluster,table1:1180|table2:2132,bias peak le 5,,
missing_reference_cluster,table1:1181|table2:894,the logo creator ( mac ),,
missing_reference_cluster,table1:1182|table2:1531,onone software pxl smartscale windows and macintosh ),,
missing_reference_cluster,table1:1182|table2:801,onone software pxl smartscale windows and macintosh ),,
missing_reference_cluster,table1:1183|table2:892,sims 2 pets expansion pack,,
missing_reference_cluster,table1:1184|table2:563,iview mediapro 2.5,,
missing_reference_cluster,table1:1185|table2:562,3d home architect landscape design deluxe version 9,,
missing_reference_cluster,table1:1186|table2:566,adobe creative suite cs3 web standard [ mac ],,
missing_reference_cluster,table1:1187|table2:565,clickart 1.2 million 2006 dvd,,
missing_reference_cluster,table1:1189|table2:571,pc tutor learn windows vista & office 2007,,
missing_reference_cluster,table1:119|table2:1774,sierra hallmark card studio special edition windows ),,
missing_reference_cluster,table1:1190|table2:1026,punch ! professional home design,,
missing_reference_cluster,table1:1190|table2:1083,punch ! professional home design,,
missing_reference_cluster,table1:1190|table2:2426,punch ! professional home design,,
missing_reference_cluster,table1:1190|table2:2468,punch ! professional home design,,
missing_reference_cluster,table1:1191|table2:567,sims 2 glamour life stuff pack,,
missing_reference_cluster,table1:1192|table2:574,mcafee virusscan plus 3 user,,
missing_reference_cluster,table1:1194|table2:573,roxio toast 8 titanium,,
missing_reference_cluster,table1:1195|table2:1028,home design architect series 3000 v10 .0,,
missing_reference_cluster,table1:1196|table2:576,individual small business advantage deluxe 2006,,
missing_reference_cluster,table1:1197|table2:575,finale 2007 academic ( win/mac ),,
missing_reference_cluster,table1:1198,quickbooks point-of-sale basic 6.0,,
missing_reference_cluster,table1:1199|table2:580,dreamweaver cs3 9 mac ed 1u,,
missing_reference_cluster,table1:120|table2:1754,crusader kings,,
missing_reference_cluster,table1:1200|table2:579,true crime streets of la ( mac ),,
missing_reference_cluster,table1:1202|table2:584,caillou magical adventures,,
missing_reference_cluster,table1:1203|table2:590,corefx three level,,
missing_reference_cluster,table1:1205|table2:536,micromat diskstudio mac ),,
missing_reference_cluster,table1:1206|table2:537,contentbarrier x4 10.4 single user ( mac ),,
missing_reference_cluster,table1:1207|table2:538,stuffit deluxe 11,,
missing_reference_cluster,table1:1208|table2:540,tune tools for ipod ( win/mac ),,
missing_reference_cluster,table1:1209|table2:542,flash action phonics made easy,,
missing_reference_cluster,table1:121|table2:1768,microsoft licenses exch . srvr extrn conn sa eng ( 39400416 ),,
missing_reference_cluster,table1:1210|table2:544,kaplan sat/act/psat gold 2007 win/mac,,
missing_reference_cluster,table1:1211|table2:547,enteractive fps creator windows ),,
missing_reference_cluster,table1:1212|table2:548,math success deluxe 2008,,
missing_reference_cluster,table1:1213|table2:2837,money home & business 2007 win32 eng na mini box us only cd,,
missing_reference_cluster,table1:1214|table2:549,multiplication and division grades 3-4,,
missing_reference_cluster,table1:1216,macbackup,,
missing_reference_cluster,table1:1217|table2:553,stubbs the zombie in rebel without a pulse ( dvd ) ( mac ),,
missing_reference_cluster,table1:122|table2:1724,watchguard serverlock manager ( 100 servers ),,
missing_reference_cluster,table1:1220|table2:559,atlantis quest,,
missing_reference_cluster,table1:1222|table2:560,guild wars nightfall,,
missing_reference_cluster,table1:1224|table2:504,giggles computer funtime for baby shapes ( win/mac ),,
missing_reference_cluster,table1:1225|table2:1086,sony acid pro 6 professional music workstation,,
missing_reference_cluster,table1:1227|table2:1088,sony super duper music looper,,
missing_reference_cluster,table1:1228|table2:500,learn to play chess with fritz and chesster ( mac ),,
missing_reference_cluster,table1:1229|table2:1082,adobe photoshop cs2 advanced techniques by julieanne kost,,
missing_reference_cluster,table1:123|table2:1740,master server-upg,,
missing_reference_cluster,table1:1230|table2:499,quickverse mac bible study 2007 gold box,,
missing_reference_cluster,table1:1233|table2:513,audio success suite edition : sales success,,
missing_reference_cluster,table1:1234|table2:1344,logic express 6,,
missing_reference_cluster,table1:1234|table2:2593,logic express 6,,
missing_reference_cluster,table1:1234|table2:2881,logic express 6,,
missing_reference_cluster,table1:1235|table2:508,photoshop elements 4 edu mac 1u,,
missing_reference_cluster,table1:1236|table2:1347,pc cakewalk guitar tracks pro 3,,
missing_reference_cluster,table1:1237|table2:509,dvo cook 'n deluxe 6.0 ultimate recipe organizer,,
missing_reference_cluster,table1:1238|table2:1089,sound forge audio studio 9,,
missing_reference_cluster,table1:1238|table2:1448,sound forge audio studio 9,,
missing_reference_cluster,table1:1238|table2:2418,sound forge audio studio 9,,
missing_reference_cluster,table1:1239|table2:505,close quarters conflict,,
missing_reference_cluster,table1:124|table2:1837,tlc dr. seuss reading learning system 2008,,
missing_reference_cluster,table1:124|table2:2845,tlc dr. seuss reading learning system 2008,,
missing_reference_cluster,table1:1240|table2:1090,upgrade acid pro 6 boxed,,
missing_reference_cluster,table1:1241|table2:523,quicken legal business pro 2007,,
missing_reference_cluster,table1:1242|table2:1066,peachtree by sage premium accounting 2007,,
missing_reference_cluster,table1:1243|table2:517,prey,,
missing_reference_cluster,table1:1244|table2:1068,peachtree by sage pro accounting 2007,,
missing_reference_cluster,table1:1245|table2:518,gsp greatest moments of our time,,
missing_reference_cluster,table1:1246|table2:1061,peachtree by sage complete accounting 2007,,
missing_reference_cluster,table1:1247|table2:516,audio success series : winning strategies,,
missing_reference_cluster,table1:1248|table2:1065,american idol extreme music creator,,
missing_reference_cluster,table1:1249|table2:1506,window washer,,
missing_reference_cluster,table1:1249|table2:2922,window washer,,
missing_reference_cluster,table1:1250|table2:534,emedia piano and keyboard method volume 1,,
missing_reference_cluster,table1:1251|table2:533,adobe acrobat standard 8.0,,
missing_reference_cluster,table1:1252|table2:1081,adobe photoshop cs2 fundamental techniques by julieanne kost,,
missing_reference_cluster,table1:1253|table2:532,reel deal casino shuffle master edition,,
missing_reference_cluster,table1:1254|table2:527,john deere : welcome to merriweather farm,,
missing_reference_cluster,table1:1255|table2:1078,sony acid pro 5,,
missing_reference_cluster,table1:1256|table2:460,galaxy of games 5000,,
missing_reference_cluster,table1:1257|table2:462,total 3d home & landscape design suite version 9,,
missing_reference_cluster,table1:1258|table2:1044,punch ! home design architectura series 18,,
missing_reference_cluster,table1:1258|table2:2402,punch ! home design architectura series 18,,
missing_reference_cluster,table1:1258|table2:2765,punch ! home design architectura series 18,,
missing_reference_cluster,table1:1258|table2:2926,punch ! home design architectura series 18,,
missing_reference_cluster,table1:1259|table2:456,print shop 22 pro publisher deluxe,,
missing_reference_cluster,table1:126|table2:1820,oxford spanish dictionary,,
missing_reference_cluster,table1:1261|table2:2389,intervideo dvd copy 5 express,,
missing_reference_cluster,table1:1262|table2:192,adobe flash pro cs3 upgrade [ mac ],,
missing_reference_cluster,table1:1263|table2:458,photoedit 2 ( mac ),,
missing_reference_cluster,table1:1264|table2:1040,punch ! professional home design suite,,
missing_reference_cluster,table1:1264|table2:2273,punch ! professional home design suite,,
missing_reference_cluster,table1:1264|table2:2399,punch ! professional home design suite,,
missing_reference_cluster,table1:1264|table2:2752,punch ! professional home design suite,,
missing_reference_cluster,table1:1265|table2:470,3 great games for guys,,
missing_reference_cluster,table1:1266|table2:1060,sony sound forge audio studio 8,,
missing_reference_cluster,table1:1268|table2:1059,acid music studio 7,,
missing_reference_cluster,table1:1269|table2:1433,punch 5 in 1 home design,,
missing_reference_cluster,table1:1269|table2:2400,punch 5 in 1 home design,,
missing_reference_cluster,table1:1269|table2:783,punch 5 in 1 home design,,
missing_reference_cluster,table1:127|table2:1825,pantone reference library,,
missing_reference_cluster,table1:1270|table2:466,xtreme photostory on cd and dvd 6,,
missing_reference_cluster,table1:1271|table2:467,anime studio 5 win 98/me 2000/xp mac os 10.4 & up,,
missing_reference_cluster,table1:1272|table2:1048,punch ! home design architectural series 18,,
missing_reference_cluster,table1:1272|table2:1342,punch ! home design architectural series 18,,
missing_reference_cluster,table1:1272|table2:2744,punch ! home design architectural series 18,,
missing_reference_cluster,table1:1272|table2:2927,punch ! home design architectural series 18,,
missing_reference_cluster,table1:1273|table2:2471,adobe soundbooth cs3,,
missing_reference_cluster,table1:1275|table2:1032,punch ! super home suite,,
missing_reference_cluster,table1:1275|table2:2338,punch ! super home suite,,
missing_reference_cluster,table1:1275|table2:2420,punch ! super home suite,,
missing_reference_cluster,table1:1275|table2:2432,punch ! super home suite,,
missing_reference_cluster,table1:1275|table2:2937,punch ! super home suite,,
missing_reference_cluster,table1:1276|table2:491,quickverse bible premier suite,,
missing_reference_cluster,table1:1277|table2:1031,palo alto marketing plan pro 9.0,,
missing_reference_cluster,table1:1278|table2:477,easy video editor 2.0 by honest technology,,
missing_reference_cluster,table1:1279|table2:1030,palo alto business plan pro premier 2007,,
missing_reference_cluster,table1:128|table2:1818,procurve vpn client software unlimited client licenses,,
missing_reference_cluster,table1:1280|table2:482,national parks : enhanced scenery add-on for microsoft flight simulator 2002 & 2000,,
missing_reference_cluster,table1:1281|table2:1029,palo alto business plan pro 2007,,
missing_reference_cluster,table1:1281|table2:551,palo alto business plan pro 2007,,
missing_reference_cluster,table1:1282|table2:2377,adobe after effects cs3,,
missing_reference_cluster,table1:1282|table2:355,adobe after effects cs3,,
missing_reference_cluster,table1:1283|table2:496,namo webeditor 2006,,
missing_reference_cluster,table1:1284|table2:1039,punch ! master landscape & home design,,
missing_reference_cluster,table1:1284|table2:1052,punch ! master landscape & home design,,
missing_reference_cluster,table1:1284|table2:1062,punch ! master landscape & home design,,
missing_reference_cluster,table1:1284|table2:1080,punch ! master landscape & home design,,
missing_reference_cluster,table1:1285|table2:497,black & white platinum pack ( mac ),,
missing_reference_cluster,table1:1286|table2:1038,webroot desktop firewall,,
missing_reference_cluster,table1:1286|table2:2336,webroot desktop firewall,,
missing_reference_cluster,table1:1286|table2:2739,webroot desktop firewall,,
missing_reference_cluster,table1:1286|table2:2935,webroot desktop firewall,,
missing_reference_cluster,table1:1287|table2:1035,punch ! 5 in 1 home design,,
missing_reference_cluster,table1:1288|table2:493,city of heroes good vs. evil edition,,
missing_reference_cluster,table1:1289|table2:494,business card factory deluxe 3.0,,
missing_reference_cluster,table1:1290|table2:1033,punch ! home design architectural series 4000 v10,,
missing_reference_cluster,table1:1291|table2:701,big tiny little a tiny little christmas,,
missing_reference_cluster,table1:1293|table2:700,systemsuite 8 professional,,
missing_reference_cluster,table1:1294|table2:703,jumpstart 4th-6th grade v 2.0 b43,,
missing_reference_cluster,table1:1295|table2:702,pcdefense,,
missing_reference_cluster,table1:1296|table2:692,starry night astronomy screensaver win/mac,,
missing_reference_cluster,table1:1297|table2:689,quickverse sermon builder 4.0,,
missing_reference_cluster,table1:1298|table2:698,ultra sudoku/ultra kakuro,,
missing_reference_cluster,table1:1299|table2:697,snap ! spelling ( jewel case ),,
missing_reference_cluster,table1:13|table2:1966,spy sweeper spanish,,
missing_reference_cluster,table1:13|table2:2264,spy sweeper spanish,,
missing_reference_cluster,table1:130|table2:1794,microsoft licenses sps extrnlconnnonemplyenglands c ( h3200034 ),,
missing_reference_cluster,table1:1300|table2:737,acad vegas movie studio + dvd 8 platinum,,
missing_reference_cluster,table1:1302|table2:745,scrabble with bonus clue,,
missing_reference_cluster,table1:1303|table2:743,scrabble complete ( jewel case ),,
missing_reference_cluster,table1:1304|table2:712,piano wizard premier software & stickers & midi cable,,
missing_reference_cluster,table1:1306|table2:705,emedia guitarpro 5 win/mac,,
missing_reference_cluster,table1:1307|table2:716,spycatcher 2007for pc,,
missing_reference_cluster,table1:1308|table2:713,intuit quicken home inventory manager windows,,
missing_reference_cluster,table1:1309|table2:662,academy award winners,,
missing_reference_cluster,table1:131|table2:1816,microspot interiors,,
missing_reference_cluster,table1:131|table2:3107,microspot interiors,,
missing_reference_cluster,table1:1310|table2:663,ca antivirus 2007,,
missing_reference_cluster,table1:1311|table2:664,zonealarm pro firewall,,
missing_reference_cluster,table1:1312|table2:665,sales skills 2.0 ages 10 +,,
missing_reference_cluster,table1:1314|table2:654,return to castle wolfenstein ( mac ),,
missing_reference_cluster,table1:1314|table2:971,return to castle wolfenstein ( mac ),,
missing_reference_cluster,table1:1315|table2:656,solitaire antics deluxe,,
missing_reference_cluster,table1:1316|table2:659,aircraft collector 's second edition,,
missing_reference_cluster,table1:1317|table2:679,findex quickverse bible study 2007 bible-suite,,
missing_reference_cluster,table1:1319|table2:683,video patrol 5.0 by honest technology,,
missing_reference_cluster,table1:1320|table2:685,snap ! kakuro,,
missing_reference_cluster,table1:1321|table2:687,instant immersion american sign language win/mac,,
missing_reference_cluster,table1:1322,adobe creative suite cs3 design premium upsell,,
missing_reference_cluster,table1:1323|table2:672,simple slide show,,
missing_reference_cluster,table1:1324|table2:674,printmaster platinum v 17.0,,
missing_reference_cluster,table1:1325|table2:677,street atlas usa 2007 plus dvd,,
missing_reference_cluster,table1:1326|table2:678,jumpstart world 2nd grade,,
missing_reference_cluster,table1:1327|table2:643,great invasions,,
missing_reference_cluster,table1:1328|table2:640,web graphics creator,,
missing_reference_cluster,table1:1329|table2:2143,instant immersion translator deluxe 2.0,,
missing_reference_cluster,table1:1330|table2:639,onone essentials for adobe photoshop elements version 2 full,,
missing_reference_cluster,table1:1331|table2:638,funny faces deluxe,,
missing_reference_cluster,table1:1332|table2:632,emedia blues guitar legends,,
missing_reference_cluster,table1:1333|table2:629,age of empires iii : the warchiefs expansion pack ( mac ),,
missing_reference_cluster,table1:1333|table2:993,age of empires iii : the warchiefs expansion pack ( mac ),,
missing_reference_cluster,table1:1335|table2:628,guitar tool worship edition,,
missing_reference_cluster,table1:1336|table2:625,delorme topo usa mapping software 6.0 east region,,
missing_reference_cluster,table1:1337|table2:651,nero 8 ultra edition,,
missing_reference_cluster,table1:1338|table2:650,weekly reader mastering high school 2008,,
missing_reference_cluster,table1:1340|table2:648,make music allegro 2007 labpack 5 user,,
missing_reference_cluster,table1:1341|table2:647,instant immersion hawaiian audio,,
missing_reference_cluster,table1:1342|table2:646,power translator 11 premium,,
missing_reference_cluster,table1:1343|table2:645,liquid ledger personal finance,,
missing_reference_cluster,table1:1344|table2:644,sportsman 's double play,,
missing_reference_cluster,table1:1345|table2:603,jumpstart advanced preschool v2 .0,,
missing_reference_cluster,table1:1346|table2:604,visual thesaurus the thinkmap inc.,,
missing_reference_cluster,table1:1347|table2:598,phonics success essentials : grades 7-9,,
missing_reference_cluster,table1:1348|table2:600,cook 'n cd recipe cards,,
missing_reference_cluster,table1:1349|table2:254,adobe creative suite cs3 web standard upsell [ mac ],,
missing_reference_cluster,table1:1350|table2:595,train sim modeler design studio,,
missing_reference_cluster,table1:1351|table2:596,learn to play keyboard ( jewel case ),,
missing_reference_cluster,table1:1353|table2:621,instant immersion italian deluxe v2 .0 ( large box ),,
missing_reference_cluster,table1:1354|table2:593,enemy territory : quake wars,,
missing_reference_cluster,table1:1355|table2:2908,weekly reader mastering elementary/middle school math learning,,
missing_reference_cluster,table1:1355|table2:617,weekly reader mastering elementary/middle school math learning,,
missing_reference_cluster,table1:1356|table2:624,sentinel : descendants in time,,
missing_reference_cluster,table1:1357|table2:614,photostory on cd & dvd 5,,
missing_reference_cluster,table1:1360|table2:610,dragon naturally speaking standard v9,,
missing_reference_cluster,table1:1361|table2:605,mediarecover,,
missing_reference_cluster,table1:1361|table2:963,mediarecover,,
missing_reference_cluster,table1:1362|table2:608,photo explosion 3.0,,
missing_reference_cluster,table1:139,adobe creative suite cs3 design premium upsell [ mac ],,
missing_reference_cluster,table1:143|table2:1830,adobe acrobat distiller svr v6-cd linux u/u 42050142 ),,
missing_reference_cluster,table1:15|table2:1970,omnioutliner professional 3.0,,
missing_reference_cluster,table1:157,adobe photoshop elements 4.0 plus adobe premiere elements 2.0 complete package 1 user cd mini-box win canadian french 29180162 ),,
missing_reference_cluster,table1:161|table2:1491,gods : lands of infinity special edition,,
missing_reference_cluster,table1:162|table2:1493,icopydvds2 ultra by digital wunders,,
missing_reference_cluster,table1:163|table2:1486,hallmark blank greeting cards half-fold matte premium 20 count,,
missing_reference_cluster,table1:163|table2:3096,hallmark blank greeting cards half-fold matte premium 20 count,,
missing_reference_cluster,table1:164|table2:1487,sea scene : living underwater worlds ( jewel case ),,
missing_reference_cluster,table1:165|table2:1503,hp storageworks secure path for windows workgroup edition v. 4.0 c license 213076-b26 ),,
missing_reference_cluster,table1:166|table2:1505,equilibrium debabelizer pro 6.0 1 user,,
missing_reference_cluster,table1:168|table2:2164,autodesk discreet combustion 4 windows ),,
missing_reference_cluster,table1:169|table2:1501,reel deal casino quest,,
missing_reference_cluster,table1:17|table2:1984,upg sgms 1000 incremental node,,
missing_reference_cluster,table1:17|table2:1985,upg sgms 1000 incremental node,,
missing_reference_cluster,table1:171|table2:1472,microsoft licenses word mac 10.0 eng govt ( d4800369 ),,
missing_reference_cluster,table1:174|table2:1484,1pk internet sec ste 2007 oem,,
missing_reference_cluster,table1:175|table2:1485,diskeeper 2007 professional single lic pack,,
missing_reference_cluster,table1:176|table2:1475,instant immersion japanese ( audio book ),,
missing_reference_cluster,table1:177|table2:1481,world of warcraft 60 day pre-paid time card,,
missing_reference_cluster,table1:178|table2:1548,smart steps 4th grade,,
missing_reference_cluster,table1:18|table2:1216,the human body,,
missing_reference_cluster,table1:180|table2:1542,textbridge pro 11,,
missing_reference_cluster,table1:181|table2:1538,emedia rock guitar method,,
missing_reference_cluster,table1:182|table2:1557,home bartending 101 shooters,,
missing_reference_cluster,table1:183|table2:1555,jumpstart reading with karaoke,,
missing_reference_cluster,table1:185|table2:1550,iremember digital scrapbooking 2.0,,
missing_reference_cluster,table1:186|table2:1518,learn2 training for microsoft powerpoint,,
missing_reference_cluster,table1:187|table2:1516,adobe acrobat distiller svr v6-cd sun 100u 42050106 ),,
missing_reference_cluster,table1:188|table2:1513,tomb raider : legend,,
missing_reference_cluster,table1:189|table2:1508,upgrade delphi 2006 pro named fr delphi v3-2005 pro cd,,
missing_reference_cluster,table1:19|table2:1237,school zone pencil-pal software big phonics ( cd-rom & book ),,
missing_reference_cluster,table1:193|table2:1524,backup exec 10d win adv disk v10 .1 lic only ( e180518 ),,
missing_reference_cluster,table1:197,sonicwall global vpn client license 01-ssc-5310 ),,
missing_reference_cluster,table1:199|table2:1717,netmanage upg rumba unix-hp edition level 902453-007-c ),,
missing_reference_cluster,table1:199|table2:65,netmanage upg rumba unix-hp edition level 902453-007-c ),,
missing_reference_cluster,table1:2|table2:1881,noah 's ark activity center ( jewel case ages 3-8 ),,
missing_reference_cluster,table1:20|table2:1241,millie 's math house ages 3-7 ( win/mac ),,
missing_reference_cluster,table1:207|table2:1525,crystal reports 11 professional full product french,,
missing_reference_cluster,table1:21|table2:1434,world book encyclopedia 2006,,
missing_reference_cluster,table1:216|table2:485,adobe illustrator cs3 upgrade from freehand [ mac ],,
missing_reference_cluster,table1:22|table2:1435,musicalis guitar workshop,,
missing_reference_cluster,table1:222,pinnacle studio plus titanium edition v10 .5,,
missing_reference_cluster,table1:225|table2:2316,microsoft powerpoint 2004 ( mac ),,
missing_reference_cluster,table1:23|table2:1437,the printshop 20 professional publisher,,
missing_reference_cluster,table1:233,photo explosion deluxe 3.0,,
missing_reference_cluster,table1:24|table2:1439,data protection suite,,
missing_reference_cluster,table1:243|table2:141,money premium 2007 win32 eng na mini box us only cd,,
missing_reference_cluster,table1:245|table2:144,dora the explorer : dora 's world adventures,,
missing_reference_cluster,table1:248|table2:1633,microsoft windows small business server cal 2003 license pack 20 client addpack device,,
missing_reference_cluster,table1:25|table2:1445,kids power fun for girls,,
missing_reference_cluster,table1:250|table2:2154,adobe after effects professional 7.0,,
missing_reference_cluster,table1:26|table2:3032,adobe premiere pro cs3 upgrade,,
missing_reference_cluster,table1:26|table2:372,adobe premiere pro cs3 upgrade,,
missing_reference_cluster,table1:261|table2:1494,procurve mobility manager 1.0 is a plug-in module for procurve manager plus 2.0,,
missing_reference_cluster,table1:262|table2:1122,hp sp linux we 50 lic/cd 3.0 c t3586a ),,
missing_reference_cluster,table1:262|table2:1125,hp sp linux we 50 lic/cd 3.0 c t3586a ),,
missing_reference_cluster,table1:264|table2:2606,adobe photoshop cs3 extended [ mac ],,
missing_reference_cluster,table1:264|table2:263,adobe photoshop cs3 extended [ mac ],,
missing_reference_cluster,table1:265|table2:331,adobe indesign cs3 [ mac ],,
missing_reference_cluster,table1:266|table2:2384,intervideo dvd copy 5 platinum,,
missing_reference_cluster,table1:267|table2:2503,adobe photoshop elements 5.0 / premier elements 3.0 [ lb ],,
missing_reference_cluster,table1:268|table2:3128,world of rainbow fish,,
missing_reference_cluster,table1:27|table2:1447,i copy dvds 2 professional edition,,
missing_reference_cluster,table1:271|table2:1512,microsoft office small business 2007,,
missing_reference_cluster,table1:272|table2:2337,adobe audition 2.0,,
missing_reference_cluster,table1:272|table2:2372,adobe audition 2.0,,
missing_reference_cluster,table1:273|table2:8,quickbooks credit card processing kit 3.0,,
missing_reference_cluster,table1:274|table2:3048,instant immersion italian 2.0,,
missing_reference_cluster,table1:276|table2:2996,instant immersion 33 languages,,
missing_reference_cluster,table1:276|table2:3022,instant immersion 33 languages,,
missing_reference_cluster,table1:279|table2:2108,the printshop 20,,
missing_reference_cluster,table1:28|table2:2000,gen-x media made easy vol . 3,,
missing_reference_cluster,table1:284|table2:3028,sibelius 5 educational edition,,
missing_reference_cluster,table1:285|table2:3030,weekly reader preparing for kindergarten,,
missing_reference_cluster,table1:286|table2:3015,my maillist & addressbook,,
missing_reference_cluster,table1:287|table2:3024,sibelius 5 professional edition,,
missing_reference_cluster,table1:29|table2:2002,family tree maker 11.2 collector 's edition,,
missing_reference_cluster,table1:292,namco museum 50th anniversary collection,,
missing_reference_cluster,table1:294,dk rainbow fish most beautiful fish,,
missing_reference_cluster,table1:3|table2:1879,peachtree by sage premium accounting for nonprofits 2007,,
missing_reference_cluster,table1:30|table2:428,adobe fireworks cs3 [ mac ],,
missing_reference_cluster,table1:300,police quest compilation,,
missing_reference_cluster,table1:301,broderbund printmaster platinum 16.0,,
missing_reference_cluster,table1:302,encyclopedia britannica profiles : dinosaurs ( jewel case ),,
missing_reference_cluster,table1:304|table2:2980,fisher-price rescue heroes : lava landslide,,
missing_reference_cluster,table1:308|table2:3098,virusbarrier x4 10.4 for mac-10 users,,
missing_reference_cluster,table1:309|table2:3102,family tree maker version 16 deluxe,,
missing_reference_cluster,table1:31|table2:2006,dinosaurs,,
missing_reference_cluster,table1:310|table2:3103,instant architect design suite,,
missing_reference_cluster,table1:312|table2:577,norton antivirus 2007,,
missing_reference_cluster,table1:316|table2:3095,f-secure internet security 2007 3 pcs,,
missing_reference_cluster,table1:319|table2:3119,poetry fiction and drama ( win/mac ) ( jewel case ),,
missing_reference_cluster,table1:32|table2:2008,instant home design 3.0 [ lb ],,
missing_reference_cluster,table1:320|table2:2329,quicken 2007 premier,,
missing_reference_cluster,table1:320|table2:3055,quicken 2007 premier,,
missing_reference_cluster,table1:321|table2:3120,route 66 mobile 7 usa/cdn for windows mobile 5,,
missing_reference_cluster,table1:322|table2:2199,adobe premiere pro 2.0,,
missing_reference_cluster,table1:323|table2:3106,geometry ( win/mac ) ( jewel case ),,
missing_reference_cluster,table1:324|table2:1449,reader rabbit preschool,,
missing_reference_cluster,table1:33|table2:2029,x-oom internet movies 2,,
missing_reference_cluster,table1:331,instant home cooking ( jewel case ),,
missing_reference_cluster,table1:333|table2:2177,adobe after effects 7.0 professional ( mac ),,
missing_reference_cluster,table1:334|table2:3031,transfer my dvd,,
missing_reference_cluster,table1:335|table2:3040,tlc zoombinis 3rd grade lrng sys 2007 sb cs by riverdeep 10548 ),,
missing_reference_cluster,table1:34|table2:2041,form workshop 1200,,
missing_reference_cluster,table1:345|table2:1520,portfolio media kit be syst recovery 7.0 win small business ed,,
missing_reference_cluster,table1:346|table2:2865,mcafee internet security suite 2007 3 users,,
missing_reference_cluster,table1:347|table2:2864,jumpstart advanced 1st grade v2 .0,,
missing_reference_cluster,table1:348|table2:1585,microsoft office & windows training,,
missing_reference_cluster,table1:349|table2:2862,middle school success deluxe 2008,,
missing_reference_cluster,table1:35|table2:2039,the print shop pro publisher 22 deluxe [ dvd ],,
missing_reference_cluster,table1:350|table2:917,adobe creative suite cs3 design standard upsell [ mac ],,
missing_reference_cluster,table1:352|table2:2871,pc vegas dvd,,
missing_reference_cluster,table1:353|table2:2871,sony vegas 6 + dvd [ old version ],,
missing_reference_cluster,table1:354|table2:2869,the universe ( win/mac ) ( jewel case ),,
missing_reference_cluster,table1:355|table2:2866,zonealarm internet security suite,,
missing_reference_cluster,table1:356|table2:2842,ringtone media studio 2,,
missing_reference_cluster,table1:357|table2:2841,print workshop 2007,,
missing_reference_cluster,table1:358|table2:2838,perfect attorney premium,,
missing_reference_cluster,table1:359|table2:2836,adventure workshop 1st-3rd grade 8th edition,,
missing_reference_cluster,table1:36|table2:2037,stomp inc recover lost data 2005,,
missing_reference_cluster,table1:360|table2:2856,fun for kids : preschool kindergarten featuring disney,,
missing_reference_cluster,table1:361,adobe creative suite cs3 web standard upsell,,
missing_reference_cluster,table1:362|table2:2855,national geographic photo gallery ( jewel case ),,
missing_reference_cluster,table1:363|table2:2854,sony psp media manager,,
missing_reference_cluster,table1:364|table2:2391,adobe premiere elements 3.0 [ lb ],,
missing_reference_cluster,table1:364|table2:2395,adobe premiere elements 3.0 [ lb ],,
missing_reference_cluster,table1:365|table2:2849,english literature basics ( win/mac ) ( jewel case ),,
missing_reference_cluster,table1:366|table2:2770,riverdeep arthur 's kindergarten,,
missing_reference_cluster,table1:368|table2:2757,jumpstart advanced 3rd grade v2 .0,,
missing_reference_cluster,table1:369|table2:2770,tlc arthur 's kindergarten learning system 2008,,
missing_reference_cluster,table1:37|table2:2031,my first bible stories,,
missing_reference_cluster,table1:370|table2:2826,cosmi talking math & more for kids ( windows ),,
missing_reference_cluster,table1:371|table2:2518,microsoft powerpoint 2004 upgrade ( mac ),,
missing_reference_cluster,table1:372|table2:2827,readiris pro 11 corporate edition,,
missing_reference_cluster,table1:373|table2:2805,magellan mapsend lakes ( usa south ),,
missing_reference_cluster,table1:374|table2:2815,mcafee virusscan plus 2007,,
missing_reference_cluster,table1:375|table2:2636,reel deal casino championship edition,,
missing_reference_cluster,table1:376|table2:2638,printmaster gold v 17.0,,
missing_reference_cluster,table1:377|table2:2624,pc cillin internet sec 2007 lics large box 3u,,
missing_reference_cluster,table1:378|table2:2628,aquarium 3-in-one collection ( win/mac ),,
missing_reference_cluster,table1:379|table2:2644,cute ftp,,
missing_reference_cluster,table1:38|table2:2058,the big mix ( mac ),,
missing_reference_cluster,table1:380|table2:2676,kaspersky anti-virus 6.0,,
missing_reference_cluster,table1:381|table2:2640,restricted area,,
missing_reference_cluster,table1:382|table2:2193,adobe production studio premium,,
missing_reference_cluster,table1:383|table2:2642,merriam-webster 's dictionary ( win/mac ) ( jewel case ),,
missing_reference_cluster,table1:383|table2:3099,merriam-webster 's dictionary ( win/mac ) ( jewel case ),,
missing_reference_cluster,table1:389|table2:3009,instant immersion japanese 2.0,,
missing_reference_cluster,table1:39|table2:2052,x-oom movie clone 3 gold,,
missing_reference_cluster,table1:394|table2:2909,jumpstart advanced 2nd grade v2 .0,,
missing_reference_cluster,table1:395|table2:2906,world history ( win/mac ) ( jewel case ),,
missing_reference_cluster,table1:396|table2:2470,quickbooks premier non-profit edition 2005,,
missing_reference_cluster,table1:4|table2:1905,singing coach unlimited,,
missing_reference_cluster,table1:40|table2:2050,the print shop 22 deluxe,,
missing_reference_cluster,table1:404|table2:2890,cosmi rom07524 print perfect business cards dvd,,
missing_reference_cluster,table1:409,pdf converter 4,,
missing_reference_cluster,table1:41|table2:2043,imsi turbocad designer v. 11,,
missing_reference_cluster,table1:411|table2:2872,podmaxx '07,,
missing_reference_cluster,table1:412|table2:182,adobe creative suite cs3 web premium upsell [ mac ],,
missing_reference_cluster,table1:413|table2:2873,human body 360,,
missing_reference_cluster,table1:414|table2:2875,web radio recorder,,
missing_reference_cluster,table1:42|table2:2068,lavasoft ad-aware plus edition,,
missing_reference_cluster,table1:420|table2:2388,student home learning system for pc/mac,,
missing_reference_cluster,table1:421|table2:2382,3mds network operations manager diy annual subscptn 101 500u,,
missing_reference_cluster,table1:422|table2:2374,model web publisher 3.5.2 .,,
missing_reference_cluster,table1:423|table2:2364,microsoft licenses word olp c ( 05903871 ),,
missing_reference_cluster,table1:426|table2:2334,ca arcserve bkup protection suite exch r11 .5 upgrade prod only,,
missing_reference_cluster,table1:43|table2:2066,clip art and more 250 000 ( jewel case ),,
missing_reference_cluster,table1:431|table2:3109,microsoft windows server 2003 client additional license for devices 5 pack,,
missing_reference_cluster,table1:433|table2:2242,mediapilot kit,,
missing_reference_cluster,table1:434|table2:2233,upgrade pitstop server 3.5 1u win 2k/xp & mac os 10.2.8,,
missing_reference_cluster,table1:436|table2:2217,sudoku puzzle addict : unlimited edition,,
missing_reference_cluster,table1:436|table2:2783,sudoku puzzle addict : unlimited edition,,
missing_reference_cluster,table1:437|table2:2211,aircraft power pack for ms flight simulator,,
missing_reference_cluster,table1:438|table2:2215,winway resume deluxe 11.0 network 10,,
missing_reference_cluster,table1:44|table2:2062,instant immersion language lab deluxe edition,,
missing_reference_cluster,table1:441|table2:2163,sony acid music studio,,
missing_reference_cluster,table1:442|table2:2180,microsoft licenses biztalk hipaa std . sa only ( u0200024 ),,
missing_reference_cluster,table1:444|table2:2159,jumpstart 1st grade,,
missing_reference_cluster,table1:445|table2:2161,instant landscaping 3.0 [ lb ],,
missing_reference_cluster,table1:446|table2:2155,topics presents : ancient civilizations ( 4 cd set ),,
missing_reference_cluster,table1:447|table2:2157,simple movie maker,,
missing_reference_cluster,table1:448|table2:2147,instant play electric guitar ( jewel box ),,
missing_reference_cluster,table1:449|table2:2149,boomerang webpage designer gold,,
missing_reference_cluster,table1:45|table2:2060,elementary school success deluxe 2006,,
missing_reference_cluster,table1:450|table2:2138,x-oom mp3 radio recorder windows ),,
missing_reference_cluster,table1:452|table2:2524,adobe after effects cs3,,
missing_reference_cluster,table1:453|table2:2133,phonics success deluxe 2006 ( large box ),,
missing_reference_cluster,table1:454|table2:2136,land before time : preschool,,
missing_reference_cluster,table1:455|table2:2564,brainfood games cranium collection 2006,,
missing_reference_cluster,table1:456|table2:2550,clickart fonts ( 2006 ) by encore,,
missing_reference_cluster,table1:457|table2:2622,national geographic presents : redshift 5 planetarium software,,
missing_reference_cluster,table1:458|table2:2619,stationery design studio,,
missing_reference_cluster,table1:459|table2:2523,anti-spyware 3.0 win normal 1u new,,
missing_reference_cluster,table1:46|table2:2078,national geographic presents : redshift planetarium,,
missing_reference_cluster,table1:460|table2:2512,snap ! 8 player poker 5 pack,,
missing_reference_cluster,table1:461|table2:2548,alien disco safari,,
missing_reference_cluster,table1:462|table2:2538,emc retrospect 7.5 svr 1-client windows,,
missing_reference_cluster,table1:463|table2:2495,kaplan sat/act/psat platinum 2007 win/mac,,
missing_reference_cluster,table1:464|table2:2494,ae painter v9 win/mac box,,
missing_reference_cluster,table1:465|table2:430,adobe creative suite cs3 web standard upgrade [ mac ],,
missing_reference_cluster,table1:468|table2:2134,treasure mathstorm,,
missing_reference_cluster,table1:469|table2:2480,ae mappoint 2006 cd,,
missing_reference_cluster,table1:47|table2:2076,math success deluxe 2006,,
missing_reference_cluster,table1:471|table2:145,photoshop elements 4 mac retail eng 1u ( 19230169 ),,
missing_reference_cluster,table1:471|table2:750,photoshop elements 4 mac retail eng 1u ( 19230169 ),,
missing_reference_cluster,table1:473|table2:2485,pro photo essentials plug in suite & iview mediapro 3,,
missing_reference_cluster,table1:477|table2:2466,mindjet mindmanager 7 mac single license,,
missing_reference_cluster,table1:479|table2:2452,sound studio 3 : record edit add effects to audio ( mac ),,
missing_reference_cluster,table1:48|table2:2074,national geographic presents : forces of nature,,
missing_reference_cluster,table1:480|table2:2457,jumpstart world 1st grade,,
missing_reference_cluster,table1:481|table2:2459,art explosion t-shirt factory deluxe 3.0,,
missing_reference_cluster,table1:484|table2:2807,adobe premiere elements 3.0,,
missing_reference_cluster,table1:485|table2:2434,on hand spanish 1-2-3 windows ),,
missing_reference_cluster,table1:486|table2:2446,pcanywhere 11.0 host only cd-rom xp 98 nt w2k me,,
missing_reference_cluster,table1:487|table2:2404,crystal reports 11 reporting essentials trng cbt,,
missing_reference_cluster,table1:488|table2:2415,star wars battlefront ( mac ),,
missing_reference_cluster,table1:489|table2:2422,flyboys squadron mac,,
missing_reference_cluster,table1:49|table2:2072,reference success deluxe 2006,,
missing_reference_cluster,table1:490|table2:2803,microsoft visual studio professional 2005 upgrade,,
missing_reference_cluster,table1:491|table2:2427,hollywood volume 1,,
missing_reference_cluster,table1:493,adobe encore dvd 2.0,,
missing_reference_cluster,table1:494|table2:1370,webobjects 5.2,,
missing_reference_cluster,table1:494|table2:810,webobjects 5.2,,
missing_reference_cluster,table1:495|table2:2246,serious magic ultra2 master sets library 2 windows ),,
missing_reference_cluster,table1:496|table2:1643,microsoft windows vista business 32-bit for system builders,,
missing_reference_cluster,table1:497|table2:1569,microsoft data analyzer 2002,,
missing_reference_cluster,table1:498|table2:2547,mavis beacon typing 17 deluxe by broderbund,,
missing_reference_cluster,table1:499|table2:1580,symantec pcanywhere 12.0 host only,,
missing_reference_cluster,table1:50|table2:2090,clifford the big red dog thinking adventures,,
missing_reference_cluster,table1:500|table2:2563,the printshop business card maker ( jewel case ),,
missing_reference_cluster,table1:500|table2:300,the printshop business card maker ( jewel case ),,
missing_reference_cluster,table1:501|table2:808,microsoft digital image suite plus [ lb ],,
missing_reference_cluster,table1:503|table2:1586,hallmark card studio 2006,,
missing_reference_cluster,table1:504|table2:2603,adobe audition 2.0 upgrade,,
missing_reference_cluster,table1:505|table2:2162,norton internet security mac 3.0 [ antivirus firewall privacy controls iclean ],,
missing_reference_cluster,table1:506|table2:381,corel wordperfect office 12 standard upgrade,,
missing_reference_cluster,table1:507|table2:1490,raster design 2006 essentials,,
missing_reference_cluster,table1:508|table2:168,acrobat professional 8 mac upsell standard-professional,,
missing_reference_cluster,table1:509|table2:1961,services for netware 5.0,,
missing_reference_cluster,table1:51|table2:2092,mastercook deluxe low carb,,
missing_reference_cluster,table1:510|table2:2056,reader rabbit learning system 1st grade,,
missing_reference_cluster,table1:512|table2:2853,microsoft windows xp professional upgrade with sp2,,
missing_reference_cluster,table1:513|table2:2055,mavis beacon typing 17 ( win/mac ),,
missing_reference_cluster,table1:514,microsoft windows vista ultimate upgrade [ dvd ],,
missing_reference_cluster,table1:515|table2:2804,instant immersion spanish deluxe 2.0,,
missing_reference_cluster,table1:515|table2:3021,instant immersion spanish deluxe 2.0,,
missing_reference_cluster,table1:516|table2:893,adobe creative suite cs3 design premium upgrade [ mac ],,
missing_reference_cluster,table1:517|table2:2649,adobe photoshop cs3 [ mac ],,
missing_reference_cluster,table1:517|table2:986,adobe photoshop cs3 [ mac ],,
missing_reference_cluster,table1:518|table2:915,microsoft office 2004 standard upgrade ( mac ),,
missing_reference_cluster,table1:519|table2:2423,microsoft student with encarta premium 2008 dvd,,
missing_reference_cluster,table1:52|table2:2082,instant home design ( jewel case ),,
missing_reference_cluster,table1:521|table2:1808,microsoft sql server developer edition 2005 cd/dvd,,
missing_reference_cluster,table1:522|table2:2847,microsoft visio standard 2007,,
missing_reference_cluster,table1:523|table2:239,microsoft windows vista ultimate full version [ dvd ],,
missing_reference_cluster,table1:524|table2:2680,apple final cut express hd 3.5 ( mac ),,
missing_reference_cluster,table1:524|table2:944,apple final cut express hd 3.5 ( mac ),,
missing_reference_cluster,table1:525|table2:237,corel painter x win/mac,,
missing_reference_cluster,table1:527|table2:2807,adobe premiere elements 3.0,,
missing_reference_cluster,table1:528|table2:2301,quickbooks simple start 2007,,
missing_reference_cluster,table1:528|table2:2843,quickbooks simple start 2007,,
missing_reference_cluster,table1:529|table2:1600,zoo tycoon 2 : marine mania expansion,,
missing_reference_cluster,table1:53|table2:2084,boomerang webshop platinum,,
missing_reference_cluster,table1:531|table2:2513,microsoft windows server 2003 client additional license for users-5 pack,,
missing_reference_cluster,table1:532|table2:2516,quickbooks pro 2007 for mac ( mac ),,
missing_reference_cluster,table1:532|table2:922,quickbooks pro 2007 for mac ( mac ),,
missing_reference_cluster,table1:534|table2:2070,imsi resume writer deluxe [ lb ],,
missing_reference_cluster,table1:536|table2:145,adobe photoshop elements 4.0 ( mac ),,
missing_reference_cluster,table1:536|table2:750,adobe photoshop elements 4.0 ( mac ),,
missing_reference_cluster,table1:537|table2:895,apple . mac 4.0 online service,,
missing_reference_cluster,table1:538|table2:2200,apple iwork '06 ( mac dvd ),,
missing_reference_cluster,table1:538|table2:2911,apple iwork '06 ( mac dvd ),,
missing_reference_cluster,table1:538|table2:995,apple iwork '06 ( mac dvd ),,
missing_reference_cluster,table1:539|table2:0,learning quickbooks 2007,,
missing_reference_cluster,table1:539|table2:2874,learning quickbooks 2007,,
missing_reference_cluster,table1:540|table2:2323,ulead videostudio 11 plus,,
missing_reference_cluster,table1:540|table2:5,ulead videostudio 11 plus,,
missing_reference_cluster,table1:541|table2:2867,microsoft onenote 2007,,
missing_reference_cluster,table1:542|table2:1504,apple ilife '06 ( mac dvd ) [ older version ],,
missing_reference_cluster,table1:542|table2:222,apple ilife '06 ( mac dvd ) [ older version ],,
missing_reference_cluster,table1:542|table2:2249,apple ilife '06 ( mac dvd ) [ older version ],,
missing_reference_cluster,table1:543|table2:371,adobe photoshop cs3 upgrade [ mac ],,
missing_reference_cluster,table1:544|table2:286,microsoft windows xp home edition full version with sp2,,
missing_reference_cluster,table1:546|table2:1696,adobe photoshop elements 5.0 premiere elements 3.0 bundle,,
missing_reference_cluster,table1:547|table2:2877,microsoft outlook 2007,,
missing_reference_cluster,table1:548|table2:2302,quickbooks pro 2007 small business financial software,,
missing_reference_cluster,table1:55|table2:2105,jumpstart learning games phonics ( pc & mac ),,
missing_reference_cluster,table1:552|table2:541,corel snapfire plus [ ignite photo fun ],,
missing_reference_cluster,table1:553,adobe indesign cs3 upgrade from pagemaker,,
missing_reference_cluster,table1:554|table2:3014,instant immersion german deluxe 2.0,,
missing_reference_cluster,table1:555|table2:546,scooby doo glowing bug man ( jewel case ),,
missing_reference_cluster,table1:556|table2:3016,instant immersion italian deluxe 2.0,,
missing_reference_cluster,table1:557|table2:2112,adobe creative suite cs3 production premium,,
missing_reference_cluster,table1:558|table2:2851,instant immersion spanish 2.0,,
missing_reference_cluster,table1:559|table2:326,adobe dreamweaver cs3 [ mac ],,
missing_reference_cluster,table1:56|table2:2099,kids power fun for little ones,,
missing_reference_cluster,table1:561|table2:2386,quicken 2007 basic,,
missing_reference_cluster,table1:562|table2:954,adobe dreamweaver cs3 upgrade [ mac ],,
missing_reference_cluster,table1:564|table2:2114,h & r block taxcut 2006 premium federal,,
missing_reference_cluster,table1:565|table2:324,adobe creative suite cs3 web premium [ mac ],,
missing_reference_cluster,table1:566|table2:357,apple garageband jam pack : symphony orchestra,,
missing_reference_cluster,table1:567|table2:2529,h & r block taxcut 2006 home & business + state,,
missing_reference_cluster,table1:57|table2:2101,museums of the world,,
missing_reference_cluster,table1:570|table2:2861,professor teaches windows xp,,
missing_reference_cluster,table1:570|table2:795,professor teaches windows xp,,
missing_reference_cluster,table1:571|table2:3027,microsoft visio standard 2007 version upgrade,,
missing_reference_cluster,table1:572|table2:1564,adobe dreamweaver cs3 upgrade,,
missing_reference_cluster,table1:573|table2:1646,coreldraw graphics suite x3 upgrade,,
missing_reference_cluster,table1:573|table2:2634,coreldraw graphics suite x3 upgrade,,
missing_reference_cluster,table1:574|table2:3029,microsoft mappoint 2006 with gps,,
missing_reference_cluster,table1:577|table2:2146,quicken 2007 home & business,,
missing_reference_cluster,table1:577|table2:2773,quicken 2007 home & business,,
missing_reference_cluster,table1:578|table2:2821,microsoft office excel 2007,,
missing_reference_cluster,table1:579|table2:2532,h & r block taxcut 2006 premium federal + state + efile,,
missing_reference_cluster,table1:58|table2:2113,matchbox cross-town heroes,,
missing_reference_cluster,table1:580|table2:264,quickbooks premier edition 2007 5 user multi-pack,,
missing_reference_cluster,table1:581|table2:2583,hoyle board games,,
missing_reference_cluster,table1:582|table2:457,apple garageband jam pack : remix tools,,
missing_reference_cluster,table1:583|table2:149,roxio popcorn 2 ( mac ),,
missing_reference_cluster,table1:583|table2:2194,roxio popcorn 2 ( mac ),,
missing_reference_cluster,table1:584|table2:2818,microsoft windows vista business full version [ dvd ],,
missing_reference_cluster,table1:584|table2:959,microsoft windows vista business full version [ dvd ],,
missing_reference_cluster,table1:585|table2:2517,intervideo windvd 8 platinum,,
missing_reference_cluster,table1:586|table2:2530,quickbooks premier professional services edition 2007,,
missing_reference_cluster,table1:587|table2:2816,microsoft word 2007 version upgrade,,
missing_reference_cluster,table1:588|table2:558,adobe creative suite cs3 design standard [ mac ],,
missing_reference_cluster,table1:589|table2:2367,quicken 2007 deluxe,,
missing_reference_cluster,table1:589|table2:3038,quicken 2007 deluxe,,
missing_reference_cluster,table1:59|table2:2119,studyworks ! teaching pro : middle school math & science ( win/mac ),,
missing_reference_cluster,table1:590|table2:316,apple garageband jam pack : world music,,
missing_reference_cluster,table1:591|table2:2176,apple iwork '06 family pack ( mac dvd ) [ older version ],,
missing_reference_cluster,table1:591|table2:265,apple iwork '06 family pack ( mac dvd ) [ older version ],,
missing_reference_cluster,table1:592|table2:257,adobe after effects cs3 upgrade,,
missing_reference_cluster,table1:593|table2:151,adobe indesign cs3 upgrade [ mac ],,
missing_reference_cluster,table1:594|table2:606,corel wordperfect office x3 professional edition,,
missing_reference_cluster,table1:597|table2:369,adobe creative suite cs3 design premium [ mac ],,
missing_reference_cluster,table1:597|table2:521,adobe creative suite cs3 design premium [ mac ],,
missing_reference_cluster,table1:598|table2:955,adobe pagemaker v7 .0.2 cd mac-upg 17530402 ),,
missing_reference_cluster,table1:599|table2:2501,instant immersion french deluxe 2.0,,
missing_reference_cluster,table1:6|table2:1923,adobe after effects professional 6.5 upgrade from standard to professional,,
missing_reference_cluster,table1:60|table2:2106,trudy 's time and place house ages 3-6,,
missing_reference_cluster,table1:600|table2:2115,apple . mac 4.0 online service family pack,,
missing_reference_cluster,table1:600|table2:515,apple . mac 4.0 online service family pack,,
missing_reference_cluster,table1:601|table2:2048,jumpstart kindergarten,,
missing_reference_cluster,table1:602|table2:946,adobe creative suite cs3 design standard upgrade [ mac ],,
missing_reference_cluster,table1:603|table2:259,apple aperture 1.5,,
missing_reference_cluster,table1:604|table2:1512,microsoft office small business 2007 full version,,
missing_reference_cluster,table1:605|table2:998,microsoft word 2004 ( mac ),,
missing_reference_cluster,table1:606|table2:2165,microsoft office 2004 professional ( mac ),,
missing_reference_cluster,table1:607|table2:1441,broderbund print shop 21 deluxe,,
missing_reference_cluster,table1:608|table2:531,adobe creative suite cs3 web premium upgrade [ mac ],,
missing_reference_cluster,table1:609|table2:2188,quicken 2007 for mac,,
missing_reference_cluster,table1:609|table2:900,quicken 2007 for mac,,
missing_reference_cluster,table1:61|table2:2111,personal image manager,,
missing_reference_cluster,table1:610|table2:2027,mavis beacon teaches typing deluxe 16,,
missing_reference_cluster,table1:612|table2:2299,corel ventura 10 dvd,,
missing_reference_cluster,table1:615|table2:368,adobe creative suite cs3 design standard upgrade,,
missing_reference_cluster,table1:616|table2:1514,microsoft windows vista home basic upgrade [ dvd ],,
missing_reference_cluster,table1:617|table2:214,norton antivirus mac 10.0 ( mac ),,
missing_reference_cluster,table1:618|table2:291,pop-up stopper professional,,
missing_reference_cluster,table1:619|table2:290,ideasoft photo clip art 10 000,,
missing_reference_cluster,table1:62|table2:2127,stomp inc drive washer,,
missing_reference_cluster,table1:620|table2:190,adobe premiere pro cs3,,
missing_reference_cluster,table1:620|table2:2308,adobe premiere pro cs3,,
missing_reference_cluster,table1:620|table2:3019,adobe premiere pro cs3,,
missing_reference_cluster,table1:620|table2:798,adobe premiere pro cs3,,
missing_reference_cluster,table1:621|table2:289,entertainment partners budgeting ( mac ),,
missing_reference_cluster,table1:622|table2:288,emedia intermediate guitar method win/mac,,
missing_reference_cluster,table1:623|table2:297,super collapse 3,,
missing_reference_cluster,table1:624|table2:296,timbuktu remote control softwre 2 licenses for windows & mac,,
missing_reference_cluster,table1:625|table2:294,apple final cut studio 2 upgrade from final cut studio ( mac ),,
missing_reference_cluster,table1:626|table2:292,steinberg halion symphonic orchestra virtual instrument ( academic version ),,
missing_reference_cluster,table1:628|table2:276,delorme topo usa mapping software 6.0 west region,,
missing_reference_cluster,table1:629|table2:275,soho labels & envelopes chronos l.c.,,
missing_reference_cluster,table1:63|table2:2129,movies on psp,,
missing_reference_cluster,table1:630|table2:274,stopzilla 4.0,,
missing_reference_cluster,table1:631|table2:2318,h & r block taxcut 2006 premium federal + state with usb 256m flashdrive,,
missing_reference_cluster,table1:632|table2:273,microsoft windows xp professional full version with sp2,,
missing_reference_cluster,table1:632|table2:924,microsoft windows xp professional full version with sp2,,
missing_reference_cluster,table1:633|table2:281,sportsman 's double play,,
missing_reference_cluster,table1:634|table2:280,phase one capture one pro win/mac,,
missing_reference_cluster,table1:635|table2:279,family tree maker version 16 essentials,,
missing_reference_cluster,table1:636|table2:2153,mavis beacon teaches typing deluxe v17,,
missing_reference_cluster,table1:636|table2:277,mavis beacon teaches typing deluxe v17,,
missing_reference_cluster,table1:637|table2:325,mah jong quest,,
missing_reference_cluster,table1:638|table2:327,apple final cut studio 2 upgrade from final cut pro ( mac ),,
missing_reference_cluster,table1:639|table2:322,cosmic blobs : lab rat edition ( win & mac ),,
missing_reference_cluster,table1:64|table2:2121,kids power fun for kids,,
missing_reference_cluster,table1:640|table2:323,alsoft diskwarrior : mac univeral binary,,
missing_reference_cluster,table1:641|table2:333,sims 2 nightlife expansion pack,,
missing_reference_cluster,table1:641|table2:545,sims 2 nightlife expansion pack,,
missing_reference_cluster,table1:642|table2:2839,adobe flash pro cs3 [ mac ],,
missing_reference_cluster,table1:642|table2:352,adobe flash pro cs3 [ mac ],,
missing_reference_cluster,table1:643|table2:335,40 years of the avengers,,
missing_reference_cluster,table1:644|table2:330,microspot macdraft pe ( mac ),,
missing_reference_cluster,table1:645|table2:332,microsoft virtual pc for mac 7.0 with windows xp home,,
missing_reference_cluster,table1:646|table2:307,instant immersion german audio,,
missing_reference_cluster,table1:647|table2:311,readiris pro 11 corporate edition ( mac ),,
missing_reference_cluster,table1:648|table2:305,internet security barrier x4 antispam edition,,
missing_reference_cluster,table1:649|table2:306,mcafee total protection 2007 3 users,,
missing_reference_cluster,table1:65|table2:2125,custom landdesigner 3d design 7.0,,
missing_reference_cluster,table1:652|table2:318,quickverse mac bible study 2007 white box,,
missing_reference_cluster,table1:653|table2:313,3d home architect home design deluxe version 9,,
missing_reference_cluster,table1:654|table2:314,acrobat professional 8 ( windows ),,
missing_reference_cluster,table1:656|table2:229,wanted : a wild western adventure,,
missing_reference_cluster,table1:657|table2:234,emedia guitar basics,,
missing_reference_cluster,table1:658|table2:230,webexpress,,
missing_reference_cluster,table1:659|table2:238,more brain games,,
missing_reference_cluster,table1:66|table2:1574,freddi fish 2 : the haunted schoolhouse,,
missing_reference_cluster,table1:660|table2:235,usa/world extreme landscapes bundle,,
missing_reference_cluster,table1:661|table2:242,adobe cs3 design standard macosx dvd,,
missing_reference_cluster,table1:662|table2:3117,microsoft windows terminal server 2003 client additional license for users - 5 user,,
missing_reference_cluster,table1:664|table2:211,snap ! hair styler studio,,
missing_reference_cluster,table1:665,photo go,,
missing_reference_cluster,table1:666|table2:218,riding academy : jump & ride,,
missing_reference_cluster,table1:668|table2:220,ford racing 2 ( mac ),,
missing_reference_cluster,table1:669|table2:219,printmaster gold v 17.0,,
missing_reference_cluster,table1:670|table2:224,gorilla 4 standard,,
missing_reference_cluster,table1:671|table2:223,sonic mega collection plus,,
missing_reference_cluster,table1:672|table2:1519,scholastic brain play : pre-kindergarten 1st grade,,
missing_reference_cluster,table1:672|table2:2846,scholastic brain play : pre-kindergarten 1st grade,,
missing_reference_cluster,table1:673|table2:255,bryce 6,,
missing_reference_cluster,table1:674|table2:256,school zone flash action addition/subtraction ( windows/macintosh ),,
missing_reference_cluster,table1:675|table2:258,art explosion 600 000 images,,
missing_reference_cluster,table1:677|table2:1684,mcsa/mcse self-paced training kit ( exams 70-292 & 70-296 ) upgrading your certi,,
missing_reference_cluster,table1:678|table2:260,instant immersion german v2 .0 ( pc & mac ),,
missing_reference_cluster,table1:68|table2:1578,mom standard ops mgmt lic 2005 english mlp 5 oml,,
missing_reference_cluster,table1:680|table2:266,datapilot cell phone data transfer suite universal,,
missing_reference_cluster,table1:681|table2:267,hospital tycoon for pc,,
missing_reference_cluster,table1:682|table2:272,mozy 3.0,,
missing_reference_cluster,table1:683|table2:243,math advantage 2008,,
missing_reference_cluster,table1:683|table2:775,math advantage 2008,,
missing_reference_cluster,table1:684|table2:244,route 66 route canada ( french ),,
missing_reference_cluster,table1:685|table2:246,the sims 2 : open for business expansion pack,,
missing_reference_cluster,table1:686|table2:248,lego star wars ( dvd ) ( mac ),,
missing_reference_cluster,table1:687|table2:249,grisoft avg anti-virus & anti-spyware 2 year subscription,,
missing_reference_cluster,table1:688|table2:250,phase one capture one le,,
missing_reference_cluster,table1:689|table2:251,family tree maker version 16 collectors edition,,
missing_reference_cluster,table1:69|table2:1576,eastwest bsendorfer 290 grand piano virtual instrument,,
missing_reference_cluster,table1:690|table2:252,sims 2 university expansion pack,,
missing_reference_cluster,table1:691|table2:2781,dk amazing animals 1.1,,
missing_reference_cluster,table1:692|table2:425,sunset boulevard,,
missing_reference_cluster,table1:693|table2:2782,kakuro puzzle addict unlimited edition,,
missing_reference_cluster,table1:694|table2:421,eovia carrara 5 pro,,
missing_reference_cluster,table1:695|table2:2778,global software smart steps 1st grade windows macintosh ),,
missing_reference_cluster,table1:696|table2:418,wild photo effects ( jewel case ),,
missing_reference_cluster,table1:697|table2:2780,amazing animals with zoofari games ( win/mac ),,
missing_reference_cluster,table1:699|table2:415,scrapbook for windows,,
missing_reference_cluster,table1:700|table2:412,sims complete,,
missing_reference_cluster,table1:701|table2:411,airline tycoon deluxe,,
missing_reference_cluster,table1:702|table2:410,intellimover transfer your pc deluxe,,
missing_reference_cluster,table1:703|table2:2787,dk exotic animals africa,,
missing_reference_cluster,table1:704|table2:407,ilisten with headset microphone 1.7,,
missing_reference_cluster,table1:706|table2:405,world of warcraft expansion : burning crusade,,
missing_reference_cluster,table1:707|table2:2785,sudoku puzzle addict,,
missing_reference_cluster,table1:708|table2:404,alliance future combat,,
missing_reference_cluster,table1:709|table2:2786,dk smart steps 3rd grade,,
missing_reference_cluster,table1:710|table2:402,marine aquarium 2.0 ( mac ),,
missing_reference_cluster,table1:711|table2:403,family tree maker 2008 platinum,,
missing_reference_cluster,table1:712|table2:401,spongebob squarepants typing 2008 win/mac,,
missing_reference_cluster,table1:713|table2:398,call of duty deluxe ( mac ) ( dvd ),,
missing_reference_cluster,table1:714|table2:2784,gsp crossword addict,,
missing_reference_cluster,table1:715|table2:399,mike garson jazzical suite,,
missing_reference_cluster,table1:717|table2:451,learn to play chess with fritz & chesster 2 ( mac ),,
missing_reference_cluster,table1:718|table2:1443,land before time : kindergarten,,
missing_reference_cluster,table1:718|table2:450,land before time : kindergarten,,
missing_reference_cluster,table1:719|table2:446,best of card games ( jewel case ),,
missing_reference_cluster,table1:72|table2:1567,midway arcade treasures ( jewel case ),,
missing_reference_cluster,table1:721|table2:447,backpack journalist,,
missing_reference_cluster,table1:722|table2:2802,steinberg nuendo 3 digital audio software,,
missing_reference_cluster,table1:724|table2:2798,simply put software got ta sing windows/macintosh ),,
missing_reference_cluster,table1:725|table2:440,omniweb 5.0,,
missing_reference_cluster,table1:726|table2:2788,simply put software data eliminator,,
missing_reference_cluster,table1:727|table2:439,ibm viavoice advanced v. 10,,
missing_reference_cluster,table1:728|table2:438,firstedge v 2.0 ( mac ),,
missing_reference_cluster,table1:73|table2:1565,snap ! 10 000 drink recipies ( jewel case ),,
missing_reference_cluster,table1:730|table2:436,f/a -18 operation iraqi freedom,,
missing_reference_cluster,table1:731|table2:2313,instant immersion italian platinum,,
missing_reference_cluster,table1:732|table2:432,civilization iv warlords ( mac ),,
missing_reference_cluster,table1:733|table2:2934,clickart 1.2 million dvd 2006 by broderbund,,
missing_reference_cluster,table1:734|table2:435,middle school success essentials,,
missing_reference_cluster,table1:735|table2:2931,adventure workshop preschool ( jewel case ),,
missing_reference_cluster,table1:736|table2:3017,adobe creative suite cs3 production premium upgrade,,
missing_reference_cluster,table1:736|table2:4,adobe creative suite cs3 production premium upgrade,,
missing_reference_cluster,table1:736|table2:426,adobe creative suite cs3 production premium upgrade,,
missing_reference_cluster,table1:737|table2:1667,adobe photoshop cs2 ( mac ) [ old version ],,
missing_reference_cluster,table1:738|table2:433,print shop 22 deluxe,,
missing_reference_cluster,table1:739|table2:424,iris readiris pro 11.0 ( mac ),,
missing_reference_cluster,table1:74|table2:1599,mac os x server v10 .4.7 10-client,,
missing_reference_cluster,table1:740|table2:427,chessmaster 9000 ( mac ),,
missing_reference_cluster,table1:740|table2:930,chessmaster 9000 ( mac ),,
missing_reference_cluster,table1:741|table2:358,illustrator cs3 13 mac ed 1u,,
missing_reference_cluster,table1:742|table2:2617,star wars empire at war ( intel only macs ),,
missing_reference_cluster,table1:742|table2:356,star wars empire at war ( intel only macs ),,
missing_reference_cluster,table1:744|table2:360,mariner calc speadsheet ( mac ),,
missing_reference_cluster,table1:746|table2:2632,marketcircle daylite v3 .0 ( mac ),,
missing_reference_cluster,table1:746|table2:349,marketcircle daylite v3 .0 ( mac ),,
missing_reference_cluster,table1:747|table2:353,lego star wars ii : the original trilogy for mac,,
missing_reference_cluster,table1:748|table2:351,rollercoaster tycoon 3 : soaked,,
missing_reference_cluster,table1:749|table2:345,retrospect 6.0 desktop mac,,
missing_reference_cluster,table1:75|table2:1594,epson storyteller photo book creator 8 x 10 ( 20 pages ),,
missing_reference_cluster,table1:75|table2:1921,epson storyteller photo book creator 8 x 10 ( 20 pages ),,
missing_reference_cluster,table1:750|table2:342,microspot interiors ( mac ),,
missing_reference_cluster,table1:751|table2:347,project x project management software,,
missing_reference_cluster,table1:752|table2:346,age of empires iii,,
missing_reference_cluster,table1:753|table2:1497,microsoft office & windows training professional,,
missing_reference_cluster,table1:754|table2:339,internet cleanup 3.0,,
missing_reference_cluster,table1:755|table2:337,micromat protogo,,
missing_reference_cluster,table1:756|table2:341,44 years of the fantastic four,,
missing_reference_cluster,table1:757|table2:340,rise of nations : gold ( mac ),,
missing_reference_cluster,table1:758|table2:391,circus ponies-notebook 2.0 mac os,,
missing_reference_cluster,table1:759|table2:1949,humorous greeting card factory,,
missing_reference_cluster,table1:759|table2:393,humorous greeting card factory,,
missing_reference_cluster,table1:760|table2:397,panda software antivirus & firewall 2008 windows,,
missing_reference_cluster,table1:761|table2:2681,microsoft visual studio team edition for software testers 2005 w/msdn premium renewal,,
missing_reference_cluster,table1:762|table2:396,i transfer dvds 2 ipod edition ( win/mac ),,
missing_reference_cluster,table1:763|table2:386,station access collection,,
missing_reference_cluster,table1:764|table2:387,agatha christie : and then there were none,,
missing_reference_cluster,table1:766|table2:389,brothers in arms : road to hill 30 ( dvd-rom ),,
missing_reference_cluster,table1:767|table2:379,command and conquer generals deluxe dvd-rom ( mac ),,
missing_reference_cluster,table1:768|table2:382,battlefield 1942 : deluxe edition,,
missing_reference_cluster,table1:769|table2:384,power director 3,,
missing_reference_cluster,table1:77|table2:1606,age of mythology ( mac ),,
missing_reference_cluster,table1:770|table2:385,cosmi rom03558 print perfect clip art deluxe,,
missing_reference_cluster,table1:772|table2:2860,adobe illustrator cs3 [ mac ],,
missing_reference_cluster,table1:772|table2:465,adobe illustrator cs3 [ mac ],,
missing_reference_cluster,table1:773|table2:2206,microsoft office mac 2004 english 3pk dsp 731-01163 ),,
missing_reference_cluster,table1:774|table2:367,adobe software acrobat pro upgrd pro-pro mac ( adbcd01798mc ),,
missing_reference_cluster,table1:776|table2:376,micromat techtool pro 4 ( mac ),,
missing_reference_cluster,table1:778|table2:2574,hoyle casino 2007,,
missing_reference_cluster,table1:779|table2:2573,3d home architect landscape v. 8 by encore software,,
missing_reference_cluster,table1:779|table2:2587,3d home architect landscape v. 8 by encore software,,
missing_reference_cluster,table1:78|table2:1602,emedia intermediate guitar method os x,,
missing_reference_cluster,table1:780|table2:1502,hoyle backgammon jc,,
missing_reference_cluster,table1:780|table2:2579,hoyle backgammon jc,,
missing_reference_cluster,table1:781|table2:2257,microsoft excel 2004 ( mac ),,
missing_reference_cluster,table1:783|table2:2173,corel dvd moviefactory 6.0,,
missing_reference_cluster,table1:784|table2:2577,axis & allies collector 's edition,,
missing_reference_cluster,table1:785|table2:2576,jewels of cleopatra,,
missing_reference_cluster,table1:786|table2:2568,jeopardy! deluxe,,
missing_reference_cluster,table1:787|table2:2567,hoyle 4-pack 2006,,
missing_reference_cluster,table1:789|table2:2493,hoyle mahjongg ( jewel case ),,
missing_reference_cluster,table1:789|table2:2562,hoyle mahjongg ( jewel case ),,
missing_reference_cluster,table1:79|table2:1583,ca internet security suite 2007 3 user,,
missing_reference_cluster,table1:790|table2:2572,scrabble champion edition,,
missing_reference_cluster,table1:791|table2:2571,hoyle kids ' games jc,,
missing_reference_cluster,table1:792|table2:492,cyberchase adventures : carnival chaos and casablanca quest,,
missing_reference_cluster,table1:793|table2:2570,hoyle south beach solitaire,,
missing_reference_cluster,table1:794|table2:709,monopoly 3,,
missing_reference_cluster,table1:795|table2:2594,ca arcserve bkup r11 .5 win client vss software snap-shot - prod only,,
missing_reference_cluster,table1:796|table2:2181,ulead videostudio 11,,
missing_reference_cluster,table1:797|table2:2597,zero-g pro pack for garageband ( appleloops ),,
missing_reference_cluster,table1:798|table2:1690,hoyle solitaire ( jewel case ),,
missing_reference_cluster,table1:798|table2:2588,hoyle solitaire ( jewel case ),,
missing_reference_cluster,table1:798|table2:671,hoyle solitaire ( jewel case ),,
missing_reference_cluster,table1:799|table2:2592,hp dss software v. 4.0 complete package t1936aa ua0 ),,
missing_reference_cluster,table1:799|table2:804,hp dss software v. 4.0 complete package t1936aa ua0 ),,
missing_reference_cluster,table1:8|table2:1936,mia 's math adventure : just in time,,
missing_reference_cluster,table1:8|table2:2328,mia 's math adventure : just in time,,
missing_reference_cluster,table1:80|table2:1579,kaplan sat/act/psat express,,
missing_reference_cluster,table1:800,calendar creator 10,,
missing_reference_cluster,table1:801|table2:2602,ulead systems dvd workshop 2,,
missing_reference_cluster,table1:802|table2:2598,final draft 7/syd field 's screenwriting workshop dvd bundle,,
missing_reference_cluster,table1:803|table2:953,adobe creative suite cs3 master collection [ mac ],,
missing_reference_cluster,table1:804|table2:2599,digidesign music production toolkit ( pro tools le ),,
missing_reference_cluster,table1:805|table2:2580,hoyle texas hold 'em poker ( jewel case ),,
missing_reference_cluster,table1:806|table2:2581,chicken hunter : license to grill the great poultry race,,
missing_reference_cluster,table1:807|table2:3105,media studio for psp standard editon,,
missing_reference_cluster,table1:808|table2:535,3d home architect landscape designer v8,,
missing_reference_cluster,table1:809|table2:2585,hoyle : classic collection 2006,,
missing_reference_cluster,table1:81|table2:1592,passwords plus 1.0,,
missing_reference_cluster,table1:810|table2:2586,monopoly here & now,,
missing_reference_cluster,table1:811|table2:2582,chicken hunter wanted jc,,
missing_reference_cluster,table1:812|table2:2627,extensis smartscale 1-user pxe-11433 ),,
missing_reference_cluster,table1:812|table2:2797,extensis smartscale 1-user pxe-11433 ),,
missing_reference_cluster,table1:813|table2:336,notetaker 1.5,,
missing_reference_cluster,table1:814|table2:2507,business plan writer deluxe 8.0 2005,,
missing_reference_cluster,table1:816|table2:2654,microsoft visual studio team suite 2005 with msdn premium ( cd & dvd ),,
missing_reference_cluster,table1:817|table2:2675,macjournal v4 ( mac ),,
missing_reference_cluster,table1:817|table2:400,macjournal v4 ( mac ),,
missing_reference_cluster,table1:818|table2:2683,canopus 77010158100 let 's edit,,
missing_reference_cluster,table1:819|table2:2830,mavis beacon 17 standard,,
missing_reference_cluster,table1:82|table2:1584,emedia essential bass guitar,,
missing_reference_cluster,table1:820|table2:691,riverdeep adventure workshop 4th-6th grade 8th edition,,
missing_reference_cluster,table1:821|table2:1561,adventure workshop preschool-1st grade 8th edition,,
missing_reference_cluster,table1:821|table2:185,adventure workshop preschool-1st grade 8th edition,,
missing_reference_cluster,table1:823|table2:2600,microsoft word 2004 upgrade ( mac ),,
missing_reference_cluster,table1:825|table2:2620,sony vegas 6,,
missing_reference_cluster,table1:827|table2:2758,m-audio pro tools m-powered 7.3 m-audio compatible world-class production software,,
missing_reference_cluster,table1:828|table2:2759,pinnacle mobile media converter,,
missing_reference_cluster,table1:829|table2:2766,avid liquid vs 7 software,,
missing_reference_cluster,table1:83|table2:1622,scratches : directors cut,,
missing_reference_cluster,table1:830|table2:972,acad corel painter x pc/mac,,
missing_reference_cluster,table1:831|table2:2767,rainbow fish and the whale ( win/mac ),,
missing_reference_cluster,table1:832|table2:2768,global software smart steps 2nd grade windows macintosh ),,
missing_reference_cluster,table1:833|table2:2630,punch ! viacad 2d/3d,,
missing_reference_cluster,table1:835|table2:2689,handmark oxford american desk dictionary and thesaurus,,
missing_reference_cluster,table1:835|table2:2914,handmark oxford american desk dictionary and thesaurus,,
missing_reference_cluster,table1:836|table2:2700,i love the usa,,
missing_reference_cluster,table1:836|table2:2893,i love the usa,,
missing_reference_cluster,table1:837|table2:902,adobe photoshop cs3 extended upgrade [ mac ],,
missing_reference_cluster,table1:838|table2:2714,computrace lojack for laptops 3 year license ( mac ),,
missing_reference_cluster,table1:838|table2:461,computrace lojack for laptops 3 year license ( mac ),,
missing_reference_cluster,table1:839|table2:2607,adobe photoshop cs3 extended,,
missing_reference_cluster,table1:84|table2:1625,x3 : reunion virtual programming ltd.,,
missing_reference_cluster,table1:840|table2:1510,digital video and audio production book for vegas 7 + dvd,,
missing_reference_cluster,table1:840|table2:2941,digital video and audio production book for vegas 7 + dvd,,
missing_reference_cluster,table1:844|table2:2463,now up-to-date & contact v5 .0 ( mac ),,
missing_reference_cluster,table1:844|table2:969,now up-to-date & contact v5 .0 ( mac ),,
missing_reference_cluster,table1:845|table2:180,iplaymusic beginner guitar lessons for the mac and ipod,,
missing_reference_cluster,table1:846|table2:422,discrete drums : vol .1,,
missing_reference_cluster,table1:848|table2:2670,safekeeper plus,,
missing_reference_cluster,table1:85|table2:1627,write brothers dramatica pro win/mac,,
missing_reference_cluster,table1:851|table2:2447,punch ! professional home design platinum v10,,
missing_reference_cluster,table1:851|table2:2920,punch ! professional home design platinum v10,,
missing_reference_cluster,table1:852|table2:2442,cinescore professional soundtrack edition,,
missing_reference_cluster,table1:853|table2:2440,onone essentials for adobe photoshop elements,,
missing_reference_cluster,table1:854|table2:191,bookkeeper 2008,,
missing_reference_cluster,table1:855|table2:189,micromat podlock ( mac ),,
missing_reference_cluster,table1:857|table2:2505,cakewalk sonar home studio 6 xl,,
missing_reference_cluster,table1:858|table2:2848,microsoft onenote 2007 upgrade,,
missing_reference_cluster,table1:859|table2:803,onone software intellihance pro 4.1,,
missing_reference_cluster,table1:86|table2:1607,emedia bass method win/mac,,
missing_reference_cluster,table1:860|table2:2236,apple ilife '06 family pack ( mac dvd ) [ older version ],,
missing_reference_cluster,table1:860|table2:228,apple ilife '06 family pack ( mac dvd ) [ older version ],,
missing_reference_cluster,table1:861|table2:2054,creating keepsakes scrapbook designer version 2 platinum,,
missing_reference_cluster,table1:862|table2:2502,cakewalk project5 version 2,,
missing_reference_cluster,table1:863|table2:208,cubase se3 educational edition,,
missing_reference_cluster,table1:864|table2:207,vocabulary puzzles grade 1,,
missing_reference_cluster,table1:865|table2:2496,cakewalk sonar home studio 6,,
missing_reference_cluster,table1:866|table2:203,system care professional,,
missing_reference_cluster,table1:867|table2:2484,punch ! ultimate deck and landscape,,
missing_reference_cluster,table1:868|table2:201,live bingo,,
missing_reference_cluster,table1:869|table2:2287,upgrade crystal reports 11 pro french,,
missing_reference_cluster,table1:87|table2:1609,microsoft licenses project svr sa govt ( h2200301 ),,
missing_reference_cluster,table1:871|table2:2799,apple garageband jam pack : rhythm section,,
missing_reference_cluster,table1:871|table2:996,apple garageband jam pack : rhythm section,,
missing_reference_cluster,table1:874|table2:199,peachtree by sage premium accounting for manufacturing 2007 multi user ( up to 5 users ),,
missing_reference_cluster,table1:875|table2:2475,century software tinyterm plus v. 4.0 complete product,,
missing_reference_cluster,table1:876|table2:172,adobe soundbooth cs3 [ mac ],,
missing_reference_cluster,table1:876|table2:2473,adobe soundbooth cs3 [ mac ],,
missing_reference_cluster,table1:877|table2:195,timbuktu remote control softwre 1 license for mac os,,
missing_reference_cluster,table1:878|table2:194,poser figure artist,,
missing_reference_cluster,table1:879|table2:2812,sony sound forge 9 boxed upgrade,,
missing_reference_cluster,table1:88|table2:1612,total training for adobe creative suite 3 : design premium bundle,,
missing_reference_cluster,table1:880,super granny 3,,
missing_reference_cluster,table1:881|table2:2544,the print shop 22 deluxe sb cs by the print shop,,
missing_reference_cluster,table1:882|table2:1566,marine aquarium + sharks,,
missing_reference_cluster,table1:882|table2:2546,marine aquarium + sharks,,
missing_reference_cluster,table1:883|table2:2393,adobe creative suite cs3 production premium,,
missing_reference_cluster,table1:883|table2:921,adobe creative suite cs3 production premium,,
missing_reference_cluster,table1:884|table2:118,checkmark multiledger,,
missing_reference_cluster,table1:885|table2:119,ipswitch inc ws ftp pro 9 sdk w / ws ftp pro wd-1000-0900 ),,
missing_reference_cluster,table1:886|table2:2309,123 movies 2 ipod w / av cables umd size,,
missing_reference_cluster,table1:887|table2:2541,hoyle bridge club,,
missing_reference_cluster,table1:89|table2:1616,everquest : titanium,,
missing_reference_cluster,table1:890|table2:3023,instant immersion japanese deluxe 2.0,,
missing_reference_cluster,table1:892|table2:2791,adobe premiere pro cs3,,
missing_reference_cluster,table1:892|table2:800,adobe premiere pro cs3,,
missing_reference_cluster,table1:893|table2:156,starship troopers/first to fight bundle,,
missing_reference_cluster,table1:895|table2:2540,hoyle card games 2007,,
missing_reference_cluster,table1:896|table2:159,reel deal slots mystic forest,,
missing_reference_cluster,table1:897|table2:452,adobe creative suite cs3 production premium upsell,,
missing_reference_cluster,table1:899|table2:2933,onone genuine fractals 5 full 1u,,
missing_reference_cluster,table1:90|table2:1640,emc retrospect 7.5 professional for windows upgrade,,
missing_reference_cluster,table1:901|table2:150,partition commander 10,,
missing_reference_cluster,table1:902|table2:2605,sony sound effects series vol 1 through 10,,
missing_reference_cluster,table1:903|table2:2527,mavis beacon teaches typing 17 standard,,
missing_reference_cluster,table1:903|table2:989,mavis beacon teaches typing 17 standard,,
missing_reference_cluster,table1:904|table2:152,vault360 combo,,
missing_reference_cluster,table1:905|table2:166,efrontier anime studio pro ( win/mac ),,
missing_reference_cluster,table1:906|table2:2559,monopoly here & now,,
missing_reference_cluster,table1:907|table2:1593,hoyle card games ( jewel case ),,
missing_reference_cluster,table1:907|table2:2560,hoyle card games ( jewel case ),,
missing_reference_cluster,table1:909|table2:169,oxford world encyclopedia,,
missing_reference_cluster,table1:91|table2:1644,iriscard pro business card scanner,,
missing_reference_cluster,table1:91|table2:1681,iriscard pro business card scanner,,
missing_reference_cluster,table1:910|table2:354,adobe creative suite cs3 master collection upgrade [ mac ],,
missing_reference_cluster,table1:912|table2:2561,network now ! pro by encore,,
missing_reference_cluster,table1:913|table2:161,starry night galaxy explorer ( pc & mac ),,
missing_reference_cluster,table1:913|table2:3127,starry night galaxy explorer ( pc & mac ),,
missing_reference_cluster,table1:914|table2:2556,hasbro classic collection 2006 ),,
missing_reference_cluster,table1:916|table2:2557,professor fuji 's sudoku ( jewel case ),,
missing_reference_cluster,table1:917|table2:163,elementary advantage 2008,,
missing_reference_cluster,table1:918|table2:2558,recam remote monitoring software,,
missing_reference_cluster,table1:92|table2:1648,computrace lojack for laptops 4 year subscription,,
missing_reference_cluster,table1:920|table2:2558,mobi recam camera monitoring and notification software,,
missing_reference_cluster,table1:921|table2:177,the little mermaid/beauty and the beast,,
missing_reference_cluster,table1:923|table2:176,adobe illustrator cs3 upgrade [ mac ],,
missing_reference_cluster,table1:924|table2:2553,hoyle casino ( 2007 ),,
missing_reference_cluster,table1:925|table2:179,instant play guitar deluxe v2 .,,
missing_reference_cluster,table1:926|table2:2554,pc hoyle jewels : swap & drop it,,
missing_reference_cluster,table1:927|table2:178,gorilla 4 student,,
missing_reference_cluster,table1:929|table2:171,your desktop post office for pc,,
missing_reference_cluster,table1:93|table2:1652,microsoft office frontpage 2003 academic version windows ),,
missing_reference_cluster,table1:930|table2:897,adobe contribute cs3 [ mac ],,
missing_reference_cluster,table1:930|table2:932,adobe contribute cs3 [ mac ],,
missing_reference_cluster,table1:932|table2:175,registry mechanic 5.x pc system repair,,
missing_reference_cluster,table1:932|table2:774,registry mechanic 5.x pc system repair,,
missing_reference_cluster,table1:934|table2:173,panda antivirus 2007,,
missing_reference_cluster,table1:935|table2:2179,corel dvd moviefactory 6.0 plus,,
missing_reference_cluster,table1:935|table2:3008,corel dvd moviefactory 6.0 plus,,
missing_reference_cluster,table1:935|table2:613,corel dvd moviefactory 6.0 plus,,
missing_reference_cluster,table1:938|table2:875,typing instructor deluxe ( jewel case ),,
missing_reference_cluster,table1:939|table2:2274,bias peak pro 5 macintosh ),,
missing_reference_cluster,table1:94|table2:1629,warlords 3 ( jewel case ),,
missing_reference_cluster,table1:940|table2:876,freestyle street basketball,,
missing_reference_cluster,table1:941|table2:2265,webroot spy sweeper with antivirus family edition 3 pcs,,
missing_reference_cluster,table1:942|table2:878,my guitar,,
missing_reference_cluster,table1:943|table2:880,rome total war gold edition,,
missing_reference_cluster,table1:944|table2:2276,registry mechanic by encore software,,
missing_reference_cluster,table1:945|table2:2822,classification & ecology ( win/mac ) ( jewel case ),,
missing_reference_cluster,table1:945|table2:887,classification & ecology ( win/mac ) ( jewel case ),,
missing_reference_cluster,table1:946|table2:2283,the print shop 21 deluxe by broderbund,,
missing_reference_cluster,table1:947|table2:889,britannica deluxe,,
missing_reference_cluster,table1:948|table2:2282,creating keepsakes scrapbook platinum v. 3 sb cs by riverdeep,,
missing_reference_cluster,table1:949|table2:890,leave the lights on ( mac ),,
missing_reference_cluster,table1:95|table2:1630,autocad 2007 courseware customizing the interface,,
missing_reference_cluster,table1:950|table2:2288,apple logic pro 7.2 upgrade,,
missing_reference_cluster,table1:951|table2:891,microspot macdraft professional ( mac ),,
missing_reference_cluster,table1:952|table2:2285,nero 7 ultra edition enhanced,,
missing_reference_cluster,table1:953|table2:850,digital vault,,
missing_reference_cluster,table1:955|table2:851,turbocad mac 3d for mac,,
missing_reference_cluster,table1:956|table2:2291,apple logic pro 7.2 retail,,
missing_reference_cluster,table1:957|table2:857,peachtree by sage premium accounting 2007 accountants ' edition,,
missing_reference_cluster,table1:958|table2:2445,onone plug-in suite 3 for adobe photoshop,,
missing_reference_cluster,table1:958|table2:554,onone plug-in suite 3 for adobe photoshop,,
missing_reference_cluster,table1:959|table2:861,stompsoft digital file shredder pro,,
missing_reference_cluster,table1:960|table2:2296,make music finale 2008 academic,,
missing_reference_cluster,table1:961|table2:2307,vegas movie studiodvd +8 plat,,
missing_reference_cluster,table1:961|table2:9,vegas movie studiodvd +8 plat,,
missing_reference_cluster,table1:962|table2:868,gods & heroes : rome rising,,
missing_reference_cluster,table1:963|table2:869,synet pc sharing kit ( w/17ft usb ext.cable ),,
missing_reference_cluster,table1:965|table2:2314,pinnacle mobile media organizer,,
missing_reference_cluster,table1:966|table2:874,gmp data rescue license 24300 ),,
missing_reference_cluster,table1:967|table2:2131,mavis beacon teaches typing 16,,
missing_reference_cluster,table1:968|table2:2310,intervideo windvd 8 gold,,
missing_reference_cluster,table1:969|table2:837,talk now ! learn afrikaans beginning level,,
missing_reference_cluster,table1:97|table2:1637,tournament poker 2005,,
missing_reference_cluster,table1:970|table2:2209,computrace lojack for laptops : 3 year subscription,,
missing_reference_cluster,table1:971|table2:836,instant immersion ingles audio deluxe,,
missing_reference_cluster,table1:973|table2:1517,computrace lojack for laptops : 1 year subscription,,
missing_reference_cluster,table1:973|table2:2214,computrace lojack for laptops : 1 year subscription,,
missing_reference_cluster,table1:974|table2:840,sony vegas movie studio + dvd 8 platinum edition,,
missing_reference_cluster,table1:975|table2:2219,computrace lojack for laptops 1 year license ( mac ),,
missing_reference_cluster,table1:975|table2:987,computrace lojack for laptops 1 year license ( mac ),,
missing_reference_cluster,table1:976|table2:1492,iaudioize magnetic time for pc and mac,,
missing_reference_cluster,table1:976|table2:838,iaudioize magnetic time for pc and mac,,
missing_reference_cluster,table1:977|table2:843,safekeeper plus,,
missing_reference_cluster,table1:978|table2:842,didi & ditto : kindergarten win/mac,,
missing_reference_cluster,table1:979|table2:2222,logic express 7,,
missing_reference_cluster,table1:979|table2:994,logic express 7,,
missing_reference_cluster,table1:980|table2:849,travelogue 360 : paris,,
missing_reference_cluster,table1:981|table2:845,instant immersion italian v2 .0 ( large box ),,
missing_reference_cluster,table1:982|table2:2224,power on now up to date & contact windows,,
missing_reference_cluster,table1:982|table2:2269,power on now up to date & contact windows,,
missing_reference_cluster,table1:982|table2:2762,power on now up to date & contact windows,,
missing_reference_cluster,table1:983|table2:821,cook 'n low fat,,
missing_reference_cluster,table1:984|table2:2234,serious magic visual communicator 2.0 web,,
missing_reference_cluster,table1:985|table2:819,best of slots 2 ( jewel case ),,
missing_reference_cluster,table1:986|table2:2238,cubase 4 competitive crossgrade,,
missing_reference_cluster,table1:987|table2:825,casual games pack,,
missing_reference_cluster,table1:988|table2:2239,eovia carrara 4 pro win/mac,,
missing_reference_cluster,table1:989|table2:822,i spy fantasy v. 2 with i spy book & mini cd,,
missing_reference_cluster,table1:99|table2:1680,listen for ipod magnetic time,,
missing_reference_cluster,table1:990|table2:2243,power production storyboard artist 4,,
missing_reference_cluster,table1:991|table2:832,instant immersion spanish audio deluxe,,
missing_reference_cluster,table1:992|table2:2247,final draft 7 professional scriptwriting win/mac,,
missing_reference_cluster,table1:993|table2:2472,quickbooks customer manager 2.5,,
missing_reference_cluster,table1:994|table2:828,irispen express translator,,
missing_reference_cluster,table1:995|table2:2253,apple remote desktop 3 unlim managed systems,,
missing_reference_cluster,table1:995|table2:383,apple remote desktop 3 unlim managed systems,,
missing_reference_cluster,table1:996|table2:835,time money & fractions grades 1-2,,
missing_reference_cluster,table1:997|table2:2255,mac os x server v10 .4.7 unlimited client,,
missing_reference_cluster,table1:999|table2:2263,spy sweeper w/antivirus family edition,,
missing_reference_cluster,table2:1047,agatha christie : and then there were none,,
missing_reference_cluster,table2:1058,power translator ( tm ) 11 premium,,
missing_reference_cluster,table2:107,24100 punch ! 5 in 1 home design complete package 1 user cd win,,
missing_reference_cluster,table2:1107,csdc iremember digital scrapbooking 2.0,,
missing_reference_cluster,table2:1108,quickbooks ( r ) point of sale 2007 : basic retail management 6.0,,
missing_reference_cluster,table2:1132,microsoft ( r ) windows ( r ) xp home edition with sp2,,
missing_reference_cluster,table2:1181,printmaster ( r ) platinum 16,,
missing_reference_cluster,table2:1188,system care ? professional,,
missing_reference_cluster,table2:1213,adobe creative suite 3 ( cs3 ) design premium upgrade mac,,
missing_reference_cluster,table2:122,sbqb7r quicken legal business pro 2007 complete package 1 user win,,
missing_reference_cluster,table2:1668,myinvoices & estimates deluxe,,
missing_reference_cluster,table2:1844,70009 nero ultra edition enhanced v. 7 complete package 1 user cd win,,
missing_reference_cluster,table2:1900,29180162 adobe photoshop elements 4.0 plus adobe premiere elements 2.0 complete package,,
missing_reference_cluster,table2:1917,print explosion deluxe 3.0 : mac,,
missing_reference_cluster,table2:1979,csa-b100-srvr-k9 cisco security server agent license 100 agents win solaris,,
missing_reference_cluster,table2:2032,encore software 10114 adventure workshop 1st-3rd grade 7th ed sb cs by riverdeep,,
missing_reference_cluster,table2:2044,encore software 13921 3d home architect home design deluxe version 9,,
missing_reference_cluster,table2:2061,encore software 13931 3d home architect landscape design deluxe version 9,,
missing_reference_cluster,table2:2071,encore software 13791 super granny 3,,
missing_reference_cluster,table2:2079,encore software 14131 wheel of fortune deluxe,,
missing_reference_cluster,table2:2087,encore software 13881 tlc dr seuss reading learning system 2008,,
missing_reference_cluster,table2:209,sony media software photo go ( with $ 5 mir ),,
missing_reference_cluster,table2:2150,pg music band in a box software for windows music production software,,
missing_reference_cluster,table2:2198,steinberg wavelab studio 6 audio editing software music production software,,
missing_reference_cluster,table2:2232,individual software prm-xw3 professor teaches excel & word,,
missing_reference_cluster,table2:2266,individual software prm-xw3 professor teaches excel & word,,
missing_reference_cluster,table2:2355,encore software 12411 encore adventure workshop preschool-1st grade 8th edition educational pc,,
missing_reference_cluster,table2:2441,microsoft windows vista ultimate upgrade,,
missing_reference_cluster,table2:2745,individual software prm-xw3 professor teaches excel & word,,
missing_reference_cluster,table2:2772,sony acid music studio ( pc ),,
missing_reference_cluster,table2:2813,webroot spy sweeper spanish edition ( pc ),,
missing_reference_cluster,table2:2819,mobile media converter ( pc ) pinnacle,,
missing_reference_cluster,table2:2840,photo explosion deluxe 3.0 nova,,
missing_reference_cluster,table2:2902,scansoft pdf converter 4,,
missing_reference_cluster,table2:2917,sony photo go,,
missing_reference_cluster,table2:2959,microsoft windows vista business full version,,
missing_reference_cluster,table2:2973,namco museum 50th anniversary,,
missing_reference_cluster,table2:2983,encyclopedia britannica profiles : dinosaurs !,,
missing_reference_cluster,table2:2985,police quest compilation,,
missing_reference_cluster,table2:2994,clifford the big red dog thinking adventures,,
missing_reference_cluster,table2:3002,qb customer manager 2.5,,
missing_reference_cluster,table2:3039,hoyle card games,,
missing_reference_cluster,table2:3044,instant home cooking,,
missing_reference_cluster,table2:3069,who wants to be a millionaire sports edition,,
missing_reference_cluster,table2:3085,windows vista ultimate upgrade,,
missing_reference_cluster,table2:3101,transfer my dvd ( 6601 ),,
missing_reference_cluster,table2:3145,palo alto business plan pro 2007,,
missing_reference_cluster,table2:3156,wheel of fortune ( r ),,
missing_reference_cluster,table2:3161,adobe creative suite 3 ( cs3 ) design suite standard upgrade ( upsell ) mac,,
missing_reference_cluster,table2:3181,macbackup,,
missing_reference_cluster,table2:3189,math success ( tm ) deluxe 2007,,
missing_reference_cluster,table2:319,aspyr star wars battlefront mac os x,,
missing_reference_cluster,table2:3195,roxio ( r ) easy media creator ( r ) 9 suite,,
missing_reference_cluster,table2:3196,calendar creator 10,,
missing_reference_cluster,table2:3207,family tree maker 16 collectors edition,,
missing_reference_cluster,table2:3219,pc tools spyware doctor 2007,,
missing_reference_cluster,table2:413,magix entertainment corp. xtreme photostory on cd and dvd 6,,
missing_reference_cluster,table2:45,22030094 adobe encore dvd v. 2.0 complete package 1 user dvd win universa,,
missing_reference_cluster,table2:63,01-ssc-5310 sonicwall global vpn client license 1 user win,,
missing_reference_cluster,table2:744,prw photo explosion deluxe v. 3.0 complete package 1 user cd win,,
missing_reference_cluster,table2:852,individual software professor teaches windows vista,,
missing_reference_cluster,table2:94,210100533 pinnacle studio plus titanium edition v. 10.5 complete package 1 user,,
extra_predicted_cluster,table1:0,,2691,clickart 950 000 premier image pack ( dvd-rom )
extra_predicted_cluster,table1:1001,,3365,printmaster 17 platinum by encore software
extra_predicted_cluster,table1:1002,,3366,genuine fractals genuine fractals print pro 1u
extra_predicted_cluster,table1:1005,,3367,sibelius 4 educational edition
extra_predicted_cluster,table1:1006,,3368,terror strike
extra_predicted_cluster,table1:1009,,3369,test and improve your memory ( dvd box )
extra_predicted_cluster,table1:101,,2764,atari arcade classics ( mac )
extra_predicted_cluster,table1:1011,,3370,logic pro 6 upgrade from logic platinum/gold 5 & 6
extra_predicted_cluster,table1:1012,,3371,reel deal slots 2.0 for pc
extra_predicted_cluster,table1:1019,,3375,neuratron photoscore professional 4
extra_predicted_cluster,table1:1021,,3376,resumemaker professional 12.0
extra_predicted_cluster,table1:1023,,3377,aquarium 3 in 1 collection limited edition for win/mac
extra_predicted_cluster,table1:1025,,3378,e-mu em8669 modern symphonic orchestra
extra_predicted_cluster,table1:1026,,3379,final draft scriptwriter 's suite [ final draft 7 & final draft av2 ]
extra_predicted_cluster,table1:1028,,3381,makemusic finale 2007 win/mac
extra_predicted_cluster,table1:103,,2765,my sim aquarium
extra_predicted_cluster,table1:1031,,3383,singleclick network now ! pro
extra_predicted_cluster,table1:1032,,3384,finale allegro 2007
extra_predicted_cluster,table1:1033,,3385,pc professor fuji 's kakuro
extra_predicted_cluster,table1:1035,,3387,riverdeep spongebob squarepants typing fun
extra_predicted_cluster,table1:1038,,3388,printmaster 17 gold by encore software
extra_predicted_cluster,table1:1040,,3389,encore the big box of art 410 000 460001 )
extra_predicted_cluster,table1:1042,,3391,genuine fractals print pro 4.1 sharpener pro 2.0
extra_predicted_cluster,table1:1043,,3392,monopoly tycoon
extra_predicted_cluster,table1:1044,,3393,hoyle puzzle & board games 2007
extra_predicted_cluster,table1:1046,,3395,riverdeep kissing canines
extra_predicted_cluster,table1:1047,,3396,game of life jc
extra_predicted_cluster,table1:1050,,3399,middle school advantage 2008
extra_predicted_cluster,table1:1051,,3400,tlc clue finders math learning system sb by riverdeep
extra_predicted_cluster,table1:1053,,3402,high school advantage 2008
extra_predicted_cluster,table1:1054,,3403,professor fujis sudoku deluxe by encore
extra_predicted_cluster,table1:1055,,3404,high school advantage 2007
extra_predicted_cluster,table1:1066,,3411,the print shop design suite pro ed sb cs by the print shop
extra_predicted_cluster,table1:1067,,3412,evergirl
extra_predicted_cluster,table1:1069,,3413,hasbro family game collection 2006
extra_predicted_cluster,table1:107,,2767,photoshop elements 5 and premiere elements 3 bundle win minibox ( 29180248 )
extra_predicted_cluster,table1:1072,,3416,marine aquarium & goldfish screen saver by encore software
extra_predicted_cluster,table1:1073,,3417,backyard sports backyard basketball and backyard football
extra_predicted_cluster,table1:108,,2768,buzby breakin ' all the rules hermie and friends
extra_predicted_cluster,table1:1084,,3419,riverdeep the print shop zoom dvd
extra_predicted_cluster,table1:1086,,3420,calendar creator platinum sb cs by riverdeep
extra_predicted_cluster,table1:1087,,3421,captain america the complete comic collection win/mac
extra_predicted_cluster,table1:1089,,3422,e-mu em8685 beat garden x emulator x2/proteus x2 soundset
extra_predicted_cluster,table1:109,,2769,instant immersion french 2.0
extra_predicted_cluster,table1:1090,,3423,the sims 2 ( mac )
extra_predicted_cluster,table1:1091,,3424,soundtrack 1.2
extra_predicted_cluster,table1:1092,,3425,call of duty 2 dvd-rom ( mac )
extra_predicted_cluster,table1:1094,,3426,detto move2mac usb
extra_predicted_cluster,table1:1096,,3427,apple remote desktop 2.2 10 client ( old version )
extra_predicted_cluster,table1:1098,,3428,rollercoaster tycoon 3 ( mac )
extra_predicted_cluster,table1:1099,,3429,webroot spysweeper antispyware 3 user
extra_predicted_cluster,table1:1100,,3430,poser 7 win 2000 xp mac os 10.4 & up
extra_predicted_cluster,table1:1105,,3432,punch ! master landscape & home design
extra_predicted_cluster,table1:1106,,3433,zend studio 5.1 ( win/mac )
extra_predicted_cluster,table1:1107,,3434,pitstop pro 7.0
extra_predicted_cluster,table1:1114,,3436,webroot spy sweeper antispyware 5.x
extra_predicted_cluster,table1:1118,,3437,adobe creative suite cs3 master collection upsell
extra_predicted_cluster,table1:112,,2771,foreign policy & reform ( win/mac ) ( jewel case )
extra_predicted_cluster,table1:1124,,3439,emedia print music 2006 win/mac
extra_predicted_cluster,table1:1125,,3440,adobe solution expert support
extra_predicted_cluster,table1:1127,,3441,steinberg sequel ( pc or mac ) music creation & performance software
extra_predicted_cluster,table1:113,,2772,microsoft licenses win svr 2003 ext conn lic ( r3900292 )
extra_predicted_cluster,table1:1130,,3443,adobe cs3 design premium macosx dvd
extra_predicted_cluster,table1:1131,,3444,power production storyboard quick
extra_predicted_cluster,table1:1132,,3445,civilization iv dvd-rom ( mac )
extra_predicted_cluster,table1:1133,,3446,apple shake 4.1 visual effects ( mac )
extra_predicted_cluster,table1:1134,,3447,comic book library
extra_predicted_cluster,table1:1136,,3449,mediafour macdrive 6 for windows
extra_predicted_cluster,table1:1138,,3450,net ad creator
extra_predicted_cluster,table1:1139,,3451,cakewalk sonar 6 producer ed
extra_predicted_cluster,table1:114,,2773,quickbooks pos : pro multistore 6.0
extra_predicted_cluster,table1:1142,,3453,adobe captivate 2.0
extra_predicted_cluster,table1:1143,,3454,crystal 3d impact ! pro 1.25 ( jewel case )
extra_predicted_cluster,table1:1144,,3455,play music together mac
extra_predicted_cluster,table1:1146,,3456,swift publisher for mac
extra_predicted_cluster,table1:1148,,3457,sibelius 4 professional edition
extra_predicted_cluster,table1:1149,,3458,burning monkey mahjongg ( mac )
extra_predicted_cluster,table1:1150,,3459,40 years of the x-men
extra_predicted_cluster,table1:1153,,3461,drive genius by prosoft engineering inc
extra_predicted_cluster,table1:1158,,3463,burning monkey solitaire 2005 edition
extra_predicted_cluster,table1:116,,2774,cook 'n vegetarian
extra_predicted_cluster,table1:1162,,3465,motu digital performer 5 digital audio software competitive upgrade ( mac only )
extra_predicted_cluster,table1:1163,,3466,spring cleaning 9.0 for mac os 10.4 & above
extra_predicted_cluster,table1:1166,,3468,cakewalk sonar 6 studio
extra_predicted_cluster,table1:1167,,3469,micromat techtool protege with firewire device
extra_predicted_cluster,table1:1168,,3470,sibelius compass
extra_predicted_cluster,table1:1170,,3471,steinberg cubase 4 digital audio software
extra_predicted_cluster,table1:1171,,3472,stuffit deluxe 11
extra_predicted_cluster,table1:1173,,3474,amazing spider-man complete comic book collection win/mac
extra_predicted_cluster,table1:1176,,3475,valuesoft tune transfer for ipod software for windows xp
extra_predicted_cluster,table1:1177,,3476,microsoft office student and teacher edition 2004 macintosh
extra_predicted_cluster,table1:1179,,3477,microspot x-rip ( mac )
extra_predicted_cluster,table1:1180,,3478,bias peak le 5
extra_predicted_cluster,table1:1181,,3479,the logo creator ( mac )
extra_predicted_cluster,table1:1182,,3480,onone software pxl smartscale windows and macintosh )
extra_predicted_cluster,table1:1183,,3481,sims 2 pets expansion pack
extra_predicted_cluster,table1:1184,,3482,iview mediapro 2.5
extra_predicted_cluster,table1:1186,,3483,adobe creative suite cs3 web standard [ mac ]
extra_predicted_cluster,table1:119,,2775,sierra hallmark card studio special edition windows )
extra_predicted_cluster,table1:1190,,3485,punch ! professional home design
extra_predicted_cluster,table1:1192,,3486,mcafee virusscan plus 3 user
extra_predicted_cluster,table1:1195,,3488,home design architect series 3000 v10 .0
extra_predicted_cluster,table1:1196,,3489,individual small business advantage deluxe 2006
extra_predicted_cluster,table1:1197,,3490,finale 2007 academic ( win/mac )
extra_predicted_cluster,table1:1199,,3491,dreamweaver cs3 9 mac ed 1u
extra_predicted_cluster,table1:120,,2776,crusader kings
extra_predicted_cluster,table1:1203,,3493,corefx three level
extra_predicted_cluster,table1:1205,,3495,micromat diskstudio mac )
extra_predicted_cluster,table1:1207,,3496,stuffit deluxe 11
extra_predicted_cluster,table1:1208,,3497,tune tools for ipod ( win/mac )
extra_predicted_cluster,table1:121,,2777,microsoft licenses exch . srvr extrn conn sa eng ( 39400416 )
extra_predicted_cluster,table1:1210,,3498,kaplan sat/act/psat gold 2007 win/mac
extra_predicted_cluster,table1:1211,,3499,enteractive fps creator windows )
extra_predicted_cluster,table1:1213,,3500,money home & business 2007 win32 eng na mini box us only cd
extra_predicted_cluster,table1:1214,,3501,multiplication and division grades 3-4
extra_predicted_cluster,table1:1217,,3503,stubbs the zombie in rebel without a pulse ( dvd ) ( mac )
extra_predicted_cluster,table1:1220,,3505,atlantis quest
extra_predicted_cluster,table1:1224,,3508,giggles computer funtime for baby shapes ( win/mac )
extra_predicted_cluster,table1:1225,,3509,sony acid pro 6 professional music workstation
extra_predicted_cluster,table1:1229,,3510,adobe photoshop cs2 advanced techniques by julieanne kost
extra_predicted_cluster,table1:123,,2778,master server-upg
extra_predicted_cluster,table1:1234,,3513,logic express 6
extra_predicted_cluster,table1:1236,,3514,pc cakewalk guitar tracks pro 3
extra_predicted_cluster,table1:1237,,3515,dvo cook 'n deluxe 6.0 ultimate recipe organizer
extra_predicted_cluster,table1:1240,,3516,upgrade acid pro 6 boxed
extra_predicted_cluster,table1:1242,,3517,peachtree by sage premium accounting 2007
extra_predicted_cluster,table1:1243,,3518,prey
extra_predicted_cluster,table1:1244,,3519,peachtree by sage pro accounting 2007
extra_predicted_cluster,table1:1246,,3520,peachtree by sage complete accounting 2007
extra_predicted_cluster,table1:1250,,3521,emedia piano and keyboard method volume 1
extra_predicted_cluster,table1:1251,,3522,adobe acrobat standard 8.0
extra_predicted_cluster,table1:1252,,3523,adobe photoshop cs2 fundamental techniques by julieanne kost
extra_predicted_cluster,table1:1255,,3524,sony acid pro 5
extra_predicted_cluster,table1:1257,,3525,total 3d home & landscape design suite version 9
extra_predicted_cluster,table1:126,,2780,oxford spanish dictionary
extra_predicted_cluster,table1:1262,,3527,adobe flash pro cs3 upgrade [ mac ]
extra_predicted_cluster,table1:1263,,3528,photoedit 2 ( mac )
extra_predicted_cluster,table1:1264,,3529,punch ! professional home design suite
extra_predicted_cluster,table1:127,,2781,pantone reference library
extra_predicted_cluster,table1:1271,,3531,anime studio 5 win 98/me 2000/xp mac os 10.4 & up
extra_predicted_cluster,table1:1276,,3533,quickverse bible premier suite
extra_predicted_cluster,table1:128,,2782,procurve vpn client software unlimited client licenses
extra_predicted_cluster,table1:1280,,3534,national parks : enhanced scenery add-on for microsoft flight simulator 2002 & 2000
extra_predicted_cluster,table1:1284,,3535,punch ! master landscape & home design
extra_predicted_cluster,table1:1290,,3536,punch ! home design architectural series 4000 v10
extra_predicted_cluster,table1:1293,,3538,systemsuite 8 professional
extra_predicted_cluster,table1:1295,,3539,pcdefense
extra_predicted_cluster,table1:1296,,3540,starry night astronomy screensaver win/mac
extra_predicted_cluster,table1:1297,,3541,quickverse sermon builder 4.0
extra_predicted_cluster,table1:1299,,3542,snap ! spelling ( jewel case )
extra_predicted_cluster,table1:130,,2784,microsoft licenses sps extrnlconnnonemplyenglands c ( h3200034 )
extra_predicted_cluster,table1:1303,,3544,scrabble complete ( jewel case )
extra_predicted_cluster,table1:1306,,3546,emedia guitarpro 5 win/mac
extra_predicted_cluster,table1:1307,,3547,spycatcher 2007for pc
extra_predicted_cluster,table1:1308,,3548,intuit quicken home inventory manager windows
extra_predicted_cluster,table1:131,,2785,microspot interiors
extra_predicted_cluster,table1:1311,,3549,zonealarm pro firewall
extra_predicted_cluster,table1:1312,,3550,sales skills 2.0 ages 10 +
extra_predicted_cluster,table1:1314,,3552,return to castle wolfenstein ( mac )
extra_predicted_cluster,table1:1316,,3553,aircraft collector 's second edition
extra_predicted_cluster,table1:1320,,3555,snap ! kakuro
extra_predicted_cluster,table1:1324,,3556,printmaster platinum v 17.0
extra_predicted_cluster,table1:1326,,3557,jumpstart world 2nd grade
extra_predicted_cluster,table1:1327,,3558,great invasions
extra_predicted_cluster,table1:1329,,3559,instant immersion translator deluxe 2.0
extra_predicted_cluster,table1:1331,,3560,funny faces deluxe
extra_predicted_cluster,table1:1340,,3563,make music allegro 2007 labpack 5 user
extra_predicted_cluster,table1:1344,,3564,sportsman 's double play
extra_predicted_cluster,table1:1347,,3565,phonics success essentials : grades 7-9
extra_predicted_cluster,table1:1348,,3566,cook 'n cd recipe cards
extra_predicted_cluster,table1:1350,,3567,train sim modeler design studio
extra_predicted_cluster,table1:1351,,3568,learn to play keyboard ( jewel case )
extra_predicted_cluster,table1:1353,,3570,instant immersion italian deluxe v2 .0 ( large box )
extra_predicted_cluster,table1:1360,,3573,dragon naturally speaking standard v9
extra_predicted_cluster,table1:143,,2796,adobe acrobat distiller svr v6-cd linux u/u 42050142 )
extra_predicted_cluster,table1:161,,2813,gods : lands of infinity special edition
extra_predicted_cluster,table1:164,,2814,sea scene : living underwater worlds ( jewel case )
extra_predicted_cluster,table1:165,,2815,hp storageworks secure path for windows workgroup edition v. 4.0 c license 213076-b26 )
extra_predicted_cluster,table1:166,,2816,equilibrium debabelizer pro 6.0 1 user
extra_predicted_cluster,table1:168,,2818,autodesk discreet combustion 4 windows )
extra_predicted_cluster,table1:169,,2819,reel deal casino quest
extra_predicted_cluster,table1:17,,2704,upg sgms 1000 incremental node
extra_predicted_cluster,table1:171,,2821,microsoft licenses word mac 10.0 eng govt ( d4800369 )
extra_predicted_cluster,table1:174,,2824,1pk internet sec ste 2007 oem
extra_predicted_cluster,table1:175,,2825,diskeeper 2007 professional single lic pack
extra_predicted_cluster,table1:177,,2826,world of warcraft 60 day pre-paid time card
extra_predicted_cluster,table1:18,,2705,the human body
extra_predicted_cluster,table1:181,,2828,emedia rock guitar method
extra_predicted_cluster,table1:189,,2830,upgrade delphi 2006 pro named fr delphi v3-2005 pro cd
extra_predicted_cluster,table1:193,,2834,backup exec 10d win adv disk v10 .1 lic only ( e180518 )
extra_predicted_cluster,table1:199,,2839,netmanage upg rumba unix-hp edition level 902453-007-c )
extra_predicted_cluster,table1:2,,2693,noah 's ark activity center ( jewel case ages 3-8 )
extra_predicted_cluster,table1:207,,2847,crystal reports 11 professional full product french
extra_predicted_cluster,table1:21,,2706,world book encyclopedia 2006
extra_predicted_cluster,table1:23,,2707,the printshop 20 professional publisher
extra_predicted_cluster,table1:24,,2708,data protection suite
extra_predicted_cluster,table1:243,,2879,money premium 2007 win32 eng na mini box us only cd
extra_predicted_cluster,table1:245,,2881,dora the explorer : dora 's world adventures
extra_predicted_cluster,table1:248,,2884,microsoft windows small business server cal 2003 license pack 20 client addpack device
extra_predicted_cluster,table1:261,,2896,procurve mobility manager 1.0 is a plug-in module for procurve manager plus 2.0
extra_predicted_cluster,table1:267,,2898,adobe photoshop elements 5.0 / premier elements 3.0 [ lb ]
extra_predicted_cluster,table1:27,,2709,i copy dvds 2 professional edition
extra_predicted_cluster,table1:271,,2901,microsoft office small business 2007
extra_predicted_cluster,table1:273,,2902,quickbooks credit card processing kit 3.0
extra_predicted_cluster,table1:28,,2710,gen-x media made easy vol . 3
extra_predicted_cluster,table1:284,,2910,sibelius 5 educational edition
extra_predicted_cluster,table1:286,,2911,my maillist & addressbook
extra_predicted_cluster,table1:287,,2912,sibelius 5 professional edition
extra_predicted_cluster,table1:29,,2711,family tree maker 11.2 collector 's edition
extra_predicted_cluster,table1:3,,2694,peachtree by sage premium accounting for nonprofits 2007
extra_predicted_cluster,table1:304,,2924,fisher-price rescue heroes : lava landslide
extra_predicted_cluster,table1:31,,2712,dinosaurs
extra_predicted_cluster,table1:310,,2928,instant architect design suite
extra_predicted_cluster,table1:312,,2929,norton antivirus 2007
extra_predicted_cluster,table1:33,,2713,x-oom internet movies 2
extra_predicted_cluster,table1:335,,2941,tlc zoombinis 3rd grade lrng sys 2007 sb cs by riverdeep 10548 )
extra_predicted_cluster,table1:34,,2714,form workshop 1200
extra_predicted_cluster,table1:345,,2951,portfolio media kit be syst recovery 7.0 win small business ed
extra_predicted_cluster,table1:346,,2952,mcafee internet security suite 2007 3 users
extra_predicted_cluster,table1:347,,2953,jumpstart advanced 1st grade v2 .0
extra_predicted_cluster,table1:35,,2715,the print shop pro publisher 22 deluxe [ dvd ]
extra_predicted_cluster,table1:354,,2955,the universe ( win/mac ) ( jewel case )
extra_predicted_cluster,table1:356,,2956,ringtone media studio 2
extra_predicted_cluster,table1:358,,2957,perfect attorney premium
extra_predicted_cluster,table1:36,,2716,stomp inc recover lost data 2005
extra_predicted_cluster,table1:362,,2958,national geographic photo gallery ( jewel case )
extra_predicted_cluster,table1:365,,2959,english literature basics ( win/mac ) ( jewel case )
extra_predicted_cluster,table1:366,,2960,riverdeep arthur 's kindergarten
extra_predicted_cluster,table1:368,,2962,jumpstart advanced 3rd grade v2 .0
extra_predicted_cluster,table1:369,,2963,tlc arthur 's kindergarten learning system 2008
extra_predicted_cluster,table1:370,,2964,cosmi talking math & more for kids ( windows )
extra_predicted_cluster,table1:371,,2965,microsoft powerpoint 2004 upgrade ( mac )
extra_predicted_cluster,table1:375,,2966,reel deal casino championship edition
extra_predicted_cluster,table1:377,,2967,pc cillin internet sec 2007 lics large box 3u
extra_predicted_cluster,table1:378,,2968,aquarium 3-in-one collection ( win/mac )
extra_predicted_cluster,table1:379,,2969,cute ftp
extra_predicted_cluster,table1:38,,2717,the big mix ( mac )
extra_predicted_cluster,table1:381,,2970,restricted area
extra_predicted_cluster,table1:39,,2718,x-oom movie clone 3 gold
extra_predicted_cluster,table1:394,,2980,jumpstart advanced 2nd grade v2 .0
extra_predicted_cluster,table1:395,,2981,world history ( win/mac ) ( jewel case )
extra_predicted_cluster,table1:396,,2982,quickbooks premier non-profit edition 2005
extra_predicted_cluster,table1:4,,2695,singing coach unlimited
extra_predicted_cluster,table1:404,,2990,cosmi rom07524 print perfect business cards dvd
extra_predicted_cluster,table1:41,,2719,imsi turbocad designer v. 11
extra_predicted_cluster,table1:414,,2996,web radio recorder
extra_predicted_cluster,table1:420,,3002,student home learning system for pc/mac
extra_predicted_cluster,table1:421,,3003,3mds network operations manager diy annual subscptn 101 500u
extra_predicted_cluster,table1:422,,3004,model web publisher 3.5.2 .
extra_predicted_cluster,table1:423,,3005,microsoft licenses word olp c ( 05903871 )
extra_predicted_cluster,table1:426,,3008,ca arcserve bkup protection suite exch r11 .5 upgrade prod only
extra_predicted_cluster,table1:43,,2720,clip art and more 250 000 ( jewel case )
extra_predicted_cluster,table1:434,,3013,upgrade pitstop server 3.5 1u win 2k/xp & mac os 10.2.8
extra_predicted_cluster,table1:436,,3015,sudoku puzzle addict : unlimited edition
extra_predicted_cluster,table1:438,,3016,winway resume deluxe 11.0 network 10
extra_predicted_cluster,table1:44,,2721,instant immersion language lab deluxe edition
extra_predicted_cluster,table1:442,,3019,microsoft licenses biztalk hipaa std . sa only ( u0200024 )
extra_predicted_cluster,table1:445,,3021,instant landscaping 3.0 [ lb ]
extra_predicted_cluster,table1:446,,3022,topics presents : ancient civilizations ( 4 cd set )
extra_predicted_cluster,table1:447,,3023,simple movie maker
extra_predicted_cluster,table1:448,,3024,instant play electric guitar ( jewel box )
extra_predicted_cluster,table1:449,,3025,boomerang webpage designer gold
extra_predicted_cluster,table1:45,,2722,elementary school success deluxe 2006
extra_predicted_cluster,table1:450,,3026,x-oom mp3 radio recorder windows )
extra_predicted_cluster,table1:453,,3028,phonics success deluxe 2006 ( large box )
extra_predicted_cluster,table1:455,,3029,brainfood games cranium collection 2006
extra_predicted_cluster,table1:457,,3030,national geographic presents : redshift 5 planetarium software
extra_predicted_cluster,table1:459,,3031,anti-spyware 3.0 win normal 1u new
extra_predicted_cluster,table1:46,,2723,national geographic presents : redshift planetarium
extra_predicted_cluster,table1:460,,3032,snap ! 8 player poker 5 pack
extra_predicted_cluster,table1:462,,3033,emc retrospect 7.5 svr 1-client windows
extra_predicted_cluster,table1:463,,3034,kaplan sat/act/psat platinum 2007 win/mac
extra_predicted_cluster,table1:464,,3035,ae painter v9 win/mac box
extra_predicted_cluster,table1:47,,2724,math success deluxe 2006
extra_predicted_cluster,table1:471,,3039,photoshop elements 4 mac retail eng 1u ( 19230169 )
extra_predicted_cluster,table1:477,,3044,mindjet mindmanager 7 mac single license
extra_predicted_cluster,table1:479,,3046,sound studio 3 : record edit add effects to audio ( mac )
extra_predicted_cluster,table1:48,,2725,national geographic presents : forces of nature
extra_predicted_cluster,table1:480,,3047,jumpstart world 1st grade
extra_predicted_cluster,table1:484,,3050,adobe premiere elements 3.0
extra_predicted_cluster,table1:485,,3051,on hand spanish 1-2-3 windows )
extra_predicted_cluster,table1:486,,3052,pcanywhere 11.0 host only cd-rom xp 98 nt w2k me
extra_predicted_cluster,table1:487,,3053,crystal reports 11 reporting essentials trng cbt
extra_predicted_cluster,table1:49,,2726,reference success deluxe 2006
extra_predicted_cluster,table1:491,,3054,hollywood volume 1
extra_predicted_cluster,table1:495,,3056,serious magic ultra2 master sets library 2 windows )
extra_predicted_cluster,table1:496,,3057,microsoft windows vista business 32-bit for system builders
extra_predicted_cluster,table1:497,,3058,microsoft data analyzer 2002
extra_predicted_cluster,table1:499,,3059,symantec pcanywhere 12.0 host only
extra_predicted_cluster,table1:500,,3060,the printshop business card maker ( jewel case )
extra_predicted_cluster,table1:501,,3061,microsoft digital image suite plus [ lb ]
extra_predicted_cluster,table1:504,,3063,adobe audition 2.0 upgrade
extra_predicted_cluster,table1:505,,3064,norton internet security mac 3.0 [ antivirus firewall privacy controls iclean ]
extra_predicted_cluster,table1:506,,3065,corel wordperfect office 12 standard upgrade
extra_predicted_cluster,table1:507,,3066,raster design 2006 essentials
extra_predicted_cluster,table1:508,,3067,acrobat professional 8 mac upsell standard-professional
extra_predicted_cluster,table1:510,,3068,reader rabbit learning system 1st grade
extra_predicted_cluster,table1:512,,3070,microsoft windows xp professional upgrade with sp2
extra_predicted_cluster,table1:513,,3071,mavis beacon typing 17 ( win/mac )
extra_predicted_cluster,table1:518,,3072,microsoft office 2004 standard upgrade ( mac )
extra_predicted_cluster,table1:52,,2727,instant home design ( jewel case )
extra_predicted_cluster,table1:521,,3074,microsoft sql server developer edition 2005 cd/dvd
extra_predicted_cluster,table1:523,,3075,microsoft windows vista ultimate full version [ dvd ]
extra_predicted_cluster,table1:529,,3077,zoo tycoon 2 : marine mania expansion
extra_predicted_cluster,table1:53,,2728,boomerang webshop platinum
extra_predicted_cluster,table1:532,,3079,quickbooks pro 2007 for mac ( mac )
extra_predicted_cluster,table1:537,,3082,apple . mac 4.0 online service
extra_predicted_cluster,table1:540,,3083,ulead videostudio 11 plus
extra_predicted_cluster,table1:542,,3084,apple ilife '06 ( mac dvd ) [ older version ]
extra_predicted_cluster,table1:546,,3086,adobe photoshop elements 5.0 premiere elements 3.0 bundle
extra_predicted_cluster,table1:548,,3087,quickbooks pro 2007 small business financial software
extra_predicted_cluster,table1:55,,2730,jumpstart learning games phonics ( pc & mac )
extra_predicted_cluster,table1:552,,3091,corel snapfire plus [ ignite photo fun ]
extra_predicted_cluster,table1:554,,3092,instant immersion german deluxe 2.0
extra_predicted_cluster,table1:555,,3093,scooby doo glowing bug man ( jewel case )
extra_predicted_cluster,table1:557,,3094,adobe creative suite cs3 production premium
extra_predicted_cluster,table1:558,,3095,instant immersion spanish 2.0
extra_predicted_cluster,table1:564,,3098,h & r block taxcut 2006 premium federal
extra_predicted_cluster,table1:565,,3099,adobe creative suite cs3 web premium [ mac ]
extra_predicted_cluster,table1:567,,3100,h & r block taxcut 2006 home & business + state
extra_predicted_cluster,table1:57,,2731,museums of the world
extra_predicted_cluster,table1:571,,3103,microsoft visio standard 2007 version upgrade
extra_predicted_cluster,table1:578,,3106,microsoft office excel 2007
extra_predicted_cluster,table1:579,,3107,h & r block taxcut 2006 premium federal + state + efile
extra_predicted_cluster,table1:58,,2732,matchbox cross-town heroes
extra_predicted_cluster,table1:580,,3108,quickbooks premier edition 2007 5 user multi-pack
extra_predicted_cluster,table1:581,,3109,hoyle board games
extra_predicted_cluster,table1:588,,3110,adobe creative suite cs3 design standard [ mac ]
extra_predicted_cluster,table1:594,,3111,corel wordperfect office x3 professional edition
extra_predicted_cluster,table1:597,,3114,adobe creative suite cs3 design premium [ mac ]
extra_predicted_cluster,table1:598,,3115,adobe pagemaker v7 .0.2 cd mac-upg 17530402 )
extra_predicted_cluster,table1:599,,3116,instant immersion french deluxe 2.0
extra_predicted_cluster,table1:6,,2697,adobe after effects professional 6.5 upgrade from standard to professional
extra_predicted_cluster,table1:60,,2733,trudy 's time and place house ages 3-6
extra_predicted_cluster,table1:600,,3117,apple . mac 4.0 online service family pack
extra_predicted_cluster,table1:601,,3118,jumpstart kindergarten
extra_predicted_cluster,table1:604,,3119,microsoft office small business 2007 full version
extra_predicted_cluster,table1:606,,3120,microsoft office 2004 professional ( mac )
extra_predicted_cluster,table1:609,,3121,quicken 2007 for mac
extra_predicted_cluster,table1:61,,2734,personal image manager
extra_predicted_cluster,table1:616,,3125,microsoft windows vista home basic upgrade [ dvd ]
extra_predicted_cluster,table1:617,,3126,norton antivirus mac 10.0 ( mac )
extra_predicted_cluster,table1:619,,3127,ideasoft photo clip art 10 000
extra_predicted_cluster,table1:62,,2735,stomp inc drive washer
extra_predicted_cluster,table1:621,,3128,entertainment partners budgeting ( mac )
extra_predicted_cluster,table1:624,,3129,timbuktu remote control softwre 2 licenses for windows & mac
extra_predicted_cluster,table1:626,,3130,steinberg halion symphonic orchestra virtual instrument ( academic version )
extra_predicted_cluster,table1:63,,2736,movies on psp
extra_predicted_cluster,table1:630,,3132,stopzilla 4.0
extra_predicted_cluster,table1:631,,3133,h & r block taxcut 2006 premium federal + state with usb 256m flashdrive
extra_predicted_cluster,table1:632,,3134,microsoft windows xp professional full version with sp2
extra_predicted_cluster,table1:633,,3135,sportsman 's double play
extra_predicted_cluster,table1:639,,3136,cosmic blobs : lab rat edition ( win & mac )
extra_predicted_cluster,table1:640,,3137,alsoft diskwarrior : mac univeral binary
extra_predicted_cluster,table1:642,,3138,adobe flash pro cs3 [ mac ]
extra_predicted_cluster,table1:643,,3139,40 years of the avengers
extra_predicted_cluster,table1:644,,3140,microspot macdraft pe ( mac )
extra_predicted_cluster,table1:649,,3141,mcafee total protection 2007 3 users
extra_predicted_cluster,table1:65,,2737,custom landdesigner 3d design 7.0
extra_predicted_cluster,table1:654,,3143,acrobat professional 8 ( windows )
extra_predicted_cluster,table1:656,,3145,wanted : a wild western adventure
extra_predicted_cluster,table1:657,,3146,emedia guitar basics
extra_predicted_cluster,table1:658,,3147,webexpress
extra_predicted_cluster,table1:659,,3148,more brain games
extra_predicted_cluster,table1:66,,2738,freddi fish 2 : the haunted schoolhouse
extra_predicted_cluster,table1:661,,3149,adobe cs3 design standard macosx dvd
extra_predicted_cluster,table1:668,,3152,ford racing 2 ( mac )
extra_predicted_cluster,table1:670,,3153,gorilla 4 standard
extra_predicted_cluster,table1:672,,3154,scholastic brain play : pre-kindergarten 1st grade
extra_predicted_cluster,table1:674,,3155,school zone flash action addition/subtraction ( windows/macintosh )
extra_predicted_cluster,table1:675,,3156,art explosion 600 000 images
extra_predicted_cluster,table1:677,,3158,mcsa/mcse self-paced training kit ( exams 70-292 & 70-296 ) upgrading your certi
extra_predicted_cluster,table1:678,,3159,instant immersion german v2 .0 ( pc & mac )
extra_predicted_cluster,table1:68,,2740,mom standard ops mgmt lic 2005 english mlp 5 oml
extra_predicted_cluster,table1:686,,3161,lego star wars ( dvd ) ( mac )
extra_predicted_cluster,table1:687,,3162,grisoft avg anti-virus & anti-spyware 2 year subscription
extra_predicted_cluster,table1:688,,3163,phase one capture one le
extra_predicted_cluster,table1:69,,2741,eastwest bsendorfer 290 grand piano virtual instrument
extra_predicted_cluster,table1:692,,3164,sunset boulevard
extra_predicted_cluster,table1:694,,3165,eovia carrara 5 pro
extra_predicted_cluster,table1:695,,3166,global software smart steps 1st grade windows macintosh )
extra_predicted_cluster,table1:696,,3167,wild photo effects ( jewel case )
extra_predicted_cluster,table1:697,,3168,amazing animals with zoofari games ( win/mac )
extra_predicted_cluster,table1:700,,3169,sims complete
extra_predicted_cluster,table1:701,,3170,airline tycoon deluxe
extra_predicted_cluster,table1:704,,3171,ilisten with headset microphone 1.7
extra_predicted_cluster,table1:712,,3173,spongebob squarepants typing 2008 win/mac
extra_predicted_cluster,table1:713,,3174,call of duty deluxe ( mac ) ( dvd )
extra_predicted_cluster,table1:714,,3175,gsp crossword addict
extra_predicted_cluster,table1:719,,3177,best of card games ( jewel case )
extra_predicted_cluster,table1:72,,2744,midway arcade treasures ( jewel case )
extra_predicted_cluster,table1:721,,3179,backpack journalist
extra_predicted_cluster,table1:722,,3180,steinberg nuendo 3 digital audio software
extra_predicted_cluster,table1:724,,3181,simply put software got ta sing windows/macintosh )
extra_predicted_cluster,table1:725,,3182,omniweb 5.0
extra_predicted_cluster,table1:726,,3183,simply put software data eliminator
extra_predicted_cluster,table1:728,,3184,firstedge v 2.0 ( mac )
extra_predicted_cluster,table1:73,,2745,snap ! 10 000 drink recipies ( jewel case )
extra_predicted_cluster,table1:731,,3186,instant immersion italian platinum
extra_predicted_cluster,table1:735,,3187,adventure workshop preschool ( jewel case )
extra_predicted_cluster,table1:737,,3188,adobe photoshop cs2 ( mac ) [ old version ]
extra_predicted_cluster,table1:739,,3189,iris readiris pro 11.0 ( mac )
extra_predicted_cluster,table1:74,,2746,mac os x server v10 .4.7 10-client
extra_predicted_cluster,table1:740,,3190,chessmaster 9000 ( mac )
extra_predicted_cluster,table1:744,,3192,mariner calc speadsheet ( mac )
extra_predicted_cluster,table1:747,,3194,lego star wars ii : the original trilogy for mac
extra_predicted_cluster,table1:749,,3195,retrospect 6.0 desktop mac
extra_predicted_cluster,table1:75,,2747,epson storyteller photo book creator 8 x 10 ( 20 pages )
extra_predicted_cluster,table1:750,,3196,microspot interiors ( mac )
extra_predicted_cluster,table1:752,,3197,age of empires iii
extra_predicted_cluster,table1:753,,3198,microsoft office & windows training professional
extra_predicted_cluster,table1:755,,3199,micromat protogo
extra_predicted_cluster,table1:756,,3200,44 years of the fantastic four
extra_predicted_cluster,table1:760,,3201,panda software antivirus & firewall 2008 windows
extra_predicted_cluster,table1:761,,3202,microsoft visual studio team edition for software testers 2005 w/msdn premium renewal
extra_predicted_cluster,table1:762,,3203,i transfer dvds 2 ipod edition ( win/mac )
extra_predicted_cluster,table1:763,,3204,station access collection
extra_predicted_cluster,table1:768,,3206,battlefield 1942 : deluxe edition
extra_predicted_cluster,table1:77,,2749,age of mythology ( mac )
extra_predicted_cluster,table1:773,,3208,microsoft office mac 2004 english 3pk dsp 731-01163 )
extra_predicted_cluster,table1:774,,3209,adobe software acrobat pro upgrd pro-pro mac ( adbcd01798mc )
extra_predicted_cluster,table1:776,,3211,micromat techtool pro 4 ( mac )
extra_predicted_cluster,table1:778,,3213,hoyle casino 2007
extra_predicted_cluster,table1:779,,3214,3d home architect landscape v. 8 by encore software
extra_predicted_cluster,table1:780,,3215,hoyle backgammon jc
extra_predicted_cluster,table1:783,,3217,corel dvd moviefactory 6.0
extra_predicted_cluster,table1:784,,3218,axis & allies collector 's edition
extra_predicted_cluster,table1:786,,3219,jeopardy! deluxe
extra_predicted_cluster,table1:787,,3220,hoyle 4-pack 2006
extra_predicted_cluster,table1:789,,3222,hoyle mahjongg ( jewel case )
extra_predicted_cluster,table1:790,,3223,scrabble champion edition
extra_predicted_cluster,table1:791,,3224,hoyle kids ' games jc
extra_predicted_cluster,table1:792,,3225,cyberchase adventures : carnival chaos and casablanca quest
extra_predicted_cluster,table1:793,,3226,hoyle south beach solitaire
extra_predicted_cluster,table1:794,,3227,monopoly 3
extra_predicted_cluster,table1:795,,3228,ca arcserve bkup r11 .5 win client vss software snap-shot - prod only
extra_predicted_cluster,table1:797,,3229,zero-g pro pack for garageband ( appleloops )
extra_predicted_cluster,table1:799,,3230,hp dss software v. 4.0 complete package t1936aa ua0 )
extra_predicted_cluster,table1:801,,3231,ulead systems dvd workshop 2
extra_predicted_cluster,table1:802,,3232,final draft 7/syd field 's screenwriting workshop dvd bundle
extra_predicted_cluster,table1:804,,3233,digidesign music production toolkit ( pro tools le )
extra_predicted_cluster,table1:805,,3234,hoyle texas hold 'em poker ( jewel case )
extra_predicted_cluster,table1:806,,3235,chicken hunter : license to grill the great poultry race
extra_predicted_cluster,table1:807,,3236,media studio for psp standard editon
extra_predicted_cluster,table1:808,,3237,3d home architect landscape designer v8
extra_predicted_cluster,table1:809,,3238,hoyle : classic collection 2006
extra_predicted_cluster,table1:810,,3239,monopoly here & now
extra_predicted_cluster,table1:811,,3240,chicken hunter wanted jc
extra_predicted_cluster,table1:812,,3241,extensis smartscale 1-user pxe-11433 )
extra_predicted_cluster,table1:813,,3242,notetaker 1.5
extra_predicted_cluster,table1:816,,3244,microsoft visual studio team suite 2005 with msdn premium ( cd & dvd )
extra_predicted_cluster,table1:818,,3245,canopus 77010158100 let 's edit
extra_predicted_cluster,table1:820,,3246,riverdeep adventure workshop 4th-6th grade 8th edition
extra_predicted_cluster,table1:825,,3249,sony vegas 6
extra_predicted_cluster,table1:827,,3251,m-audio pro tools m-powered 7.3 m-audio compatible world-class production software
extra_predicted_cluster,table1:829,,3252,avid liquid vs 7 software
extra_predicted_cluster,table1:83,,2750,scratches : directors cut
extra_predicted_cluster,table1:830,,3253,acad corel painter x pc/mac
extra_predicted_cluster,table1:831,,3254,rainbow fish and the whale ( win/mac )
extra_predicted_cluster,table1:832,,3255,global software smart steps 2nd grade windows macintosh )
extra_predicted_cluster,table1:835,,3257,handmark oxford american desk dictionary and thesaurus
extra_predicted_cluster,table1:840,,3258,digital video and audio production book for vegas 7 + dvd
extra_predicted_cluster,table1:844,,3262,now up-to-date & contact v5 .0 ( mac )
extra_predicted_cluster,table1:845,,3263,iplaymusic beginner guitar lessons for the mac and ipod
extra_predicted_cluster,table1:848,,3265,safekeeper plus
extra_predicted_cluster,table1:85,,2751,write brothers dramatica pro win/mac
extra_predicted_cluster,table1:851,,3268,punch ! professional home design platinum v10
extra_predicted_cluster,table1:852,,3269,cinescore professional soundtrack edition
extra_predicted_cluster,table1:854,,3270,bookkeeper 2008
extra_predicted_cluster,table1:855,,3271,micromat podlock ( mac )
extra_predicted_cluster,table1:858,,3273,microsoft onenote 2007 upgrade
extra_predicted_cluster,table1:859,,3274,onone software intellihance pro 4.1
extra_predicted_cluster,table1:86,,2752,emedia bass method win/mac
extra_predicted_cluster,table1:861,,3275,creating keepsakes scrapbook designer version 2 platinum
extra_predicted_cluster,table1:862,,3276,cakewalk project5 version 2
extra_predicted_cluster,table1:863,,3277,cubase se3 educational edition
extra_predicted_cluster,table1:864,,3278,vocabulary puzzles grade 1
extra_predicted_cluster,table1:865,,3279,cakewalk sonar home studio 6
extra_predicted_cluster,table1:867,,3280,punch ! ultimate deck and landscape
extra_predicted_cluster,table1:87,,2753,microsoft licenses project svr sa govt ( h2200301 )
extra_predicted_cluster,table1:875,,3284,century software tinyterm plus v. 4.0 complete product
extra_predicted_cluster,table1:877,,3285,timbuktu remote control softwre 1 license for mac os
extra_predicted_cluster,table1:879,,3286,sony sound forge 9 boxed upgrade
extra_predicted_cluster,table1:883,,3287,adobe creative suite cs3 production premium
extra_predicted_cluster,table1:884,,3288,checkmark multiledger
extra_predicted_cluster,table1:887,,3289,hoyle bridge club
extra_predicted_cluster,table1:890,,3292,instant immersion japanese deluxe 2.0
extra_predicted_cluster,table1:895,,3295,hoyle card games 2007
extra_predicted_cluster,table1:899,,3297,onone genuine fractals 5 full 1u
extra_predicted_cluster,table1:90,,2754,emc retrospect 7.5 professional for windows upgrade
extra_predicted_cluster,table1:904,,3299,vault360 combo
extra_predicted_cluster,table1:905,,3300,efrontier anime studio pro ( win/mac )
extra_predicted_cluster,table1:906,,3301,monopoly here & now
extra_predicted_cluster,table1:91,,2755,iriscard pro business card scanner
extra_predicted_cluster,table1:910,,3303,adobe creative suite cs3 master collection upgrade [ mac ]
extra_predicted_cluster,table1:914,,3305,hasbro classic collection 2006 )
extra_predicted_cluster,table1:916,,3307,professor fuji 's sudoku ( jewel case )
extra_predicted_cluster,table1:918,,3308,recam remote monitoring software
extra_predicted_cluster,table1:92,,2756,computrace lojack for laptops 4 year subscription
extra_predicted_cluster,table1:920,,3310,mobi recam camera monitoring and notification software
extra_predicted_cluster,table1:924,,3312,hoyle casino ( 2007 )
extra_predicted_cluster,table1:926,,3313,pc hoyle jewels : swap & drop it
extra_predicted_cluster,table1:927,,3314,gorilla 4 student
extra_predicted_cluster,table1:929,,3316,your desktop post office for pc
extra_predicted_cluster,table1:93,,2757,microsoft office frontpage 2003 academic version windows )
extra_predicted_cluster,table1:932,,3318,registry mechanic 5.x pc system repair
extra_predicted_cluster,table1:934,,3320,panda antivirus 2007
extra_predicted_cluster,table1:938,,3323,typing instructor deluxe ( jewel case )
extra_predicted_cluster,table1:939,,3324,bias peak pro 5 macintosh )
extra_predicted_cluster,table1:94,,2758,warlords 3 ( jewel case )
extra_predicted_cluster,table1:940,,3325,freestyle street basketball
extra_predicted_cluster,table1:941,,3326,webroot spy sweeper with antivirus family edition 3 pcs
extra_predicted_cluster,table1:944,,3327,registry mechanic by encore software
extra_predicted_cluster,table1:945,,3328,classification & ecology ( win/mac ) ( jewel case )
extra_predicted_cluster,table1:946,,3329,the print shop 21 deluxe by broderbund
extra_predicted_cluster,table1:948,,3330,creating keepsakes scrapbook platinum v. 3 sb cs by riverdeep
extra_predicted_cluster,table1:949,,3331,leave the lights on ( mac )
extra_predicted_cluster,table1:95,,2759,autocad 2007 courseware customizing the interface
extra_predicted_cluster,table1:950,,3332,apple logic pro 7.2 upgrade
extra_predicted_cluster,table1:951,,3333,microspot macdraft professional ( mac )
extra_predicted_cluster,table1:953,,3334,digital vault
extra_predicted_cluster,table1:955,,3336,turbocad mac 3d for mac
extra_predicted_cluster,table1:956,,3337,apple logic pro 7.2 retail
extra_predicted_cluster,table1:958,,3338,onone plug-in suite 3 for adobe photoshop
extra_predicted_cluster,table1:959,,3339,stompsoft digital file shredder pro
extra_predicted_cluster,table1:960,,3340,make music finale 2008 academic
extra_predicted_cluster,table1:965,,3342,pinnacle mobile media organizer
extra_predicted_cluster,table1:966,,3343,gmp data rescue license 24300 )
extra_predicted_cluster,table1:967,,3344,mavis beacon teaches typing 16
extra_predicted_cluster,table1:969,,3345,talk now ! learn afrikaans beginning level
extra_predicted_cluster,table1:97,,2761,tournament poker 2005
extra_predicted_cluster,table1:970,,3346,computrace lojack for laptops : 3 year subscription
extra_predicted_cluster,table1:973,,3348,computrace lojack for laptops : 1 year subscription
extra_predicted_cluster,table1:978,,3349,didi & ditto : kindergarten win/mac
extra_predicted_cluster,table1:981,,3350,instant immersion italian v2 .0 ( large box )
extra_predicted_cluster,table1:983,,3351,cook 'n low fat
extra_predicted_cluster,table1:984,,3352,serious magic visual communicator 2.0 web
extra_predicted_cluster,table1:985,,3353,best of slots 2 ( jewel case )
extra_predicted_cluster,table1:986,,3354,cubase 4 competitive crossgrade
extra_predicted_cluster,table1:989,,3355,i spy fantasy v. 2 with i spy book & mini cd
extra_predicted_cluster,table1:990,,3356,power production storyboard artist 4
extra_predicted_cluster,table1:991,,3357,instant immersion spanish audio deluxe
extra_predicted_cluster,table1:992,,3358,final draft 7 professional scriptwriting win/mac
extra_predicted_cluster,table1:995,,3359,apple remote desktop 3 unlim managed systems
extra_predicted_cluster,table1:996,,3360,time money & fractions grades 1-2
extra_predicted_cluster,table1:997,,3361,mac os x server v10 .4.7 unlimited client
extra_predicted_cluster,table1:999,,3363,spy sweeper w/antivirus family edition
extra_predicted_cluster,table2:1026,,782,punch software 14100 punch ! professional home design suite for windows
extra_predicted_cluster,table2:1028,,784,punch software 83100 punch ! home design architectural series 3000 v 10 ( win 98 me nt 2000 xp )
extra_predicted_cluster,table2:1029,,785,palo alto software bppx palo alto business plan 2007 pro complete product business planning 1 user complete product standard pc
extra_predicted_cluster,table2:1032,,786,punch software 38100 punch ! super home suite complete product architectural 1 user complete productcomplete productstandard english pc
extra_predicted_cluster,table2:1033,,787,punch software 84100 punch ! home design architectural series 4000 v. 10.0 architectural pc
extra_predicted_cluster,table2:1035,,789,punch software 24100 punch ! 5 in 1 home design complete product architectural 1 user complete productcomplete productstandard pc
extra_predicted_cluster,table2:1038,,792,webroot software inc 54210 webroot desktop firewall firewall pc
extra_predicted_cluster,table2:1039,,793,punch software 25100 punch ! master landscape and home design
extra_predicted_cluster,table2:1040,,794,punch software 35100 punch ! home design suite professional complete product architectural standard 1 user ( s ) complete product pc
extra_predicted_cluster,table2:1044,,798,punch software 41100 punch ! home design architectural series 18 complete product architectural 1 user ( s ) complete product standard english pc
extra_predicted_cluster,table2:1048,,801,punch software 42100 punch ! home design architectural series 18 complete product architectural 1 user ( s ) complete product standard english pc
extra_predicted_cluster,table2:1052,,805,punch software 25100 punch ! master landscape & home design architectural 1 user ( s ) pc
extra_predicted_cluster,table2:1061,,811,sage software peachtree complete accounting 2007 software for windows tax & finance software
extra_predicted_cluster,table2:1062,,812,punch software 25100 punch ! master landscape and home design
extra_predicted_cluster,table2:1066,,815,sage software peachtree premium accounting 2007 software for windows tax & finance software
extra_predicted_cluster,table2:1068,,817,sage software peachtree pro accounting 2007 software for windows tax & finance software
extra_predicted_cluster,table2:1078,,827,sony media software acid pro 5 music production software
extra_predicted_cluster,table2:1080,,829,punch software 25100 punch ! master landscape and home design
extra_predicted_cluster,table2:1081,,830,software cinema dvd-rom : dvdrom : photoshop cs2 fundamental techniques ( training ) photoshop software
extra_predicted_cluster,table2:1082,,831,software cinema dvd-rom : dvdrom : photoshop cs2 advanced techniques ( training ) photoshop software
extra_predicted_cluster,table2:1083,,832,punch software 14100 punch ! professional home design suite for windows
extra_predicted_cluster,table2:1086,,835,sony media software acid pro 6 software music production software
extra_predicted_cluster,table2:1090,,837,sony media software acid pro 6 software upgrade from acid pro 5 music production software
extra_predicted_cluster,table2:118,,113,channel sources distribution co mlw6 .0 checkmark multiledger for pc/mac
extra_predicted_cluster,table2:12,,11,evergirl : pc cd-rom video game
extra_predicted_cluster,table2:1216,,955,topics presents : human body
extra_predicted_cluster,table2:1344,,1080,apple software t9164ll/a logic express 6
extra_predicted_cluster,table2:1347,,1083,cakewalk guitar tracks pro 3 music production software
extra_predicted_cluster,table2:1351,,1087,apple software m9953z/a remote desktop 2.2 10 client
extra_predicted_cluster,table2:1362,,1097,webroot software 65210 spy sweeper 3 pc
extra_predicted_cluster,table2:1370,,1104,apple web objects 5.2 software apple & mac software
extra_predicted_cluster,table2:1372,,1106,e-mu beat garden x for emulator x and proteus x software modules sounds for software
extra_predicted_cluster,table2:1401,,1135,apple software m9301z/b soundtrack v1 .2
extra_predicted_cluster,table2:141,,134,money prem 2007 cd minibox
extra_predicted_cluster,table2:1420,,1152,webroot software inc 66410 spy sweeper ( small box ) ( win 98 me 2000 xp )
extra_predicted_cluster,table2:1427,,1159,punch software 85100 punch!master landscape pro v10 and home design
extra_predicted_cluster,table2:1433,,1164,punch software 20100 punch ! 5 in 1 home design
extra_predicted_cluster,table2:1434,,1165,world book 2006
extra_predicted_cluster,table2:1437,,1167,printshop 20 pro publisher
extra_predicted_cluster,table2:1439,,1169,data protection security suite 2005
extra_predicted_cluster,table2:144,,137,dora the explorer : dora world adventures pc cd-rom
extra_predicted_cluster,table2:1447,,1173,i copydvds 2 professional edition
extra_predicted_cluster,table2:1448,,1174,sony creative software sfas9000 sound forge audio studio 9
extra_predicted_cluster,table2:1472,,1197,microsoft d48-00369 word mac 10.0 eng gov ' t 659556873790
extra_predicted_cluster,table2:1481,,1205,vivendi-universal games inc 72305 world of warcraft 60 day prepaid
extra_predicted_cluster,table2:1484,,1208,oem internet security suite 2007 3-user single pack
extra_predicted_cluster,table2:1485,,1209,diskeeper 2007 professional
extra_predicted_cluster,table2:1486,,1210,hallmark half-fold matte prem . blank greeting cards ( 20 pack ) ( paper )
extra_predicted_cluster,table2:1487,,1211,sea scene : living underwater worlds
extra_predicted_cluster,table2:149,,141,roxio popcorn 2 video conversion software
extra_predicted_cluster,table2:1490,,1214,autodesk 34006-010008-160 raster design 2006 essentials
extra_predicted_cluster,table2:1491,,1215,gods : lands of infinity spec
extra_predicted_cluster,table2:1494,,1216,hp procurve mobility manager v. 1.0 license and media
extra_predicted_cluster,table2:1496,,1218,office mac student/teach 04
extra_predicted_cluster,table2:1501,,1222,reel deal casino quest ( win 95 98 me 2000 xp )
extra_predicted_cluster,table2:1502,,1223,encore inc 10669 hoyle backgammon
extra_predicted_cluster,table2:1503,,1224,hewlett packard 213076-b26 secure path v4 .0 c win wkgp ed 1 lic/cd
extra_predicted_cluster,table2:1504,,1225,ilife '06 mac apple ma166z/a
extra_predicted_cluster,table2:1505,,1226,equilibrium debabelizer pro 6 0 win 1 u windows xp
extra_predicted_cluster,table2:1508,,1228,borland hdb0006wwcs180 upg delphi 2006 prof nmd f/del v3 2005 pro cd
extra_predicted_cluster,table2:1510,,1230,digital video & audio prod book
extra_predicted_cluster,table2:1512,,1232,microsoft w87-02380 office sbe 2007 win32
extra_predicted_cluster,table2:1514,,1233,microsoft windows vista home basic upgrade ( pc )
extra_predicted_cluster,table2:1519,,1235,brain play preschool 1st grade
extra_predicted_cluster,table2:152,,142,bamboo technology llc vault360 combo
extra_predicted_cluster,table2:1520,,1236,symantec 11859201 be sys recovery 7.0 win sbs ed media cd m/l
extra_predicted_cluster,table2:1524,,1240,backup exec 10d win adv disk v10 .1 e/f/g / s/i/j / c/k full pk
extra_predicted_cluster,table2:1531,,1246,pxl smartscale for mac/win
extra_predicted_cluster,table2:1538,,1252,emedia rock guitar method ( win 95 98 me nt 2000 xp/mac 8.0 )
extra_predicted_cluster,table2:1550,,1262,iremember 2.0 intriguing development
extra_predicted_cluster,table2:1565,,1273,10000 drink recipe snap
extra_predicted_cluster,table2:1567,,1274,encore inc 28453 midway arcade treasures win 98 me 2000 xp
extra_predicted_cluster,table2:1569,,1276,microsoft ho2-00003 data analyzer 2002 complete package 1 user
extra_predicted_cluster,table2:1574,,1281,freddi fish 2 case of haunted schl hse
extra_predicted_cluster,table2:1576,,1283,east west bosendorfer 290
extra_predicted_cluster,table2:1578,,1285,mom standard ops mgmt lic 2005 english mlp 5 oml
extra_predicted_cluster,table2:1580,,1286,symantec symantec pcanywhere 12 0 host remote
extra_predicted_cluster,table2:1583,,1289,internet security suite 2007 home protection pack xl box
extra_predicted_cluster,table2:1585,,1290,microsoft office and windows training ( win 98 me nt 2000 xp )
extra_predicted_cluster,table2:1593,,1296,encore 10025 hoyle card games for pc
extra_predicted_cluster,table2:1594,,1297,epson s041886 story teller 8 x 10 20 pages
extra_predicted_cluster,table2:1599,,1302,apple apple mac os x server 10 4 7 10 client
extra_predicted_cluster,table2:1600,,1303,zoo tycoon for windows
extra_predicted_cluster,table2:1606,,1308,destineer inc 10307 age of mythology ( mac 8.6-9.x ( classic ) x v10 .1 or higher )
extra_predicted_cluster,table2:1607,,1309,emedia eg03014 bass method os x
extra_predicted_cluster,table2:1609,,1311,microsoft h22-00301 gov open sa project svr w9x nt
extra_predicted_cluster,table2:1622,,1322,got game entertainment exclusive 00050 scratches : directors cut
extra_predicted_cluster,table2:1627,,1326,dramatica pro 4 for pc
extra_predicted_cluster,table2:1629,,1328,warlords iii darklords rising
extra_predicted_cluster,table2:1630,,1329,autocad 2007 coursewarecustomizing the interface
extra_predicted_cluster,table2:1633,,1332,windows sbs cal 2003 20-clt addpak device cal microsoft t74-00003
extra_predicted_cluster,table2:1637,,1336,eagle games egl 150 tournament poker no limit texas hold 'em
extra_predicted_cluster,table2:1640,,1339,retrospect 7.5 prof win upg only pz24a0075
extra_predicted_cluster,table2:1643,,1342,microsoft windows vista business 32-bit oem
extra_predicted_cluster,table2:1644,,1343,iriscard pro
extra_predicted_cluster,table2:1652,,1349,microsoft 392-02322 ae frontpage 2003
extra_predicted_cluster,table2:1659,,1355,viva media llc 00257 my sim aquarium win 2000 xp vista
extra_predicted_cluster,table2:166,,152,allume anime studio pro
extra_predicted_cluster,table2:1667,,1363,adobe systems inc 13102124 adobe photoshop cs 2 mac os x v. 10.2.8 to 10.3
extra_predicted_cluster,table2:1670,,1365,destineer inc 10316 destineer atari arcade classics action/adventure mac
extra_predicted_cluster,table2:1676,,1371,adobe 09951404 solution expert annu all
extra_predicted_cluster,table2:168,,154,adobe acrobat v8 .0 professional for mac upsell from std-pro
extra_predicted_cluster,table2:1681,,1375,iris card pro
extra_predicted_cluster,table2:1684,,1378,mcsa/mcse self-paced training kit ( exams 70-292 and 70-296 ) upg . your
extra_predicted_cluster,table2:1687,,1380,microsoft r39-00292 open win svr 2003 ext conn
extra_predicted_cluster,table2:1689,,1382,fogware publishing 10356 high school us history 2 foreign policy & reform
extra_predicted_cluster,table2:1695,,1386,buzby ; breakin all the rules hermie and freinds - digital pr
extra_predicted_cluster,table2:1696,,1387,adobe systems inc 29180248 adobe photoshop elements 5.0 / premiere elements 3.0
extra_predicted_cluster,table2:171,,156,stamps.com your desktop post office
extra_predicted_cluster,table2:1717,,1408,902453-007-e rumba unix-hp edition upgrade license 1 user volume level e 1000-1999
extra_predicted_cluster,table2:173,,157,sos aggregation company panda antivirus 2007
extra_predicted_cluster,table2:1740,,1430,master server-upg
extra_predicted_cluster,table2:175,,159,encore inc registry mechanic
extra_predicted_cluster,table2:1754,,1444,atari 26162 crusader kings mb
extra_predicted_cluster,table2:1768,,1458,microsoft 394-00416 opens exch svr exconn l/sa qual
extra_predicted_cluster,table2:1771,,1461,business objects crystal reports xi
extra_predicted_cluster,table2:1774,,1464,sierrahome hse hallmark card studio special edition win 98 me 2000 xp
extra_predicted_cluster,table2:178,,160,jungle software gorilla student 4.0 film production
extra_predicted_cluster,table2:1784,,1474,cookn vegetarian
extra_predicted_cluster,table2:1794,,1483,microsoft h32-00034 sps extrnlconnnonemplyengl & s c 805529073074
extra_predicted_cluster,table2:180,,161,iplaymusic beginner guitar lessons mac
extra_predicted_cluster,table2:1808,,1497,microsoft e32-00575 sql server 2005 developer edition x64 complete product dbms 1 developer ( s ) complete product standard english pc
extra_predicted_cluster,table2:1816,,1505,microspot interiors ( mac 10.2 or later )
extra_predicted_cluster,table2:1818,,1507,procurve vpn client software unlimited client licenses
extra_predicted_cluster,table2:1820,,1509,pop up oxford spanish / english dict
extra_predicted_cluster,table2:1825,,1514,pantone gps206 reference library
extra_predicted_cluster,table2:1830,,1519,adobe 42050142 acrobat distiller 6 lnx ret cd u/l lnx
extra_predicted_cluster,table2:1878,,1565,clickart 950000 premier image pack ( dvd-rom )
extra_predicted_cluster,table2:1879,,1566,sage ( ptree ) vernfp2007rt premium accounting for nonprofits 2007
extra_predicted_cluster,table2:1881,,1568,the beginners bible : noah 's ark activity center : activity center
extra_predicted_cluster,table2:189,,168,micromat podlock ipod utility software
extra_predicted_cluster,table2:1905,,1591,singing coach unlimited electronic learning products
extra_predicted_cluster,table2:191,,169,individual software inc bookkeeper 2008 ( us pos )
extra_predicted_cluster,table2:192,,170,adobe cs3 flash professional upgrade
extra_predicted_cluster,table2:1921,,1606,epson s041886 epson epson storyteller photo book creator w / 8in x 10in book with 20 pages complete package 1 user std win
extra_predicted_cluster,table2:1923,,1608,adobe software 22070152 after effects 6.5 pbupgrd
extra_predicted_cluster,table2:195,,172,netopia timbuktu pro for mac single license
extra_predicted_cluster,table2:1966,,1646,webroot software inc 31250 spy sweeper spanish
extra_predicted_cluster,table2:1980,,1658,cisco security server agent ( windows and solaris ) 100-agent bundle
extra_predicted_cluster,table2:1984,,1662,sonicwall gms 1000n-incremental lic upg
extra_predicted_cluster,table2:1985,,1663,sonicwall gms 1000 upgrade
extra_predicted_cluster,table2:2000,,1678,media made easy volume 3
extra_predicted_cluster,table2:2002,,1680,family tree maker 11 collector 's edition
extra_predicted_cluster,table2:2006,,1684,topics presents : dinosaurs
extra_predicted_cluster,table2:2009,,1686,punch software 26100 punch ! master landscape and home design ( small box )
extra_predicted_cluster,table2:2016,,1693,enfocus software pp7.0-sg-001 pitstop pro 7.0
extra_predicted_cluster,table2:2029,,1703,x-oom internet movies 2
extra_predicted_cluster,table2:203,,178,avanquest usa llc system care professional
extra_predicted_cluster,table2:2036,,1708,encore software 10931 the print shop design suite proed sb cs by the print shop
extra_predicted_cluster,table2:2037,,1709,recover lost data
extra_predicted_cluster,table2:2039,,1711,the printshop pro publisher v22 deluxe dvd-rom
extra_predicted_cluster,table2:2041,,1713,form workshop 1200
extra_predicted_cluster,table2:2043,,1715,imsi turbocad designer 11
extra_predicted_cluster,table2:2046,,1717,encore software 10561 marine aquarium & goldfish screen saver by
extra_predicted_cluster,table2:2048,,1719,jumpstart kindergarten ( jc )
extra_predicted_cluster,table2:2049,,1720,encore software 11273 hasbro family collection 2006 sb cs by hasbro
extra_predicted_cluster,table2:2050,,1721,the printshop v22 deluxe
extra_predicted_cluster,table2:2052,,1722,xoom movie clone 3 gold
extra_predicted_cluster,table2:2054,,1723,scrapbook designer platinum
extra_predicted_cluster,table2:2055,,1724,encore software 10076 mavis beacon typing 17 standardby broderbund
extra_predicted_cluster,table2:2056,,1725,reader rabbit 1st grade
extra_predicted_cluster,table2:2058,,1726,the big mix
extra_predicted_cluster,table2:2060,,1728,elementary school success deluxe 2006
extra_predicted_cluster,table2:2062,,1729,instant immersion language lab deluxe edition
extra_predicted_cluster,table2:2066,,1732,clipart & more 250000 ( jc )
extra_predicted_cluster,table2:2067,,1733,encore software 11941 the print shop zoom
extra_predicted_cluster,table2:207,,182,school zone interactive vocabulary puzzles 1 on track software
extra_predicted_cluster,table2:2072,,1734,topics entertainment reference success deluxe 2006
extra_predicted_cluster,table2:2074,,1736,national geographic : forces of nature
extra_predicted_cluster,table2:2076,,1738,math success deluxe 2006
extra_predicted_cluster,table2:2077,,1739,encore software 11031 calendar creator platinum sb csby riverdeep
extra_predicted_cluster,table2:2078,,1740,national geographic redshift planetarium
extra_predicted_cluster,table2:208,,183,steinberg software cubase se 3.0 educational edition
extra_predicted_cluster,table2:2082,,1743,instant home design 1 ( jc )
extra_predicted_cluster,table2:2084,,1745,web shop platinum
extra_predicted_cluster,table2:2090,,1750,clifford thinking
extra_predicted_cluster,table2:2101,,1755,topics presents : museums of world
extra_predicted_cluster,table2:2105,,1759,jumpstart phonics ( jc )
extra_predicted_cluster,table2:2106,,1760,trudys time & place house
extra_predicted_cluster,table2:2109,,1762,motu digital performer dp5 software music production software
extra_predicted_cluster,table2:2111,,1764,personal imagemanager
extra_predicted_cluster,table2:2112,,1765,adobe production premium cs3 software suite for windows professional editing software
extra_predicted_cluster,table2:2113,,1766,matchbox cross town heros
extra_predicted_cluster,table2:2114,,1767,h & r block taxcut premium federal software for mac and windows tax & finance software
extra_predicted_cluster,table2:2115,,1768,apple . mac family pack software five user license with 1-year subscription apple & mac software
extra_predicted_cluster,table2:2117,,1770,nero nero 7 ultra edition enhanced cd/dvd burning software for windows authoring software
extra_predicted_cluster,table2:2125,,1775,custom land designer 3d 7.0
extra_predicted_cluster,table2:2127,,1776,drive washer 2005
extra_predicted_cluster,table2:2129,,1778,movies on psp
extra_predicted_cluster,table2:2131,,1780,mavis beacon 16
extra_predicted_cluster,table2:2132,,1781,bias peak le 5 software music production software
extra_predicted_cluster,table2:2133,,1782,phonics success deluxe 2006
extra_predicted_cluster,table2:2135,,1783,apple software m9953z/a remote desktop 2.2 10 client
extra_predicted_cluster,table2:2137,,1784,microsoft microsoft office 2004 software suite mac education apple & mac software
extra_predicted_cluster,table2:2138,,1785,mp3 radio recorder for ipod
extra_predicted_cluster,table2:214,,187,symantec norton anti-virus v. 10 mac
extra_predicted_cluster,table2:2143,,1790,instant immersion translator deluxe 2.0
extra_predicted_cluster,table2:2147,,1793,instant play electric guitar express ( jc )
extra_predicted_cluster,table2:2149,,1795,web page designer gold
extra_predicted_cluster,table2:2155,,1798,topics presents : ancient civilizations
extra_predicted_cluster,table2:2156,,1799,steinberg cubase 4 software music production software
extra_predicted_cluster,table2:2157,,1800,simple movie maker
extra_predicted_cluster,table2:2161,,1802,instant landscape design 3.0
extra_predicted_cluster,table2:2162,,1803,symantec norton internet security 3.0 software for macintosh apple & mac software
extra_predicted_cluster,table2:2164,,1804,autodesk combustion 4.0 compositing software win compositing software
extra_predicted_cluster,table2:2165,,1805,microsoft microsoft office pro 2004 software suite mac apple & mac software
extra_predicted_cluster,table2:2167,,1807,cakewalk sonar 6 studio edition software music production software
extra_predicted_cluster,table2:2169,,1809,sibelius compass music composition teaching software music production software
extra_predicted_cluster,table2:2171,,1811,apple shake 4.1 digital compositing software for mac os x effects software
extra_predicted_cluster,table2:2172,,1812,power production storyboard quick 5 software for mac and windows animation software
extra_predicted_cluster,table2:2173,,1813,corel ulead dvd moviefactory 6 software for windows authoring software
extra_predicted_cluster,table2:2176,,1816,apple iwork '06 family pack software apple & mac software
extra_predicted_cluster,table2:2180,,1818,microsoft u02-00024 open sa biztalk hipaa accltr nt 1p
extra_predicted_cluster,table2:2182,,1819,steinberg sequel music software music production software
extra_predicted_cluster,table2:2183,,1820,make printmusic 2006 software music production software
extra_predicted_cluster,table2:2188,,1825,intuit quicken mac 2007 software finance software
extra_predicted_cluster,table2:2189,,1826,apple remote desktop 3 desktop management software 10-client edition apple & mac software
extra_predicted_cluster,table2:2192,,1829,sibelius sibelius 4 software music production software
extra_predicted_cluster,table2:2195,,1830,microsoft microsoft office 2004 software suite mac apple & mac software
extra_predicted_cluster,table2:2196,,1831,crystal-graphics crystal 3d impact ! pro animation software
extra_predicted_cluster,table2:2197,,1832,cakewalk sonar 6 producers edition software music production software
extra_predicted_cluster,table2:220,,191,feral interactive ford racing 2 for os x
extra_predicted_cluster,table2:2201,,1833,adobe captivate 2 software for windows presentation software
extra_predicted_cluster,table2:2206,,1838,microsoft office 2004 software suite oem mac apple & mac software
extra_predicted_cluster,table2:2209,,1841,absolute software lfl-n2-36 computrace lojack for laptops 3 year license ( win 2000 xp )
extra_predicted_cluster,table2:2214,,1845,absolute software lfl-n2-12 computrace lojack for laptops 1 year license ( win 2000 xp )
extra_predicted_cluster,table2:2215,,1846,nova development rgw-n10 winway resume deluxe 11.0
extra_predicted_cluster,table2:2217,,1848,sudoku puzzle addict : unlimited edition ( win 98 me 2000 xp ) from global software publ na
extra_predicted_cluster,table2:2219,,1850,absolute software lfl-m2-12 computrace lojack for laptops 1 year license mac 10.2 or higher
extra_predicted_cluster,table2:222,,193,apple ilife '06
extra_predicted_cluster,table2:2222,,1853,apple/emagic logic express 7.2 software music production software
extra_predicted_cluster,table2:2227,,1857,topics entertainment 80542 instant immersion french 2.0 781735805428
extra_predicted_cluster,table2:2233,,1862,enfocus ss3.5-ug-001 pitstop server v. 3.5 upgrade package 1 server for windows and mac
extra_predicted_cluster,table2:2234,,1863,serious magic visual communicator 2 web presentation software ( windows ) presentation software
extra_predicted_cluster,table2:2236,,1865,apple ilife '06 family pack software av production software
extra_predicted_cluster,table2:2238,,1867,steinberg cubase studio 4 software competitive crossgrade music production software
extra_predicted_cluster,table2:224,,194,jungle software gorilla standard 4.0 film production
extra_predicted_cluster,table2:2243,,1870,power production power production storyboard artist software animation software
extra_predicted_cluster,table2:2246,,1873,serious magic ultra master sets library 1 effects software
extra_predicted_cluster,table2:2247,,1874,final-draft final draft 7 screen writing software mac/win screen writing software
extra_predicted_cluster,table2:2249,,1876,apple ilife '06 software av production software
extra_predicted_cluster,table2:2253,,1880,apple remote desktop 3 unlimited client edition mac apple & mac software
extra_predicted_cluster,table2:2255,,1882,apple mac os x server tiger unlimited apple & mac software
extra_predicted_cluster,table2:2263,,1889,webroot software inc 50210 spy sweeper w/antivirus family edition ( mass merchant ) win 2000 xp
extra_predicted_cluster,table2:2264,,1890,webroot software inc 31250 spy sweeper spanish win 2000 xp
extra_predicted_cluster,table2:2265,,1891,webroot software inc 50410 spy sweeper w/antivirus family edition ( small box ) win 2000 xp
extra_predicted_cluster,table2:2269,,1894,now software nuw45e1k now up-to-date & contact for windows
extra_predicted_cluster,table2:2273,,1898,punch software 35100 punch ! professional home design suite ( small box )
extra_predicted_cluster,table2:2274,,1899,bias peak pro 5 software music production software
extra_predicted_cluster,table2:2276,,1901,encore software 10599 encore registry mechanic v. 5.1 complete product utility 1 user ( s ) complete product standard pc
extra_predicted_cluster,table2:2282,,1907,encore software 10610 encore creating keepsakes scrapbook designer platinum complete product creativity application 1 user complete product standard pc
extra_predicted_cluster,table2:2283,,1908,encore software 10038 encore the print shop v. 21.0 deluxe print management pc
extra_predicted_cluster,table2:2288,,1910,apple/emagic logic pro 7.2 software upgrade music production software
extra_predicted_cluster,table2:2289,,1911,webroot software 65210 spy sweeper 3 pc
extra_predicted_cluster,table2:229,,198,dreamcatcher interactive wanted wild willy west
extra_predicted_cluster,table2:2296,,1917,make finale 2007 software educational discount music production software
extra_predicted_cluster,table2:230,,199,microvision development webexpress
extra_predicted_cluster,table2:2301,,1921,intuit quickbooks simple start edition 2007 software for windows tax & finance software
extra_predicted_cluster,table2:2302,,1922,intuit quickbooks pro 2007 software for windows tax & finance software
extra_predicted_cluster,table2:2308,,1927,adobe premiere pro cs3 video editing software for mac av production software
extra_predicted_cluster,table2:2313,,1930,instant immersion italian platinum ( win 95 98 me nt 2000 xp )
extra_predicted_cluster,table2:2314,,1931,pinnacle mobile media organizer software for windows ipod software
extra_predicted_cluster,table2:2318,,1934,h & r block taxcut premium federal and state software for windows usb tax & finance software
extra_predicted_cluster,table2:2323,,1938,corel ulead videostudio 11 plus video editing and dvd authoring software win authoring software
extra_predicted_cluster,table2:2325,,1940,make finale allegro software music production software
extra_predicted_cluster,table2:2327,,1942,final-draft scriptwriter 's suite 2.5 screenwriting software mac/win screen writing software
extra_predicted_cluster,table2:2328,,1943,kutoka interactive 61208 mias math adventure ( just in time ) ( win 95 98 me 2000 xp/mac 8.6-9.x ( classic ) x v10 .1 or higher )
extra_predicted_cluster,table2:2329,,1944,intuit quicken premier 2007 software for windows tax & finance software
extra_predicted_cluster,table2:2333,,1948,make finale 2007 software music production software
extra_predicted_cluster,table2:2334,,1949,arcserve bkup protection suite exch r11 .5 upg-v prod only
extra_predicted_cluster,table2:2337,,1951,adobe 22011152 audition2 win retail ue 1u
extra_predicted_cluster,table2:2339,,1952,encore software 10478 encore printmaster v. 17.0 gold complete product creativity application 1 user ( s ) complete product standard pc
extra_predicted_cluster,table2:234,,203,emedia music corp emedia guitar basics
extra_predicted_cluster,table2:2343,,1956,encore software 12441 encore spongebob squarepants typing fun time management
extra_predicted_cluster,table2:2347,,1960,encore software 10568 encore hoyle puzzle & board games 2005 complete product puzzle game 1 user complete product standard pc
extra_predicted_cluster,table2:2348,,1961,encore software 12491 encore kissing canines screen saver
extra_predicted_cluster,table2:2350,,1963,encore software 460001 the big box of art 410000 95/98/me / nt4/w2k/xp ( win 95 98 me nt 2000 xp )
extra_predicted_cluster,table2:2352,,1965,onone software inc. gfn-42001 genuine fractals print pro v. 4.1 with nik sharpener pro 2.0 license standard license pc mac
extra_predicted_cluster,table2:2356,,1968,encore software 10374 encore professor fuji 's sudoku deluxe complete product educational game 1 user ( s ) complete product standard pc
extra_predicted_cluster,table2:2360,,1972,encore software 10593 encore tlc clue finders math learning system 2007 complete product educational 1 user complete product standard pc mac
extra_predicted_cluster,table2:2363,,1975,sibelius sibelius 4 software educational discount music production software
extra_predicted_cluster,table2:2364,,1976,microsoft 059-03871 molpc word sa
extra_predicted_cluster,table2:2365,,1977,poser 7 ( win 2000 xp/mac 10.4 or higher ub )
extra_predicted_cluster,table2:2367,,1979,intuit quicken deluxe 2007 software for windows tax & finance software
extra_predicted_cluster,table2:2373,,1984,encore software 10485 encore printmaster v. 17.0 platinum complete product creativity application 1 user complete product standard pc
extra_predicted_cluster,table2:2374,,1985,computer associates mdlweb99000352 model web publisher 3.52
extra_predicted_cluster,table2:2379,,1989,roxio easy media creator 9 suite software for windows authoring software
extra_predicted_cluster,table2:238,,205,csdc more brain games on hand software
extra_predicted_cluster,table2:2382,,1992,3mds network operations managerdiy annual subscptn 101 500u
extra_predicted_cluster,table2:2383,,1993,sibelius photoscore professional scanning software music production software
extra_predicted_cluster,table2:2388,,1996,student home learning system
extra_predicted_cluster,table2:239,,206,microsoft windows vista ultimate retail no open box returns
extra_predicted_cluster,table2:2393,,1999,adobe production premium cs3 software suite for mac av production software
extra_predicted_cluster,table2:2399,,2004,punch software 35100 punch ! professional home design suite ( small box )
extra_predicted_cluster,table2:2400,,2005,punch software 20100 punch ! 5 in 1 home design
extra_predicted_cluster,table2:2404,,2008,business objects t-59j-e-56-wx crystal rpt 11 report essentials cbt
extra_predicted_cluster,table2:242,,209,adobe cs3 design standard academic
extra_predicted_cluster,table2:2425,,2023,webroot software 65210 spy sweeper 3 pc
extra_predicted_cluster,table2:2426,,2024,punch software 14100 punch ! home design suite professional architectural 1 user ( s ) pc
extra_predicted_cluster,table2:2427,,2025,phillip keveren 501056 hollywood volume 1
extra_predicted_cluster,table2:2434,,2031,csdc jc212 spanish 1-2-3 on hand software
extra_predicted_cluster,table2:2438,,2034,punch software 17100 punch ! super home suite v. 3.0 complete product architectural 1 user complete productcomplete productstandard english pc
extra_predicted_cluster,table2:2440,,2036,onone software ele-10211 on1 essentials v. 1.0 for photoshop elements complete product graphics/designing 1 user complete product standard english pc mac
extra_predicted_cluster,table2:2442,,2037,sony media software cinescore soundtrack creation software audio software for video
extra_predicted_cluster,table2:2445,,2040,onone software pps-30211 on1 plug-in suite v. 3.0 for adobe photoshop complete product image collection/editing/archive complete product pc mac intel-based mac
extra_predicted_cluster,table2:2446,,2041,symantec pcanywhere 11.0 windows
extra_predicted_cluster,table2:2447,,2042,punch software 86100 prof home design platinum v10 sb win 98 me nt 2000 xp
extra_predicted_cluster,table2:2452,,2047,sound studio 3 for mac
extra_predicted_cluster,table2:2457,,2052,knowledge adventure inc. 20223 jumpstart world 1st grade mini box
extra_predicted_cluster,table2:2460,,2054,apple software m9953z/a remote desktop 2.2 10 client
extra_predicted_cluster,table2:2463,,2057,now software num50e1r up-to-date & contact v. 5.0 complete product contact management 1 user ( s ) complete product standard mac
extra_predicted_cluster,table2:2466,,2060,mindjet inc. mm7m mindjet mindmanager 7 mac single user w/wmedia
extra_predicted_cluster,table2:2468,,2062,punch software 14100 punch ! professional home design suite for windows
extra_predicted_cluster,table2:2470,,2064,intuit inc 284216 qckbks prem nonprofit ed 2005
extra_predicted_cluster,table2:2471,,2065,adobe soundbooth cs3 audio editing software windows music production software
extra_predicted_cluster,table2:2475,,2067,century software ttpl-1 century tinyterm plus v. 4.0 complete product connectivity/data acess 1 user ( s ) complete product standard english pc
extra_predicted_cluster,table2:248,,212,aspyr lego star wars
extra_predicted_cluster,table2:2484,,2075,punch software 13100 punch ! ultimate deck & landscape complete product creativity application 1 user ( s ) complete product standard pc
extra_predicted_cluster,table2:249,,213,grisoft avg anti-virus & anti-spyware
extra_predicted_cluster,table2:2490,,2080,punch software 26100 punch ! master landscape & home design architectural 1 user ( s ) pc
extra_predicted_cluster,table2:2493,,2083,encore 10023 hoyle mahjongg for pc
extra_predicted_cluster,table2:2494,,2084,corel corporation ptr9engpcma ae painter ix win/mac
extra_predicted_cluster,table2:2495,,2085,sat act & psat 2007 platinum
extra_predicted_cluster,table2:2496,,2086,cakewalk sonar home studio 6 software music production software
extra_predicted_cluster,table2:250,,214,phase one capture one le
extra_predicted_cluster,table2:2501,,2091,instant immers french dlx 2
extra_predicted_cluster,table2:2502,,2092,cakewalk project5 version 2 software music production software
extra_predicted_cluster,table2:2503,,2093,adobe premiere elements 3 and photoshop elements 5 software for windows consumer video editing software
extra_predicted_cluster,table2:2510,,2098,punch software 26100 punch ! master landscape and home design ( small box )
extra_predicted_cluster,table2:2512,,2100,topics entertainment cs-50613 snap ! 8 player poker 5 pack
extra_predicted_cluster,table2:2513,,2101,microsoft r18-00908 windows server 2003 client access license 20-pack ( per user )
extra_predicted_cluster,table2:2516,,2104,intuit quickbooks pro 2007 software for mac finance software
extra_predicted_cluster,table2:2518,,2105,microsoft powerpoint mac 2004 version upgrade
extra_predicted_cluster,table2:2523,,2110,anti-spyware 3.0 win normal 1u new
extra_predicted_cluster,table2:2529,,2114,h & r block taxcut home and business with state and e-file efile software for windows tax & finance software
extra_predicted_cluster,table2:2532,,2116,h & r block taxcut premium federal and state with e-file efile software mac/win tax & finance software
extra_predicted_cluster,table2:2538,,2122,emc insignia retrospect server client v. 7.5 complete package
extra_predicted_cluster,table2:2540,,2124,encore software 10565 hoyle card games 2007 win 98 me 2000 xp
extra_predicted_cluster,table2:2541,,2125,encore software 11230 hoyle bridge club win 2000 xp
extra_predicted_cluster,table2:2546,,2129,encore software 10272 marine aquarium + sharks win 98 me 2000 xp
extra_predicted_cluster,table2:2553,,2133,encore software 10675 hoyle casino 2007 win 98 me 2000 xp
extra_predicted_cluster,table2:2554,,2134,encore software 10662 hoyle jewels : swap & drop win 98 me 2000 xp
extra_predicted_cluster,table2:2556,,2136,encore software 11272 hasbro : family collection ( 2006 ) win 98 me 2000 xp
extra_predicted_cluster,table2:2557,,2137,encore software 10313 professor fujis sudoku ( win 98 me 2000 xp )
extra_predicted_cluster,table2:2558,,2138,mobi-cam 70008 monitoring and notification software
extra_predicted_cluster,table2:2559,,2139,encore software 11182 monopoly here & now win 98 me 2000 xp
extra_predicted_cluster,table2:256,,216,school zone interactive flash action addition & subtraction
extra_predicted_cluster,table2:2560,,2140,encore software 10025 hoyle card games ( win 98 me 2000 xp )
extra_predicted_cluster,table2:2562,,2141,encore software 10023 hoyle mahjongg ( win 98 me 2000 xp )
extra_predicted_cluster,table2:2563,,2142,encore software 2137421 printshop business card maker ( win 98 me 2000 xp )
extra_predicted_cluster,table2:2565,,2143,marine aquarium & goldfishscreen saver by encore software
extra_predicted_cluster,table2:2567,,2145,encore software 11050 hoyle 4-pack 2006 win 98 me 2000 xp
extra_predicted_cluster,table2:2568,,2146,encore software 14110 jeopardy! deluxe win 2000 xp vista
extra_predicted_cluster,table2:2570,,2148,encore software 11930 hoyle south beach solitaire win 98 me 2000 xp
extra_predicted_cluster,table2:2571,,2149,encore software 10671 hoyle kids games win 98 me 2000 xp
extra_predicted_cluster,table2:2572,,2150,encore software 11192 scrabble champion edition win 98 me 2000 xp
extra_predicted_cluster,table2:2573,,2151,encore software 10636 3d home architect landscape v. 8by
extra_predicted_cluster,table2:2574,,2152,encore software 10673 hoyle casino 2007 win 98 me 2000 xp
extra_predicted_cluster,table2:2577,,2154,encore software 11430 axis & allies collectors edition win 98 me 2000 xp
extra_predicted_cluster,table2:2579,,2156,encore software 10669 hoyle backgammon win 98 me 2000 xp
extra_predicted_cluster,table2:258,,217,nova development corp art explosion 600000 images
extra_predicted_cluster,table2:2580,,2157,encore software 33027 hoyle texas holdem ( win 98 me 2000 xp )
extra_predicted_cluster,table2:2581,,2158,encore software 10149 chicken hunter license to grill ( win 98 me 2000 xp )
extra_predicted_cluster,table2:2582,,2159,encore software 10760 chicken hunter wanted win 98 me 2000 xp
extra_predicted_cluster,table2:2583,,2160,encore software 10027 hoyle board games ( win 98 me 2000 xp )
extra_predicted_cluster,table2:2585,,2162,encore software 11052 hoyle : classic collection 2006 win 98 me 2000 xp
extra_predicted_cluster,table2:2586,,2163,encore software 11180 monopoly here & now win 98 me 2000 xp
extra_predicted_cluster,table2:2587,,2164,3d home architect landscape v. 8by encore software
extra_predicted_cluster,table2:2588,,2165,encore software 33024 hoyle solitaire ( win 98 me 2000 xp )
extra_predicted_cluster,table2:2592,,2169,hp t1936aa uao digital sending software 4.0 ( 10 device license )
extra_predicted_cluster,table2:2593,,2170,apple software t9164ll/a logic express 6
extra_predicted_cluster,table2:2594,,2171,computer associates babwbr1151s33 brightstor arcserve backup client for vss software snap-shot v. 11.5 for windows with service pack 1 add-on backup & recovery 1 server ( s ) complete product standard multilingual pc
extra_predicted_cluster,table2:2597,,2174,east west propack for garageband av production software
extra_predicted_cluster,table2:2598,,2175,final-draft final draft 7.0 with syd fields workshop bundle screen writing software
extra_predicted_cluster,table2:2599,,2176,digidesign music production toolkit music production software
extra_predicted_cluster,table2:260,,218,topics entertainment instant immersion german 2.0
extra_predicted_cluster,table2:2602,,2178,corel ulead dvd workshop 2 authoring software
extra_predicted_cluster,table2:2603,,2179,adobe audition 2.0 software pro audio digital editing environment for windows upgrade version .
extra_predicted_cluster,table2:2606,,2181,adobe photoshop cs3 extended software full version for macintosh
extra_predicted_cluster,table2:2620,,2192,sony vegas 6 video editing software professional editing software
extra_predicted_cluster,table2:2622,,2193,redshift 5 ( national geographic presents ) ( win 98 me 2000 xp )
extra_predicted_cluster,table2:2624,,2195,pc-cillin internet security 2007 3-user ( win me 2000 xp )
extra_predicted_cluster,table2:2627,,2198,onone software pxe-11433 pxl smartscale elect 1-user english mac/win
extra_predicted_cluster,table2:2628,,2199,aquarium 3-in-one limited edition ( win 95 98 me 2000 xp/mac 10.1 or higher )
extra_predicted_cluster,table2:2636,,2204,reel deal casino championship edition ( win 98 me nt 2000 xp )
extra_predicted_cluster,table2:2638,,2206,printmaster gold v 17.0 ( win 98 me 2000 xp )
extra_predicted_cluster,table2:264,,221,intuit inc quickbooks premier edition 2007 5 user
extra_predicted_cluster,table2:2640,,2208,restricted area ( win 98 me 2000 xp )
extra_predicted_cluster,table2:2642,,2210,merriam-webster english dictionary ( win 2000 xp/mac 10.3.8 or later )
extra_predicted_cluster,table2:2644,,2212,cute ftp ( win 95 98 me nt 2000 xp )
extra_predicted_cluster,table2:2649,,2217,adobe photoshop cs3 ( mac os x v. 10.4.8 )
extra_predicted_cluster,table2:2654,,2222,microsoft 121-00324 visual studio team suite 2005 with msdn premium subscriptions complete product software development standard 1 user ( s ) complete product english pc - free shipping
extra_predicted_cluster,table2:2681,,2245,microsoft 122-00411 visual studio 2005 team edition for software testers with msdn premium subscription renewal complete product programming tool standard 1 user ( s ) complete product english pc - free shipping
extra_predicted_cluster,table2:2683,,2247,canopus let 's edit video editing software win consumer video editing software
extra_predicted_cluster,table2:2689,,2253,palmspring software 523 oxford american desk dictionary
extra_predicted_cluster,table2:2714,,2277,absolute software lfl-m2-36 computrace lojack for laptops 3 year license mac 10.2 or higher
extra_predicted_cluster,table2:273,,226,microsoft windows xp pro sp2 retail
extra_predicted_cluster,table2:274,,227,roxio inc stopzilla 4.0
extra_predicted_cluster,table2:2752,,2312,punch software 35100 punch ! professional home design suite ( small box )
extra_predicted_cluster,table2:2757,,2316,jumpstart advanced 3rd grade ( pc/mac ) knowledge adventure
extra_predicted_cluster,table2:2758,,2317,m-audio pro tools m-powered mpowered 7.3 software music production software
extra_predicted_cluster,table2:2762,,2320,now software nuw45e1k now up-to-date & contact for windows
extra_predicted_cluster,table2:2766,,2323,avid liquid 7.0 professional video editing software for windows professional editing software
extra_predicted_cluster,table2:2767,,2324,global software a2649m2h rainbow fish & the whale win 95 98 me xp/mac 8.6-9.x ( classic ) x v10 .1 or higher
extra_predicted_cluster,table2:2768,,2325,global software a0447jch dk smart steps 2nd grade win 95 98 me 2000 xp vista
extra_predicted_cluster,table2:2770,,2327,tlc arthur 's kindergarten learning system ( pc ) encore
extra_predicted_cluster,table2:2773,,2329,quicken home and business 2007 ( pc ) intuit
extra_predicted_cluster,table2:2778,,2334,global software a8641jch dk smart steps first grade win 95 98 me 2000 xp vista
extra_predicted_cluster,table2:2779,,2335,apple software m9301z/b soundtrack v1 .2
extra_predicted_cluster,table2:2780,,2336,global software a2663m2h amazing animals w/zoofari games win 95 98 me xp/mac 8.6-9.x ( classic ) x v10 .1 or higher
extra_predicted_cluster,table2:2783,,2337,global software a2960jcw sudoku puzzle addict : unlimited edition win 98 me 2000 xp
extra_predicted_cluster,table2:2784,,2338,global software a9716jcw crossword addict win 95 98 me 2000 xp
extra_predicted_cluster,table2:2788,,2339,simply put software llc de905-s data elminator ( win 95 98 me nt 2000 xp )
extra_predicted_cluster,table2:2797,,2347,onone software pxe-11433 pxl smartscale elect 1-user english mac/win
extra_predicted_cluster,table2:2798,,2348,simply put software llc gs905-s got ta sing ( win 95 98 me nt 2000 xp/mac 10.0 or higher )
extra_predicted_cluster,table2:2799,,2349,garageband jampack rhythm section ( mac ) apple
extra_predicted_cluster,table2:2802,,2352,steinberg nuendo 3 music production software
extra_predicted_cluster,table2:2807,,2354,adobe premiere elements 3 ( pc )
extra_predicted_cluster,table2:281,,229,masque publishing sportsmans double play with american billiards
extra_predicted_cluster,table2:2812,,2358,sony creative software sf9006 sound forge 9 boxed upgrade sound editing s/w
extra_predicted_cluster,table2:2818,,2361,microsoft windows vista business ( pc )
extra_predicted_cluster,table2:2821,,2363,microsoft excel 2007 ( pc )
extra_predicted_cluster,table2:2822,,2364,middle school life science classification & ecology ( pc/mac ) fogware
extra_predicted_cluster,table2:2826,,2368,cosmi talking math for kids
extra_predicted_cluster,table2:2837,,2375,microsoft money 2007 home and business ( pc )
extra_predicted_cluster,table2:2838,,2376,perfect attorney premium ( pc ) cosmi
extra_predicted_cluster,table2:2839,,2377,adobe flash cs3 professional ( mac )
extra_predicted_cluster,table2:2842,,2378,ringtone media studio ( pc ) avanquest
extra_predicted_cluster,table2:2846,,2380,scholastic brain play preschool to 1st grade topics
extra_predicted_cluster,table2:2848,,2381,microsoft onenote 2007 upgrade ( pc )
extra_predicted_cluster,table2:2849,,2382,elementary school english literature basics ( pc/mac ) fogware
extra_predicted_cluster,table2:2850,,2383,microsoft office 2004 for students and teachers ( mac )
extra_predicted_cluster,table2:2851,,2384,instant immersion spanish 2.0 topics
extra_predicted_cluster,table2:2853,,2386,microsoft windows xp professional edition ( upgrade )
extra_predicted_cluster,table2:2855,,2387,national geographic photo gallery topics
extra_predicted_cluster,table2:2857,,2388,network now ! pro ( pc ) encore
extra_predicted_cluster,table2:286,,234,microsoft windows xp home edition sp2 retail box
extra_predicted_cluster,table2:2864,,2392,jumpstart advanced 1st grade knowledge adventure
extra_predicted_cluster,table2:2869,,2394,elementary school space the universe ( pc/mac ) fogware
extra_predicted_cluster,table2:2874,,2396,learning quickbooks ( pc ) intuit
extra_predicted_cluster,table2:2875,,2397,magix webradio recorder ( pc ) magix entertainment
extra_predicted_cluster,table2:288,,236,emedia music corp emedia intermediate guitar method
extra_predicted_cluster,table2:2881,,2402,apple software t9164ll/a logic express 6
extra_predicted_cluster,table2:289,,237,entertainment partners ep budgeting for film
extra_predicted_cluster,table2:2890,,2411,print perfect business cards dvd ( pc ) cosmi
extra_predicted_cluster,table2:290,,238,nova development corp ideasoft photo clip art 10000
extra_predicted_cluster,table2:2906,,2425,high school world history ( pc/mac ) fogware
extra_predicted_cluster,table2:2908,,2427,weekly reader mastering elementary & middle school math ( pc/mac ) fogware
extra_predicted_cluster,table2:2909,,2428,jumpstart advanced 2nd grade ( pc/mac ) knowledge adventure
extra_predicted_cluster,table2:2914,,2432,palmspring software 523 oxford american desk dictionary
extra_predicted_cluster,table2:292,,239,steinberg software halion symphonic orchestra educational edition
extra_predicted_cluster,table2:2920,,2437,punch software professional home design platinum version 10
extra_predicted_cluster,table2:2931,,2445,encore software 10538 adventure workshop preschool 7 by the learning company
extra_predicted_cluster,table2:2933,,2447,onone software inc. gfs-50211 genuine fractals 5 full 1u
extra_predicted_cluster,table2:2941,,2451,digital video & audio prod book
extra_predicted_cluster,table2:296,,242,netopia timbuktu pro for mac and windows 2 pack
extra_predicted_cluster,table2:2980,,2488,fisher-price rescue heroes : hurricane havoc
extra_predicted_cluster,table2:300,,245,encore inc printshop business card maker
extra_predicted_cluster,table2:3014,,2515,instant immers german dlux 2.0
extra_predicted_cluster,table2:3015,,2516,my maillist & addressbook
extra_predicted_cluster,table2:3016,,2517,instant immers italian dlux 2 .
extra_predicted_cluster,table2:3017,,2518,production prem cs3 mac upgrad
extra_predicted_cluster,table2:3019,,2520,premiere pro cs3 mac
extra_predicted_cluster,table2:3021,,2522,instant immers spanish dlux 2
extra_predicted_cluster,table2:3023,,2523,instant immers japanese dlx 2 .
extra_predicted_cluster,table2:3024,,2524,sibelius sibelius 5 software music production software
extra_predicted_cluster,table2:3027,,2527,microsoft office visio standard 2007 upgrade ( pc )
extra_predicted_cluster,table2:3028,,2528,sibelius sibelius 5 software educational discount music production software
extra_predicted_cluster,table2:304,,249,apple shake 4.1 mac os x
extra_predicted_cluster,table2:3040,,2534,encore software 10548 encore tlc zoombinis 3rd grade learning system 2007 complete product educational 1 user complete product standard pc mac
extra_predicted_cluster,table2:306,,250,mcafee inc total protection 2007 3-user
extra_predicted_cluster,table2:3103,,2586,instant architect design suite ( 00ids510cc )
extra_predicted_cluster,table2:3105,,2587,media studio for psp standard editon ( 800060 )
extra_predicted_cluster,table2:3107,,2588,microspot interiors ( ints3 .6 sb )
extra_predicted_cluster,table2:314,,255,adobe systems inc adobe acrobat 8.0 professional upsell ( std-pro )
extra_predicted_cluster,table2:322,,259,cosmic blobs : the lab rat edition by solidworks
extra_predicted_cluster,table2:323,,260,alsoft diskwarrior for intel
extra_predicted_cluster,table2:324,,261,adobe cs3 web premium
extra_predicted_cluster,table2:330,,264,microspot macdraft pe personal edition
extra_predicted_cluster,table2:335,,266,git 40 years of marvel avengers dvd-rom
extra_predicted_cluster,table2:336,,267,aquaminds notetaker
extra_predicted_cluster,table2:337,,268,micromat techtool protogo
extra_predicted_cluster,table2:341,,270,git 44 years of marvel fantastic 4 dvd-rom
extra_predicted_cluster,table2:342,,271,microspot interiors version 3.6
extra_predicted_cluster,table2:345,,274,emc insignia retrospect desktop 6.x
extra_predicted_cluster,table2:346,,275,ages of empires iii
extra_predicted_cluster,table2:349,,277,marketcircle daylite 3 customer relationship management crm
extra_predicted_cluster,table2:352,,279,adobe cs3 flash professional
extra_predicted_cluster,table2:353,,280,aspyr lego star wars ii
extra_predicted_cluster,table2:354,,281,adobe cs3 master collection upsell from cs2
extra_predicted_cluster,table2:360,,283,mariner calc spreadsheet software
extra_predicted_cluster,table2:367,,290,adobe acrobat v8 .0 professional for mac upgrade
extra_predicted_cluster,table2:368,,291,adobe cs3 design standard upgrade windows
extra_predicted_cluster,table2:376,,296,micromat tech tool pro 4.5
extra_predicted_cluster,table2:381,,300,corel corel word perfect office 12 upgrade
extra_predicted_cluster,table2:382,,301,ea sports battlefield 1942 : deluxe edition ( pc ) game
extra_predicted_cluster,table2:383,,302,apple remote desktop 3 unlimited managed systems
extra_predicted_cluster,table2:386,,303,sony pc video game the station access collection dvd-rom
extra_predicted_cluster,table2:387,,304,agatha christie and then there were none e ( pc ) tha christi
extra_predicted_cluster,table2:396,,310,me too software i transfer dvds 2 ipod
extra_predicted_cluster,table2:397,,311,sos aggregation company panda antivirus + firewall 2008 3-user
extra_predicted_cluster,table2:398,,312,aspyr call of duty deluxe
extra_predicted_cluster,table2:4,,4,production prem cs3 mac upgrad
extra_predicted_cluster,table2:400,,313,mariner macjournal 4 journal blog podcast software
extra_predicted_cluster,table2:401,,314,encore inc spongebob squarepants typing fun
extra_predicted_cluster,table2:407,,316,macspeech ilisten with headset and microphone
extra_predicted_cluster,table2:411,,319,sos aggregation company airline tycoon deluxe topware interactive
extra_predicted_cluster,table2:412,,320,aspyr the sims complete collection
extra_predicted_cluster,table2:418,,323,csdc wild photo effects on hand software
extra_predicted_cluster,table2:421,,326,re : launch carrara 5 pro
extra_predicted_cluster,table2:424,,328,iris readiris pro 11 mac ocr
extra_predicted_cluster,table2:425,,329,mike garson andrew lloyd webber andrew lloyd webber favorites featuring sunset boulevard
extra_predicted_cluster,table2:427,,330,feral interactive limited chessmaster 9000
extra_predicted_cluster,table2:438,,335,myob firstedge
extra_predicted_cluster,table2:440,,336,omni web 5.0
extra_predicted_cluster,table2:446,,340,csdc best of card games j/c on hand software
extra_predicted_cluster,table2:447,,341,global marketing partners backpack journalist honest technology
extra_predicted_cluster,table2:458,,347,summitsoft corp photoedit 2
extra_predicted_cluster,table2:461,,349,computrace lojack for laptops 3 yr subscription
extra_predicted_cluster,table2:462,,350,individual software inc total 3d home & landscape deluxe 9
extra_predicted_cluster,table2:467,,353,allume anime studio 5
extra_predicted_cluster,table2:482,,366,abacus national parks enhanced scenery
extra_predicted_cluster,table2:491,,374,individual software inc quickverse bible premier suite ( us pos )
extra_predicted_cluster,table2:492,,375,cyberchase adventures by brighter minds
extra_predicted_cluster,table2:5,,5,video studio 11 plus
extra_predicted_cluster,table2:504,,379,leveractive llc giggles computer funtime for baby shapes
extra_predicted_cluster,table2:509,,382,dvo enterprises inc. cookn deluxe 6.0
extra_predicted_cluster,table2:515,,387,apple . mac 4.0 family pack ( new or renewal )
extra_predicted_cluster,table2:517,,388,aspyr prey
extra_predicted_cluster,table2:521,,391,adobe cs3 design premium
extra_predicted_cluster,table2:533,,399,adobe acrobat v8 .0 professional for mac
extra_predicted_cluster,table2:534,,400,emedia music corp emedia piano & keyboard method
extra_predicted_cluster,table2:535,,401,encore inc 3d home architect landscape designer v 8.0
extra_predicted_cluster,table2:536,,402,micromat inc. diskstudio
extra_predicted_cluster,table2:538,,403,allume systems inc stuffit deluxe 11
extra_predicted_cluster,table2:540,,405,valusoft tune tools for ipod
extra_predicted_cluster,table2:541,,406,corel corporation corel snapfire plus
extra_predicted_cluster,table2:544,,408,kaplan act/sat/psat gold 2007 mac os x
extra_predicted_cluster,table2:545,,409,aspyr media inc sims 2 nightlife
extra_predicted_cluster,table2:546,,410,encore inc scooby doo glowing bug man
extra_predicted_cluster,table2:547,,411,enteractive inc fps creator
extra_predicted_cluster,table2:549,,412,school zone interactive multiplication & division 3-4 on track software
extra_predicted_cluster,table2:553,,415,aspyr stubbs the zombie
extra_predicted_cluster,table2:554,,416,onone software plug-in suite full
extra_predicted_cluster,table2:558,,419,adobe cs3 design standard
extra_predicted_cluster,table2:559,,420,got game entertainment atlantis quest
extra_predicted_cluster,table2:563,,422,iview mediapro 2.6 media management
extra_predicted_cluster,table2:566,,424,adobe cs3 web standard
extra_predicted_cluster,table2:574,,429,mcafee inc mcafee virusscan plus sub 1:1 3u mb en
extra_predicted_cluster,table2:575,,430,makemusic finale 2007 academic create edit and print sheet music
extra_predicted_cluster,table2:576,,431,individual software inc small business advantage deluxe
extra_predicted_cluster,table2:577,,432,symantec norton anti-virus 2007 windows
extra_predicted_cluster,table2:580,,434,adobe dreamweaver cs3 academic
extra_predicted_cluster,table2:590,,443,sos aggregation company corefx three level-core learning ltd.
extra_predicted_cluster,table2:595,,447,abacus train sim modeler
extra_predicted_cluster,table2:596,,448,alfred publishing inc learn to play keyboard
extra_predicted_cluster,table2:598,,450,topics entertainment phonics success essentials
extra_predicted_cluster,table2:600,,452,dvo enterprises inc. cookn cd recipe cards
extra_predicted_cluster,table2:605,,455,allume systems inc mediarecover
extra_predicted_cluster,table2:606,,456,corel corporation corel wordperfect office x3 pro dvd
extra_predicted_cluster,table2:610,,459,nuance communications inc. dragon ns standard v9
extra_predicted_cluster,table2:613,,462,corel corporation dvd movie factory 6 plus retial ( english )
extra_predicted_cluster,table2:621,,468,topics entertainment instant immersion italian deluxe 2.0 ( mass merchant box )
extra_predicted_cluster,table2:638,,480,fogware publishing funny faces
extra_predicted_cluster,table2:643,,483,strategy first inc. great invasions
extra_predicted_cluster,table2:644,,484,masque publishing sportsmans double play
extra_predicted_cluster,table2:648,,485,hal leonard allegro 2007 5-user labpack
extra_predicted_cluster,table2:65,,62,902453-007-b rumba unix-hp edition upgrade license 1 user volume level b 5-49 c
extra_predicted_cluster,table2:654,,489,aspyr media inc return to castle wolfenstein
extra_predicted_cluster,table2:659,,493,abacus aircraft collectors second edition
extra_predicted_cluster,table2:664,,496,zone labs zonealarm pro
extra_predicted_cluster,table2:665,,497,simply magazine sales skills
extra_predicted_cluster,table2:671,,503,encore inc hoyle solitaire
extra_predicted_cluster,table2:674,,505,print master platinum v17
extra_predicted_cluster,table2:678,,508,knowledge adventure inc. jumpstart world 2nd grade mini box
extra_predicted_cluster,table2:685,,513,topics entertainment snap ! kakuro
extra_predicted_cluster,table2:689,,516,findex.com inc sermon builder 4.0
extra_predicted_cluster,table2:692,,518,orion/imaginova starry night screensaver
extra_predicted_cluster,table2:697,,523,spelling
extra_predicted_cluster,table2:7,,7,qb pos 6.0 pro multi store sw
extra_predicted_cluster,table2:700,,525,individual software inc systemsuite 8 professional ( us pos )
extra_predicted_cluster,table2:702,,526,avanquest usa llc pcdefense
extra_predicted_cluster,table2:705,,528,emedia music corp guitar pro v 5.1 ( hybrid )
extra_predicted_cluster,table2:709,,531,encore inc monopoly 3
extra_predicted_cluster,table2:713,,534,intuit inc quicken home inventory manager
extra_predicted_cluster,table2:716,,537,avanquest usa llc spycatcher 2007
extra_predicted_cluster,table2:741,,561,3d home architect home v. 8by encore software
extra_predicted_cluster,table2:743,,563,encore software 11290 scrabble complete win 98 me xp
extra_predicted_cluster,table2:747,,565,encore software 11750 game of life win 95 98
extra_predicted_cluster,table2:750,,568,adobe photoshop elements 4.0 photo-editing software for mac
extra_predicted_cluster,table2:753,,571,encore software 10567 hoyle puzzle games 2007 win 98 me 2000 xp
extra_predicted_cluster,table2:755,,573,encore software 11630 monopoly tycoon win 98 me 2000 xp
extra_predicted_cluster,table2:758,,576,encore software 10449 high school advantage 2007 win 98 me 2000 xp
extra_predicted_cluster,table2:759,,577,encore software 12380 high school advantage 2008 win 2000 xp vista
extra_predicted_cluster,table2:760,,578,encore software 12370 middle school advantage 2008 win 2000 xp vista
extra_predicted_cluster,table2:762,,580,encore software 10653 professor fujis kakuro win 98 me 2000 xp
extra_predicted_cluster,table2:763,,581,encore software 10392 network now ! pro ( win 98 me 2000 xp )
extra_predicted_cluster,table2:766,,584,encore software 11670 who wants to be a millionaire ? win xp 2000
extra_predicted_cluster,table2:767,,585,webroot software 65210 spy sweeper 3 pc
extra_predicted_cluster,table2:771,,587,encore software 14130 wheel of fortune deluxe win 98 me 2000 xp vista
extra_predicted_cluster,table2:773,,588,encore software 12360 elementary advantage 2008 win 2000 xp vista
extra_predicted_cluster,table2:774,,589,encore software 10598 registry mechanic win 98 me 2000 xp
extra_predicted_cluster,table2:775,,590,encore software 12390 math advantage 2008 win 2000 xp vista
extra_predicted_cluster,table2:779,,594,apple software m9301z/b soundtrack v1 .2
extra_predicted_cluster,table2:780,,595,topics entertainment 80796 topics math success 2007 deluxe for windows educational software pc
extra_predicted_cluster,table2:782,,597,punch software 26100 punch ! master landscape and home design ( small box )
extra_predicted_cluster,table2:783,,598,punch software 20100 punch ! 5 in 1 home design
extra_predicted_cluster,table2:786,,601,encore software 10123 aquarium 3-in-one limited edition ( eurpac ) win 95 98 me 2000 xp
extra_predicted_cluster,table2:790,,605,e-mu modern symphonic orchestra for emulator x and proteus x sounds for software
extra_predicted_cluster,table2:791,,606,individual software resume maker professional deluxe 12.0
extra_predicted_cluster,table2:796,,607,encore software 14060 terror strike win 2000 xp
extra_predicted_cluster,table2:798,,609,adobe premiere pro cs3 software with encore cs3 and onlocation cs3 ( windows only ) full version for macintosh
extra_predicted_cluster,table2:8,,8,qb credit card kit 3.0
extra_predicted_cluster,table2:800,,611,adobe premiere pro cs3 software with encore cs3 and onlocation cs3 ( windows only ) full version for windows
extra_predicted_cluster,table2:801,,612,onone software smartscale software
extra_predicted_cluster,table2:803,,613,onone software intellihance pro 4 for mac/pc
extra_predicted_cluster,table2:804,,614,hewlett packard t1936aa ua0 hp digital sending software 4.0 complete product document management 1 device ( s ) complete product standard multilingual pc
extra_predicted_cluster,table2:806,,616,apple software t9163ll/a logic pro 6
extra_predicted_cluster,table2:807,,617,apple software t9161ll/a logic platinum / gold 5 & 6 to logic pro 6 update
extra_predicted_cluster,table2:808,,618,microsoft digital image suite plus full version of photo editing software for windows .
extra_predicted_cluster,table2:813,,622,phantom efx reel deal slots v 2.0
extra_predicted_cluster,table2:817,,625,tri synergy inc test & improve your memory scientific brain training
extra_predicted_cluster,table2:819,,627,masque publishing best of slots ii
extra_predicted_cluster,table2:821,,629,dvo enterprises inc. cookn low fat
extra_predicted_cluster,table2:822,,630,topics entertainment i spy fantasy w / i spy bk & mini cd
extra_predicted_cluster,table2:832,,638,topics entertainment instant immersion spanish audio deluxe
extra_predicted_cluster,table2:835,,641,school zone interactive time money & fractions 1-2 on track software
extra_predicted_cluster,table2:837,,642,topics entertainment talk now ! afrikaans beginners
extra_predicted_cluster,table2:838,,643,sos aggregation company iaudioize magnetic time
extra_predicted_cluster,table2:840,,645,sony media software vegas movie studio + dvd 8 platinum edition
extra_predicted_cluster,table2:842,,647,kutoka interactive inc didi & ditto ( kindergarten )
extra_predicted_cluster,table2:843,,648,bling software limited safekeeper plus
extra_predicted_cluster,table2:850,,653,migo software digital vault 2005
extra_predicted_cluster,table2:851,,654,imsi design llc turbocad mac 3d
extra_predicted_cluster,table2:861,,662,migo software digital file shredder 2005
extra_predicted_cluster,table2:874,,673,prosoft engineering data rescue universal license
extra_predicted_cluster,table2:875,,674,individual software inc typing instructor deluxe j/c
extra_predicted_cluster,table2:876,,675,vivendi-universal games inc freestyle street basketball
extra_predicted_cluster,table2:887,,684,fogware publishing middle school life science classification & ecology
extra_predicted_cluster,table2:889,,686,avanquest usa llc britannica deluxe
extra_predicted_cluster,table2:890,,687,aspyr leave the lights on-bundle
extra_predicted_cluster,table2:891,,688,microspot macdraft professional edition
extra_predicted_cluster,table2:892,,689,sims 2 pets for mac
extra_predicted_cluster,table2:894,,690,laughingbird the logo creator
extra_predicted_cluster,table2:895,,691,apple . mac 4.0 1yr new or renewal internet service
extra_predicted_cluster,table2:896,,692,microspot x-rip large format print driver for os x
extra_predicted_cluster,table2:897,,693,adobe contribute cs3 upgrade
extra_predicted_cluster,table2:898,,694,valusoft tune transfer for ipod
extra_predicted_cluster,table2:899,,695,git amazing spider-man the complete collection dvd-rom
extra_predicted_cluster,table2:900,,696,intuit quicken 2007 macintosh
extra_predicted_cluster,table2:905,,699,allume stuffit deluxe 11 os x 10.4 or higher
extra_predicted_cluster,table2:907,,700,micromat techtool protege utility with 1gb firewire flash drive
extra_predicted_cluster,table2:909,,701,allume spring cleaning 9.0
extra_predicted_cluster,table2:912,,704,freeverse burning monkey solitaire 3d
extra_predicted_cluster,table2:915,,705,microsoft office 2004 std upgrade
extra_predicted_cluster,table2:916,,706,prosoft engineering drive genius 1.5
extra_predicted_cluster,table2:920,,709,freeverse burning monkey mahjong 3d
extra_predicted_cluster,table2:921,,710,adobe cs3 production premium
extra_predicted_cluster,table2:922,,711,intuit quickbooks pro 2007 for mac
extra_predicted_cluster,table2:924,,712,microsoft windows xp pro oem sp2 no open box returns
extra_predicted_cluster,table2:925,,713,git 40 years of marvel x-men dvd-rom
extra_predicted_cluster,table2:927,,714,belight swift publisher page layout software
extra_predicted_cluster,table2:929,,715,appleworks 6.2 for mac
extra_predicted_cluster,table2:930,,716,chessmaster 9000 : feral interactive
extra_predicted_cluster,table2:931,,717,play music together dvd by iplaymusic mac
extra_predicted_cluster,table2:933,,718,mediafour macdrive 6 access mac partition in windows
extra_predicted_cluster,table2:934,,719,laughingbird the flash ad creator
extra_predicted_cluster,table2:935,,720,civilization iv mac os x aspyr
extra_predicted_cluster,table2:936,,721,git comic book library collector 's edition vol . 1
extra_predicted_cluster,table2:939,,723,adobe cs3 design premium academic
extra_predicted_cluster,table2:945,,724,microsoft office 2004 student/teacher
extra_predicted_cluster,table2:950,,726,adobe cs3 master collection upsell from cs1
extra_predicted_cluster,table2:955,,728,adobe pagemaker 7.0 for mac version upgrade
extra_predicted_cluster,table2:956,,729,zend studio 5.1 php integrated development environment
extra_predicted_cluster,table2:959,,732,microsoft windows vista business retail no open box returns
extra_predicted_cluster,table2:965,,736,aspyr roller coaster tycoon 3 mac os x
extra_predicted_cluster,table2:969,,738,now software now up-to-date and contact
extra_predicted_cluster,table2:971,,740,aspyr return to castle wolfenstein
extra_predicted_cluster,table2:972,,741,corel painter x academic
extra_predicted_cluster,table2:973,,742,aspyr the sims 2
extra_predicted_cluster,table2:976,,744,detto move2mac usb kit ( to move data from pc to ma
extra_predicted_cluster,table2:978,,746,aspyr call of duty 2 mac
extra_predicted_cluster,table2:987,,751,computrace lojack for laptops 1 yr subscription
extra_predicted_cluster,table2:988,,752,git captain america : the complete collection dvd-rom
extra_predicted_cluster,table2:990,,753,brighter minds backyard sports
