id,title,manufacturer,price
amazon:0,learning quickbooks 2007,intuit,38.99
amazon:1,superstart ! fun with reading & writing !,,8.49
amazon:2,qb pos 6.0 basic software,intuit,637.99
amazon:3,math missions : the amazing arcade adventure ( grades 3-5 ),,12.95
amazon:4,production prem cs3 mac upgrad,adobe software,805.99
amazon:5,video studio 11 plus,corel corporation,103.99
amazon:6,edius pro 4,canopus/grass valley,585.99
amazon:7,qb pos 6.0 pro multi store sw,intuit,1054.99
amazon:8,qb credit card kit 3.0,intuit,25.99
amazon:9,vegas movie studiodvd +8 plat,sony creative software,92.99
amazon:10,qb pos 6.0 pro solution hw/sw,intuit,1474.99
amazon:11,ares rising,,29.95
amazon:12,evergirl : pc cd-rom video game,,14.99
amazon:13,cd384-aisk9 = cisco ios advanced ip services complete package cd,,2068.26
amazon:14,633808063023 wasp bar code fontware complete package 10 users cd win english,,154.6
amazon:15,0202-034 axis camera station license 1 additional user,,95.12
amazon:16,eu063av aba microsoft windows xp professional license and media 1 user cto english -,,137.09
amazon:17,bb0gyna ibm informix dynamic server enterprise edition v. 9.4 media cd linux,,195.53
amazon:18,eqzfn07-201 zetafax business edition license 5 users win,,499.17
amazon:19,633808390266 wasp mobileasset professional edition combo pack with spt 1800 v. 5 comp,,2021.99
amazon:20,wg017449 watchguard firebox x5500e utm software suite subscription license 1 year +,,3715.48
amazon:21,11k2990 international printing for mysap.com complete package 1 client cd englis,,149.43
amazon:22,5325302018 snap enterprise data replicator license 1 server linux unix win,,663.22
amazon:23,38039440dm adobe flash cs3 professional v. 9 media tlp tlp nonprofit dvd win,,18.88
amazon:24,11105106 symantec bindview policy manager v. 1.0 media cd win english,,16.09
amazon:25,25510587 adobe after effects cs3 professional complete package 1 user dvd win c,,1054.23
amazon:26,wg017127 watchguard gateway antivirus for e-mail maintenance 1 year 1 device wi,,751.44
amazon:27,did0480p-m311 plasmon additional maintenance 24x7 plasmon diamond technical support consul,,1562.06
amazon:28,633808035020 wasp nest ccd suite business edition complete package 1 user cd win,,179.03
amazon:29,711-00072 microsoft entertainment pocketpak 2004 productivity pack complete package 1,,29.93
amazon:30,01-ssc-6993 sonicwall client/server anti-virus suite subscription license 3 years 50,,3992.98
amazon:31,buvsag-00000 ulead videostudio 10 complete package 1 user win english,,61.94
amazon:32,s71-00009 perfect dark zero complete package 1 user microsoft xbox 360 dvd engli,,34.38
amazon:33,c6q-00002 microsoft digital image suite plus complete package 1 pc cd-rom ( mini box ),,93.33
amazon:34,ma166z/a ilife '06 complete package 1 user dvd mac,,72.74
amazon:35,s45es-12225sg = cisco ios enterprise services v. 12.2 ( 25 ) sg complete package,,7022.74
amazon:36,t74-00004 microsoft windows small business server 2003 license 20 additional user cals,,1834.4
amazon:37,122103 quarkxpress v. 7 complete package 1 user cd win mac,,742.21
amazon:38,dsv3-swa dsview v. 3 license 5 users 1 hub win,,2426.1
amazon:39,366125-002 hp care pack software technical support vmware virtualcenter 1 node 2 process,,1589.95
amazon:40,378517z lenovo thinkvantage imageultra builder ( non-lenovo systems ) v. 3.0 licen,,17.21
amazon:41,fpm32c070-a08n monarch standard edition v. 7.0 complete package 8 users cd win,,3640.84
amazon:42,910519-004 rumba as/400 edition v. 7.4 upgrade license 1 processor tier p10 c,,3223.26
amazon:43,10568 hoyle puzzle & board games 2005 complete package 1 user pc cd win,,14.51
amazon:44,dm0016009 contivity stateful firewall license 1 switch english,,371.5
amazon:45,22030094 adobe encore dvd v. 2.0 complete package 1 user dvd win universa,,377.61
amazon:46,5325302020 snap enterprise data replicator advanced license 1 server linux unix win,,1320.64
amazon:47,b11-01215 microsoft works suite 2006 license and media 1 user cd win english u,,94.08
amazon:48,bb117ac hp storageworks data protector express backup server product upgrade package -,,459.3
amazon:49,w-1rp-f-wx-00 crystal reports xi professional edition complete package 1 user win fren,,538.5
amazon:50,633808105020 wasp bar code labeler complete package 3 users cd win english,,195.77
amazon:51,01-ssc-7316 sonicwall cfs premium gov/ed edition for sonicwall pro 4100 subscription licen,,2565.08
amazon:52,11105093 symantec web security for microsoft isa server 2004 v. 5.0 media cd -,,16.09
amazon:53,395-03824 microsoft exchange server 2007 enterprise edition complete package 1 server,,6594.2
amazon:54,rl294aa red hat enterprise linux ws v. 3 update 8 license 1 user,,215.57
amazon:55,808-1v500-mk-us directory and resource administrator v. 5.0 media win english unit,,75.48
amazon:56,22799 vsi-fax upgrade license 8 additional ports linux unix win,,2181.91
amazon:57,e17887d symantec backup exec for netware servers remote agent for windows or netware ser,,197.65
amazon:58,b7305pa supportpack for hp openview manager for microsoft exchange server 2.0 premium -,,85.85
amazon:59,40y9223 computrace lojack for laptops subscription package 4 years 1 notebook -,,125.97
amazon:60,04l1671 ibm websphere mq link for r/3 v. 1.2 complete package 1 server cd -,,12567.39
amazon:61,cd28-esk9 = cisco ios enterprise services complete package cd,,1001.38
amazon:62,23500195dm adobe incopy cs3 v. 5.0 media tlp tlp nonprofit dvd win univers,,18.88
amazon:63,01-ssc-5310 sonicwall global vpn client license 1 user win,,43.85
amazon:64,f309a-g03-11 .0 scansoft paperport professional v. 11 complete package 5 users win -,,841.55
amazon:65,902453-007-b rumba unix-hp edition upgrade license 1 user volume level b 5-49 c,,147.73
amazon:66,wg7569 watchguard livesecurity service gold watchguard serverlock for solaris technic,,2279.02
amazon:67,j8779a hp procurve manager plus v. 2.0 upgrade license unlimited devices wi,,2270.06
amazon:68,15510669dm adobe after effects cs3 professional v. 8 media tlp tlp nonprofit d,,18.88
amazon:69,mtp07emb3rua mcafee total protection 2007 complete package 3 users cd mini-box wi,,86.94
amazon:70,29270077 adobe creative suite 3 web standard product upgrade package 1 user upgrade,,843.15
amazon:71,29270055 adobe creative suite 3 web standard complete package 1 user cd win uni,,1056.98
amazon:72,evyu7517 emc insignia visualsrm smb edition v. 1.7 media cd win,,3.29
amazon:73,cabprenaen150 ca business protection suite for microsoft small business server premium edition,,666.65
amazon:74,38040048dm vlog it ! v. 2.5 media tlp tlp nonprofit download win worldwide,,20.97
amazon:75,19600061dm adobe creative suite 3 production premium media tlp download mac world,,20.97
amazon:76,72212 world of warcraft complete package 1 user pc cd win mac,,24.8
amazon:77,dja-00892 microsoft system center essentials 2007 license 1 server win english,,93.25
amazon:78,fpxmlc020-a01 vortexml v. 2 complete package 1 user cd win,,363.63
amazon:79,eete7717 emc insignia eroom smb edition v. 7.3 media and documentation set cd -,,37.24
amazon:80,5325301873 snap appliance snap care snap enterprise data replicator technical support c,,377.06
amazon:81,910584-001 rumba as/400 edition v. 7.2 upgrade package 1 processor tier p60 c,,26759.24
amazon:82,10517940 symantec client security with groupware protection business pack v. 3.1 -,,3323.92
amazon:83,01-ssc-7524 sonicwall email anti-virus mcafee and sonicwall time zero subscription license,,14568.97
amazon:84,22798 vsi-fax license 8 additional ports linux unix win,,5189.82
amazon:85,22790 vsi-fax license unlimited clients linux unix win,,4275.71
amazon:86,10527687 symantec on-demand protection v. 2.6 media elite forecast elite commi,,16.98
amazon:87,msd-w30-de-r manga studio debut v. 3.0 complete package 1 user cd win,,41.74
amazon:88,9002 refviz v. 2 complete package 1 user mac,,160.88
amazon:89,298881 quickbooks customer manager v. 2.5 complete package 1 user cd win,,69.38
amazon:90,633808344078 wasp mobileinventory combo pack w / spt1550 license 1 additional mobile dev,,409.56
amazon:91,19280016dm adobe creative suite 3 master collection media tlp tlp nonprofit dvd ma,,18.88
amazon:92,babnur1111s01 brightstor arcserve backup for netware w/sp1 v. 11.1 version upgrade pac,,379.23
amazon:93,01-ssc-7520 sonicwall email anti-virus mcafee and sonicwall time zero subscription license,,1306.68
amazon:94,210100533 pinnacle studio plus titanium edition v. 10.5 complete package 1 user,,67.47
amazon:95,wg4110 watchguard vpn manager upgrade package 10 nodes cd win english,,1235.07
amazon:96,910623-000 rumba web-to-host for as/400 v. 4.2 license 1 processor tier p60 s,,29578.09
amazon:97,01-ssc-6959 sonicwall enforced client anti-virus and anti-spyware subscription license 2,,10693.51
amazon:98,389449-b21 pgi server compiler suite license 2 users linux,,4269.47
amazon:99,19500220 adobe creative suite 3 design premium product upgrade package 1 user upgra,,1687.48
amazon:100,269-10040 microsoft office professional edition 2003 service pack v. 2 media vol,,23.53
amazon:101,01-ssc-6791 sonicwall email protection subscription subscription license 2 years + dyn,,1234.09
amazon:102,5325301871 snap appliance snap care snap enterprise data replicator technical support c,,377.06
amazon:103,fpmdps070-a02a monarch data pump v. 7.0 license 2 additional processors win,,6998.48
amazon:104,9am-00014 microsoft flight simulator x deluxe edition complete package 1 user pc d,,42.79
amazon:105,wg017196 watchguard webblocker subscription license 1 year 1 device win,,92.8
amazon:106,4817n24 vmware virtualcenter management server v. 2 limited subscription 5 yea,,2383.02
amazon:107,24100 punch ! 5 in 1 home design complete package 1 user cd win,,36.28
amazon:108,11105947 symantec backup exec 11d for windows small business server standard w / continu,,479.12
amazon:109,t5321a hp storageworks storage mirroring for aio edition license 1 host win,,1834.26
amazon:110,12000-0611 cadopia standard v. 6 complete package 1 user cd win,,235.17
amazon:111,t74-01215 microsoft windows small business server 2003 version upgrade license 5 addit,,186.73
amazon:112,22774 vsi-fax v. 6 complete package 1 server cd linux,,1573.45
amazon:113,01-ssc-5670 sonicwall cfs standard edition for sonicwall pro 4100 subscription license 1,,857.38
amazon:114,29p4453 ibm distributed computing environment v. 3.2 complete package 1 user,,4160.59
amazon:115,j4300-ipsec-ltu juniper networks ipsec license for j4300 license 1 device,,840.0
amazon:116,17911 window washer license and media 1 user cd win,,21.41
amazon:117,activision 81935 spiderman 3 ps2,activision,39.1
amazon:118,channel sources distribution co mlw6 .0 checkmark multiledger for pc/mac,channel sources distribution co,294.58
amazon:119,ipswitch wd-1000-0900 ws_ftp pro 9 sdk w / ws_ftp pro,ipswitch,325.51
amazon:120,nbcn1005 netbotz central license 5 nodes win,,749.01
amazon:121,cww-6 .1 - win-mr ciscoworks for windows v. 6.1 version upgrade package 1 user upgrade,,213.09
amazon:122,sbqb7r quicken legal business pro 2007 complete package 1 user win,,69.16
amazon:123,62000046dg adobe acrobat 3d v. 1.0 media gov nact tlp cd win universal e,,19.11
amazon:124,123-00001 microsoft visual studio 2005 team test load agent complete package 1 process,,4792.85
amazon:125,eq771av aba microsoft windows xp professional license and media 1 user cto english -,,137.09
amazon:126,92722 tun plus 2006 competitive upgrade license and media 1 user win,,166.15
amazon:127,ma888z/a final cut studio v. 2 version upgrade package 1 seat dvd mac,,460.7
amazon:128,bt00nna ibm rational clearcase lt v. 6.0.0 media cd win hp-ux solaris en,,108.95
amazon:129,910523-002 rumba as/400 edition v. 7.2 upgrade package 1 processor tier p50 c,,20069.43
amazon:130,ba0f8ml ibm websphere mq v. 6.0.1 media cd linux unix win multi,,143.01
amazon:131,pix-sw-sc-50 = cisco pix software security contexts license 50 additional users,,17721.99
amazon:132,wg017285 watchguard spamblocker subscription license renewal 1 year 1 appliance,,1335.25
amazon:133,ua037-ux00w-5 .3 netraverse merge server version v. 5.3 version upgrade license 1 serve,,803.32
amazon:134,10759458 symantec backup exec 11d for windows small business server premium w / continuo,,520.31
amazon:135,121745 diskeeper 2007 pro premier edition complete package 10 workstations dvd -,,787.56
amazon:136,01-ssc-6639 sonicwall email compliance subscription subscription license 1 year 1 se,,176.38
amazon:137,f1q-00302 microsoft visual studio 2005 professional edition upgrade package + msdn profe,,757.74
amazon:138,01-ssc-7491 sonicwall email protection subscription subscription license 2 years + dyn,,1542.62
amazon:139,01-ssc-6011 sonicwall update service for sonicwall content security manager 2100 cf mainte,,5781.25
amazon:140,10759354 symantec backup exec 11d for windows small business server agent for windows sys,,260.63
amazon:141,money prem 2007 cd minibox,microsoft,63.99
amazon:142,ovolab phlink [ phlinkv3 ],,149.0
amazon:143,wizoo wizooverb w5 5.1 surround sound room emulator,,399.99
amazon:144,dora the explorer : dora world adventures pc cd-rom,,19.99
amazon:145,adobe photoshop elements 4.0 mac,,79.99
amazon:146,nate lapointe grateful dead cherry lane music grateful dead legendary licks a step-by-step breakdown of grateful dead 's guitar styles and techniques,,18.5
amazon:147,sims 2 season expansion pack,,37.99
amazon:148,fifth dimension shannon grama yamaha the 5th dimension greatest hits on earth smart pianosoft,,14.86
amazon:149,roxio popcorn 2 video conversion software,,44.99
amazon:150,avanquest usa llc partition commander 10,,43.32
amazon:151,adobe indesign cs3 for mac upgrade,,205.99
amazon:152,bamboo technology llc vault360 combo,,24.58
amazon:153,macspeech ilisten software,,99.99
amazon:154,sylvia woods teach yourself to play the folk harp,,40.3
amazon:155,andrew lloyd webber yamaha andrew lloyd webber cats smart pianosoft 2-disk set,,22.13
amazon:156,destineer publishing coporation starship troopers/first to fight bundle,,15.08
amazon:157,global marketing partners art text belight software,,43.29
amazon:158,emedia finale allegro,,169.99
amazon:159,phantom efx reel deal slots mystic forest,,17.24
amazon:160,kevin burke homespun learn to play irish fiddle lesson one polkas jigs and slides,,22.13
amazon:161,orion/imaginova starry night galaxy explorer,,8.8
amazon:162,global software publ na sudoku,global-software-publishing-north-america-inc,4.82
amazon:163,encore inc elementary advantage 2008,,33.89
amazon:164,yamaha carole king tapestry smart pianosoft,,14.86
amazon:165,jungle software gorilla pro 4.0 film production,,359.99
amazon:166,allume anime studio pro,,179.99
amazon:167,dreamcatcher interactive obscure,,17.55
amazon:168,adobe acrobat v8 .0 professional for mac upsell from std-pro,,145.99
amazon:169,tri synergy inc oxford world encyclopedia,,16.31
amazon:170,digital leisure inc dance 6 ( e-jay ),digital-leisure-inc .,24.91
amazon:171,stamps.com your desktop post office,,13.38
amazon:172,adobe soundbooth cs3,,205.99
amazon:173,sos aggregation company panda antivirus 2007,,23.72
amazon:174,cindy blackman rittor music multiplicity : cindy blackman 's drum world vhs video,,18.5
amazon:175,encore inc registry mechanic,,25.49
amazon:176,adobe illustrator cs3 upgrade for mac,,206.99
amazon:177,phillip keveren disney 's the little mermaid/beauty and the beast,,23.59
amazon:178,jungle software gorilla student 4.0 film production,,179.99
amazon:179,topics entertainment instant play guitar deluxe v2 .0,,31.06
amazon:180,iplaymusic beginner guitar lessons mac,,44.95
amazon:181,sos aggregation company vw gti racer topware interactive,,8.44
amazon:182,adobe cs3 web premium upsell,,1434.99
amazon:183,onone software qx-tools pro 7 upgrade,,69.17
amazon:184,robert thies cecilia tsan yamaha sonatas for cello ( for cd-compatible modules ),,29.4
amazon:185,encore inc adventure workshop preschool-1st grade 8th edition,,17.1
amazon:186,judy garland yamaha judy garland the best of the capitol masters : the london sessions smart pianosoft,,22.13
amazon:187,hal leonard corporation basic guitar & string set up starter series dvd,,6.14
amazon:188,judy collins steve bach yamaha judy collins judith smart pianosoft,,14.86
amazon:189,micromat podlock ipod utility software,,39.99
amazon:190,adobe premiere pro cs3,,825.99
amazon:191,individual software inc bookkeeper 2008 ( us pos ),,37.19
amazon:192,adobe cs3 flash professional upgrade,,205.99
amazon:193,strategy first inc. culpa innata,,37.82
amazon:194,allume systems inc poser figure artist,,92.51
amazon:195,netopia timbuktu pro for mac single license,,97.99
amazon:196,topics entertainment instant immersion spanish advanced audio,,12.05
amazon:197,happy traum homespun fingerstyle arrangements for hymns spirituals and sacred songs dvd one,,22.13
amazon:198,vivendi blizzard world of warcraft,,24.99
amazon:199,sage ( ptree ) premium accounting for manufacturing 2007 multi-user,,1180.37
amazon:200,fred sokolow hal leonard corporation fretboard roadmaps instructional dvd for guitar,,12.68
amazon:201,imagination international corp live bingo,imagination-international-corp,10.86
amazon:202,emc insignia retrospect workgroup 6,,349.99
amazon:203,avanquest usa llc system care professional,,43.32
amazon:204,punch software pro home design suite,,61.8
amazon:205,brent mills yamaha selections from a chorus line,,25.77
amazon:206,victory multimedia wordweb deluxe,,16.42
amazon:207,school zone interactive vocabulary puzzles 1 on track software,,9.45
amazon:208,steinberg software cubase se 3.0 educational edition,,145.73
amazon:209,sony media software photo go ( with $ 5 mir ),sony-media-software,19.66
amazon:210,hal leonard musicmaker,,22.13
amazon:211,topics entertainment snap ! hair styler studio,,3.44
amazon:212,freeverse software toysight gold,,21.23
amazon:213,david grier homespun video bluegrass guitar,,22.13
amazon:214,symantec norton anti-virus v. 10 mac,,64.99
amazon:215,rob mullins yamaha welcome to planetmullins ! pianosoft plus audio,,29.4
amazon:216,adobe premiere pro cs3 academic,,339.99
amazon:217,yamaha theme from sabrina ( piano solo ) ( for xg-compatible modules ),,6.14
amazon:218,viva media llc riding academy : jump & ride,,17.55
amazon:219,encore inc printmaster gold v 17.0,,17.1
amazon:220,feral interactive ford racing 2 for os x,,24.0
amazon:221,whitney houston tad sisler yamaha whitney houston smart pianosoft,,14.86
amazon:222,apple ilife '06,,79.99
amazon:223,sega of america inc sonic mega collection,sega-of-america-inc .,17.55
amazon:224,jungle software gorilla standard 4.0 film production,,269.99
amazon:225,tom kolb star licks modes for the lead guitarist,,7.6
amazon:226,checkmark multiledger 6.0,,299.99
amazon:227,simply magazine finance your business,,3.1
amazon:228,apple ilife '06 family pack,,99.99
amazon:229,dreamcatcher interactive wanted wild willy west,,17.55
amazon:230,microvision development webexpress,,57.52
amazon:231,fogware hyb art dvd,,21.99
amazon:232,yamaha the hits of elton john,,25.77
amazon:233,roy book binder homespun blues by the book two-dvd set,,36.67
amazon:234,emedia music corp emedia guitar basics,,16.64
amazon:235,abacus usa/world extreme landscapes bundle,,38.43
amazon:236,star licks playing in the style of the fender telecaster greats,,14.86
amazon:237,corel painter x,,395.99
amazon:238,csdc more brain games on hand software,,7.17
amazon:239,microsoft windows vista ultimate retail no open box returns,,399.99
amazon:240,encore inc registry mechanic 6.0,,25.49
amazon:241,csdc macdrive 7 for windows mediafour corp.,,39.61
amazon:242,adobe cs3 design standard academic,,385.99
amazon:243,encore inc math advantage 2008,,33.89
amazon:244,csdc route 66 route canada ( french ),,35.98
amazon:245,pete huttlinger john denver homespun video learn to play the songs of john denver dvd,,22.13
amazon:246,sims 2 open for business,,34.99
amazon:247,rosemary clooney yamaha rosemary clooney white christmas smart pianosoft,,18.5
amazon:248,aspyr lego star wars,,29.99
amazon:249,grisoft avg anti-virus & anti-spyware,,32.29
amazon:250,phase one capture one le,,76.99
amazon:251,encore inc family tree maker version 16 collectors edition,,85.07
amazon:252,aspyr sims 2 university expansion pack,,35.99
amazon:253,paul mehling django reinhardt homespun learn to play django-style gypsy jazz guitar dvd one rhythm,,22.13
amazon:254,adobe cs3 web standard upsell,,819.99
amazon:255,re : launch bryce 6,,94.94
amazon:256,school zone interactive flash action addition & subtraction,,8.8
amazon:257,adobe cs3 after effects upgrade,,306.99
amazon:258,nova development corp art explosion 600000 images,,72.86
amazon:259,apple aperture v 1.5 photo editing,,299.99
amazon:260,topics entertainment instant immersion german 2.0,,17.55
amazon:261,x-plane 8 dlx mac os x graphic sim,,56.99
amazon:262,peter erskine trio hudson music peter erskine trio live at jazz baltica,,14.86
amazon:263,adobe photoshop cs3 extended for mac,,935.99
amazon:264,intuit inc quickbooks premier edition 2007 5 user,,1309.31
amazon:265,apple iwork '06 family pack,,99.99
amazon:266,susteen inc datapilot cell phone data transfer suite universal,,67.94
amazon:267,warner home video games hospital tycoon,warner-new-media,26.33
amazon:268,ca internet security suite plus 2008 w / $ 10000 warranty,,92.2
amazon:269,hal leonard rachmaninoff piano concerto no. 2 in c minor op. 18,,25.77
amazon:270,the richard friedman trio motown hits * ( for the tg-100 ) *,,25.77
amazon:271,berlitz french premier language learning,,39.99
amazon:272,simply put software llc mozy 3.0,simply-put-software-llc,43.3
amazon:273,microsoft windows xp pro sp2 retail,,299.99
amazon:274,roxio inc stopzilla 4.0,,26.14
amazon:275,chronos soho labels and envelopes,,29.99
amazon:276,delorme mapping topo usa 6.0 west region,,43.36
amazon:277,broderbund mavis beacon teaches typing deluxe17,,36.99
amazon:278,steve finger steve finger songs of gershwin porter & rodgers ez play today,,22.13
amazon:279,encore inc family tree maker v 16 essentials,,25.75
amazon:280,phase one capture one pro,,415.99
amazon:281,masque publishing sportsmans double play with american billiards,,17.55
amazon:282,bob florence quartet yamaha bob florence quartet ( for cd-compatible modules ),,29.4
amazon:283,lynyrd skynyrd yamaha lynyrd skynyrd all-time greatest hits smart pianosoft,,14.86
amazon:284,myob accountedge 2007,,281.99
amazon:285,yamaha piano la carte,,22.13
amazon:286,microsoft windows xp home edition sp2 retail box,,199.99
amazon:287,yamaha bread best of bread smart pianosoft,,14.86
amazon:288,emedia music corp emedia intermediate guitar method,,49.21
amazon:289,entertainment partners ep budgeting for film,,415.99
amazon:290,nova development corp ideasoft photo clip art 10000,,7.81
amazon:291,csdc pop-up stopper professional panicware,,26.14
amazon:292,steinberg software halion symphonic orchestra educational edition,,545.51
amazon:293,steely dan mike garson yamaha steely dan pretzel logic smart pianosoft,,14.86
amazon:294,apple final cut studio 2 upgrade from final cut studio,,499.99
amazon:295,richard friedman richard friedman the best of elton john ez play today,,22.13
amazon:296,netopia timbuktu pro for mac and windows 2 pack,,207.99
amazon:297,super collapse ! 3,,22.99
amazon:298,entertainment partners ep budgeting for film academic,,164.99
amazon:299,yamaha james taylor james taylor greatest hits smart pianosoft,,14.86
amazon:300,encore inc printshop business card maker,riverdeep-learning-company,8.01
amazon:301,jorma kaukonen homespun the electric guitar of jorma kaukonen blues rock & roll and beyond,,22.13
amazon:302,larry cohn neil diamond yamaha neil diamond the christmas album smart pianosoft,,14.86
amazon:303,hal leonard best of classic themes 2,,25.77
amazon:304,apple shake 4.1 mac os x,,499.99
amazon:305,intego inc internet security barrier x4 antispam edition,,71.75
amazon:306,mcafee inc total protection 2007 3-user,,92.51
amazon:307,topics entertainment instant immersion german audio,,12.05
amazon:308,amy grant yamaha amy grant the collection smart pianosoft,,14.86
amazon:309,adobe cs3 after effects academic,,329.99
amazon:310,sos aggregation company shrink my tunes z group,,31.57
amazon:311,iris inc readiris pro 11 corporate edition,,430.58
amazon:312,sibelius sibelius photoscore professional 4,,145.7
amazon:313,encore inc 3d home architect home design deluxe version 9,,25.49
amazon:314,adobe systems inc adobe acrobat 8.0 professional upsell ( std-pro ),,157.36
amazon:315,vorton technologies kool karaoke,,18.5
amazon:316,apple garageband jam pack : world music,,95.99
amazon:317,abacus vuvideo anywhere for your ipod,,26.14
amazon:318,findex.com inc quickverse mac bible study 2007 white box,,37.18
amazon:319,aspyr star wars battlefront mac os x,,45.99
amazon:320,yamaha eagles hotel california smart pianosoft,,14.86
amazon:321,mike garson screen themes '93,,25.77
amazon:322,cosmic blobs : the lab rat edition by solidworks,,33.99
amazon:323,alsoft diskwarrior for intel,,89.99
amazon:324,adobe cs3 web premium,,1659.99
amazon:325,macplay mah jong quest,,22.99
amazon:326,adobe dreamweaver cs3,,415.99
amazon:327,apple final cut studio 2 upgrade from final cut pro,,699.99
amazon:328,powerhouse migo for ipod for windows,,71.99
amazon:329,quark xpress 7 ( no returns ),,714.99
amazon:330,microspot macdraft pe personal edition,,85.99
amazon:331,adobe indesign cs3 for mac,,725.99
amazon:332,microsoft virtual pc 7.0 windows xp home,,205.99
amazon:333,aspyr sims 2 nightlife expansion pack,,35.99
amazon:334,heroes of might and magic v,,47.99
amazon:335,git 40 years of marvel avengers dvd-rom,,39.99
amazon:336,aquaminds notetaker,,62.99
amazon:337,micromat techtool protogo,,109.99
amazon:338,adobe cs3 master collection academic,,939.99
amazon:339,allume internet cleanup 3.0,,24.99
amazon:340,destineer rise of nations gold edition,,45.99
amazon:341,git 44 years of marvel fantastic 4 dvd-rom,,42.99
amazon:342,microspot interiors version 3.6,,85.99
amazon:343,filemaker server 8 advanced,,2335.0
amazon:344,emc insignia retrospect desktop 6 upgrade,,49.99
amazon:345,emc insignia retrospect desktop 6.x,,89.99
amazon:346,ages of empires iii,,45.99
amazon:347,marware project x project management software,,179.99
amazon:348,myob premier accounting for small business 2007-windows,,289.99
amazon:349,marketcircle daylite 3 customer relationship management crm,,125.99
amazon:350,brighter minds diner dash,,19.99
amazon:351,rollercoaster tycoon 3 soaked,,23.99
amazon:352,adobe cs3 flash professional,,724.99
amazon:353,aspyr lego star wars ii,,44.95
amazon:354,adobe cs3 master collection upsell from cs2,,1437.99
amazon:355,adobe cs3 after effects,,1025.99
amazon:356,aspyr star wars empire at war,,47.99
amazon:357,apple garageband jam pack : symphony orchestra,,95.99
amazon:358,adobe illustrator cs3 for mac academic,adobe-education-box,199.99
amazon:359,avanquest encyclopedia britannica 2006,,29.0
amazon:360,mariner calc spreadsheet software,,52.99
amazon:361,adobe photoshop lightroom,,264.99
amazon:362,adobe acrobat v8 .0 professional for mac academic,adobe-education-box,159.99
amazon:363,filemaker pro 8.5 upgrade,,169.99
amazon:364,emc insignia retrospect server 6,,555.99
amazon:365,filemaker pro 8.5 5-user pack,,1149.0
amazon:366,allume poser 6 for mac,curious-labs-inc .,169.99
amazon:367,adobe acrobat v8 .0 professional for mac upgrade,,145.99
amazon:368,adobe cs3 design standard upgrade windows,,413.99
amazon:369,adobe cs3 design premium upsell,,1639.99
amazon:370,aspyr simcity 4 deluxe,,53.99
amazon:371,adobe photoshop cs3 for mac upgrade,,189.99
amazon:372,adobe premiere pro cs3 upgrade,,308.99
amazon:373,symantec norton anti-virus 10 mac 5 user pack,,189.99
amazon:374,aspyr quake iv,,45.99
amazon:375,microsoft windows xp home edition sp2 oem,,95.99
amazon:376,micromat tech tool pro 4.5,,82.99
amazon:377,filemaker pro 8.5 academic,,145.99
amazon:378,filemaker server 8 option pack,,1399.0
amazon:379,aspyr command and conquer generals deluxe mac,,55.99
amazon:380,i spy mystery by topics entertainment,,23.99
amazon:381,corel corel word perfect office 12 upgrade,,49.99
amazon:382,ea sports battlefield 1942 : deluxe edition ( pc ) game,,9.99
amazon:383,apple remote desktop 3 unlimited managed systems,,499.99
amazon:384,cyberlink power director 3,avanquest-publishing-usa-inc .,9.99
amazon:385,cosmi print perfect clip art deluxe,,6.99
amazon:386,sony pc video game the station access collection dvd-rom,sony-creative-software,4.99
amazon:387,agatha christie and then there were none e ( pc ) tha christi,,7.99
amazon:388,atari unreal tournament 2004 : dvd edition ( pc ) game,,9.99
amazon:389,ubisoft brothers in arms : road to hill 30 ( pc ) thers in ar,,19.99
amazon:390,danny gill modern rock guitar soloing,,11.23
amazon:391,circus ponies notebook 2.0,,43.99
amazon:392,yamaha moulin rouge music from baz luhrmann 's film smart pianosoft,,25.77
amazon:393,nova development corp humorous greeting card factory,,28.3
amazon:394,filemaker pro 8.5 advanced upgrade,,279.99
amazon:395,max levinson virtuoso software max levinson chopin and brahms,,25.77
amazon:396,me too software i transfer dvds 2 ipod,me-too-software,29.99
amazon:397,sos aggregation company panda antivirus + firewall 2008 3-user,,31.53
amazon:398,aspyr call of duty deluxe,,53.99
amazon:399,mike garson mike garson jazzical suite,,25.77
amazon:400,mariner macjournal 4 journal blog podcast software,,38.99
amazon:401,encore inc spongebob squarepants typing fun,,17.1
amazon:402,encore marine aquarium 2.0,,19.99
amazon:403,encore inc family tree maker 2008 platinum,,85.07
amazon:404,strategy first inc. alliance future combat,,16.37
amazon:405,world of warcraft burning crusade,,39.99
amazon:406,the kinks yamaha the kinks greatest hits smart pianosoft,,18.5
amazon:407,macspeech ilisten with headset and microphone,,149.99
amazon:408,curtis brengle yamaha neil sedaka laughter in the rain : the best of neil sedaka 1974-1980 smart pianosoft,,22.13
amazon:409,kd lang tony bennett mike garson yamaha tony bennett & kd lang a wonderful world smart pianosoft,,14.86
amazon:410,nova development corp intellimover transfer your pc deluxe,,65.17
amazon:411,sos aggregation company airline tycoon deluxe topware interactive,,15.95
amazon:412,aspyr the sims complete collection,,47.99
amazon:413,magix entertainment corp. xtreme photostory on cd and dvd 6,,26.14
amazon:414,allume morpheus photo animation suite,smith-micro-software-inc .,41.99
amazon:415,abacus scrapbook for windows,,26.14
amazon:416,dreamcatcher interactive mark the,,26.14
amazon:417,tommy igoe hudson music getting started on drums,,18.5
amazon:418,csdc wild photo effects on hand software,on-hand-software,7.17
amazon:419,iolo technologies llc drivescrubber 3,,23.69
amazon:420,digital leisure inc mad dog 2 : the lost gold,,15.27
amazon:421,re : launch carrara 5 pro,,445.3
amazon:422,sony media software discrete drums : vol .1 sony sound series,sony-media-software,24.91
amazon:423,topics entertainment instant immersion japanese crash course,,6.56
amazon:424,iris readiris pro 11 mac ocr,,109.99
amazon:425,mike garson andrew lloyd webber andrew lloyd webber favorites featuring sunset boulevard,,23.59
amazon:426,adobe cs3 production premium upgrade,,822.99
amazon:427,feral interactive limited chessmaster 9000,,35.98
amazon:428,adobe fireworks cs3,,309.99
amazon:429,tony iommi tony iommi,,14.86
amazon:430,adobe cs3 web standard upgrade,,413.99
amazon:431,everett greene sue downs yamaha it 's easy being greene ! pianosoft plus audio,,29.4
amazon:432,civilization iv warlords expansion for mac,,29.99
amazon:433,encore inc print shop 22 deluxe,,42.69
amazon:434,aspyr doom iii,,45.99
amazon:435,topics entertainment middle school success essentials,,17.55
amazon:436,graphic simulations corporation f/a -18 operation iraqi freedom,graphics-simulations-corporation,37.82
amazon:437,hal leonard cathal mcconnell teaches pennywhistle,,14.86
amazon:438,myob firstedge,,99.99
amazon:439,nuance communications inc. ibm viavoice advanced v. 10,nuance-communications-inc .,57.54
amazon:440,omni web 5.0,,23.99
amazon:441,topics entertainment learn2 training for microsoft excel,topics-entertainment-software - ( consignment ),6.56
amazon:442,apple mac os x 10.4.6 tiger,,119.99
amazon:443,sos aggregation company onbidder win your ebay auctions z group,,23.76
amazon:444,adobe photoshop cs3 extended for mac academic,,295.99
amazon:445,bobby joe holman play harmonica pack,,18.5
amazon:446,csdc best of card games j/c on hand software,on-hand-software,7.17
amazon:447,global marketing partners backpack journalist honest technology,,83.27
amazon:448,adobe cs3 flash professional academic,,239.99
amazon:449,stephen webber berklee press turntable technique the art of the dj dvd,,18.5
amazon:450,brighter minds land before time : kindergarten,brighter-minds-media-inc .,9.99
amazon:451,viva media llc learn to play chess with fritz & chesster 2,,26.14
amazon:452,adobe cs3 production premium upsell,,1234.99
amazon:453,steve kaufman homespun bluegrass guitar solos that every parking lot picker should know ( series 4 ),,51.21
amazon:454,pam tillis yamaha pam tillis super hits smart pianosoft,,14.86
amazon:455,david gray mike garson yamaha david gray a new day at midnight smart pianosoft,,14.86
amazon:456,encore inc print shop 22 pro publisher deluxe,,85.07
amazon:457,apple garageband jam pack : remix tools,,95.99
amazon:458,summitsoft corp photoedit 2,,26.14
amazon:459,ilumina expansion series : left behind on cd-rom,,0.5
amazon:460,egames . inc galaxy of games 5000 pack,,16.62
amazon:461,computrace lojack for laptops 3 yr subscription,,89.99
amazon:462,individual software inc total 3d home & landscape deluxe 9,,33.5
amazon:463,tune 1000 bee gees songs made famous by the bee gees,,18.5
amazon:464,red mile entertainment world war ii dvd trivia challenge,,18.77
amazon:465,adobe illustrator cs3 for mac,,619.99
amazon:466,magix entertainment corp. xtreme photostory on cd and dvd 6,,26.14
amazon:467,allume anime studio 5,,44.99
amazon:468,hal leonard club mix,,19.23
amazon:469,filemaker pro 8.5,,285.99
amazon:470,dreamcatcher interactive 3 great games for guys,,26.14
amazon:471,fogware hyb places dvd,,21.99
amazon:472,matt glaser homespun video swingin ' jazz violin homespun level 3,,22.13
amazon:473,arti funaro electric guitar effects six cassette,,36.67
amazon:474,mike garson yamaha james taylor james taylor sweet baby james smart pianosoft,,14.86
amazon:475,myob accounting plus/accountedge additional u,,145.99
amazon:476,yamaha into the woods original cast recording smart pianosoft,,22.13
amazon:477,global marketing partners easy video editor 2.0 honest technology,global-marketing-partners,25.21
amazon:478,roger mcguinn homespun roger mcguinn 's guide to home recording on a computer basic set-up and advice,,14.86
amazon:479,nat king cole yamaha the unforgettable nat king cole smart pianosoft,,22.13
amazon:480,punch software pro platinum v 12.0,,87.61
amazon:481,steve bach yamaha now that 's what i call music ! vol . 10 smart pianosoft,,18.5
amazon:482,abacus national parks enhanced scenery,,17.55
amazon:483,steve kaufman homespun the art of guitar crosspicking,,22.13
amazon:484,diana ross the supremes yamaha the best of diana ross & the supremes smart pianosoft,,14.86
amazon:485,adobe illustrator cs3 upgrade from freehand for mac,,206.99
amazon:486,freeverse software wingnuts 2,,26.14
amazon:487,tony trischka bill keith homespun the advanced banjo workshop ( banjo ) book/cd package,,43.94
amazon:488,mat gurman star licks blues rock guitar soloing,,11.23
amazon:489,happy traum homespun fingerstyle arrangements for hymns spirituals and sacred songs dvd two,,22.13
amazon:490,filemaker pro 8.5 advanced,,455.99
amazon:491,individual software inc quickverse bible premier suite ( us pos ),,37.19
amazon:492,cyberchase adventures by brighter minds,brighter-minds-media-inc .,19.99
amazon:493,nc interactive inc city of heroes : good vs. evil edition,,29.84
amazon:494,nova development corp business card factory deluxe 3.0,,28.3
amazon:495,apple final cut studio 2,,1299.99
amazon:496,csdc namo webeditor suite 2006,,83.92
amazon:497,feral interactive limited black & white platinum pack,,27.37
amazon:498,charles-louis hanon phillip keveren hanon exercises,,17.81
amazon:499,findex.com inc quickverse mac bible study 2007 gold box,,215.42
amazon:500,viva media llc learn to play chess with fritz & chesster,,26.14
amazon:501,kenny kosek homespun video learning bluegrass fiddle 2-dvd set,,36.67
amazon:502,matt glaser homespun tools for musicianship learning and developing musical skills,,27.62
amazon:503,sos aggregation company calculation skills v1 add & sub basic core learning,sos-aggregation-company,15.91
amazon:504,leveractive llc giggles computer funtime for baby shapes,,15.82
amazon:505,groove media inc close quarters conflict,,16.37
amazon:506,filemaker server 8,,929.99
amazon:507,happy traum homespun video the blues bag 2-video set,,36.67
amazon:508,adobe photoshop elements 4.0 mac academic,adobe-education-box,69.99
amazon:509,dvo enterprises inc. cookn deluxe 6.0,,34.99
amazon:510,filemaker mobile 8,,65.99
amazon:511,dan rodowicz yamaha i 'll be seeing you jazz gems ( for xg-compatible modules ),,25.77
amazon:512,thomas zink chuck mangione yamaha chuck mangione feels so good smart pianosoft,,14.86
amazon:513,topics entertainment audio success suite edition : sales success,,12.05
amazon:514,craig knudsen phillip keveren classic gems 2,,25.77
amazon:515,apple . mac 4.0 family pack ( new or renewal ),,145.99
amazon:516,topics entertainment audio success series : winning strategies,,31.06
amazon:517,aspyr prey,,47.99
amazon:518,global software publ na gsp greatest moments of our time,global-software-publishing-north-america-inc,8.14
amazon:519,phillip keveren phillip keveren disney 's pocahontas ez play today,,25.77
amazon:520,horacio hernandez hudson music horacio hernandez live at the modern drummer festival 2000,,18.5
amazon:521,adobe cs3 design premium,,1865.99
amazon:522,anita o'day yamaha anita o'day 's finest hour smart pianosoft,,18.5
amazon:523,nolo quicken legal business pro 2007,,67.94
amazon:524,john jackson homespun video the fingerpicking blues of john jackson,,22.13
amazon:525,various artists view video cuba mia portrait of an all-woman orchestra,,14.86
amazon:526,frederic hand homespun classical guitar dvd,,22.13
amazon:527,john deere : welcome to merriweather farm by bold games,global-software-publishing,21.99
amazon:528,mike dowling homespun swing guitar improvising hot lead solos,,29.4
amazon:529,yamaha julio iglesias julio iglesias my life : the greatest hits ( 2-disc set ) smart pianosoft,,33.04
amazon:530,johann sebastian bach devine entertainment corporation bach 's fight for freedom dvd,,14.89
amazon:531,adobe cs3 web premium upgrade,,517.99
amazon:532,phantom efx reel deal casino shuffle master edition,,17.24
amazon:533,adobe acrobat v8 .0 professional for mac,,405.99
amazon:534,emedia music corp emedia piano & keyboard method,,49.21
amazon:535,encore inc 3d home architect landscape designer v 8.0,,25.49
amazon:536,micromat inc. diskstudio,,43.36
amazon:537,intego contentbarrier x4 10.4,,54.99
amazon:538,allume systems inc stuffit deluxe 11,,42.74
amazon:539,blair aaronson donny osmond yamaha donny osmond this is the moment smart pianosoft,,14.86
amazon:540,valusoft tune tools for ipod,,21.99
amazon:541,corel corporation corel snapfire plus,,37.2
amazon:542,school zone interactive flash action phonics made easy,,8.8
amazon:543,michael thompson star licks beginning acoustic guitar,,11.23
amazon:544,kaplan act/sat/psat gold 2007 mac os x,,22.99
amazon:545,aspyr media inc sims 2 nightlife,,33.21
amazon:546,encore inc scooby doo glowing bug man,,7.79
amazon:547,enteractive inc fps creator,,44.58
amazon:548,topics entertainment math success deluxe 2008,,31.06
amazon:549,school zone interactive multiplication & division 3-4 on track software,,9.45
amazon:550,summit soft macbackup mac os x macxware,,29.99
amazon:551,palo alto software business plan pro 2007,palo-alto-software,88.83
amazon:552,hudson music snare drum basics vhs video,,11.23
amazon:553,aspyr stubbs the zombie,,35.99
amazon:554,onone software plug-in suite full,,393.68
amazon:555,abacus civil air patrol search & rescue,,26.14
amazon:556,feral interactive the movies,,47.99
amazon:557,david bowie yamaha the best of david bowie : 1974-1979 smart pianosoft,,18.5
amazon:558,adobe cs3 design standard,,1243.99
amazon:559,got game entertainment atlantis quest,,17.27
amazon:560,nc interactive inc guild wars nightfall,,48.27
amazon:561,mariner montage screenwriting software,,125.99
amazon:562,encore inc 3d home architect landscape design deluxe v 9.0,,25.49
amazon:563,iview mediapro 2.6 media management,,155.99
amazon:564,alfred publishing inc teach yourself to play guitar,,13.32
amazon:565,encore inc clickart 1.2 million 2006 dvd,,42.27
amazon:566,adobe cs3 web standard,,1035.99
amazon:567,aspyr media inc sims 2 glamour life stuff pack,,23.44
amazon:568,adobe fireworks cs3 academic,,99.99
amazon:569,yamaha vision of love hits of mariah carey ( for xg-compatible modules ),,25.77
amazon:570,it 's about time products learn the switch to mac,,28.99
amazon:571,nova development corp pc tutor learn windows vista & office 2007,,28.3
amazon:572,topics entertainment instant play keyboard v2 .0,,17.55
amazon:573,roxio toast 8 titanium cdr software,,82.99
amazon:574,mcafee inc mcafee virusscan plus sub 1:1 3u mb en,,56.38
amazon:575,makemusic finale 2007 academic create edit and print sheet music,,269.0
amazon:576,individual software inc small business advantage deluxe,,16.9
amazon:577,symantec norton anti-virus 2007 windows,,39.99
amazon:578,laurence juber homespun video adventures in fingerstyle guitar video one,,22.13
amazon:579,aspyr media inc true crime : streets of la,,19.07
amazon:580,adobe dreamweaver cs3 academic,adobe-education-box,195.99
amazon:581,alan pasqua yamaha have yourself an alan pasqua christmas,,29.4
amazon:582,emc insignia retrospect server 6.0 for mac upgrade,,285.99
amazon:583,imagination international corp pirates of the carribean,,21.26
amazon:584,caillou magical adventures by brighter minds,brighter-minds-media-inc .,19.99
amazon:585,fogware publishing esl learn english,,6.84
amazon:586,fogware hyb space dvd,,21.99
amazon:587,bruce molsky homespun video southern old-time fiddle tour dvd,,22.13
amazon:588,yamaha christmas around the piano intermediate,,25.77
amazon:589,various artists hudson music classic drum solos and drum battles volume 2 vhs video,,18.5
amazon:590,sos aggregation company corefx three level-core learning ltd.,,51.09
amazon:591,sos aggregation company ufo afterlight topware interactive,,33.52
amazon:592,isong classical guitar standards vol . 1 isong cd-rom,,18.5
amazon:593,aspyr media inc enemy territory : quake wars,,47.04
amazon:594,jim brickman yamaha jim brickman winter peace,,25.77
amazon:595,abacus train sim modeler,,29.84
amazon:596,alfred publishing inc learn to play keyboard,,7.22
amazon:597,luther vandross yamaha luther vandross greatest hits smart pianosoft,,18.5
amazon:598,topics entertainment phonics success essentials,,17.55
amazon:599,global creative group various vj world visuals starter pack backgrounds & dancers,,18.5
amazon:600,dvo enterprises inc. cookn cd recipe cards,,17.55
amazon:601,global marketing partners homepage maker 5 bhv,,26.14
amazon:602,troy stetina hal leonard corporation beginning rock lead guitar learn to play rock leads !,,11.23
amazon:603,knowledge adventure inc. jumpstart advanced preschool v2 .0,,16.93
amazon:604,csdc visual thesaurus the thinkmap inc.,,33.52
amazon:605,allume systems inc mediarecover,,26.14
amazon:606,corel corporation corel wordperfect office x3 pro dvd,,369.09
amazon:607,tony trischka homespun video bluegrass banjo tunes & techniques,,22.13
amazon:608,nova development corp photo explosion 3.0,,28.3
amazon:609,school zone interactive shapes on track software,,9.45
amazon:610,nuance communications inc. dragon ns standard v9,nuance-communications-inc .,92.51
amazon:611,thom bresh merle travis homespun the real merle travis guitar like father like son,,22.13
amazon:612,amy grant brent mills yamaha amy grant smart pianosoft,,14.86
amazon:613,corel corporation dvd movie factory 6 plus retial ( english ),,74.08
amazon:614,magix entertainment corp. photostory on cd & dvd 5,,17.55
amazon:615,adobe systems inc flash remoting 1.0 ( net & java 2 ) ( 2 users ),,1928.09
amazon:616,aspyr media inc prey,,47.04
amazon:617,fogware publishing weekly reader ls mastering elementary & middle school math,,16.93
amazon:618,neil diamond the neil diamond collection,,22.13
amazon:619,marcy marxer cathy fink homespun video making and playing homemade instruments,,14.86
amazon:620,garson/nyberg mike garson frank sinatra collection my way,,25.77
amazon:621,topics entertainment instant immersion italian deluxe 2.0 ( mass merchant box ),,31.06
amazon:622,donald fagen homespun donald fagen concepts for jazz/rock piano dvd,,22.13
amazon:623,bobby owsinski backbeat books setting up your surround studio dvd plus dvd-rom extras,,36.67
amazon:624,dreamcatcher interactive sentinel : descendants in time,,17.55
amazon:625,delorme mapping topo usa 6.0 east region,,43.36
amazon:626,yamaha godspell original off-off-broadway cast recording smart pianosoft,,18.5
amazon:627,topics entertainment audio success-leadership,,31.06
amazon:628,midisoft corporation guitar tool worship edition,,43.36
amazon:629,destineer inc age of empires iii : the warchiefs expansion pack,,26.14
amazon:630,hal leonard clavinova pops lesson all levels,,25.77
amazon:631,charlie christian view video solo flight : the genius of charlie christian,,14.86
amazon:632,emedia music corp emedia blues guitar legends,,24.81
amazon:633,bob hoban homespun learning rock 'n' roll piano,,22.13
amazon:634,yamaha boot scootin ' boogie ( for xg-compatible modules ),,6.14
amazon:635,christine stevens hal leonard the art and heart of drum circles,,18.5
amazon:636,hal leonard how to play autoharp book cd homespun,,14.86
amazon:637,alan pasqua yamaha alan pasqua latin jazz ( for cd-compatible modules ),,29.4
amazon:638,fogware publishing funny faces,,16.93
amazon:639,onone software essentials for adobe photoshop elements version 2 full,,59.33
amazon:640,sos aggregation company web graphics creator laughingbird software,sos-aggregation-company,31.26
amazon:641,hal leonard stage and screen,,25.77
amazon:642,anne murray yamaha anne murray the best so far smart pianosoft,,18.5
amazon:643,strategy first inc. great invasions,,34.07
amazon:644,masque publishing sportsmans double play,,17.55
amazon:645,csdc liquid ledger personal finance modeless software,,71.01
amazon:646,csdc power translator 11 premium language engineering company,language-engineering-co-llc,64.25
amazon:647,topics entertainment instant immersion hawaiian audio,,12.05
amazon:648,hal leonard allegro 2007 5-user labpack,,272.94
amazon:649,true north technology inc. northstar,true-north-technology-inc .,46.5
amazon:650,fogware publishing weekly reader ls mastering high school 2008,,24.91
amazon:651,nero inc nero 8 ultra edition,,88.83
amazon:652,sos aggregation company brain builder core learning,,15.91
amazon:653,global marketing partners dvd player 3.0 honest technology,,16.92
amazon:654,aspyr media inc return to castle wolfenstein,,19.07
amazon:655,lisa stansfield tune 1000 songs made famous by lisa stansfield,,18.5
amazon:656,masque publishing solitaire antics deluxe,,8.46
amazon:657,tony rice homespun new acoustic guitar book/6-cd pack,,43.94
amazon:658,adobe systems inc flash remoting 1.0 ( net & java 1 ) ( 1 user ),,964.22
amazon:659,abacus aircraft collectors second edition,,17.55
amazon:660,jason nyberg the beatles yamaha sgt. pepper 's lonely hearts club band,,25.77
amazon:661,magellan mapsend topo for the united states for magellan map 330 series,,29.99
amazon:662,bobby walters academy award winners,,23.59
amazon:663,ca antivirus 2007,,32.28
amazon:664,zone labs zonealarm pro,,30.17
amazon:665,simply magazine sales skills,,3.1
amazon:666,tri synergy inc i love kittens,,16.01
amazon:667,sara davis buechner george gershwin warsaw concerto / second rhapsody,,25.77
amazon:668,tdk buddy rich jazz icons : buddy rich live in '78,,14.86
amazon:669,diana krall yamaha diana krall the look of love smart pianosoft,,14.86
amazon:670,hal leonard motown 50 classic hits for piano/vocal/guitar,,14.86
amazon:671,encore inc hoyle solitaire,,7.83
amazon:672,simple slide show,,15.9
amazon:673,larry cohn yamaha anastacia freak of nature smart pianosoft,,14.86
amazon:674,print master platinum v17,,29.9
amazon:675,muriel anderson homespun video muriel anderson 's all star guitar night,,18.5
amazon:676,school house rock ! math rock,,9.9
amazon:677,delorme mapping street atlas usa 2007 plus dvd xx,,53.37
amazon:678,knowledge adventure inc. jumpstart world 2nd grade mini box,,16.93
amazon:679,findex.com inc quickverse bible study 2007 bible suite,,24.89
amazon:680,stevie ray vaughan hal leonard corporation stevie ray vaughan 's greatest hits signature licks dvd,,14.86
amazon:681,sade yamaha sade diamond life smart pianosoft,,14.86
amazon:682,ron carter herbie hancock billy cobham view video herbie hancock trio hurricane !,,14.86
amazon:683,global marketing partners video patrol 5.0 honest technology,global-marketing-partners,25.2
amazon:684,various hal leonard left hand bass techniques,,14.86
amazon:685,topics entertainment snap ! kakuro,,3.44
amazon:686,dr. john ( mac rebennack ) homespun dr. john teaches new orleans piano dvd one,,22.13
amazon:687,american sign language,,10.57
amazon:688,bob brozman homespun video hot guitar techniques 2-video set,,51.21
amazon:689,findex.com inc sermon builder 4.0,,43.33
amazon:690,sue downs yamaha it will be a blue christmas without sue ( for use with the disklavier with cd feature ),,29.4
amazon:691,encore inc adventure workshop 4th-6th grade 8th edition,,17.1
amazon:692,orion/imaginova starry night screensaver,,16.27
amazon:693,jim beloff homespun the joy of uke vol . 1 & 2 dvd set,,36.67
amazon:694,catfish keith homespun video dynamic country blues guitar homespun level 4,,22.13
amazon:695,buddy rich hudson music buddy rich live at the 1982 montreal jazz festival dvd,,22.13
amazon:696,buster b. jones homespun video buster b. jones in concert,,14.86
amazon:697,spelling,,4.93
amazon:698,abacus ultra sudoku/ultra kakuro,,17.55
amazon:699,petula clark yamaha downtown : the greatest hits of petula clark smart pianosoft,,14.86
amazon:700,individual software inc systemsuite 8 professional ( us pos ),,46.42
amazon:701,big tiny little big tiny little a tiny little christmas,,23.59
amazon:702,avanquest usa llc pcdefense,,26.11
amazon:703,knowledge adventure inc. jumpstart 4th-6th grade v 2.0 b43,,16.93
amazon:704,mike garson the burt bacharach songbook,,25.77
amazon:705,emedia music corp guitar pro v 5.1 ( hybrid ),,51.92
amazon:706,steve kaufman homespun flatpicking banjo tunes a guitarist 's guide to hot soloing,,22.13
amazon:707,apple remote desktop 3 ( 10 managed systems ),,299.99
amazon:708,g kenny yamaha kenny g paradise smart pianosoft,,14.86
amazon:709,encore inc monopoly 3,,7.17
amazon:710,tony verderosa hal leonard corporation vfx volume 1 live electronic music live remixing,,14.86
amazon:711,the coasters yamaha the very best of the coasters smart pianosoft,,18.5
amazon:712,re : launch piano wizard premier software & stickers & midi cable,,113.86
amazon:713,intuit inc quicken home inventory manager,,29.78
amazon:714,yamaha company smart pianosoft,,18.5
amazon:715,danny morris berklee press essential rock grooves for bass berklee workshop series,,14.86
amazon:716,avanquest usa llc spycatcher 2007,,17.5
amazon:717,global marketing partners antivirus v. 10 bit defender,global-marketing-partners,31.96
amazon:718,thomas zink miles davis yamaha porgy and bess a miles davis tribute ( for cd-compatible modules ),,29.4
amazon:719,633808390341 wasp mobileinventory desktop edition with wdt2200 & wpl305 complete package -,,1434.55
amazon:720,bb0kyna ibm db2 net search extender v. 8.2 media cd linux unix win engli,,108.95
amazon:721,00dexx17cc01 designcad v. 17 complete package 1 user cd win,,25.54
amazon:722,wg017262 watchguard fireware pro license 1 device,,502.76
amazon:723,af04mna ibm websphere business integration monitor v. 4.2.4 media cd unix w,,108.95
amazon:724,73098 smarterm office v. 12.1 upgrade license and media 1 user cd win -,,85.89
amazon:725,01-ssc-6991 sonicwall client/server anti-virus suite subscription license 3 years 10,,863.87
amazon:726,711-00011 microsoft entertainment pack v. 2.0 complete package 1 user pc cd,,23.57
amazon:727,bqcpd flexnet installshield premier edition 2008 complete package + 1 year bronze ma,,4617.11
amazon:728,bablbr1150s06 brightstor arcserve backup enterprise option for advantage ingres for linux (,,842.73
amazon:729,ibm software lotus shrinkwrap ah09qml ibm lotus easysync pro 4.1 for win multilingual u retail,ibm software lotus shrinkwrap,76.42
amazon:730,aa7-00013 shadowrun complete package 1 user microsoft xbox 360 dvd,,57.98
amazon:731,22101258 adobe acrobat capture v. 3.0 license 1 user 20000 pages win engli,,268.2
amazon:732,m109a-g00-4 .0 scansoft pdf converter professional v. 4.0 complete package 1 user w,,87.79
amazon:733,individual software emm-tk3 typing instructor for kids 3 dvd movie,,17.97
amazon:734,lfl-n2-12 computrace lojack for laptops subscription package 1 year 1 notebook m,,39.95
amazon:735,38039926 adobe fireworks cs3 complete package 1 user cd mac universal english,,322.08
amazon:736,acdpe400bxgv/ed-en acdsee photo editor complete package 1 user edu gov mini-box win,,36.6
amazon:737,madison media software aspvms8000 acad vegas movie studio + dvd 8 platinum,sony-pictures-digital-entertainment,81.97
amazon:738,bqcxd installshield 2008 professional edition complete package + 1 year silver maint,,2549.59
amazon:739,cardfive premier software with internal database photo on field keyfive,,466.12
amazon:740,usoa289 iris readiris pro v. 11 complete package 1 user win,,110.07
amazon:741,3d home architect home v. 8by encore software,,33.92
amazon:742,9dj-00002 microsoft xbox live arcade unplugged volume 1 complete package 1 user micr,,20.78
amazon:743,encore software 11290 scrabble complete win 98 me xp,,7.69
amazon:744,prw photo explosion deluxe v. 3.0 complete package 1 user cd win,,47.6
amazon:745,encore software 11610 scrabble with bonus clue win 98 me 2000 xp,,18.97
amazon:746,snt-040 ntracker complete package 1 user win,,26.59
amazon:747,encore software 11750 game of life win 95 98,,7.69
amazon:748,436753-b21 hp insight control data center edition flexible quantity license rdp upgrade l,,137.13
amazon:749,cd372-c = cisco ios ip complete package cd,,218.41
amazon:750,adobe photoshop elements 4.0 photo-editing software for mac,,85.95
amazon:751,sup-040c synet pc sharing kit w / usb cable 5.18 m complete package 1 user win,,26.59
amazon:752,lmpcgs12mulpc coreldraw graphics suite v. 12 media 1 user cd win multi-lingual,,22.59
amazon:753,encore software 10567 hoyle puzzle games 2007 win 98 me 2000 xp,,18.97
amazon:754,encore software 33020 jackpot tycoon win 98 me 2000 xp,,8.44
amazon:755,encore software 11630 monopoly tycoon win 98 me 2000 xp,,7.69
amazon:756,amherst media book : photo salvage with adobe photoshop photoshop software,,29.95
amazon:757,encore software 11140 fate win 2000 xp,,18.97
amazon:758,encore software 10449 high school advantage 2007 win 98 me 2000 xp,,26.97
amazon:759,encore software 12380 high school advantage 2008 win 2000 xp vista,,34.97
amazon:760,encore software 12370 middle school advantage 2008 win 2000 xp vista,,34.97
amazon:761,encore software 11580 monopoly with bonus risk win 98 me 2000 xp,,18.97
amazon:762,encore software 10653 professor fujis kakuro win 98 me 2000 xp,,7.69
amazon:763,encore software 10392 network now ! pro ( win 98 me 2000 xp ),,34.97
amazon:764,encore software 13780 westward win 98 me 2000 xp vista,,18.97
amazon:765,encore software 14080 q * bert win 2000 xp vista,,7.69
amazon:766,encore software 11670 who wants to be a millionaire ? win xp 2000,,7.69
amazon:767,webroot software 65210 spy sweeper 3 pc,webroot software,31.99
amazon:768,encore software 11250 brain food games : cranium collection 2006 win 98 me 2000 xp,,18.97
amazon:769,encore software 11252 brain food games : cranium collection 2006 win 98 me 2000 xp,,18.97
amazon:770,encore software 25020 marine aquarium 2.5 ( hybrid ) win 95 98 me 2000 xp/mac 10.1 or higher,,19.97
amazon:771,encore software 14130 wheel of fortune deluxe win 98 me 2000 xp vista,,18.97
amazon:772,encore software 10443 elementary school advantage 2007 win 98 me 2000 xp,,26.97
amazon:773,encore software 12360 elementary advantage 2008 win 2000 xp vista,,34.97
amazon:774,encore software 10598 registry mechanic win 98 me 2000 xp,,26.97
amazon:775,encore software 12390 math advantage 2008 win 2000 xp vista,,34.97
amazon:776,datapilot is an advanced cell phone sync software solution that allows endusers to manage their contact information access the internet and check emails while on the go .,,25.53
amazon:777,microsoft uea-00033 visual studio 2005 team edition for database professionals with msdn premium subscription renewal complete product software development standard 1 user complete product pc - free shipping,,2072.97
amazon:778,avery dennison 5239 designpro deluxe v. 5.0 software for microsoft windows with sample pack complete product desktop publishing 1 user ( s ) complete product standard,,29.97
amazon:779,apple software m9301z/b soundtrack v1 .2,apple software,199.0
amazon:780,topics entertainment 80796 topics math success 2007 deluxe for windows educational software pc,,33.97
amazon:781,individual software qne-t15 typing quick & easy 15.0,individual software,24.99
amazon:782,punch software 26100 punch ! master landscape and home design ( small box ),punch software,45.99
amazon:783,punch software 20100 punch ! 5 in 1 home design,punch software,35.99
amazon:784,individual software prm-wn5 professor teaches windows xp,individual software,24.99
amazon:785,freeverse software 5003 bumpercar 2.0 mac web browser,freeverse software,28.99
amazon:786,encore software 10123 aquarium 3-in-one limited edition ( eurpac ) win 95 98 me 2000 xp,,18.97
amazon:787,peachtree software vernfp2008rt sage peachtree premium accounting 2008 for nonprofits financial management pc,,540.97
amazon:788,peachtree software vernfpm2008rt sage peachtree premium accounting 2008 for nonprofits multiple user financial management pc - free shipping,,1075.97
amazon:789,thomson delmar learning book and cd-rom : cdrom : exploring photoshop photoshop software,,42.95
amazon:790,e-mu modern symphonic orchestra for emulator x and proteus x sounds for software,,329.99
amazon:791,individual software resume maker professional deluxe 12.0,,29.99
amazon:792,punch software master landscape professional & home design v 10.0,,69.99
amazon:793,panda software panda internet security 2007,,69.99
amazon:794,individual software professor teaches excel & word,,19.99
amazon:795,individual software professor teaches windows xp,,19.99
amazon:796,encore software 14060 terror strike win 2000 xp,,18.97
amazon:797,cisco nac appliance server ( clean access server ) software ( 250 users ),,8650.31
amazon:798,adobe premiere pro cs3 software with encore cs3 and onlocation cs3 ( windows only ) full version for macintosh,,723.95
amazon:799,single pack cardscan software version 8.0,,123.04
amazon:800,adobe premiere pro cs3 software with encore cs3 and onlocation cs3 ( windows only ) full version for windows,,723.95
amazon:801,onone software smartscale software,,189.99
amazon:802,onone software genuine fractals print pro software,,269.99
amazon:803,onone software intellihance pro 4 for mac/pc,,159.99
amazon:804,hewlett packard t1936aa ua0 hp digital sending software 4.0 complete product document management 1 device ( s ) complete product standard multilingual pc,hewlett-packard - ( consumables ),342.97
amazon:805,nik software color efex pro 2.0 select and iview mediapro 3 plug in software for windows and macintosh,,199.95
amazon:806,apple software t9163ll/a logic pro 6,apple software,809.0
amazon:807,apple software t9161ll/a logic platinum / gold 5 & 6 to logic pro 6 update,apple software,149.0
amazon:808,microsoft digital image suite plus full version of photo editing software for windows .,,89.95
amazon:809,topics entertainment 40206 instant immersion german lab ( software/audiobook/workbook ) win 98 me 2000 xp/mac os 9 or x,,34.97
amazon:810,apple software m8789z/a webobjects 5.2,apple software,648.99
amazon:811,5pack cardscan software version 8.0,,515.62
amazon:812,wiley publications book : photoshop cs for dummies photoshop software,,24.95
amazon:813,phantom efx reel deal slots v 2.0,,7.36
amazon:814,topics entertainment in their own words wwii ( audiobook ),,14.56
amazon:815,tri synergy inc wisdom of the bible holy land edition,,16.01
amazon:816,doug boduch metallica cherry lane music metallica guitar legendary licks 1988-1997 a step-by-step breakdown of metallica 's guitar styles and techniques,,18.5
amazon:817,tri synergy inc test & improve your memory scientific brain training,,24.31
amazon:818,roy book binder homespun blues by the book dvd 2,,22.13
amazon:819,masque publishing best of slots ii,,8.46
amazon:820,david kreisberg yamaha the fantasticks original broadway cast smart pianosoft,,18.5
amazon:821,dvo enterprises inc. cookn low fat,,17.55
amazon:822,topics entertainment i spy fantasy w / i spy bk & mini cd,,17.55
amazon:823,various artists hudson music classic solos and drum battles vol . 2 dvd,,22.13
amazon:824,marty stuart yamaha the best of marty stuart : the millennium collection smart pianosoft,,14.86
amazon:825,egames . inc casual games pack,,16.62
amazon:826,tomo fujita berklee press rittor music and hal leonard accelerate your guitar playing exercises and tips to make you better faster,,18.5
amazon:827,rory block homespun video the guitar of rory block video two,,29.4
amazon:828,iris inc irispen express translator,,142.29
amazon:829,individual software typing instructor for kids,,19.99
amazon:830,vivendi-universal games inc swat 4,,18.77
amazon:831,individual software professor teaches microsoft office 2007,,29.99
amazon:832,topics entertainment instant immersion spanish audio deluxe,,17.55
amazon:833,individual software anytime organizer deluxe 10,,27.99
amazon:834,sos aggregation company dance praise digital praise,,39.37
amazon:835,school zone interactive time money & fractions 1-2 on track software,,9.45
amazon:836,topics entertainment instant immersion ingles audio deluxe,,17.55
amazon:837,topics entertainment talk now ! afrikaans beginners,,16.93
amazon:838,sos aggregation company iaudioize magnetic time,,31.53
amazon:839,individual software professor teaches excel and word,,42.99
amazon:840,sony media software vegas movie studio + dvd 8 platinum edition,,100.97
amazon:841,josh white homespun video the guitar of josh white,,22.13
amazon:842,kutoka interactive inc didi & ditto ( kindergarten ),,16.93
amazon:843,bling software limited safekeeper plus,,34.75
amazon:844,david holt homespun clawhammer banjo 2 repertoire and technique,,22.13
amazon:845,topics entertainment instant immersion italian 2.0,,17.55
amazon:846,view video antonio carlos jobim antonio carlos jobim - an all-star tribute,,14.86
amazon:847,daniel abrams play piano by ear level 1,,36.67
amazon:848,john jab ' o starks clyde stubblefield rittor music clyde stubblefield & john jab ' o starks soul of the funky drummers vhs video,,22.13
amazon:849,aspyr media inc travelogue 360 : paris,,27.99
amazon:850,migo software digital vault 2005,,24.58
amazon:851,imsi design llc turbocad mac 3d,,204.67
amazon:852,individual software professor teaches windows vista,,19.99
amazon:853,jason nyberg yamaha various grease original movie soundtrack smart pianosoft,,18.5
amazon:854,mike dowling homespun swing guitar,,36.67
amazon:855,harry belafonte rhapsody films robert altman 's jazz '34 vhs video,,14.86
amazon:856,hewlett packard pn680a hp remote graphics software for an hp system maintenance 1 year 1 seat linux win hp-ux,,202.97
amazon:857,sage ( ptree ) premium accounting accountants edition 2007,,492.01
amazon:858,sunburst technology t02473 sunburst a to zap ! network license complete product educational software 1 server unlimited user complete product academic mac pc,,488.97
amazon:859,yamaha disney 's greatest vol . 2 smart pianosoft,,22.13
amazon:860,steve james homespun video blues/roots guitar fingerpicking and slide from the delta to new orleans,,22.13
amazon:861,migo software digital file shredder 2005,,24.58
amazon:862,scholar 's library : logos bible software 3 on dvd-rom,,472.46
amazon:863,yamaha america america 's greatest hits history smart pianosoft,,14.86
amazon:864,view video giuseppe verdi verdi the king of melody,,14.86
amazon:865,nashville bluegrass band homespun video vocal harmony workshop,,22.13
amazon:866,laurence juber homespun video the fingerstyle artistry of laurence juber 2-dvd set,,36.67
amazon:867,daniel gilbert beth marlis musicians institute press guitar soloing the contemporary guide to improvisation,,14.86
amazon:868,sony online entertainment gods & heroes rome rising,sony-online-entertainment,49.5
amazon:869,synet electronics inc. synet pc sharing kit ( w/17ft usb ext.cable ),synet-electronics-inc .,26.14
amazon:870,artie traum happy traum homespun video easy steps to blues guitar jamming,,22.13
amazon:871,school zone interactive math 2 on track software,,9.45
amazon:872,bryan pezzone classic americana,,23.59
amazon:873,greg koch lynyrd skynyrd hal leonard lynyrd skynyrd signature licks dvd,,14.86
amazon:874,prosoft engineering data rescue universal license,global-marketing-partners,236.34
amazon:875,individual software inc typing instructor deluxe j/c,,6.84
amazon:876,vivendi-universal games inc freestyle street basketball,,18.48
amazon:877,tamir hendelman yamaha disney 's beauty and the beast broadway cast recording smart pianosoft,,22.13
amazon:878,emedia music corp my guitar,,24.81
amazon:879,topics entertainment classics the : the piano,,20.0
amazon:880,sega of america inc rome total war gold edition,sega-of-america-inc .,18.77
amazon:881,yamaha the turtles 20 greatest hits smart pianosoft,,18.5
amazon:882,hal leonard best of classic themes 1 elementary docxg clavinova dsk/pkg,,25.77
amazon:883,jackson browne yamaha jackson browne lawyers in love smart pianosoft,,14.86
amazon:884,homespun norman blake 's guitar techniques dvd 2 : ten stellar songs and instrumentals,,22.13
amazon:885,sara davis buechner johannes brahms yamaha buechner plays brahms,,25.77
amazon:886,bob dylan bob dylan isong cd-rom ( jewel case-sized edition ),,18.5
amazon:887,fogware publishing middle school life science classification & ecology,,6.84
amazon:888,dan rodowicz dan rodowicz love songs of the 90s ez play today,,25.77
amazon:889,avanquest usa llc britannica deluxe,,26.11
amazon:890,aspyr leave the lights on-bundle,,29.99
amazon:891,microspot macdraft professional edition,,249.99
amazon:892,sims 2 pets for mac,,34.99
amazon:893,adobe cs3 design premium upgrade,,619.99
amazon:894,laughingbird the logo creator,,34.99
amazon:895,apple . mac 4.0 1yr new or renewal internet service,,99.99
amazon:896,microspot x-rip large format print driver for os x,,335.99
amazon:897,adobe contribute cs3 upgrade,,82.99
amazon:898,valusoft tune transfer for ipod,,21.99
amazon:899,git amazing spider-man the complete collection dvd-rom,,42.99
amazon:900,intuit quicken 2007 macintosh,,69.99
amazon:901,legion arena,,37.99
amazon:902,adobe photoshop cs3 extended for mac upgrade,,329.99
amazon:903,adobe lightroom version 1 for windows and mac academic,,99.99
amazon:904,microsoft office 2004 standard,,369.99
amazon:905,allume stuffit deluxe 11 os x 10.4 or higher,,79.99
amazon:906,nova print explosion deluxe 3.0,,46.99
amazon:907,micromat techtool protege utility with 1gb firewire flash drive,,219.99
amazon:908,chronos stickybrain 3.0,,39.99
amazon:909,allume spring cleaning 9.0,,45.99
amazon:910,allume smith micro faxstf pro,,44.99
amazon:911,adobe cs3 production premium academic,,569.99
amazon:912,freeverse burning monkey solitaire 3d,,24.99
amazon:913,allume internet cleanup 4.0,smith-micro-software,29.99
amazon:914,graphicsim istopmotion,,39.95
amazon:915,microsoft office 2004 std upgrade,,219.99
amazon:916,prosoft engineering drive genius 1.5,global-marketing-partners,84.99
amazon:917,adobe cs3 design standard upsell,,934.99
amazon:918,graphic sim x-plane 8,graphics-simulations-corporation,47.99
amazon:919,quark xpress 7 upgrade ( no returns ),,239.99
amazon:920,freeverse burning monkey mahjong 3d,,24.99
amazon:921,adobe cs3 production premium,,1749.99
amazon:922,intuit quickbooks pro 2007 for mac,,185.99
amazon:923,adobe indesign cs3 for mac upgrade from pagemaker,,205.99
amazon:924,microsoft windows xp pro oem sp2 no open box returns,,149.99
amazon:925,git 40 years of marvel x-men dvd-rom,,42.99
amazon:926,apple mac os x 10.4.6 tiger family pack,,185.99
amazon:927,belight swift publisher page layout software,global-marketing-partners,39.99
amazon:928,aspyr zoo tycoon 2,,38.99
amazon:929,appleworks 6.2 for mac,,75.99
amazon:930,chessmaster 9000 : feral interactive,,38.99
amazon:931,play music together dvd by iplaymusic mac,,32.99
amazon:932,adobe contribute cs3,,155.99
amazon:933,mediafour macdrive 6 access mac partition in windows,,43.99
amazon:934,laughingbird the flash ad creator,,34.99
amazon:935,civilization iv mac os x aspyr,,45.99
amazon:936,git comic book library collector 's edition vol . 1,,19.99
amazon:937,emc insignia retrospect workgroup 6 upgrade,,162.99
amazon:938,miraizon cinematize 2,,65.99
amazon:939,adobe cs3 design premium academic,,575.99
amazon:940,belight business card composer,,39.99
amazon:941,totally spies total swamp romp by brighter minds,brighter-minds-media-inc .,19.99
amazon:942,caillou ready for school by brighter minds,brighter-minds-media-inc .,19.99
amazon:943,totally spies zombie jamboree by brighter minds,brighter-minds-media-inc .,9.99
amazon:944,apple final cut express hd 3.5,,299.99
amazon:945,microsoft office 2004 student/teacher,,145.99
amazon:946,adobe cs3 design standard upgrade,,413.99
amazon:947,leister reunion 9.0 genealogy software,,89.99
amazon:948,apple logic express 7.2 upgrade from v. 6,apple-computer - ( direct ),99.99
amazon:949,destineer railroad tycoon 3,,21.99
amazon:950,adobe cs3 master collection upsell from cs1,,2054.99
amazon:951,adobe soundbooth cs3 academic,,95.99
amazon:952,allume aquazone bass edition,smith-micro-software,19.99
amazon:953,adobe cs3 master collection,,2499.99
amazon:954,adobe dreamweaver cs3 upgrade,,205.99
amazon:955,adobe pagemaker 7.0 for mac version upgrade,,79.99
amazon:956,zend studio 5.1 php integrated development environment,zend-technologies-inc .,249.0
amazon:957,ableton live 6 audio production software academic,,299.99
amazon:958,fogware hyb history dvd,,21.99
amazon:959,microsoft windows vista business retail no open box returns,,299.99
amazon:960,adobe cs3 web premium academic,,479.99
amazon:961,wingnuts 2 : raina 's revenge,,28.99
amazon:962,destineer halo,,29.99
amazon:963,allume mediarecover,,32.99
amazon:964,freeverse 3d bridge deluxe,,24.99
amazon:965,aspyr roller coaster tycoon 3 mac os x,,45.99
amazon:966,allume aquazone seven seas deluxe edition,,24.99
amazon:967,john deere : busy days in deerfield valley by bold games,,21.99
amazon:968,allume poser 7,,179.99
amazon:969,now software now up-to-date and contact,,109.99
amazon:970,allume checkit system performance suite,,84.99
amazon:971,aspyr return to castle wolfenstein,,30.99
amazon:972,corel painter x academic,,94.99
amazon:973,aspyr the sims 2,,45.99
amazon:974,boohbah zone by brighter minds,,19.99
amazon:975,extensis suitcase fusion 1u box,,99.99
amazon:976,detto move2mac usb kit ( to move data from pc to ma,detto-technologies-inc,44.99
amazon:977,adobe cs3 web standard academic,,389.99
amazon:978,aspyr call of duty 2 mac,,47.99
amazon:979,ubi soft myst v : end of ages limited edition,,59.99
amazon:980,allume stuffit deluxe 10.0 os x 10.4 or higher,smith-micro-software,69.99
amazon:981,filemaker server 8 advanced upgrade ( from server 7 advanced ),,699.99
amazon:982,makemusic finale educator solutions bundle finale 2007 smartmusic 9.0,,299.0
amazon:983,nova greeting card factory for mac,,41.99
amazon:984,adobe indesign cs3 for mac academic,,192.99
amazon:985,freeverse burning monkey solitaire 4.0,,24.95
amazon:986,adobe photoshop cs3 for mac,,609.99
amazon:987,computrace lojack for laptops 1 yr subscription,,45.99
amazon:988,git captain america : the complete collection dvd-rom,,42.99
amazon:989,broderbund mavis beacon teaches typing standard17,,22.99
amazon:990,brighter minds backyard sports,,19.99
amazon:991,modeless software liquid ledger personal finance,,71.99
amazon:992,extensis portfolio 8,,195.99
amazon:993,age of empires iii : warchiefs expansion pack,,34.95
amazon:994,apple logic express 7.2,,299.99
amazon:995,apple iwork '06,,79.99
amazon:996,apple garageband jam pack : rhythm section,,95.99
amazon:997,destineer tropico 2 : pirate cove,,29.99
amazon:998,microsoft word 2004,,209.99
amazon:999,filemaker server 8 upgrade ( from server 7 ),,279.99
amazon:1000,spyware x-terminator 2005,,29.99
amazon:1001,microsoft ( r ) money 2007 premium,,69.99
amazon:1002,nintendo gamecube : sonic adventure dx,,19.95
amazon:1003,elibrium webshop platinum,,77.33
amazon:1004,emc deployment mgr per/u 40001-50000u webexp-50000,,80382.0
amazon:1005,emc deployment mgr per/u 30001-40000u webexp-40000,,80382.0
amazon:1006,pinnacle studio ultimate version 11,,129.98
amazon:1007,microsoft academic microsoft office project 2003 professional,,176.99
amazon:1008,activision inc. guitar hero 2 game and bundle,,67.99
amazon:1009,sony psp : cabelas dangerous hunts,,29.95
amazon:1010,microsoft ( r ) office standard 2007,,399.99
amazon:1011,microsoft windows server 2003 terminal server cals 20-pack ( per device ),,2429.99
amazon:1012,microsoft rise of nations : rise of legends for pc,,16.99
amazon:1013,sony playstation 2 : the grim adventures of bill and mandy,,19.99
amazon:1014,microsoft office basic edition 2003 license and media,,124.95
amazon:1015,aspyr media sid meiers civilization iv mac,,44.99
amazon:1016,quickbooks ( r ) premier : contractor edition 2007,,399.99
amazon:1017,adobe creative suite 3 ( cs3 ) web standard 3 windows upsell from dreamweaver or flash,,799.0
amazon:1018,nintendo gamecube : major league baseball 2k6,,19.99
amazon:1019,3000 truetype ( r ) fonts,,29.99
amazon:1020,sony playstation 2 need for speed carbon collectors edition,,29.99
amazon:1021,xbox : lego star wars,,19.95
amazon:1022,photostamps ( r ),,19.99
amazon:1023,wedding fonts,,14.99
amazon:1024,onone software inc. pfp-30001 photoframe v. 3.0 pro complete product image editing 1 user ( s ) complete product standard pc mac,,148.97
amazon:1025,copilot navigator 9,,59.99
amazon:1026,punch software 14100 punch ! professional home design suite for windows,punch software,62.99
amazon:1027,onone software inc. mpr-40211 on1 mask pro v. 4.0 complete product graphics/designing 1 user complete product standard pc intel-based mac mac,,148.97
amazon:1028,punch software 83100 punch ! home design architectural series 3000 v 10 ( win 98 me nt 2000 xp ),,124.97
amazon:1029,palo alto software bppx palo alto business plan 2007 pro complete product business planning 1 user complete product standard pc,,83.97
amazon:1030,palo alto software bpdx palo alto business plan 2007 pro premier edition complete product business planning 1 user complete product standard pc,palo-alto-software,184.97
amazon:1031,palo alto software mpd9 palo alto marketing plan v. 9.0 pro complete product business planning 1 user complete product standard pc,palo-alto-software,149.97
amazon:1032,punch software 38100 punch ! super home suite complete product architectural 1 user complete productcomplete productstandard english pc,,45.97
amazon:1033,punch software 84100 punch ! home design architectural series 4000 v. 10.0 architectural pc,,168.97
amazon:1034,peachtree ( r ) premium accounting 2007,,499.99
amazon:1035,punch software 24100 punch ! 5 in 1 home design complete product architectural 1 user complete productcomplete productstandard pc,,35.97
amazon:1036,quickbooks ( r ) pro 2007 edition 3-user,,499.99
amazon:1037,corel ( r ) wordperfect ( r ) office x3 : home edition,,99.99
amazon:1038,webroot software inc 54210 webroot desktop firewall firewall pc,,25.97
amazon:1039,punch software 25100 punch ! master landscape and home design,punch software,45.99
amazon:1040,punch software 35100 punch ! home design suite professional complete product architectural standard 1 user ( s ) complete product pc,,59.97
amazon:1041,freeverse software 4001 freeverse northland strategy game mac,,18.97
amazon:1042,me too software 800801 hijack2 win 98 me nt 2000 xp/mac 10.0 or higher,,35.97
amazon:1043,freeverse software 4015 freeverse big bang board games educational game mac,,22.97
amazon:1044,punch software 41100 punch ! home design architectural series 18 complete product architectural 1 user ( s ) complete product standard english pc,,112.97
amazon:1045,ibm websphere development studio client advanced edition for iseries v. 7.0 media,,108.95
amazon:1046,individual software edm-tk1 typing instructor for kids usa ( win 98 me nt 2000 xp ),,17.97
amazon:1047,agatha christie : and then there were none,,29.99
amazon:1048,punch software 42100 punch ! home design architectural series 18 complete product architectural 1 user ( s ) complete product standard english pc,,108.97
amazon:1049,freeverse software 005 solace,freeverse software,18.99
amazon:1050,versacheck ( r ) corporate 2005,,129.99
amazon:1051,versacheck ( r ) payroll,,79.99
amazon:1052,punch software 25100 punch ! master landscape & home design architectural 1 user ( s ) pc,,45.97
amazon:1053,berlitz ( r ) spanish premier,,39.99
amazon:1054,freeverse software 005 solace,freeverse software,18.99
amazon:1055,individual software prm-rce resumemaker career editions win ( win 98 me nt 2000 xp ),,33.97
amazon:1056,nintendo gamecube : avatar : the last airbender,,29.99
amazon:1057,punch software 20100 punch ! home design complete product architectural 1 user complete productcomplete productstandard english pc,,36.97
amazon:1058,power translator ( tm ) 11 premium,,79.99
amazon:1059,sony media software acid music studio 7 software music production software,,69.95
amazon:1060,sony media software sound forge audio studio 8 software music production software,sony-pictures-digital-entertainment,69.95
amazon:1061,sage software peachtree complete accounting 2007 software for windows tax & finance software,,249.95
amazon:1062,punch software 25100 punch ! master landscape and home design,punch software,45.99
amazon:1063,ibm websphere portal enable for iseries v. 4.1 complete package,,81262.95
amazon:1064,nintendo wii : the bigs,,49.99
amazon:1065,sony media software american idol extreme music creator software music production software,,49.95
amazon:1066,sage software peachtree premium accounting 2007 software for windows tax & finance software,,469.95
amazon:1067,network magic ( tm ),,29.99
amazon:1068,sage software peachtree pro accounting 2007 software for windows tax & finance software,,159.95
amazon:1069,emc deployment mgr per/u 10001-15000u webexp-15000,,80382.0
amazon:1070,quickbooks ( r ) point of sale 2007 : basic retail management 6.0 bundle,,1499.99
amazon:1071,emc deployment mgr per/u 20001-25000u webexp-25000,,80382.0
amazon:1072,software,,112.95
amazon:1073,nintendo gamecube : the legend of zelda : twilight princess,,49.99
amazon:1074,nero mix cd recording software,,41.42
amazon:1075,microsoft ( r ) excel 2007,,109.99
amazon:1076,ibm websphere portal enable for iseries v. 4.1 complete package,,82676.95
amazon:1077,sony playstation 3 : spider-man 3,,59.99
amazon:1078,sony media software acid pro 5 music production software,,199.95
amazon:1079,webroot software inc 17410 window washer win 98 me 2000 xp,,25.97
amazon:1080,punch software 25100 punch ! master landscape and home design,punch software,45.99
amazon:1081,software cinema dvd-rom : dvdrom : photoshop cs2 fundamental techniques ( training ) photoshop software,,159.95
amazon:1082,software cinema dvd-rom : dvdrom : photoshop cs2 advanced techniques ( training ) photoshop software,,159.95
amazon:1083,punch software 14100 punch ! professional home design suite for windows,punch software,62.99
amazon:1084,sudoku for kids,,9.99
amazon:1085,sony media software sound forge 9 digital audio production suite music production software,,299.95
amazon:1086,sony media software acid pro 6 software music production software,sony-pictures-digital-entertainment,299.95
amazon:1087,tournament poker no limit texas holdem,,19.99
amazon:1088,sony media software super duper music looper software music production software,sony-media-software,19.95
amazon:1089,sony media software sound forge audio studio 9 software music production software,,69.95
amazon:1090,sony media software acid pro 6 software upgrade from acid pro 5 music production software,sony-pictures-digital-entertainment,129.95
amazon:1091,enterasys custom sku q13799 only q13799,,70081.0
amazon:1092,versacheck ( r ) silver 2005,,29.97
amazon:1093,mavis beacon ( r ) teaches typing v. 17 deluxe,,37.99
amazon:1094,wireless network ignition,,39.99
amazon:1095,microsoft ( r ) frontpage 2002,,169.56
amazon:1096,nintendo gamecube sonic heroes/shadow the hedgehog 2 pk,,29.99
amazon:1097,act ! ( r ) 2006 premium for workgroups,,399.99
amazon:1098,nintendo wii : disneys pirates of the caribbean ( tm ) 3 : at worlds end,,49.99
amazon:1099,quickbooks ( r ) premier 2003,,499.99
amazon:1100,wi-fi usb connector for nintendo ds / ds lite / wii gaming consoles,,39.99
amazon:1101,hallmark card studio 2004,,29.97
amazon:1102,panda software upg to gatdef performa 8200 15k 1yr uabpgdpcavm,,71503.0
amazon:1103,chatchecker family edition,,29.99
amazon:1104,symantec ( tm ) pcanywhere ( tm ) 12.0,,199.99
amazon:1105,microsoft visual basic . net standard 2003,,108.95
amazon:1106,brain games : solitaire,,19.99
amazon:1107,csdc iremember digital scrapbooking 2.0,,35.99
amazon:1108,quickbooks ( r ) point of sale 2007 : basic retail management 6.0,,799.99
amazon:1109,calendar creator deluxe 10,,49.87
amazon:1110,xbox 360 : ddr universe,,49.99
amazon:1111,storageworks secure path 3.0 d for hp-ux workgroup edition 50 licenses,,68402.75
amazon:1112,datapilot universal pro kit,,79.99
amazon:1113,ibm ( r ) viavoice ( r ) pro edition 10,,179.99
amazon:1114,podmediacreator,,29.99
amazon:1115,printmaster ( r ) gold 17,,19.99
amazon:1116,re launch piano wizard premier w/49e keystation,,161.99
amazon:1117,software,,736.95
amazon:1118,hoyle ( r ) card games 2007,,19.99
amazon:1119,emc fed id mgr for 10 conn for ct authmgr cust fimm-10r,,68496.0
amazon:1120,microsoft academic microsoft office project 2003 standard,,69.95
amazon:1121,learning quickbooks ( r ) for windows ( r ),,39.99
amazon:1122,sp linux we 50 lic/cd 3.0 c,hewlett-packard - ( consumables ),69216.95
amazon:1123,nintendo gamecube : disney pixars cars,,19.99
amazon:1124,quickbooks ( r ) simple start 2007,,99.99
amazon:1125,sp linux we 50 lic/cd 3.0 c,,69216.95
amazon:1126,books to go,,19.99
amazon:1127,family tree maker premium 11.2,,99.97
amazon:1128,turbocad ( r ) designer 2d/3d version 9.1,,29.99
amazon:1129,microsoft academic microsoft visio 2003 professional,,159.0
amazon:1130,sony playstation 3 : disneys pirates of the caribbean 3 : at worlds end,,59.99
amazon:1131,perfect label maker,,19.99
amazon:1132,microsoft ( r ) windows ( r ) xp home edition with sp2,,199.99
amazon:1133,cisco ncc mpls vpn manager 1.0 500-device rtu,,74081.64
amazon:1134,bookkeeper 2007,,29.99
amazon:1135,adobe photoshop cs3 extended complete package 1 user academic cd mac,,279.0
amazon:1136,quicken ( r ) for mac 2007,,69.99
amazon:1137,microsoft windows vista business upgrade license 1 pc english,,168.99
amazon:1138,quicken ( r ) 2004 deluxe,,59.99
amazon:1139,peachtree ( r ) pro accounting 2007,,169.99
amazon:1140,sony vegas movie studio 7 + dvd platinum edition academic,,92.99
amazon:1141,novell identity manager integration module for mainframe for 800 series mvs (,,71726.95
amazon:1142,resumemaker ( r ) professional ultimate,,39.99
amazon:1143,novell identity manager integration module for mainframe for 800 series mvs (,,71726.95
amazon:1144,autocad ( r ) lt 2007,,330.95
amazon:1145,cisco cns network registrar central manager v. 6.1 license cnr-6 .1 - rcm500k,,71760.0
amazon:1146,adobe creative suite 3 design standard complete package 1 user academic windows,,369.0
amazon:1147,1000pk multi pack instant,,71876.95
amazon:1148,adobe acrobat 7.0 professional ( education version ) for windows,,154.99
amazon:1149,1000pk multi pack instant,,71876.95
amazon:1150,adobe acrobat 7.0 standard academic mac,,98.99
amazon:1151,adobe photoshop cs3 extended complete package 1 user academic cd windows,,279.0
amazon:1152,nintendo wii : spongebob : creature from the krusty krab,,39.99
amazon:1153,photo explosion deluxe ( r ) 2.0,,49.99
amazon:1154,exch . srvr extrnconn lic/sa gv,,72402.5
amazon:1155,netopia timbuktu pro for macintosh ( twin-pack ),,183.99
amazon:1156,scansoft ( r ) paperport ( r ) 11,,99.99
amazon:1157,the print shop ( r ) 22,,29.99
amazon:1158,adobe academic flex builder 2 for windows with charting 1 user,,71.99
amazon:1159,microsoft ( r ) office 2004 for mac standard edition upgrade version,,234.95
amazon:1160,roxio ( r ) popcorn ( tm ) 2,,49.99
amazon:1161,diskeeper corporation diskeeper 2007 professional edition complete package 1 workstation academic,,29.99
amazon:1162,microsoft ( r ) access 2007,,109.99
amazon:1163,microsoft ( r ) office 2004 for mac student and teacher edition,,146.95
amazon:1164,pc-cillin ( tm ) internet security 2007,,49.99
amazon:1165,microsoft ( r ) streets and trips 2005 with gps locator,,129.99
amazon:1166,sony vegas 7 + dvd production suite software full version video editing and dvd creation,,426.0
amazon:1167,software,,274.99
amazon:1168,art explosion ( r ) 800000,,79.99
amazon:1169,microsoft ( r ) windows vista ( tm ) home premium,,239.99
amazon:1170,microsoft ( r ) works suite 2005,,99.99
amazon:1171,symantec ( tm ) norton internet security ( tm ) 2005 3-user,,119.99
amazon:1172,studio ultimate version 11,,129.0
amazon:1173,ulead ( r ) dvd moviefactory ( r ) 5,,49.99
amazon:1174,sony playstation 2 : the art of fighting anthology,,14.99
amazon:1175,mobile find,,29.99
amazon:1176,sony playstation 2 : beatmania,,19.99
amazon:1177,the sims : hot date expansion pack,,19.87
amazon:1178,art explosion ( r ) greeting card factory ( r ) deluxe 6.0,,49.99
amazon:1179,nintendo gamecube : teen titans,,14.99
amazon:1180,adobe ( r ) photoshop ( r ) 7.0 upgrade for pc,,679.99
amazon:1181,printmaster ( r ) platinum 16,,39.97
amazon:1182,microsoft ( r ) office word 2004 for mac full version,,231.29
amazon:1183,web easy ( r ) professional 6,,49.99
amazon:1184,symantec ( tm ) norton 360 ( tm ),,79.99
amazon:1185,ultra wincleaner 2002 utility suite,,49.99
amazon:1186,adobe ( r ) publishing collection 12.0,,995.87
amazon:1187,pokemon diamond version nintendo ds,,39.99
amazon:1188,system care ? professional,,49.99
amazon:1189,sony playstation 2 : god of war,,19.95
amazon:1190,mcafee internet security 7.0,,69.99
amazon:1191,microsoft molpc csf sbe 3.0 order handling sbe 200pt b7m-00283,,103036.0
amazon:1192,act ! 2004 for windows,,249.95
amazon:1193,business cards certificates brochures,,19.99
amazon:1194,emc fed id mgr for 25 s/a conn fimm-25,,119862.0
amazon:1195,pinnacle ( tm ) studio plus 10.5 titanium edition,,99.99
amazon:1196,sony playstation 2 : socom 3 us navy seals,,19.99
amazon:1197,cto only windows xp pro nc6000,,118.95
amazon:1198,corel ( r ) paint shop pro xi,,99.99
amazon:1199,peachtree ( r ) compatible continuous checks-accounting for windows versions 3.5-7 .0,,121.89
amazon:1200,sony playstation 2 : karaoke revolution presents : american idol,,39.99
amazon:1201,ghostsurf ( tm ) 2007 platinum,,29.99
amazon:1202,sony playstation 2 : mortal combat : armageddon,,19.99
amazon:1203,cisco pgw2200 include redundant,,159787.95
amazon:1204,freeverse software big bang brain games mac,,24.99
amazon:1205,xbox 360 : marvel ultimate alliance gold,,59.99
amazon:1206,nft1500 netflow tracker license 500 devices linux win solaris,,177579.14
amazon:1207,microsoft ( r ) works suite 2006,,99.99
amazon:1208,allume stuffit deluxe 11 macintosh dvd pack sold only with a apple cpu .,,19.99
amazon:1209,d51rsll-bl ibm websphere portal extend for linux on system z product upgrade license + 1,,111379.3
amazon:1210,kaspersky ( r ) internet security 6.0,,76.99
amazon:1211,kiplingers willpower,,29.99
amazon:1212,print perfect ( tm ) platinum,,29.99
amazon:1213,adobe creative suite 3 ( cs3 ) design premium upgrade mac,,569.97
amazon:1214,quickbooks ( r ),,103.99
amazon:1215,deposit slips,,23.79
amazon:1216,topics presents : human body,,15.9
amazon:1217,myob compatible multipurpose continuous checks,,144.59
amazon:1218,continuous checks for peachtree ( r ) complete iii for dos v. 5.0-10 .0,,144.59
amazon:1219,cisco optical services module multiplexor,,91240.95
amazon:1220,multipurpose continuous checks,,144.59
amazon:1221,specialty single window envelopes to match your forms & checks,,81.49
amazon:1222,barbie : horse adventures for pc,,19.99
amazon:1223,peachtree ( r ) compatible laser checks-accounting for windows versions 3.5-7 .0,,106.29
amazon:1224,d51rsll-d ibm websphere portal extend for linux on system z product upgrade license + 1,,93001.26
amazon:1225,barbie fashion show for pc,,19.99
amazon:1226,i spy fantasy with mini cd for pc,,19.99
amazon:1227,multipurpose laser/inkjet checks,,106.29
amazon:1228,microsoft ( r ) great plains dynamics compatible laser checks,,106.29
amazon:1229,specialty single window envelopes to match your forms & checks,,81.49
amazon:1230,microsoft ( r ) great plains business solutions compatible payroll continuous checks,,91.59
amazon:1231,quicken ( r ) quickbooks ( r ) microsoft money ( r ) and simply money ( r ) laser checks,,106.29
amazon:1232,multipurpose continuous checks,,91.59
amazon:1233,peachtree ( r ) complete iii,,199.99
amazon:1234,continuous checks for peachtree ( r ) complete iii for dos v. 5.0-10 .0,,91.59
amazon:1235,d51rsll-f ibm websphere portal extend for linux on system z product upgrade license + 1,,89103.85
amazon:1236,peachtree ( r ) complete iii for dos 5.0-10 .0 continuous checks,,144.59
amazon:1237,pencil-pal big phonics,school-zone-interactive,17.9
amazon:1238,novell identity manager integration module for mainframe for 900 series mvs (,,90108.95
amazon:1239,mighty math carnival countdown,,9.9
amazon:1240,brain play 1st-3rd grade,,17.9
amazon:1241,millies math house,ibm - ( aap-misc-parts ),9.9
amazon:1242,wincleaner one-click cleanup version 10,,24.9
amazon:1243,mas 90 ( r ) / mas 200 ( r ) compatible continuous checks,,91.59
amazon:1244,cisco optical services module multiplexor,,89581.95
amazon:1245,quicken ( r ) quickbooks ( r ) microsoft money ( r ) and simply money ( r ) elegant laser checks,,97.99
amazon:1246,peachtree ( r ) compatible laser forms-windows 8.0-2004 version,,103.99
amazon:1247,novell identity manager integration module for mainframe for 900 series mvs (,,90108.95
amazon:1248,roller coaster tycoon 3 for pc,,29.99
amazon:1249,blank laser checks,,54.99
amazon:1250,mas 90 ( r ) / mas 200 ( r ) compatible continuous checks,,121.89
amazon:1251,specialty single window envelopes to match your forms & checks,,81.49
amazon:1252,daceasy ( tm ) compatible laser forms,,103.99
amazon:1253,quickbooks ( r ),,199.99
amazon:1254,laser payroll checks,,106.29
amazon:1255,nicktoons winners cup racing for pc,,19.99
amazon:1256,peachtree ( r ) compatible continuous forms-accounting for windows 8.0-2004 version,,199.99
amazon:1257,sony playstation 2 : grand turismo 4,,19.95
amazon:1258,quicken ( r ) quickbooks ( r ) microsoft money ( r ) and simply money ( r ) elegant laser checks,,97.99
amazon:1259,three-to-a-page 7 ring premier binder,,31.99
amazon:1260,peachtree ( r ) complete iii,,199.99
amazon:1261,peachtree ( r ) compatible continuous checks-office accounting 12.0,,121.89
amazon:1262,quicken ( r ) quickbooks ( r ) microsoft money ( r ) and simply money ( r ) elegant laser checks,,114.99
amazon:1263,d51rsll-g ibm websphere portal extend for linux on system z product upgrade license + 1,,86875.58
amazon:1264,peachtree ( r ) compatible continuous checks-accounting for windows versions 3.5-7 .0,,91.59
amazon:1265,quickbooks ( r ),,199.99
amazon:1266,specialty single window envelopes to match your forms & checks,,81.49
amazon:1267,mas 90 ( r ) / mas 200 ( r ) compatible continuous forms,,178.99
amazon:1268,peachtree ( r ) compatible continuous checks-accounting for windows versions 3.5-7 .0,,91.59
amazon:1269,three-to-a-page business checks,,65.19
amazon:1270,daceasy ( tm ) compatible continuous payroll checks-versions 4.3 & higher,,144.59
amazon:1271,microsoft ov ofc live mtg room sub 1mo addl prod 500 pers a3o-00075,,100426.0
amazon:1272,peachtree ( r ) compatible laser form-accounting for windows 3.5-9 .0 versions,,103.99
amazon:1273,peachtree ( r ) compatible continuous checks-office accounting 12.0,,91.59
amazon:1274,quicken ( r ) quickbooks ( r ) microsoft money ( r ) and simply money ( r ) continuous checks,,73.99
amazon:1275,microsoft open csf svr 3.0 b7n-00104,,106184.0
amazon:1276,quicken ( r ) quickbooks ( r ) microsoft money ( r ) and simply money ( r ) laser checks,,88.99
amazon:1277,quicken ( r ) quickbooks ( r ) microsoft money ( r ) and simply money ( r ) elegant laser checks,,115.49
amazon:1278,blank laser checks,,54.99
amazon:1279,peachtree ( r ) complete iii for dos 5.0-10 .0 continuous checks,,121.89
amazon:1280,peachtree ( r ) compatible continuous checks-accounting for windows 8.0-2004 version,,121.89
amazon:1281,blank laser checks,,54.99
amazon:1282,ultimate games for girls 3 for pc,,19.99
amazon:1283,nft1250 netflow tracker license 250 devices linux win solaris,,102488.53
amazon:1284,multipurpose continuous checks,,144.59
amazon:1285,blank laser checks,,54.99
amazon:1286,microsoft molpc l/sa isa svr ent ed 25 1cpu lic 400pt f89-01554,,97494.0
amazon:1287,fifa world cup germany 06 for pc,,7.99
amazon:1288,specialty double window envelopes to match your forms & checks,,67.49
amazon:1289,nickelodeon splat pack for pc,,19.99
amazon:1290,peachtree ( r ) compatible continuous checks-accounting for windows 8.0-2004 version,,91.59
amazon:1291,deposit slips,,85.79
amazon:1292,three-to-a-page itemized invoice checks,,65.19
amazon:1293,sid meiers civilization iii for pc,,7.99
amazon:1294,blank laser checks,,54.99
amazon:1295,microsoft open l/sa isa svr ent ed 25 1cpu lic f89-01570,,99483.0
amazon:1296,three-to-a-page business checks,,104.39
amazon:1297,daceasy ( tm ) continuous forms-4 .3 & higher versions,,241.99
amazon:1298,quicken ( r ) quickbooks ( r ) microsoft money ( r ) and simply money ( r ) elegant laser checks,,98.49
amazon:1299,quicken ( r ) quickbooks ( r ) microsoft money ( r ) and simply money ( r ) elegant laser checks,,114.99
amazon:1300,laser checks for peachtree ( r ) accounting for windows 8.0-2005,,106.29
amazon:1301,net jet game system for pc,,24.99
amazon:1302,peachtree ( r ) compatible laser checks-accounting for windows versions 3.5-7 .0,,106.29
amazon:1303,panda software upg to gatdef performa 8200 2k0 1yr uabpgdpcavo,,95853.0
amazon:1304,daceasy ( tm ) 4.0-4 .2 compatible continuous accounts payable checks,,144.59
amazon:1305,quicken ( r ) quickbooks ( r ) microsoft money ( r ) and simply money ( r ) continuous checks,,111.59
amazon:1306,deposit slips,,69.99
amazon:1307,quickbooks ( r ),,103.99
amazon:1308,daceasy ( tm ) 4.0-4 .2 compatible continuous inventory invoices,,241.99
amazon:1309,real world corporation ( tm ) compatible continuous checks,,91.59
amazon:1310,strawberry shortcake : and her berry best friends for pc,,19.99
amazon:1311,quickbooks ( r ),,178.99
amazon:1312,peachtree ( r ) compatible continuous forms-accounting for windows 8.0-2004 version,,241.99
amazon:1313,deposit slips,,49.79
amazon:1314,multipurpose continuous checks,,112.99
amazon:1315,microsoft ov ofc live mtg room sub 1mo addl prod 250 pers a3o-00065,,94150.0
amazon:1316,multipurpose continuous checks,,91.59
amazon:1317,peachtree ( r ) compatible continuous checks-accounting for windows 8.0-2004 version,,91.59
amazon:1318,real world corporation ( tm ) compatible laser checks,,106.29
amazon:1319,laser checks for peachtree ( r ) accounting for windows 8.0-2005,,106.29
amazon:1320,my little pony : the runaway for pc,,19.99
amazon:1321,peachtree ( r ) complete iii,,178.99
amazon:1322,shrek the third for pc,,19.99
amazon:1323,mas 90 ( r ) / mas 200 ( r ) compatible laser checks,,106.29
amazon:1324,accpac ( r ) business works 9.0-10 .0 compatible continuous check,,121.89
amazon:1325,quicken ( r ) quickbooks ( r ) microsoft money ( r ) and simply money ( r ) continuous checks,,91.59
amazon:1326,peachtree ( r ) compatible continuous checks-accounting for windows versions 3.5-7 .0,,91.59
amazon:1327,myob compatible laser multipurpose checks,,106.29
amazon:1328,peachtree ( r ) compatible continuous checks-accounting for windows 8.0-2004 version,,144.59
amazon:1329,three-to-a-page payroll checks,,104.39
amazon:1330,sage software acts2005rt act ! 7.0 2005,sage software,225.99
amazon:1331,emc fed id mgr for 100 conn for ct authmgr cust fimm-100r,,263686.0
amazon:1332,individual software prm-r12 resumemaker professional 12.0,individual software,29.99
amazon:1333,backyard sports : baseball 2007 for pc,,19.99
amazon:1334,laplink software pafgpcde01000p0rtpen laplink pcdefense internet security,,26.97
amazon:1335,laplink software pafglplk0b000p0rtpen laplink laplink gold v. 12.0 complete product file transfer 3 device 1 user complete product standard english pc,,98.97
amazon:1336,specialty double window envelopes to match your forms & checks,,67.49
amazon:1337,quicken ( r ) quickbooks ( r ) microsoft money ( r ) and simply money ( r ) continuous checks,,82.79
amazon:1338,laplink software pafgflmv01000p0rtpen laplink filemover file transfer pc,,23.97
amazon:1339,blank laser checks,,54.99
amazon:1340,mas 90 ( r ) / mas 200 ( r ) compatible continuous checks,,91.59
amazon:1341,peachtree ( r ) complete iii,,72.99
amazon:1342,punch software 42100 punch ! home design architectural series 18 ( small box ),punch software,119.99
amazon:1343,quicken ( r ) quickbooks ( r ) microsoft money ( r ) and simply money ( r ) elegant laser checks,,97.99
amazon:1344,apple software t9164ll/a logic express 6,apple software,219.0
amazon:1345,continuous checks for peachtree ( r ) complete iii for dos v. 5.0-10 .0,,91.59
amazon:1346,quicken ( r ) quickbooks ( r ) microsoft money ( r ) and simply money ( r ) elegant laser checks,,97.99
amazon:1347,cakewalk guitar tracks pro 3 music production software,,99.0
amazon:1348,go diego go ! : wolf pup rescue for pc,,19.99
amazon:1349,peachtree ( r ) compatible continuous checks-accounting for windows 8.0-2004 version,,144.59
amazon:1350,quickbooks ( r ),,199.99
amazon:1351,apple software m9953z/a remote desktop 2.2 10 client,apple software,294.99
amazon:1352,freeverse software 4024 robin hood : the legend of sheerwood,freeverse software,28.99
amazon:1353,daceasy ( tm ) laser/inkjet checks - versions 4.3 and higher,,106.29
amazon:1354,continuous checks for peachtree ( r ) complete iii for dos v. 5.0-10 .0,,112.99
amazon:1355,bias deck 3.5 software music production software,,299.0
amazon:1356,three-to-a-page disbursement checks,,104.39
amazon:1357,specialty single window envelopes to match your forms & checks,,81.49
amazon:1358,sony imz-rs301 imzrs301 additional client upgrade cctv software,,374.95
amazon:1359,deposit slips,,32.79
amazon:1360,webroot software inc 52310 spy sweeper with antivirus/child safe 1-pc win 2000 xp vista,,37.97
amazon:1361,peachtree ( r ) compatible continuous checks-accounting for windows 8.0-2004 version,,121.89
amazon:1362,webroot software 65210 spy sweeper 3 pc,webroot software,31.99
amazon:1363,three-to-a-page itemized invoice checks,,104.39
amazon:1364,ilford studio software for pc ( windows 2000 pro xp pro ),,699.99
amazon:1365,daceasy ( tm ) continuous checks,,121.89
amazon:1366,specialty double window envelopes to match your forms & checks,,67.49
amazon:1367,quickbooks ( r ),,103.99
amazon:1368,steinberg cubase studio 4 software music production software,,399.99
amazon:1369,blank laser checks,,54.99
amazon:1370,apple web objects 5.2 software apple & mac software,,689.95
amazon:1371,quicken ( r ) quickbooks ( r ) microsoft money ( r ) and simply money ( r ) laser checks,,88.99
amazon:1372,e-mu beat garden x for emulator x and proteus x software modules sounds for software,,69.99
amazon:1373,magix samplitude 9 professional music production software,,999.0
amazon:1374,double window envelopes to match your forms & checks,,67.49
amazon:1375,nikon pictureproject 1.6 other software,,44.95
amazon:1376,daceasy ( tm ) laser/inkjet checks - versions 4.3 and higher,,106.29
amazon:1377,peachtree ( r ) complete iii,,103.99
amazon:1378,individual software pmm-xw4 professor teaches excel & word 2007 win 2000 xp vista,,17.97
amazon:1379,multipurpose laser/inkjet checks,,106.29
amazon:1380,bethesda software 12000 ihra drag racing sportsman edition win me nt 2000 xp,,19.97
amazon:1381,daceasy ( tm ) continuous checks,,91.59
amazon:1382,individual software qmm-t17 typing quick & easy 17 win 2000 xp vista,,17.97
amazon:1383,cyma general business systems continuous checks,,121.89
amazon:1384,freeverse software 005 solace ( mac 9.1-9.x 10.1 or higher ),,18.97
amazon:1385,laser checks for peachtree ( r ) accounting for windows 8.0-2005,,106.29
amazon:1386,freeverse software 5013 best of the original mac games v 1.0 ( mac 10.2.8 or higher ),,26.97
amazon:1387,freeverse software 010 wingnuts 2 mac 9.1-9.x 10.1 or higher,,26.97
amazon:1388,ams200 4gb,,383820.94
amazon:1389,quicken ( r ) quickbooks ( r ) microsoft money ( r ) and simply money ( r ) continuous checks,,121.89
amazon:1390,freeverse software 6022 big bang brain games mac 10.3.9 or later ub,,26.97
amazon:1391,ams200 4gb,,383820.94
amazon:1392,laser/inkjet checks for peachtree ( r ) complete iii for dos v. 5.0-10 .0,,106.29
amazon:1393,individual software edm-tb1 typing for business win 98 me 2000 xp,,17.97
amazon:1394,freeverse software 6002 heroes of might and magic v mac 10.4 or later,,43.97
amazon:1395,safari photo africa : wild earth for pc,,19.99
amazon:1396,freeverse software 7001 burning monkey solitaire 4.0 mac 10.3.9 or later ub,,22.97
amazon:1397,individual software prm-bp5 business planmaker 2006 deluxe win 98 me 2000 xp,,42.97
amazon:1398,peachtree ( r ) complete iii,,178.99
amazon:1399,freeverse software 006 active lancer ( mac 9.1-9.x 10.1 or higher ),,18.97
amazon:1400,spector pro 6.0 from safe computer kids ltd.,,84.99
amazon:1401,apple software m9301z/b soundtrack v1 .2,apple software,199.0
amazon:1402,quickbooks ( r ),,103.99
amazon:1403,frogger : the great quest for pc,,7.99
amazon:1404,m-audio pro tools m-powered mpowered 7 software educational discount music production software,,198.95
amazon:1405,one-write ( r ) plus compatible laser checks,,106.29
amazon:1406,deposit slips,,55.79
amazon:1407,bratz babyz for pc,,19.99
amazon:1408,three-to-a-page payroll checks,,65.19
amazon:1409,apple software m9372z/a final cut express 2.0 upgrade,apple software,79.99
amazon:1410,laser/inkjet checks for peachtree ( r ) complete iii for dos v. 5.0-10 .0,,106.29
amazon:1411,bethesda software 12020 star trek legacy win me nt 2000 xp,,36.97
amazon:1412,laser/inkjet checks for peachtree ( r ) complete iii for dos v. 5.0-10 .0,,106.29
amazon:1413,three-to-a-page 7 ring check binder,,20.09
amazon:1414,bethesda software 11980 pirates of the caribbean : legend of jack sparrow win me nt 2000 xp,,10.26
amazon:1415,quicken ( r ) quickbooks ( r ) microsoft money ( r ) and simply money ( r ) laser checks,,199.99
amazon:1416,freeverse software 4012 3d bridge deluxe ( retail box ) ( mac 9.1-9.x 10.1 or higher ),,22.97
amazon:1417,blank laser checks,,54.99
amazon:1418,apple final cut studio 2 production suite for mac av production software,,1298.95
amazon:1419,emc fed id mgr for u/ls/a conn fimm-unl,,443164.0
amazon:1420,webroot software inc 66410 spy sweeper ( small box ) ( win 98 me 2000 xp ),,25.97
amazon:1421,peachtree ( r ) complete iii,,112.99
amazon:1422,freeverse software 5014 toysight gold ( mac 10.2 or higher ),,22.97
amazon:1423,three-to-a-page disbursement checks,,65.19
amazon:1424,individual software professor teaches office xp,,25.3
amazon:1425,individual software emm-tk2 typing instructor for kids 2.0 win 98 me nt 2000 xp,,17.97
amazon:1426,multipurpose continuous checks,,112.99
amazon:1427,punch software 85100 punch!master landscape pro v10 and home design,,59.97
amazon:1428,specialty double window envelopes to match your forms & checks,,67.49
amazon:1429,freeverse software 6001 legion arena mac 10.3.9 or later ub,,35.97
amazon:1430,specialty single window envelopes to match your forms & checks,,81.49
amazon:1431,encore software a5992jch dk rainbow fish most beautiful fish in the ocean win 95 98 me xp,,9.08
amazon:1432,brain play preschool-1st grade,,17.9
amazon:1433,punch software 20100 punch ! 5 in 1 home design,punch software,35.99
amazon:1434,world book 2006,,17.9
amazon:1435,musicalis universal guitar workshop,global-software-publishing,12.9
amazon:1436,individual software pro-tsm hanes t-shirt maker deluxe,individual software,24.99
amazon:1437,printshop 20 pro publisher,,34.9
amazon:1438,individual software jce-th6 total 3d home deluxe j/c,individual software,9.99
amazon:1439,data protection security suite 2005,,59.9
amazon:1440,onone software inc. gpp-55211 genuine fractals print pro 5 1u,,274.97
amazon:1441,print shop deluxe 21,,44.9
amazon:1442,encore software 13861 tlc arthurs kindergarten learning system 2008,,17.97
amazon:1443,the land before time : kindergarten adventure,,12.9
amazon:1444,freeverse software 4001 northland,freeverse software,19.99
amazon:1445,kids power fun for girls,,15.9
amazon:1446,grass valley edius 4 broadcast video editing software professional editing software,,998.95
amazon:1447,i copydvds 2 professional edition,me-too-software,27.9
amazon:1448,sony creative software sfas9000 sound forge audio studio 9,,53.97
amazon:1449,reader rabbit preschool,the-learning-company,17.9
amazon:1450,freeverse software 4012 3d bridge deluxe ( retail box ) for mac,freeverse software,18.99
amazon:1451,panda software upg to gatdef performa 8200 3k0 1yr uabpgdpcavq,,139890.0
amazon:1452,microsoft ov mp wbsr vl user sl & add sl mo sub 1mo v4k-00009,,147213.0
amazon:1453,nnm ae u/l 7.51 win-s/w td not auth to sell,,149358.98
amazon:1454,microsoft molpc l/sa csf sbe billing sbe 400pt b7m-00202,,154550.0
amazon:1455,microsoft molpc l/sa csf sbe order handling sbe 400pt b7m-00255,,154550.0
amazon:1456,microsoft molpc l/sa csf svr 400pt b7n-00132,,156086.0
amazon:1457,cisco pgw2200 include redundant,,159787.95
amazon:1458,novell identity manager integration module for mainframe for 900 series mvs (,,179952.95
amazon:1459,novell identity manager integration module for mainframe for 900 series mvs (,,179952.95
amazon:1460,panda software upg to gatdef performa 8200 4k0 1yr uabpgdpcavs,,186518.0
amazon:1461,emc fed id mgr for 75 conn for ct authmgr cust fimm-75r,,218313.0
amazon:1462,microsoft ov l/sa csf svr ext cntr 2yr/acqy2 add prd jr8-00011,,212320.0
amazon:1463,borland tdb1310wwss180 academic turbo delphi 2006 professional-cd 0728663119616,,69.34
amazon:1464,panda software bus sec 2006 3001-5k 2yr b2pbsa6si,,26.0
amazon:1465,panda software govt gatdef 8200 av mod 251-500u 2yr b2pgdcave-gov,,24.0
amazon:1466,emc auth mgr mnt ent/std9x5 2m per/u 20005-25000u aut0025000es2,,12.0
amazon:1467,autodesk 52710-091462-h000 ais 10 comm new slm dvd,,3416.15
amazon:1468,emc securid appl mnt entupg / std 22mo per u 25005-30 app0030000us22,,13.0
amazon:1469,garfield 2nd grade reading and phonics,,5.5
amazon:1470,fluke networks intair-lap interpretair wlan survey complete product network connectivity/management 1 user ( s ) complete product standard pc - free shipping,,3277.97
amazon:1471,panda software bus sec 2006 w / truprevent 251-500 3yr b3pbsa6e-edu,,38.0
amazon:1472,microsoft d48-00369 word mac 10.0 eng gov ' t 659556873790,,191.94
amazon:1473,publisher 2007 upgrade microsoft 164-04052,,69.71
amazon:1474,rev media 70/140gb 2 disks + sbs premium edition backup & recovery kit iomega,,236.18
amazon:1475,instant immersion japanese ( audio book ) ( audio book ),,19.95
amazon:1476,macromedia software ced061d520 coldfusion mx 6.1 ent upgrade,,2778.0
amazon:1477,mcafee total protection 2007 for small business adv. w/1yr gold maintenance 5 -,,215.5
amazon:1478,microsoft t73-00091 molpc visio std sa,,168.03
amazon:1479,emc securid appl mnt ent / ext 23mo per u 40005-50k app0050000ee23,,18.0
amazon:1480,sos aggregation company 100800101 vw gti racer topware interactive win 95 98 me nt 2000 xp vista,,25.97
amazon:1481,vivendi-universal games inc 72305 world of warcraft 60 day prepaid,,27.99
amazon:1482,panda software gatdef performa anti-spam mod 10-25 1yr a1pgdpcasa-edu,,17.0
amazon:1483,emc auth mgr mnt entupg/std 9m per/u 255-500u aut0000500us9,,14.0
amazon:1484,oem internet security suite 2007 3-user single pack,,32.85
amazon:1485,diskeeper 2007 professional,,46.95
amazon:1486,hallmark half-fold matte prem . blank greeting cards ( 20 pack ) ( paper ),,10.99
amazon:1487,sea scene : living underwater worlds,,19.55
amazon:1488,autodesk psg 12911-010008-1600a,autodesk psg,58.97
amazon:1489,panda software truprevent corporate 2006 501-1k 2yr b2prse6f,,21.0
amazon:1490,autodesk 34006-010008-160 raster design 2006 essentials,autodesk,52.99
amazon:1491,gods : lands of infinity spec,,16.99
amazon:1492,iaudioize magnetic time for pc and mac,,39.99
amazon:1493,global marketing partners icopydvds2 ultra by digital wunders,global-marketing-partners,79.9
amazon:1494,hp procurve mobility manager v. 1.0 license and media,,1537.06
amazon:1495,nikon capture nx software,,149.99
amazon:1496,office mac student/teach 04,,146.02
amazon:1497,microsoft office and windows training professional,,29.99
amazon:1498,emc securid appl mnt ent / std 12mo per u 755-1k app0001000es12,,20.0
amazon:1499,elite beat agents ds,,27.63
amazon:1500,prosoft 27100 tunetech for ipod by prosoft 0794038271005,,51.11
amazon:1501,reel deal casino quest ( win 95 98 me 2000 xp ),,19.95
amazon:1502,encore inc 10669 hoyle backgammon,,7.17
amazon:1503,hewlett packard 213076-b26 secure path v4 .0 c win wkgp ed 1 lic/cd,,1888.39
amazon:1504,ilife '06 mac apple ma166z/a,,47.8
amazon:1505,equilibrium debabelizer pro 6 0 win 1 u windows xp,,382.9
amazon:1506,window washer,,22.99
amazon:1507,rob klopfenstein toby keith yamaha 505244 toby keith unleashed smart pianosoft,,14.86
amazon:1508,borland hdb0006wwcs180 upg delphi 2006 prof nmd f/del v3 2005 pro cd,,453.71
amazon:1509,cisco 870 series-ios advanced ip services cisco systems s870aisk9-12404t =,,63.65
amazon:1510,digital video & audio prod book,sony-pictures-digital-entertainment,27.5
amazon:1511,panda software upg to gatdef performa 8200 2k0 1yr uabpgdpcavo-gov,,12.0
amazon:1512,microsoft w87-02380 office sbe 2007 win32,,400.34
amazon:1513,eidos interactive 40022 tomb raider : legend ds 788687400220,,19.8
amazon:1514,microsoft windows vista home basic upgrade ( pc ),,99.99
amazon:1515,computer associates etrarm31oem30 ez armor oem v 3.130 pack,,528.0
amazon:1516,adobe 42050106 acrobat distiller svr v6-cd sun 100u,adobe,5399.99
amazon:1517,computrace lojack for laptops 1 year license ( win 2000 xp ),,49.95
amazon:1518,learn2 training for microsoft powerpoint ( win 95 98 me nt 2000 xp ),topics-entertainment-software - ( consignment ),9.99
amazon:1519,brain play preschool 1st grade,,25.99
amazon:1520,symantec 11859201 be sys recovery 7.0 win sbs ed media cd m/l,,31.98
amazon:1521,panda software ent sec 2006 w / truprevent 5k + 2yr b2pesa6j-edu,,27.0
amazon:1522,isi researchsoft 5331 upgrade endnote x1 5u wkstn win plus $ 10 off w / ebillme * free shipping *,,397.0
amazon:1523,emc securid appl mnt ent / std 9mo per u 2505-3500 app0003500es9,,16.0
amazon:1524,backup exec 10d win adv disk v10 .1 e/f/g / s/i/j / c/k full pk,,309.99
amazon:1525,crystal reports xi professional edition complete package,,537.57
amazon:1526,emc securid appl mnt ent / std 17mo per u 2k5-25k app0025000es17,,16.0
amazon:1527,ca retail etrpp81oem30a,ca retail,490.74
amazon:1528,masque publishing 10226 classic game trio win 95 98 me nt 2000 xp/mac 8.6-9 . xclassic x v10 .1 or higher,masque publishing,28.06
amazon:1529,sos aggregation company 100800104 buku karkuro topware interactive,,15.95
amazon:1530,fleetwood mac yamaha 503620 fleetwood mac rumours smart pianosoft,,14.86
amazon:1531,pxl smartscale for mac/win,,159.95
amazon:1532,panda software govt entsec truprevent 10-25u 2yr ub2pesapra-gov,,44.0
amazon:1533,watchguard wg3900 high availability for firebox ii uk,,226.65
amazon:1534,norton internet security 2008 10 user,,199.99
amazon:1535,autodesk 46206-051462-h010 inv pro 08 com legacy slm sub req dvd,,3621.61
amazon:1536,isi researchsoft 6201 reference manager 11 single user edition 0787731062117,,164.58
amazon:1537,intuit inc 299529 qb prem mfg & whlesle 07 ( intuit inc 299529 ),,335.99
amazon:1538,emedia rock guitar method ( win 95 98 me nt 2000 xp/mac 8.0 ),,39.15
amazon:1539,borland cpb0007wwfs190 c++ builder 2007 pro dvd new user,,866.31
amazon:1540,rick vito 320535 rick vito complete guide to slide guitar,,14.86
amazon:1541,emc securid appl mnt entupg / ext 22mo per u 1005-150 app0001500ue22,,17.0
amazon:1542,scansoft textbridge pro v. 11,nuance-communications-inc .,68.99
amazon:1543,computer associates babwbr1151s05 bab r11 .5 sp1 dro win m/l cd,,431.16
amazon:1544,ulysses against the son of hercules ( mv ),,10.95
amazon:1545,win 2003 ter svr cal 5pk microsoft r19-00846,,762.95
amazon:1546,microsoft ov l/sa win comp clst ed 1yr/acqy3 add prd 73l-00098,,369.0
amazon:1547,spy sweeper ( small box ),,22.99
amazon:1548,smart steps 4th grade ( jc ),dorling-kindersley-multimedia - ( dk ),11.95
amazon:1549,hp proliant essentials server migration pack license,,1837.2
amazon:1550,iremember 2.0 intriguing development,,32.99
amazon:1551,symantec backup exec system recovery server edition business pack v. 7.0 complete package + 1 year basic maintenance 1 user cd win multi,,548.77
amazon:1552,turbo c pro ed codegear tsb1310wwfs180,,381.43
amazon:1553,crystal reports xi developer edition business objects w-1rd-e-wx-00,,400.03
amazon:1554,total training for advanced flash 8 action script,,99.99
amazon:1555,knowledge adventure 20033 jumpstart reading with karaoke,knowledge adventure,19.99
amazon:1556,getting started with sas/af ( r ) and frames,,11.66
amazon:1557,home bartending 101 shooters,arc-media-inc .,9.75
amazon:1558,access 2000 vb for applications fundamentals microsoft press 0-7356-0592-0,,15.1
amazon:1559,monarch std ( v9 .0 ) retail box datawatch fpm32c090-a01,,290.59
amazon:1560,diskeeper 2007 administrator win up 1-pk diskeeper corporation 121771,,86.33
amazon:1561,adventure workshop preschool-1st grade 8th edition win,,18.36
amazon:1562,adobe 38018944dm tlp flashpaper 2 win esd1,,22.37
amazon:1563,beginner 's guitar course vol . 1,,19.95
amazon:1564,adobe dreamweaver cs3 upgrade windows,,236.74
amazon:1565,10000 drink recipe snap,,8.95
amazon:1566,marine aquarium + sharks ( win 98 me 2000 xp ),,9.95
amazon:1567,encore inc 28453 midway arcade treasures win 98 me 2000 xp,encore inc,19.38
amazon:1568,pearson education book : the photoshop cs2 book for digital photographers photoshop software,,44.95
amazon:1569,microsoft ho2-00003 data analyzer 2002 complete package 1 user,microsoft,154.99
amazon:1570,visio developing solutions microsoft press 0-7356-1353-2,,23.28
amazon:1571,homespun 641604 norman blake 's guitar techniques dvd 1 : songs instrumentals and styles,,22.13
amazon:1572,edimensional g-pad pro for playstation ( playstation ii ),,29.95
amazon:1573,prosafe vpn client software single user netgear inc. vpn01l,,27.78
amazon:1574,freddi fish 2 case of haunted schl hse,,7.5
amazon:1575,adobe 38000655,adobe,157.34
amazon:1576,east west bosendorfer 290,,175.97
amazon:1577,emc reinstate fee 250u base svr reinstate-b-250,,2660.0
amazon:1578,mom standard ops mgmt lic 2005 english mlp 5 oml,,889.99
amazon:1579,kaplan sat/act/psat express,,9.99
amazon:1580,symantec symantec pcanywhere 12 0 host remote,,99.9
amazon:1581,emc securid appl mnt entupg / std 8mo per u 105-150 app0000150us8,,14.0
amazon:1582,emc securid appl mnt entupg / ext 20mo per u 10-25 app0000025ue20,,23.0
amazon:1583,internet security suite 2007 home protection pack xl box,,61.06
amazon:1584,emedia essential bass guitar dvd,,16.95
amazon:1585,microsoft office and windows training ( win 98 me nt 2000 xp ),,29.95
amazon:1586,hallmark card studio 2006,,29.36
amazon:1587,sunburst t02918 voyage of the mimi 020626029186,,205.98
amazon:1588,epson s020089 compatible color ink cartridge,,2.99
amazon:1589,emc keon cert auth mnt 9x5 per/u 800001-900000u kcamnt-900000,,13.0
amazon:1590,larry carlton hal leonard 320412 larry carlton,,14.86
amazon:1591,symantec 10224076 sam for sgs 2.0.1-cd media pack,symantec,17.99
amazon:1592,passwords plus v. 1.0 complete package,,28.5
amazon:1593,encore 10025 hoyle card games for pc,encore,10.0
amazon:1594,epson s041886 story teller 8 x 10 20 pages,,32.91
amazon:1595,adobe photoshop cs3 ( v10 .0 ) mac adobe 13102488,,537.65
amazon:1596,emc auth mgr mnt ent/std9x5 13m per/u 1505-2000u aut0002000es13,,19.0
amazon:1597,onone software mpr-40211 mask pro 4 1-user full win xp vista/mac 10.4 or,onone software,179.94
amazon:1598,adobe flash cs3 ( v9 .0 ) pro win up from flash pro-basic adobe 38039489,,167.87
amazon:1599,apple apple mac os x server 10 4 7 10 client,,499.0
amazon:1600,zoo tycoon for windows,,25.99
amazon:1601,panda software upg to cltshld 2006 trupr ev cltshld 51-100 1yr ub1cs6c-gov,,12.0
amazon:1602,emedia eg04025 intermediate guitar method complete package,emedia,53.99
amazon:1603,emc auth mgr mnt ent/ext 8m per/u 155-250u aut0000250ee8,,24.0
amazon:1604,time money & fractions grades 1-2 workbook & cd-rom,,12.99
amazon:1605,norton systemworks 2007 premier up symantec 10930721,,47.74
amazon:1606,destineer inc 10307 age of mythology ( mac 8.6-9.x ( classic ) x v10 .1 or higher ),,17.97
amazon:1607,emedia eg03014 bass method os x,emedia,53.99
amazon:1608,panda software ae gatedef 8100 antispam mod 251-500u 3yr b3pgdbase-edu,,18.0
amazon:1609,microsoft h22-00301 gov open sa project svr w9x nt,,1995.12
amazon:1610,upgr : op6 pro 100 to op7 pro 100,,98.99
amazon:1611,ca olp bps midsize bus win r2 base +50 u lic 2y entmnt cabpmsnaen200c5,,5788.0
amazon:1612,total training for adobe creative suite 3 design premium,,279.95
amazon:1613,vmware infrastructure enterprise edition product upgrade license,,5173.98
amazon:1614,quark inc qrkxppsptversion7 ugdsingleuser mac/win 122217,quark inc,604.5
amazon:1615,storageworks enterprise backup solution + tivoli storage manager complete package 2 months 1 user evaluation cd win solaris tru64 english,,89.93
amazon:1616,sony online entertainment inc 41032 everquest : titanium win 2000 xp,sony-creative-software,23.09
amazon:1617,nuance communications inc. upgrade to dragon naturallyspeaking v8 legal solutions from professional v6 and up ( govt ) olp a590a-sf2-8 .0,,314.0
amazon:1618,ghost recon gold edition ( dvd-rom ),,20.95
amazon:1619,upg conn sec shell 2007 5u,,29.99
amazon:1620,trend micro nlp scanmail domino add upg 2001-5ku smua0007,,19.0
amazon:1621,emc auth mgr mnt entupg/ext 10m per/u 30-50u aut0000050ue10,,17.0
amazon:1622,got game entertainment exclusive 00050 scratches : directors cut,,15.58
amazon:1623,language guide for nuvi 350,,79.95
amazon:1624,ibm/lotus bj0dsml tiv stor mgr v5 .3.0 mp ml md pk,,259.49
amazon:1625,csdc x3mac x3 : reunion virtual programming ltd. mac 10.4 or later ub,csdc,42.6
amazon:1626,emc auth mgr mnt base 9x5 22m per/u 3505-5000 u aut0005000bs22,,18.0
amazon:1627,dramatica pro 4 for pc,,249.99
amazon:1628,emc auth mgr mnt base 24x7 24m per/u 155-250u aut0000250be24,,38.0
amazon:1629,warlords iii darklords rising,red-orb-entertainment,11.95
amazon:1630,autocad 2007 coursewarecustomizing the interface,,39.69
amazon:1631,backup exec ( v11d ) for windows servers advanced open file option symantec 10,,390.1
amazon:1632,panda software clientshield 2006 w / truprevent 5-25 1yr b1cs6a-gov,,37.0
amazon:1633,windows sbs cal 2003 20-clt addpak device cal microsoft t74-00003,,1413.42
amazon:1634,sonicwall 01-ssc-2574,sonicwall,561.65
amazon:1635,avid technology inc. 70102024701 software avid liquid chrome xe,,840.97
amazon:1636,microsoft 164-04052,microsoft,90.24
amazon:1637,eagle games egl 150 tournament poker no limit texas hold 'em,eagle games,7.95
amazon:1638,phillip keveren shannon grama 501926 alfred 's basic piano course for children lesson book 1b disk,,23.59
amazon:1639,panda software govt truprevent corp 2001-3ku 2yr b2prseh-gov,,16.0
amazon:1640,retrospect 7.5 prof win upg only pz24a0075,emc,54.68
amazon:1641,hp control twr pk 1blade p-class lic 412957-b21,,176.0
amazon:1642,symantec 11281445 antivirus v. 10.2 business pack complete product antivirus 100 user complete product standard pc - free shipping,,2798.97
amazon:1643,microsoft windows vista business 32-bit oem,,149.99
amazon:1644,iriscard pro,,174.99
amazon:1645,panda software ae bus sec ex truprevent 3001-5ku 3yr b3pbsepri-edu,,28.0
amazon:1646,coreldraw graphics suite x3 upgrade windows,,184.5
amazon:1647,the stevie wonder collection,,34.95
amazon:1648,absolute software lfl-n2-48 computrace lojack for laptops 4 year license,,105.68
amazon:1649,emc securid appl mnt ent / ext 7mo per u 1k5-15k app0015000ee7,,15.0
amazon:1650,autodesk psg 34006-010008-1600a,autodesk psg,49.67
amazon:1651,symantec 11105975 backup exec 11d for windows servers business pack bundle w / continuous protection server complete package + 1 year essential support 1 server buying programs business pack cd win multi,,600.97
amazon:1652,microsoft 392-02322 ae frontpage 2003,,87.99
amazon:1653,autodesk 20610-090000-9331 a-cad mch 06 cg frm a-cad lt2004-06 addseat sub re,,2900.26
amazon:1654,nintendo ntrpawie hotel dusk : room 215 ds nintendo ds software,,28.99
amazon:1655,topics entertainment 40248 instant immersion spanish audio book audio book,topics entertainment,23.61
amazon:1656,destineer inc 10328 scrabble mac 10.3.8 or later,destineer inc,28.16
amazon:1657,avanquest pdf-xp5-0020 expert pdf pro 5 20 user pack uk,,361.58
amazon:1658,emc auth mgr mnt entupg/ext 15m per/u 505-750u aut0000750ue15,,16.0
amazon:1659,viva media llc 00257 my sim aquarium win 2000 xp vista,,19.97
amazon:1660,ibm vmware gsx svr/vin to infra 3 starter upg 4817v28,,25.0
amazon:1661,sony playstation gretzky nhl 2006 psp 98627,sony,39.95
amazon:1662,cakewalk 10-cwgp3 .00 -90 c guitar tracks pro 3.0 ( 3 win 00/xp cd ),,68.97
amazon:1663,adobe 38040450 dreamweaver cs3 complete product web development 1 user complete product academic universal english mac intel-based mac,,182.97
amazon:1664,sonicwall 01-ssc-6779 sonicwall email transfer mailfrontier 25u 1svr,,160.72
amazon:1665,media convergence server 7835-h2 hw / sw callmanager 5.1 cisco systems mcs783,,5019.46
amazon:1666,instant immersion italian audio ( audio book ),,19.95
amazon:1667,adobe systems inc 13102124 adobe photoshop cs 2 mac os x v. 10.2.8 to 10.3,adobe systems inc,788.63
amazon:1668,myinvoices & estimates deluxe,,39.99
amazon:1669,rosetta stone vietnamese level 1 homeschool edition cd-rom,,179.99
amazon:1670,destineer inc 10316 destineer atari arcade classics action/adventure mac,,17.97
amazon:1671,avery dennison 5695 cd/dvd design kit - lables jewel case inserts applicator & software,,26.0
amazon:1672,emc securid appl mnt base / ext 15mo per u 2005-2500 app0002500be15,,19.0
amazon:1673,equisys premium support zetafax 2007 technical support 1 year,,286.2
amazon:1674,wasp 633808550059 wasptime rfid clock only no software wasp clock 3100 rf proximity reader ethernet 0633808550059,,473.25
amazon:1675,adobe after effects ( v7 .0 ) pro mac up pro-pro adobe 12070227,,185.32
amazon:1676,adobe 09951404 solution expert annu all,adobe,233.99
amazon:1677,sega 68008 phantasy star universe x360 010086680089,,29.33
amazon:1678,adobe creative suite ( v3 .0 ) design premium mac adobe 19500009,,1482.0
amazon:1679,nuance communications 6309a-g03-11 .0,nuance communications,302.11
amazon:1680,listen for ipod magnetic time ( win 2000 xp ),sos-aggregation-company,39.99
amazon:1681,iris card pro,navarre distribution services,198.87
amazon:1682,watchguard wg017091 fb x 3 port & high avail upg,,135.34
amazon:1683,encore 28008 cold zero,encore,21.99
amazon:1684,mcsa/mcse self-paced training kit ( exams 70-292 and 70-296 ) upg . your,,39.95
amazon:1685,britannica deluxe 2008,,26.5
amazon:1686,word mac 2004 microsoft d48-00487,,157.18
amazon:1687,microsoft r39-00292 open win svr 2003 ext conn,,1863.78
amazon:1688,sunburst t02849 fraction attract site mac,,102.0
amazon:1689,fogware publishing 10356 high school us history 2 foreign policy & reform,,6.84
amazon:1690,hoyle solitaire,,9.99
amazon:1691,emc ext mnt upg mellonb pro-rated 8m qty 10700 mell-aut0015000be8,,13.0
amazon:1692,topics entertainment topics entertainment play electric guitar deluxe windows,,39.9
amazon:1693,hewlett packard vmware virtualcenter mgt svr lic sw [ non-returnable ],,5265.02
amazon:1694,hp t1935aa 0aa mfp dss3 .0 secure workflow ltu for 4100/9000mfp 50lic in,,9470.41
amazon:1695,buzby ; breakin all the rules hermie and freinds - digital pr,,15.99
amazon:1696,adobe systems inc 29180248 adobe photoshop elements 5.0 / premiere elements 3.0,,139.51
amazon:1697,emc auth mgr mnt entupg/std 18m per/u 50005-100000u aut0100000us18,,13.0
amazon:1698,cisco csa-b100-srvr-k9 cisco security server agent win + sol 100 agentbundle cisco security server agent license 100 agents win solaris 0746320832586,,55288.67
amazon:1699,cisco pgw2200 includes redundnt,,55706.95
amazon:1700,cisco pgw2200 includes redundnt,,55706.95
amazon:1701,37510 novabackup professional edition v. 7.5 upgrade license 1 user win,,25.06
amazon:1702,raz26e mcafee preventsys risk analyzer media volume win english,,13.95
amazon:1703,851-1v150-mk-us netiq xmp modules v. 1.5 media win,,22.67
amazon:1704,24p8231 ibm fastt flashcopy option w / volumecopy license 1 server,,18097.05
amazon:1705,54020543hs adobe acrobat 3d v. 8 version upgrade license 1 user gov tlp lev,,229.61
amazon:1706,12031 novanet media/client server v. 10 license 3 additional servers linux,,484.94
amazon:1707,o67-1-eneudvd7 systran office translator english-european language pack v. 6 complete p,,207.66
amazon:1708,10759333 symantec backup exec 11d for windows servers central admin server option compl,,1219.72
amazon:1709,babwbr1151s04 brightstor arcserve backup serverless backup option for windows w/sp1 v. 11 .,,1031.41
amazon:1710,ma-3880-2006 imail server plus 2006 upgrade license + 1 year service agreement 1000 users,,1765.86
amazon:1711,10821919 symantec ghost solution suite v. 2.0 media cd win,,16.99
amazon:1712,rl296aa red hat enterprise linux ws v. 4 update 4 license 1 workstation,,211.74
amazon:1713,19250096dg adobe photoshop lightroom v. 1.0 media gov tlp cd win mac uni,,19.23
amazon:1714,413115-b21 hp proliant essentials lights out 100i advanced pack license 1 server linu,,206.63
amazon:1715,r18-00144 microsoft windows server license & software assurance 1 cal open business,,41.58
amazon:1716,hbmpi776305m1200u hostexplorer 2007 upgrade package 5 users cd win,,217.08
amazon:1717,902453-007-e rumba unix-hp edition upgrade license 1 user volume level e 1000-1999,,106.48
amazon:1718,wd-7000-0900 service agreement ws_ftp professional software development kit technical suppo,,268.13
amazon:1719,cd269-ar1p = cisco ios enterprise/snasw plus complete package cd,,2150.98
amazon:1720,4px-00078 microsoft system center essentials 2007 license 20 clients win english,,379.43
amazon:1721,st. bernard software open file mgr v9.x elic most 100svr w/1yr sub ofm-s1y-50100,,62553.0
amazon:1722,1460 vcom systemsuite professional v. 7 complete package 1 user cd win,,36.93
amazon:1723,10547845 symantec mail security for smtp with antivirus v. 5.0 complete package -,,118.03
amazon:1724,serverlock manager 100 servers,watchguard-technologies-inc,56543.88
amazon:1725,32179 kid pix deluxe home edition v. 4 complete package 1 user cd win m,,14.51
amazon:1726,633808344023 wasp mobileinventory combo pack with spt1550 v. 3 complete package 5 u,,1194.17
amazon:1727,microsoft ov l/sa prj ext conn ul 3yr/acqyr1 t76-01189,,56493.0
amazon:1728,t3586a hp storageworks secure path for linux workgroup edition v. 3.0 c license,,65395.24
amazon:1729,11105070 symantec antivirus for network attached storage v. 4.3 media cd linu,,17.45
amazon:1730,01-ssc-6740 sonicwall email protection subscription subscription license 2 years + sof,,771.92
amazon:1731,689-00971 microsoft autoroute 2007 media volume dvd win english europe,,21.17
amazon:1732,23102459dg adobe photoshop cs3 v. 10 media gov tlp download win worldwide,,21.28
amazon:1733,20100 punch ! 5 in 1 home design complete package 1 user cd win english,,34.26
amazon:1734,avanquest usa 1461 system suit 7 professional,avanquest usa,44.99
amazon:1735,98741h mobile phonetools v. 4.0 complete package 1 user cd win,,18.59
amazon:1736,9912231 novanet san media server plug-in maintenance 1 year 3 servers win,,339.06
amazon:1737,pc anywhere ( v12 .0 ) host / remote up symantec 10552372-in,,128.69
amazon:1738,22002170 adobe acrobat standard v. 8.0 complete package 1 user cd win can,,295.25
amazon:1739,j8990a hp procurve mobility manager v. 1.0 license and media 1 user win,,1525.72
amazon:1740,master server-upg,,174.99
amazon:1741,22r4254 ibm vmware esx host kit license 1 server,,925.94
amazon:1742,ws6-eng-l-ap vmware workstation v. 6 license 1 user edu linux english,,129.71
amazon:1743,emc securid appl mnt base / ext 20mo per u 15005-20k app0020000be20,,17.0
amazon:1744,cd26xm-ch = cisco ios ip/fw/ids complete package cd,,360.82
amazon:1745,cadktpr10u150 ca desktop protection suite v. 1.5 complete package 10 additional user,,424.93
amazon:1746,chet baker deep in a dream,,24.95
amazon:1747,t07-00449 microsoft business solutions crm sales standard software assurance 1 user -,,335.47
amazon:1748,92707 tun plus 2005 version upgrade license 1 user win,,66.09
amazon:1749,nuance communications inc. dragon naturallyspeaking preferred edition 1-yr technical support olp a109a-gf6-8 .0,,27.0
amazon:1750,01-ssc-7513 sonicwall email anti-virus mcafee and sonicwall time zero subscription license,,10319.39
amazon:1751,92708 tun plus 2005 version upgrade license 1 additional user win,,66.09
amazon:1752,firebox x550e gateway antivirus intrusion prevention service 1yr watchguard -,,319.4
amazon:1753,12302 novanet library expansion option upgrade license 1 server linux win nw,,333.31
amazon:1754,atari 26162 crusader kings mb,,21.99
amazon:1755,cwlms-2 .6 - ur-k9 ciscoworks lan management solution large enterprise package v. 2.6 licen,,17718.45
amazon:1756,11997634 symantec backup exec system recovery desktop edition business pack v. 7.0 ),,52.96
amazon:1757,10759328 symantec backup exec 11d for windows servers agent for db2 on windows servers -,,644.84
amazon:1758,bhe3dus installanywhere enterprise edition v. 8 product upgrade license + 1 year,,4746.16
amazon:1759,activision 75283 shrek smash n crash gc 047875752832,,15.9
amazon:1760,h22-01722 microsoft office project server 2007 media volume cd win english,,23.48
amazon:1761,01-ssc-6780 sonicwall email security transition from mailfrontier license 1 server 50 u,,519.03
amazon:1762,norton internet security ( v3 .0 ) mac symantec 10069614-in,,83.43
amazon:1763,29500244 adobe creative suite 3 design premium product upgrade package 1 user upgra,,1687.48
amazon:1764,solid chips 2book set,,201.2
amazon:1765,01-ssc-6781 sonicwall email security transition from mailfrontier license 1 server 250,,875.91
amazon:1766,masque 10192 slots from bally gaming,masque,18.99
amazon:1767,130-00360 microsoft visual studio team edition 2005 for software architects complete pac,,5121.98
amazon:1768,microsoft 394-00416 opens exch svr exconn l/sa qual,,22575.14
amazon:1769,bablur1150s06 brightstor arcserve backup enterprise option for advantage ingres for linux (,,632.18
amazon:1770,hgw hallmark card studio 2005 deluxe complete package 1 user cd win,,47.43
amazon:1771,business objects crystal reports xi,,459.99
amazon:1772,121744 diskeeper 2007 pro premier edition complete package 5 workstations dvd w,,426.58
amazon:1773,f89-00346 microsoft internet security and acceleration server enterprise edition license,,537.72
amazon:1774,sierrahome hse hallmark card studio special edition win 98 me 2000 xp,sierrahome,19.26
amazon:1775,633808550578 wasp time pro magstripe solution v. 5 complete package 5 administrator,,930.14
amazon:1776,10224341 symantec gateway security client-to-gateway vpn license and media 10 additio,,223.96
amazon:1777,wg3605 watchguard mobile user vpn complete package 5 users cd win english t,,290.68
amazon:1778,sunburst t04156 every child a reader netwk 046442532334,,484.04
amazon:1779,pd8w10p perfectdisk professional v. 8.0 license 10 workstations win,,274.72
amazon:1780,garmin bluechart mediterranean southeast,,299.0
amazon:1781,td824ll/a filemaker mobile v. 8 complete package 1 user cd win mac palm os,,66.15
amazon:1782,rsa security securid software authenticator license sd820-8-60-12-500,,32.0
amazon:1783,edbuua61c emc dantz annual support & maintenance emc replistor smb edition technical sup,,349.37
amazon:1784,cookn vegetarian,,19.99
amazon:1785,symantec backup exec 11d for windows servers agent for lotus domino server complete package,,772.14
amazon:1786,05090 registry repair 2005 complete package 1 user cd win,,24.59
amazon:1787,11273 hasbro family game collection 2006 complete package 1 user pc cd win,,14.51
amazon:1788,fb7-00576 microsoft encarta premium 2007 media volume cd win french,,23.53
amazon:1789,sr2116010 safenet softremote vpn client license 5 users win,,184.57
amazon:1790,hidden expedition : titanic,,15.5
amazon:1791,c8d-00006 microsoft dynamics crm small business edition v. 3.0 license 20 user c,,9654.16
amazon:1792,27510889 adobe indesign cs3 v. 5 product upgrade package 1 user upgrade from,,214.55
amazon:1793,cd72-ak9 = cisco ios enterprise ipsec 3des complete package cd,,4837.39
amazon:1794,microsoft h32-00034 sps extrnlconnnonemplyengl & s c 805529073074,,55420.56
amazon:1795,t4396a hp storageworks application recovery manager online backup license 1 server,,1215.87
amazon:1796,cd362-chk9 = cisco ios ip/fw/ids plus ipsec 3des complete package cd,,3060.9
amazon:1797,cd72-ar1k9 = cisco ios enterprise/snasw ipsec 3des complete package cd,,10576.76
amazon:1798,6809a-g03-11 .0 scansoft paperport v. 11 complete package 5 users win english,,421.17
amazon:1799,910443-004-g onweb web-to-host v. 5.1 upgrade license 1 user volume level g 3,,60.44
amazon:1800,e84-00294 microsoft internet security and acceleration server license & software assuran,,1821.09
amazon:1801,eqzfn07-220 zetafax additional lines for fax or sms license unlimited additional fax lin,,1412.69
amazon:1802,765205-011793 beyond contacts v. 3.0 license 10 users win palm os,,279.08
amazon:1803,eqzfn07-231 zetafax license 5 additional users win,,499.17
amazon:1804,bu24a600000 emc insignia retrospect desktop v. 6.1 upgrade package 2 clients cd,,51.85
amazon:1805,164-04052 microsoft office publisher 2007 version upgrade package 1 pc cd win en,,88.8
amazon:1806,microsoft t07-00336 ae open crm l/sa ste std usr qual,,399.91
amazon:1807,exmpi550001m1200p exceed 2007 license + 1 year maintenance 1 user win,,535.08
amazon:1808,microsoft e32-00575 sql server 2005 developer edition x64 complete product dbms 1 developer ( s ) complete product standard english pc,,43.97
amazon:1809,babnbr1111s05 brightstor arcserve backup tape library option for netware w/sp1 v. 11.1 -,,643.42
amazon:1810,dragon naturally speaking ( v9 .0 ) preferred wireless edition nuance a109x-wn4,,161.82
amazon:1811,11888479 symantec control compliance suite v. 8.5 media symantec buying program,,16.84
amazon:1812,firewall feature set complete package,,506.58
amazon:1813,24p8070 ibm fastt storage manager vmware host kit complete package 1 user,,712.67
amazon:1814,gods and generals,,14.88
amazon:1815,42050142 adobe acrobat distiller server v. 6.0 complete package unlimited users,,15689.75
amazon:1816,microspot interiors ( mac 10.2 or later ),,99.95
amazon:1817,e17883d symantec backup exec for netware servers open file option v. 9.2 complet,,460.7
amazon:1818,procurve vpn client software unlimited client licenses,,2598.96
amazon:1819,01-ssc-7309 sonicwall cfs standard edition for sonicwall pro 1260/2040/3060 / 4060 subscript,,2124.92
amazon:1820,pop up oxford spanish / english dict,oxford-university-press,13.95
amazon:1821,10731 the print shop 22 pro publisher deluxe complete package 1 user win,,84.13
amazon:1822,c7s-00024 windows live onecare v. 1.5 complete package 3 pcs cd win englis,,38.64
amazon:1823,299530 quickbooks premier nonprofit edition 2007 complete package 1 user cd win,,344.58
amazon:1824,af071ml ibm websphere business integration server foundation for developers v. 5.1 ),,851.65
amazon:1825,pantone gps206 reference library,,907.97
amazon:1826,bm02jml ibm websphere host integration solution for intranet for iseries v. 4.1 -,,307.42
amazon:1827,ibm fastt storage partitions upgrade licence 64 storage partitions upgrade from 16 storage partitions,,11325.58
amazon:1828,u84-00101 microsoft windows server 2003 for small business license 5 device cals ope,,303.9
amazon:1829,nsa-rsm-10d enterasys netsight atlas router services manager license 10 devices win s,,826.36
amazon:1830,adobe 42050142 acrobat distiller 6 lnx ret cd u/l lnx,,14967.47
amazon:1831,01-ssc-6669 sonicwall email protection subscription subscription license 1 year + dyna,,434.84
amazon:1832,alfred 's basic piano library for children level 2 disk,,26.0
amazon:1833,bb0lgml ibm db2 everyplace database edition v. 8.2.0 media cd linux win pa,,108.95
amazon:1834,eesk1017 emc insignia eroom smb edition v. 7.3 complete package 10 users cd -,,950.92
amazon:1835,delphi 2007 pro codegear hdb0007wwfs190,,541.86
amazon:1836,fw-6900-2006 ws_ftp professional 2006 license + 1 year service agreement 5 users win -,,264.58
amazon:1837,encore tlc dr seuss reading learning system 2008,,17.9
amazon:1838,e17886d symantec backup exec for netware servers san shared storage option v. 9.2 ),,654.28
amazon:1839,4817t02 vmware infrastructure standard v. 3 full subscription 3 years 2 so,,1448.42
amazon:1840,amherst media book : digital darkroom guide with photoshop photoshop software,,29.95
amazon:1841,rfipsc2-1 ipsec vpn client license 1 user,,57.2
amazon:1842,29300183dm adobe creative suite 3 design standard media tlp tlp nonprofit download -,,20.97
amazon:1843,s65-00393 microsoft virtual pc for mac v. 7.0 w / windows 2000 complete package -,,238.48
amazon:1844,70009 nero ultra edition enhanced v. 7 complete package 1 user cd win,,87.76
amazon:1845,panda software active scan pro esd 1yr bpasp12m,,22.0
amazon:1846,exmpi556001m1200p exceed powersuite 2007 complete package + 1 year maintenance 1 user win,,525.45
amazon:1847,panda software upg to gatdef performa 8200 4k0 1yr uabpgdpcavs-edu,,12.0
amazon:1848,cd374-ch = cisco ios ip/fw/ids complete package cd,,1072.9
amazon:1849,emc deployment mgr per/u 151-250 webexp-00250,,4027.0
amazon:1850,4817l06 vmware consolidated backup v. 3 limited subscription 1 year 2 sock,,45.47
amazon:1851,namco 15022 moto gp psp sony psp software,,36.99
amazon:1852,122-00411 microsoft visual studio 2005 team edition for software testers complete packag,,2184.73
amazon:1853,19300109 adobe creative suite 3 design standard product upgrade package 1 user upgr,,424.74
amazon:1854,panda software enterprisecure truprevent 101-250u 3yr ub3prpesad,,73.0
amazon:1855,432778-b21 scai software development toolkit subscription license renewal 1 year 1,,595.04
amazon:1856,ma265zm/a final cut express hd v. 3.5 media volume dvd mac multi-country,,12.98
amazon:1857,allume systems moa-w40-dem-r,allume systems,43.13
amazon:1858,11105972 symantec backup exec 11d for windows small business server agent for windows sys,,320.66
amazon:1859,emc auth mgr mnt base 24x7 8m per/u 40005-50000u aut0050000be8,,13.0
amazon:1860,b21-00800 microsoft mappoint 2006 complete package 1 pc cd win english,,288.48
amazon:1861,microsoft winvista bus upsa 1y acq y3 ent w/visent 66j-01685,,144.0
amazon:1862,thq 36118 danny phantom : urban jungle action/adventure game nintendo ds,,20.97
amazon:1863,cd364-ahk9 = cisco ios enterprise/firewall/ids plus ipsec 3des complete package cd,,3290.22
amazon:1864,124-00458 microsoft visual studio team edition 2005 for software developers complete pac,,5159.29
amazon:1865,19700045 adobe creative suite 3 web premium complete package 1 user cd mac univ,,1691.87
amazon:1866,thq 36123 drake & josh ds 785138361239,,28.75
amazon:1867,mz24a0075 emc insignia retrospect multi server v. 7.5 upgrade package unlimited,,502.04
amazon:1868,hewlett packard 302127-b21 prol essentials rdp v1.x 1u flex lic min qty 5,,119.73
amazon:1869,1950824l1 technical support maintenance 1 year english,,401.18
amazon:1870,50411 spy sweeper with antivirus complete package 3 users win,,38.91
amazon:1871,wg017322 watchguard gateway antivirus/intrusion prevention service subscription license,,2758.34
amazon:1872,panda software clientshield 2006 3001-5k 2yr b2cs6si-gov,,21.0
amazon:1873,t07-00450 microsoft business solutions crm suite module software assurance 1 user op,,659.71
amazon:1874,ccl-4096 raritan commandcenter secure gateway appliance license 4096 additional nodes,,21823.11
amazon:1875,5325301935 snap enterprise data replicator license 1 additional server linux unix w,,4401.41
amazon:1876,ca blapdskapoem30 oem arcserve backup v11 .1 win 30u for laptops and desktops 0757943274004,,518.81
amazon:1877,sp32i570305m1200u connectivity secure shell 2007 upgrade package 5 users cd win,,34.22
amazon:1878,clickart 950000 premier image pack ( dvd-rom ),,48.95
amazon:1879,sage ( ptree ) vernfp2007rt premium accounting for nonprofits 2007,,590.35
amazon:1880,543-03927 microsoft office outlook 2007 media volume cd win english,,23.33
amazon:1881,the beginners bible : noah 's ark activity center : activity center,,9.95
amazon:1882,aust-0150-005 employee appraiser deluxe v. 5.0 complete package 1 user download -,,231.81
amazon:1883,j2300-ipsec-ltu juniper networks ipsec license for j2300 license 1 device,,339.0
amazon:1884,sp32i570001m1100p connectivity secure shell 2006 complete package + 1 year maintenance 1 user,,74.76
amazon:1885,xbox games : sega 64031,,12.0
amazon:1886,c8a-00066 microsoft dynamics crm professional v. 3.0 product upgrade license 20,,9676.92
amazon:1887,01-ssc-7494 sonicwall email protection subscription subscription license 2 years + dyn,,12690.0
amazon:1888,38038983 adobe robohelp server v. 6.0 upgrade package 1 user cd win inter,,1070.64
amazon:1889,emc ju10a0075 emc retrospect 7.5 disk to disk windows emc insignia retrospect disk-to-disk v. 7.5 complete package 1 server cd win 0093156011006,,266.92
amazon:1890,902453-006-g rumba unix-hp edition v. 7.3 upgrade license 1 user volume level g,,93.66
amazon:1891,ra-3000 fluke reporteranalyzer license 3000 interfaces,,376765.44
amazon:1892,01-ssc-3363 sonicwall global management system standard edition license 10 nodes win,,1835.31
amazon:1893,vbc-00002 microsoft softgrid for terminal services v. 4.1 license 20 user cals -,,419.8
amazon:1894,633808920357 wasp mobileinventory network edition with wdt3200 v. 3 complete package,,2097.24
amazon:1895,pc treasures pct50130 sft elite suite deluxe 2007 vista compatible ( pc treasures pct50130 ),,24.99
amazon:1896,cd374-esk9 = cisco ios enterprise services complete package cd,,1430.53
amazon:1897,22101180 adobe acrobat capture page pack license 100000 pages win,,1113.53
amazon:1898,81499 marvel ultimate alliance complete package 1 user sony playstation 3,,64.8
amazon:1899,p72-00473 microsoft windows server enterprise edition license & software assurance 1 u,,3282.33
amazon:1900,29180162 adobe photoshop elements 4.0 plus adobe premiere elements 2.0 complete package,,138.28
amazon:1901,38000773 macromedia director mx 2004 complete package 1 user cd win mac univer,,1285.07
amazon:1902,quarkcopydesk v. 3.5 version upgrade license,,56.77
amazon:1903,a209s-gd4-9 .0 dragon naturallyspeaking professional v. 9 complete package 1 user c,,786.91
amazon:1904,2013001000122 details v. 3.0 complete package 1 user cd win english,,290.21
amazon:1905,singing coach unlimited electronic learning products,,82.5
amazon:1906,433691-b21 hp proliant essentials power regulation manager license 1 server win,,88.56
amazon:1907,pcnf0040 pc-cillin internet security 2007 complete package 3 users federal win,,29.02
amazon:1908,nuance dragon naturallyspeaking v. 9.0 professional upgrade,,212.62
amazon:1909,wg017310 webblocker subscription license 1 year 1 appliance,,624.36
amazon:1910,macrovision is1200eue installshield express edition v. 12.0 version upgrade package 1 user upgrade from 4.x or later cd win english,,232.97
amazon:1911,bjmt art explosion photo objects 150000 complete package 1 user dvd mac,,43.22
amazon:1912,83076 smarterm enterprise suite v. 12.1 upgrade license 1 user win,,146.42
amazon:1913,633808255022 wasp bar code fontware professional + complete package 10 users cd win -,,242.8
amazon:1914,4817t23 vmware virtual desktop infrastructure full subscription 3 years 100 ente,,10914.69
amazon:1915,ap9009 powerchute plus license and media 1 user cd win,,63.86
amazon:1916,mike dowling homespun 641634 swing guitar rhythm 's where it 's at !,,22.13
amazon:1917,print explosion deluxe 3.0 : mac,,49.99
amazon:1918,432797-b21 altair pbs pro license + 1 year support 1 processor 2 cores linux,,187.96
amazon:1919,knowledge adventure 785105 jumpstart explore-gr1-3 add on,,12.99
amazon:1920,t3840aa hp openview storage mirroring advanced server v. 4.4.1 license 10 host,,42560.23
amazon:1921,epson s041886 epson epson storyteller photo book creator w / 8in x 10in book with 20 pages complete package 1 user std win,,23.61
amazon:1922,fl37-p-k2 = cisco ios ipsec 3des product upgrade license upgrade from cisco ios plus,,1488.8
amazon:1923,adobe software 22070152 after effects 6.5 pbupgrd,,507.0
amazon:1924,fl72-h = cisco ios rsm firewall upgrade license english,,4099.5
amazon:1925,rhf0211us red hat enterprise linux as premium support red hat enterprise linux as for am,,53937.1
amazon:1926,adobe systems 27910468 adobe framemaker v. 7.2 complete product desktop publishing 1 user complete product standard english pc plus $ 10 off w / ebillme * free shipping *,,881.0
amazon:1927,38039295dm adobe flash cs3 professional v. 9 media tlp tlp nonprofit dvd mac,,18.88
amazon:1928,disney learning 1st-2nd grade win,,13.61
amazon:1929,46503 novanet-web competitive upgrade license 10 users win,,1135.97
amazon:1930,ze4-00004 microsoft xbox live gold subscription card subscription license 3 months -,,22.5
amazon:1931,01-ssc-7544 sonicwall email anti-virus kaspersky and sonicwall time zero subscription lice,,9712.66
amazon:1932,n106788 veritas sitestor v. 1.2 media and documentation set cd linux win s,,68.02
amazon:1933,splashid windows mobile software for pocket pc,,29.95
amazon:1934,xsr-18xx-vpn-fw enterasys operating system base/vpn/firewall upgrade package 1 router cd,,1131.29
amazon:1935,cd269-b = cisco ios ip/ipx/appletalk complete package cd,,291.21
amazon:1936,kutoka interactive 61208 mia 's math adventure : just in time !,kutoka interactive,24.99
amazon:1937,bt00hna ibm rational robot v. 6.0.0 media cd win english,,108.95
amazon:1938,emc auth mgr mnt base 9x5 21m per/u 2005-2500u aut0002500bs21,,20.0
amazon:1939,babnbr1110s06 brightstor arcserve backup san option for netware v. 11.1 complete packa,,1038.22
amazon:1940,pafgpcmv01000p0rtpen pcmover complete package 1 user cd win,,39.14
amazon:1941,hummingbird ltd mampi665000m1100p,hummingbird ltd,175.96
amazon:1942,11105108 sygate enterprise protection v. 5.1 media cd win english,,16.09
amazon:1943,standard anti-virus 100 users w / 1 yr service agreement,,374.99
amazon:1944,4817l05 vmware drs v. 2 limited subscription 1 year 2 sockets win,,193.15
amazon:1945,norton systemworks 2007 premier 5-user symantec 10930722,,159.75
amazon:1946,633808441159 wasp mobileinventory network edition v. 3 product upgrade package 5 us,,522.73
amazon:1947,vp-wf04-00s1 kofax virtualrescan plus upgrade kit v. 4.0 complete package 1 user,,879.93
amazon:1948,edelbrock 91140 thermocouple compression fitting for qwikdata,,28.39
amazon:1949,nova development ghw humorous greeting card factory,nova development,29.99
amazon:1950,1-57408-058-x suretrak project manager v. 3.0 complete package 1 user cd win,,436.71
amazon:1951,exmpi555300m1200u exceed 3d 2007 upgrade package 1 user cd win,,137.35
amazon:1952,symantec 10517904 client security v. 3.1 business pack complete product internet security 50 user ( s ) complete product standard pc - free shipping,,1895.97
amazon:1953,paper art volume 2 : gift wrapping,arc-media-inc .,6.95
amazon:1954,633808390006 wasp mobileasset desktop edition complete package 1 user 1 device win pa,,398.92
amazon:1955,punch software 85100 master landscape professional & home design v 10.0,,61.8
amazon:1956,01-ssc-6046 sonicwall csm update service subscription license 3 years 25 users,,811.53
amazon:1957,garmin bluechart micro sd xpc023r new zealand,,123.18
amazon:1958,m009a-l00-4 .0 scansoft pdf create ! v. 4.0 complete package 1 user cd win engli,,43.21
amazon:1959,ipswitch md-7330-2006 std av 1000u rnwl,,1267.29
amazon:1960,01-ssc-7172 sonicwall cfs standard edition for totalsecure 10/25 series subscription licen,,300.54
amazon:1961,microsoft windows services for netware v. 5.0 complete package,,138.17
amazon:1962,babwur1151s31 brightstor arcserve backup for windows agent for mac os xw/sp1 v. 11.5 -,,194.34
amazon:1963,p17130 adaptive server enterprise v. 11.9 license 1 concurrent user win e,,288.57
amazon:1964,oscar hernandez 320505 salsa piano,,18.5
amazon:1965,cadtprnaen150 ca desktop protection suite v. 1.5 complete package 5 users win en,,298.13
amazon:1966,webroot software inc 31250 spy sweeper spanish,,24.81
amazon:1967,910620-000 rumba web-to-host for as/400 v. 4.2 license 1 processor tier p30 s,,13275.05
amazon:1968,sql server std 2005 5-clt x64 microsoft 228-04013,,1471.93
amazon:1969,4817v09 vmware infrastructure enterprise v. 3 product upgrade license 2 socket,,4488.17
amazon:1970,omnioutliner professional 3.0 for mac,,69.99
amazon:1971,633808106058 wasp bar code labeler complete package 1 user win,,37.91
amazon:1972,o-generator learning to compose,,79.95
amazon:1973,a01-00017 microsoft office publisher 2003 w / microsoft digital image pro 9 complete pa,,218.19
amazon:1974,ibm software lotus shrinkwrap ae7ntna,ibm software lotus shrinkwrap,102.23
amazon:1975,microsoft molpc isa svr ent ed 2006 25cpu lic 200pt f89-01407,,65644.0
amazon:1976,231327-b22 hp storageworks secure path for netware workgroup edition v. 3.0 c licens,,65395.24
amazon:1977,4817v32 vmware infrastructure enterprise v. 3 license 1 blade server 28 sock,,66031.32
amazon:1978,01-ssc-6997 sonicwall client/server anti-virus suite subscription license 3 years 10,,64740.21
amazon:1979,csa-b100-srvr-k9 cisco security server agent license 100 agents win solaris,,64566.91
amazon:1980,cisco security server agent ( windows and solaris ) 100-agent bundle,cisco-systems-enterprise,64821.43
amazon:1981,microsoft 394-00258 exchsrvrextrncon lic/sa c 400p 805529357631,,67678.14
amazon:1982,231319-b26 hp storageworks secure path for windows workgroup edition v. 4.0 c licens,,66453.59
amazon:1983,t3558a hp storageworks secure path for hp-ux workgroup edition v. 3.0 c complete,,66453.82
amazon:1984,sonicwall gms 1000n-incremental lic upg,sonic-systems-inc .,62920.89
amazon:1985,sonicwall gms 1000 upgrade,,63074.12
amazon:1986,t2507ba hp openview network node manager advanced edition v. 7.5 complete packag,,63333.28
amazon:1987,1000pk multi pack instant pdf 4.0,,63359.99
amazon:1988,ibm totalstorage ds4800 model 84 hard drive array,,60514.95
amazon:1989,ibm totalstorage ds4800 model 84 hard drive array,,60514.95
amazon:1990,nft1100 netflow tracker license 100 devices linux win solaris,,60376.91
amazon:1991,01-ssc-3377 sonicwall comprehensive gms 24x7 support sonicwall gms standard edition licens,,60374.4
amazon:1992,hewlett packard 231319-b26 secure path v4 .0 c for windows workgroup ed 50u lics & media 0808736757386,,60190.54
amazon:1993,hewlett packard t3558a secure path hp-ux we 50 lic/cd kit 0829160172255,,60190.75
amazon:1994,nnm ae 5000 7.51 win-s/w ltu,,59742.89
amazon:1995,jboss subscription service platinum jboss portal technical support,,57978.95
amazon:1996,jboss subscription service platinum jboss portal technical support,,57978.95
amazon:1997,check point eventia analyzer 100 devices cpmp-eva-100,,59177.0
amazon:1998,sonicwall 01-ssc-6997 3yr snwl client/server anti-virus 1000u sonicwall client/server anti-virus suite subscription license 3 years 1000 users 0758479069973,,58683.36
amazon:1999,sonicwall 01-ssc-6997 3yr snwl client/server anti-virus 1000u sonicwall client/server anti-virus suite subscription license 3 years 1000 users 0758479069973,,58683.36
amazon:2000,media made easy volume 3,,24.9
amazon:2001,individual software pmm-ss4 professor teaches office super set win 2000 xp vista,,33.97
amazon:2002,family tree maker 11 collector 's edition,,34.9
amazon:2003,freeverse software 4015 big bang board games,freeverse software,18.99
amazon:2004,hijack2 identity and data security suite,,44.9
amazon:2005,individual software prm-rce resumemaker career edition,individual software,34.99
amazon:2006,topics presents : dinosaurs,,12.9
amazon:2007,individual software qne-t15 typing quick & easy 15.0,individual software,24.99
amazon:2008,instant home design 3.0,,15.9
amazon:2009,punch software 26100 punch ! master landscape and home design ( small box ),punch software,45.99
amazon:2010,clifford musical memory games,,12.9
amazon:2011,encore software 10590 adventure workshop preschool 1st grade 7th ed sb cs by riverdeep,,17.97
amazon:2012,avery c32015 quick & clean business cards 250gsm matt card for use with ...,,18.54
amazon:2013,avery designpro 5 software for use with all avery printable products each,,29.07
amazon:2014,encore software 10941 scooby-doo frights camera mystery sb cs by riverdeep,,17.97
amazon:2015,avery c32040 business card kit containing 10 sheets of c32016 business cards ...,,14.51
amazon:2016,enfocus software pp7.0-sg-001 pitstop pro 7.0,,558.97
amazon:2017,avery c32011 quick & clean business cards 200gsm card for use with mono ...,,14.86
amazon:2018,encore software 10731 the print shop 22 pro publisherdeluxe sb cs by the print shop,,81.97
amazon:2019,encore software 10871 family tree maker version 16 deluxe sb cs by family tree maker,,57.97
amazon:2020,apple ilife 06,,70.47
amazon:2021,encore software 11581 monopoly deluxe edition by hasbro,,17.97
amazon:2022,avery c32028 quick & clean business cards 220gsm glossy card for use with ...,,21.22
amazon:2023,encore software 11041 the print shop elements : labels & logos sb cs by the print shop,,17.97
amazon:2024,encore software 10467 clickart 950k dvd 2006 by broderbund,,25.97
amazon:2025,avery c32096 quick & clean business cards manufactured from 250gsm linen ...,,9.67
amazon:2026,encore software 12431 adventure workshop 8 4th-6th,,17.97
amazon:2027,mavis beacon teaches typing 16 deluxe,,34.9
amazon:2028,enfocus software ip4.0-sg-001 instantpdf 4.0 single full,,211.97
amazon:2029,x-oom internet movies 2,,22.9
amazon:2030,encore software 13911 3d home architect home & landscape deluxe suite version 9,,33.97
amazon:2031,my first bible stories ( jc ),dorling-kindersley-multimedia - ( dk ),9.9
amazon:2032,encore software 10114 adventure workshop 1st-3rd grade 7th ed sb cs by riverdeep,,17.97
amazon:2033,spyware x-terminator,,24.9
amazon:2034,encore software 13891 tlc millies math learning system 2008,,17.97
amazon:2035,avery c32016 quick & clean business cards 220gsm card for use with colour ...,,17.99
amazon:2036,encore software 10931 the print shop design suite proed sb cs by the print shop,,105.97
amazon:2037,recover lost data,,29.9
amazon:2038,encore software 10612 creating keepsakes scrapbook designer deluxe v. 3 sb cs,,17.97
amazon:2039,the printshop pro publisher v22 deluxe dvd-rom,,69.9
amazon:2040,encore software 14111 jeopardy! deluxe,,17.97
amazon:2041,form workshop 1200,,12.9
amazon:2042,punch software 10603 concepts 3d cad design,,247.97
amazon:2043,imsi turbocad designer 11,,12.9
amazon:2044,encore software 13921 3d home architect home design deluxe version 9,,25.97
amazon:2045,high school success deluxe 2006,,7.9
amazon:2046,encore software 10561 marine aquarium & goldfish screen saver by,,17.97
amazon:2047,dragon tales learn and fly with dragons,,17.9
amazon:2048,jumpstart kindergarten ( jc ),,9.9
amazon:2049,encore software 11273 hasbro family collection 2006 sb cs by hasbro,,17.97
amazon:2050,the printshop v22 deluxe,,29.9
amazon:2051,encore software 10652 web.com site builder & hosting suite sb by web.com,,41.97
amazon:2052,xoom movie clone 3 gold,,22.9
amazon:2053,enfocus software pp7.0-ug-001 pitstop pro 7.0 upgr 6.x or higher,,171.97
amazon:2054,scrapbook designer platinum,riverdeep-learning-company,17.9
amazon:2055,encore software 10076 mavis beacon typing 17 standardby broderbund,,17.97
amazon:2056,reader rabbit 1st grade,,17.9
amazon:2057,encore software 10118 adventure workshop 4th-6th grade 7th ed sb cs by riverdeep,,17.97
amazon:2058,the big mix,,36.9
amazon:2059,enfocus software ss4.0-ug-001 upg pitstop server 4.0 single from 3.x,,677.97
amazon:2060,elementary school success deluxe 2006,,15.9
amazon:2061,encore software 13931 3d home architect landscape design deluxe version 9,,25.97
amazon:2062,instant immersion language lab deluxe edition,,14.9
amazon:2063,encore software 10991 pc tools spyware doctor 2007 sbcs by pc tools,,25.97
amazon:2064,reader rabbit playtime for baby & toddler,,9.9
amazon:2065,punch software 10602 concepts 2d cad design,,38.97
amazon:2066,clipart & more 250000 ( jc ),,9.9
amazon:2067,encore software 11941 the print shop zoom,,17.97
amazon:2068,lavasoft ad-aware plus edition,,24.9
amazon:2069,enfocus software pp7.0-u1-001 pitstop pro 7.0 upgr 5.x or below,,257.97
amazon:2070,resume writer deluxe,,12.9
amazon:2071,encore software 13791 super granny 3,,17.97
amazon:2072,topics entertainment reference success deluxe 2006,,22.9
amazon:2073,encore software 12421 adventure workshop 8 1st-3rd,,17.97
amazon:2074,national geographic : forces of nature,,12.9
amazon:2075,encore software 11431 axis & allies collectors edition sb cs by hasbro,,17.97
amazon:2076,math success deluxe 2006,,12.9
amazon:2077,encore software 11031 calendar creator platinum sb csby riverdeep,,25.97
amazon:2078,national geographic redshift planetarium,,17.9
amazon:2079,encore software 14131 wheel of fortune deluxe,,17.97
amazon:2080,music made easy guitar,,9.9
amazon:2081,encore software 13781 westward,,17.97
amazon:2082,instant home design 1 ( jc ),,12.9
amazon:2083,encore software 11141 fate sb cs by wild games,,17.97
amazon:2084,web shop platinum,,36.9
amazon:2085,punch software 10604 concepts unlimited cad design,,912.97
amazon:2086,magix pictures to cd & dvd,,14.9
amazon:2087,encore software 13881 tlc dr seuss reading learning system 2008,,17.97
amazon:2088,e-jay sound selection 2,,22.9
amazon:2089,encore software 13871 tlc reader rabbit 1st grade learning system 2008,,17.97
amazon:2090,clifford thinking,,12.9
amazon:2091,encore software 11231 hoyle bridge club sb cs by us playing cards,,25.97
amazon:2092,mastercook deluxe low carb edition,,17.9
amazon:2093,encore software 10691 the print shop 22 sb cs by the print shop,,25.97
amazon:2094,high impact email marketing 3.0,,12.9
amazon:2095,encore software 10861 family tree maker version 16 collectors edition sb cs,,81.97
amazon:2096,encore software 10119 adventure workshop 4th-6th grade 7th edition win xp,,18.97
amazon:2097,i spy spooky mansion deluxe i spy book and mini-cd,,17.9
amazon:2098,encore software 11611 scrabble with bonus clue sb cs by hasbro,,17.97
amazon:2099,kids power fun for little ones,,15.9
amazon:2100,encore software 10634 3d home architect home v. 8 by,,33.97
amazon:2101,topics presents : museums of world,,12.9
amazon:2102,encore software 11191 scrabble sb cs by hasbro,,17.97
amazon:2103,boost xp,smith-micro-software,15.9
amazon:2104,individual software pmm-bp6 business planmaker professional 2007 win 98 me 2000 xp,,33.97
amazon:2105,jumpstart phonics ( jc ),,9.9
amazon:2106,trudys time & place house,,9.9
amazon:2107,sage software acts2005rt act ! 7.0 2005,sage software,225.99
amazon:2108,the printshop 20,,19.9
amazon:2109,motu digital performer dp5 software music production software,,319.95
amazon:2110,teach yourself to sing,,9.9
amazon:2111,personal imagemanager,smith-micro-software,22.9
amazon:2112,adobe production premium cs3 software suite for windows professional editing software,,1698.95
amazon:2113,matchbox cross town heros,,14.9
amazon:2114,h & r block taxcut premium federal software for mac and windows tax & finance software,,18.95
amazon:2115,apple . mac family pack software five user license with 1-year subscription apple & mac software,,179.0
amazon:2116,sibelius g7 software for guitarists music production software,sibelius-software-ltd .,113.5
amazon:2117,nero nero 7 ultra edition enhanced cd/dvd burning software for windows authoring software,,79.99
amazon:2118,apple mac os x v10 .4 tiger software single user apple & mac software,,114.0
amazon:2119,middle school math & science,global-software-publishing,12.9
amazon:2120,ableton live 6 software educational discount ( additional license ) music production software,,215.0
amazon:2121,kids power fun for kids,,15.9
amazon:2122,make finale 2006 software music production software,,424.95
amazon:2123,i copy dvds 2 ultra edition,,29.9
amazon:2124,onone software inc. pfb-10211 pro digital frame bundle 1u,,92.97
amazon:2125,custom land designer 3d 7.0,,12.9
amazon:2126,encore software 10990 pc tools spyware doctor 2007 win 98 me 2000 xp,,26.97
amazon:2127,drive washer 2005,,24.99
amazon:2128,ableton live 6 software educational discount music production software,,299.0
amazon:2129,movies on psp,,15.9
amazon:2130,steinberg wavelab studio 6 audio editing software competitive crossgrade music production software,,199.95
amazon:2131,mavis beacon 16,,17.9
amazon:2132,bias peak le 5 software music production software,,99.0
amazon:2133,phonics success deluxe 2006,,22.9
amazon:2134,treasure mathstorm,the-learning-company,9.9
amazon:2135,apple software m9953z/a remote desktop 2.2 10 client,apple software,294.99
amazon:2136,the land before time : preschool adventure,brighter-minds-media-inc .,12.9
amazon:2137,microsoft microsoft office 2004 software suite mac education apple & mac software,,148.95
amazon:2138,mp3 radio recorder for ipod,,22.9
amazon:2139,marine aquarium & goldfish screen saver by encore software,,19.99
amazon:2140,tycoon pack ages 8 & up,,15.9
amazon:2141,system mechanic 6 professional,,36.9
amazon:2142,ableton live 6 software upgrade to live 6 for owners of live 5 music production software,,219.0
amazon:2143,instant immersion translator deluxe 2.0,,22.9
amazon:2144,individual software prm-r12 resumemaker professional 12.0,individual software,29.99
amazon:2145,zone alarm pro 5,,12.9
amazon:2146,intuit quicken home and business 2007 software for windows tax & finance software,,89.95
amazon:2147,instant play electric guitar express ( jc ),,12.9
amazon:2148,vitec multimedia dvd toolbox-2 toolbox2 software authoring software,,394.95
amazon:2149,web page designer gold,,36.9
amazon:2150,pg music band in a box software for windows music production software,pg-music-inc .,74.95
amazon:2151,i spy treasure hunt with i spy book and mini-cd,,17.9
amazon:2152,media 100 cinestream editing & streaming software consumer video editing software,,49.95
amazon:2153,mavis beacon teaches typing v17 deluxe pc/mac,,29.9
amazon:2154,adobe after effects professional 7 software for windows effects software,,999.0
amazon:2155,topics presents : ancient civilizations,,12.9
amazon:2156,steinberg cubase 4 software music production software,,799.99
amazon:2157,simple movie maker,,12.9
amazon:2158,apple mac os x v10 .4 tiger software family pack apple & mac software,,199.95
amazon:2159,jumpstart 1st grade ( jc ),,9.9
amazon:2160,autodesk autodesk combustion 4 motion graphics software compositing software,,994.95
amazon:2161,instant landscape design 3.0,,17.9
amazon:2162,symantec norton internet security 3.0 software for macintosh apple & mac software,,89.95
amazon:2163,acid music studio 6,sony-pictures-digital-entertainment,59.95
amazon:2164,autodesk combustion 4.0 compositing software win compositing software,,889.0
amazon:2165,microsoft microsoft office pro 2004 software suite mac apple & mac software,,498.95
amazon:2166,the sims expansion collection vol 1,,8.72
amazon:2167,cakewalk sonar 6 studio edition software music production software,,279.95
amazon:2168,cisco 837 router ios ip/fw/plus 3des cisco systems s837chpk9-12410 =,,64.16
amazon:2169,sibelius compass music composition teaching software music production software,sibelius-software-ltd .,119.95
amazon:2170,the city of prague philharmonic peter deneff yamaha 504168 the godfather trilogy smart pianosoft,,18.5
amazon:2171,apple shake 4.1 digital compositing software for mac os x effects software,,498.95
amazon:2172,power production storyboard quick 5 software for mac and windows animation software,,299.0
amazon:2173,corel ulead dvd moviefactory 6 software for windows authoring software,,49.95
amazon:2174,resco explorer 2007 for pocketpc windows mobile software for pocket pc,,29.95
amazon:2175,bias deck 3.5 le digital audio recording software music production software,,69.95
amazon:2176,apple iwork '06 family pack software apple & mac software,,99.0
amazon:2177,adobe after effects professional 7.0 software effects software,,998.95
amazon:2178,panda software gatdef performa web flt mod 2001-3k 3yr a3pgdpbwfh-gov,,15.0
amazon:2179,corel ulead dvd moviefactory plus 6 software for windows authoring software,,79.95
amazon:2180,microsoft u02-00024 open sa biztalk hipaa accltr nt 1p,,2335.47
amazon:2181,corel ulead videostudio 11 video editing and dvd authoring software for windows authoring software,,89.95
amazon:2182,steinberg sequel music software music production software,,99.99
amazon:2183,make printmusic 2006 software music production software,,75.95
amazon:2184,symantec media 11105095,symantec media,19.2
amazon:2185,sibelius auralia 2 software music production software,,113.5
amazon:2186,apple xsan san data storage consolidation and file sharing software apple & mac software,,999.0
amazon:2187,iparrot portuguese/english phrase translator software for ipod ipod software,,16.95
amazon:2188,intuit quicken mac 2007 software finance software,,69.95
amazon:2189,apple remote desktop 3 desktop management software 10-client edition apple & mac software,,279.95
amazon:2190,pinnacle studio ultimate v11 video editing software for windows consumer video editing software,,129.95
amazon:2191,emc securid appl mnt ent / ext 22mo per u 3505-5k app0005000ee22,,24.0
amazon:2192,sibelius sibelius 4 software music production software,sibelius-software-ltd .,449.95
amazon:2193,adobe production studio premium software suite video software bundles,,1698.95
amazon:2194,roxio popcorn 2 software for mac av production software,,49.95
amazon:2195,microsoft microsoft office 2004 software suite mac apple & mac software,,399.95
amazon:2196,crystal-graphics crystal 3d impact ! pro animation software,,99.95
amazon:2197,cakewalk sonar 6 producers edition software music production software,,459.95
amazon:2198,steinberg wavelab studio 6 audio editing software music production software,steinberg-media-technologies,299.95
amazon:2199,adobe premiere pro 2.0 software professional editing software,,848.95
amazon:2200,apple iwork '06 software apple & mac software,,79.0
amazon:2201,adobe captivate 2 software for windows presentation software,,598.95
amazon:2202,microsoft t74-00086 win sbs cal 2003 20 user c sa 805529573505,,848.0
amazon:2203,h & r block taxcut home and business with state e-file efile and sage act ! 8 win tax & finance software,,73.95
amazon:2204,isi researchsoft 5229 endnote 9 academic ( schools faculty & non-academics ),isi researchsoft,98.99
amazon:2205,cakewalk sonar 5 producer edition music production software,,379.95
amazon:2206,microsoft office 2004 software suite oem mac apple & mac software,,239.95
amazon:2207,ableton live 6 software music production software,,499.0
amazon:2208,enfocus software ss4.0-sg-001 enfocus pitstop server v. 4.0 license 1 user standard license pc mac - free shipping,,2453.97
amazon:2209,absolute software lfl-n2-36 computrace lojack for laptops 3 year license ( win 2000 xp ),,85.97
amazon:2210,me too software 800001 i copy dvds 2 ( win 98 me 2000 xp ),me-too-software,43.97
amazon:2211,red mile entertainment 124 aircraft power pack for ms flight simulator win 98 me nt 2000 xp,,27.97
amazon:2212,cakewalk sonar 5 producer edition competative upgrade music production software,,299.0
amazon:2213,black magic woman and other songs recorded by santana,,34.95
amazon:2214,absolute software lfl-n2-12 computrace lojack for laptops 1 year license ( win 2000 xp ),,41.97
amazon:2215,nova development rgw-n10 winway resume deluxe 11.0,nova development,349.99
amazon:2216,symantec 11976505 symc backup exec sro 11d win system recovery option ml portfolio mpk,,30.24
amazon:2217,sudoku puzzle addict : unlimited edition ( win 98 me 2000 xp ) from global software publ na,global-software-publ-na,7.93
amazon:2218,panda software filesecure2006 26-50 1yr b1fs6sb-gov,,22.0
amazon:2219,absolute software lfl-m2-12 computrace lojack for laptops 1 year license mac 10.2 or higher,,44.97
amazon:2220,symantec media n18648h,symantec media,37.37
amazon:2221,rosetta stone indonesian level 1 homeschool edition cd-rom,,179.99
amazon:2222,apple/emagic logic express 7.2 software music production software,,299.0
amazon:2223,symantec mail security ( v5 .0 ) for smtp with premium antispam 25-user symantec,,311.83
amazon:2224,now software nuw45e1k now up-to-date & contact for windows,power-on-software,114.99
amazon:2225,symantec n190198 storage exec 5.5 for windows documentation kit,,34.97
amazon:2226,monarch std ( v9 .0 ) network starter 4-user rtl box datawatch fpm32c090-a04n,,1157.21
amazon:2227,topics entertainment 80542 instant immersion french 2.0 781735805428,,18.2
amazon:2228,laplink software pafgpcmv01000p0rtpen laplink pcmover complete product desktop management 2 computer ( s ) complete product standard english pc,,39.97
amazon:2229,1yr 24x7 gold support 1000u sup sw ud adv hw rep,,10589.99
amazon:2230,freeverse software 4001 northland,freeverse software,19.99
amazon:2231,sunburst technology t03660 sunburst learn about life science : plants lab pack complete product educational 10 user complete product standard pc mac,,114.97
amazon:2232,individual software prm-xw3 professor teaches excel & word,individual software,24.99
amazon:2233,enfocus ss3.5-ug-001 pitstop server v. 3.5 upgrade package 1 server for windows and mac,enfocus,471.99
amazon:2234,serious magic visual communicator 2 web presentation software ( windows ) presentation software,,189.95
amazon:2235,smart-sound sonicfire pro 4 corporate edition windows xp audio software for video,,448.95
amazon:2236,apple ilife '06 family pack software av production software,,99.0
amazon:2237,smart-sound sonicfire pro 4 corporate edition mac os x audio software for video,,448.95
amazon:2238,steinberg cubase studio 4 software competitive crossgrade music production software,,199.99
amazon:2239,eovia carrara 4 pro software mac/win animation software,,569.0
amazon:2240,sybex book : raw 101 : better images with photoshop and photoshop elements photoshop software,,24.95
amazon:2241,smart-sound sonicfire pro 4 mega bundle mac os x audio software for video,,798.95
amazon:2242,mediapilot kit,,29.99
amazon:2243,power production power production storyboard artist software animation software,,498.95
amazon:2244,smart-sound sonicfire pro 4 mac os x audio software for video,,198.95
amazon:2245,autodesk 52711-051462-h326 ais 11 comm cg from a-cad m 2005 dvd,,1614.24
amazon:2246,serious magic ultra master sets library 1 effects software,,339.95
amazon:2247,final-draft final draft 7 screen writing software mac/win screen writing software,,249.95
amazon:2248,datapilot universal pro kit ( win 2000 xp vista/mac 10.3.8 or later ),,79.95
amazon:2249,apple ilife '06 software av production software,,79.0
amazon:2250,steinberg cubase studio 4 software educational discount music production software,,179.95
amazon:2251,cakewalk sonar 5 studio edition music production software,,229.95
amazon:2252,windows sbs premium 2003 r2 upgrade cd/dvd 5clt microsoft t75-01256,,531.25
amazon:2253,apple remote desktop 3 unlimited client edition mac apple & mac software,,498.95
amazon:2254,avocent dsv3-sw dsview3 portfilio b 1 hub 1 spoke 5 usr software dsview v. 3 license 5 users 1 hub 1 spoke win 0636430024974,,3969.58
amazon:2255,apple mac os x server tiger unlimited apple & mac software,,998.95
amazon:2256,panda software truprevent corporate 2006 5-25 1yr b1prse6a,,25.0
amazon:2257,microsoft excel 2004 spreadsheet software mac apple & mac software,,228.95
amazon:2258,laplink software pafglle104000p0rtpen laplink everywhere v. 4.0 retail edition remote management complete product remote management complete product pc,,39.97
amazon:2259,native instruments traktor dj studio 3 dj rig update from traktor dj studio 1 and 2 music production software,,99.0
amazon:2260,omniform ( v5 .0 ) premium with 20 filler lic nuance 8609x-w00-5 .0,,384.97
amazon:2261,webroot software inc 28310 child safe 3-pc win 2000 xp vista,,16.97
amazon:2262,emc securid appl mnt entupg / ext 10mo per u 40005-50 app0050000ue10,,13.0
amazon:2263,webroot software inc 50210 spy sweeper w/antivirus family edition ( mass merchant ) win 2000 xp,,41.97
amazon:2264,webroot software inc 31250 spy sweeper spanish win 2000 xp,,25.97
amazon:2265,webroot software inc 50410 spy sweeper w/antivirus family edition ( small box ) win 2000 xp,,41.97
amazon:2266,individual software prm-xw3 professor teaches excel & word,individual software,24.99
amazon:2267,freeverse software 006 active lancer,freeverse software,18.99
amazon:2268,interscan viruswall 25 user trend micro vwscwwe6xybupn-25,,599.25
amazon:2269,now software nuw45e1k now up-to-date & contact for windows,now software,114.99
amazon:2270,individual software jce-wn5 professor teaches windows j/c,individual software,9.99
amazon:2271,individual software prm-wn5 professor teaches windows xp,individual software,24.99
amazon:2272,emc cz24h6175 emc retrospect 7.5 client 5pk windows emc insignia retrospect clients v. 7.5 upgrade package 5 clients cd win 0093156011419,,47.26
amazon:2273,punch software 35100 punch ! professional home design suite ( small box ),punch software,62.99
amazon:2274,bias peak pro 5 software music production software,,499.0
amazon:2275,adobe 22101251dg glp acrobat capture v3 win cd set,,20.13
amazon:2276,encore software 10599 encore registry mechanic v. 5.1 complete product utility 1 user ( s ) complete product standard pc,,25.97
amazon:2277,abacus software s546 usa extreme landscapes for fs2004 and fs2002 3cd set,abacus software,28.99
amazon:2278,encore software 12391 encore math advantage 2008 educational pc,,33.97
amazon:2279,emc securid appl mnt base / ext 14mo per u 505-750 app0000750be14,,23.0
amazon:2280,encore software 10450 encore high school advantage v. 2007 complete product training/wbt 1 user complete product standard pc,,25.97
amazon:2281,encore software 12021 encore cool tools for xp utility pc,,17.97
amazon:2282,encore software 10610 encore creating keepsakes scrapbook designer platinum complete product creativity application 1 user complete product standard pc,,33.97
amazon:2283,encore software 10038 encore the print shop v. 21.0 deluxe print management pc,,41.97
amazon:2284,guild 2 : pirates of the seas,,23.99
amazon:2285,ahead software 70115 nero 7 ultra edition enhanced mini pc & home entrmnt soln,,83.97
amazon:2286,encore software 11181 encore monopoly here & now board game pc,,17.97
amazon:2287,upg crystal reports 11 pro french,,264.99
amazon:2288,apple/emagic logic pro 7.2 software upgrade music production software,,259.95
amazon:2289,webroot software 65210 spy sweeper 3 pc,webroot software,31.99
amazon:2290,encore software 12361 encore elementary advantage 2008 training/wbt pc,,33.97
amazon:2291,apple/emagic logic pro 7.2 software music production software,,999.0
amazon:2292,adobe audition 2.0 audio production software educational discount audio software for video,adobe-education-box,148.95
amazon:2293,panda software ae gatedef 8050 antispm mod 5001-7500 3yr b3pgdaasj-edu,,14.0
amazon:2294,native instruments traktor dj studio 3 software based dj rig music production software,,199.0
amazon:2295,expression blend cd/dvd edu-english microsoft phj-00040,,40.42
amazon:2296,make finale 2007 software educational discount music production software,,289.95
amazon:2297,panda software ae clientshield truprev 2001-3ku 3yr b3csprh-edu,,24.0
amazon:2298,nikon image authentication software other software,,499.95
amazon:2299,ventura 10 dvd,,662.5
amazon:2300,emc securid appl mnt base / std 6mo per u 1505-2k app0002000bs6,,14.0
amazon:2301,intuit quickbooks simple start edition 2007 software for windows tax & finance software,,83.95
amazon:2302,intuit quickbooks pro 2007 software for windows tax & finance software,,179.95
amazon:2303,mp3 maker 12 deluxe : windows,,29.99
amazon:2304,emc auth mgr mnt base 24x7 10m per/u 7505-10000u aut0010000be10,,15.0
amazon:2305,ik multimedia groovemaker 2.5 live-remixing liveremixing software music production software,,59.95
amazon:2306,checkpoint zonelabs cpzl-media1-zap-wf,checkpoint zonelabs,26.13
amazon:2307,sony vegas movie studio + dvd v8 platinum edition video editing software professional editing software,,129.95
amazon:2308,adobe premiere pro cs3 video editing software for mac av production software,,798.95
amazon:2309,bling software limited 05013 123 movies 2 ipod w / av cables umd size,,26.14
amazon:2310,corel intervideo windvd 8 gold software for windows authoring software,,49.95
amazon:2311,symantec 11105054 sym web sec win 3.0 media cd en,,17.49
amazon:2312,avid xpress pro hd video editing software academic win and mac professional editing software,,295.0
amazon:2313,instant immersion italian platinum ( win 95 98 me nt 2000 xp ),,129.99
amazon:2314,pinnacle mobile media organizer software for windows ipod software,,39.95
amazon:2315,adobe acrobat ( v8 .0 ) pro win up from std adobe 22020452,,151.27
amazon:2316,microsoft powerpoint 2004 software mac apple & mac software,,228.95
amazon:2317,autodesk maya 8.5 complete 3d animation software slm animation software,,1989.95
amazon:2318,h & r block taxcut premium federal and state software for windows usb tax & finance software,,29.95
amazon:2319,the sage group plc act ! prem f/web 2005 upg assr 2pts lvl b 25-149pts actua70wb6qb,,114.0
amazon:2320,final-draft final draft av 2.5 screenwriting software mac/win screen writing software,,199.95
amazon:2321,digidesign pro tools hd 7.3 software upgrade music production software,,199.0
amazon:2322,adobe 61028030dg glp pdf gen ps-distiller lnx cd clp tlp 7.2,,20.0
amazon:2323,corel ulead videostudio 11 plus video editing and dvd authoring software win authoring software,,129.95
amazon:2324,lynda 02384 . com final cut pro 5 beyond the basics ( 5 macosx dvd ),,63.97
amazon:2325,make finale allegro software music production software,,164.95
amazon:2326,victory multimedia swolf6r submitwolf v6 .0 9x/me/nt / 2k/xp by trellian llc * free shipping *,,145.0
amazon:2327,final-draft scriptwriter 's suite 2.5 screenwriting software mac/win screen writing software,,279.95
amazon:2328,kutoka interactive 61208 mias math adventure ( just in time ) ( win 95 98 me 2000 xp/mac 8.6-9.x ( classic ) x v10 .1 or higher ),,18.97
amazon:2329,intuit quicken premier 2007 software for windows tax & finance software,,73.95
amazon:2330,freeverse software 5003 bumpercar 2.0 mac web browser,freeverse software,28.99
amazon:2331,steinberg wavelab studio 6 audio editing software educational discount music production software,,149.95
amazon:2332,designing forms with microsoft office infopath 2007,,36.39
amazon:2333,make finale 2007 software music production software,,429.95
amazon:2334,arcserve bkup protection suite exch r11 .5 upg-v prod only,,2249.99
amazon:2335,mackie tracktion 3 project bundle music production software,,99.99
amazon:2336,webroot software 54210 desktop firewall,webroot software,26.99
amazon:2337,adobe 22011152 audition2 win retail ue 1u,,296.2
amazon:2338,punch software 38100 punch ! super home suite ( small box ),punch software,45.99
amazon:2339,encore software 10478 encore printmaster v. 17.0 gold complete product creativity application 1 user ( s ) complete product standard pc,,17.97
amazon:2340,encore software 10546 encore tlc star flyers 2nd grade learning system 2007 complete product educational 1 user complete product standard pc mac,,17.97
amazon:2341,encore software 10647 encore math advantage 2007 complete product educational 1 user complete product standard pc,,17.97
amazon:2342,symantec antivirus ( v10 .2 ) sbs for workstations / network servers 5-user symant,,178.72
amazon:2343,encore software 12441 encore spongebob squarepants typing fun time management,,17.97
amazon:2344,sco operations unixware v. 7.1.4 license da400-uw00w-7 .1.4,,75.0
amazon:2345,encore software 12371 encore middle school advantage 2008 training/wbt pc,,33.97
amazon:2346,preston reed homespun video 641054 the guitar of preston reed,,29.4
amazon:2347,encore software 10568 encore hoyle puzzle & board games 2005 complete product puzzle game 1 user complete product standard pc,,17.97
amazon:2348,encore software 12491 encore kissing canines screen saver,,17.97
amazon:2349,panda software webadmin 101-250u 1yr b1aspwad,,37.0
amazon:2350,encore software 460001 the big box of art 410000 95/98/me / nt4/w2k/xp ( win 95 98 me nt 2000 xp ),,17.97
amazon:2351,citrix sys mw73htc1000 metaframe conf mgr 3.0-media kit,citrix sys,45.99
amazon:2352,onone software inc. gfn-42001 genuine fractals print pro v. 4.1 with nik sharpener pro 2.0 license standard license pc mac,,320.97
amazon:2353,1998 sourcebase cd-rom,,69.95
amazon:2354,encore software 10566 encore hoyle card games 2005 complete product sports game 1 user complete product standard pc,,17.97
amazon:2355,encore software 12411 encore adventure workshop preschool-1st grade 8th edition educational pc,,17.97
amazon:2356,encore software 10374 encore professor fuji 's sudoku deluxe complete product educational game 1 user ( s ) complete product standard pc,,17.97
amazon:2357,vpn manager 10 fireboxes watchguard wg4010,,831.36
amazon:2358,encore software 10033 encore the print shop v. 21.0 complete product print management 1 user ( s ) complete product standard pc,,25.97
amazon:2359,encore software 10476 encore home and business lawyer 2006 deluxe complete product legal reference 1 user complete product standard pc,,17.97
amazon:2360,encore software 10593 encore tlc clue finders math learning system 2007 complete product educational 1 user complete product standard pc mac,,17.97
amazon:2361,encore software 12511 encore alien disco safari action/adventure pc,,17.97
amazon:2362,encore software 10676 encore hoyle casino 2007 complete product puzzle game 1 user complete product standard pc,,17.97
amazon:2363,sibelius sibelius 4 software educational discount music production software,sibelius-software-ltd .,249.95
amazon:2364,microsoft 059-03871 molpc word sa,,111.78
amazon:2365,poser 7 ( win 2000 xp/mac 10.4 or higher ub ),,199.99
amazon:2366,masque 10194 slots from bally gaming pc,masque,18.99
amazon:2367,intuit quicken deluxe 2007 software for windows tax & finance software,,54.95
amazon:2368,panda software bus sec 2006 w / truprevent 251-500 3yr b3pbsa6e-gov,,48.0
amazon:2369,apple . mac software 1-year subscription apple & mac software,,99.0
amazon:2370,steinberg cubase 4 software competitive crossgrade music production software,,399.99
amazon:2371,donny hathaway yamaha 503770 a donny hathaway collection smart pianosoft,,14.86
amazon:2372,adobe audition 2.0 audio production software music production software,,348.95
amazon:2373,encore software 10485 encore printmaster v. 17.0 platinum complete product creativity application 1 user complete product standard pc,,33.97
amazon:2374,computer associates mdlweb99000352 model web publisher 3.52,computer-associates-international,835.99
amazon:2375,encore software 25005 encore marine aquarium v. 2.0 complete product screen saver 1 user ( s ) complete product standard pc mac,,18.97
amazon:2376,emc keon web passport per/u 40001-50000u kwp-500000,,18.0
amazon:2377,adobe after effects cs3 professional software for mac effects software,,998.95
amazon:2378,sibelius groovy music teaching software music production software,,59.95
amazon:2379,roxio easy media creator 9 suite software for windows authoring software,,98.95
amazon:2380,emc auth mgr mnt ent/ext 21m per/u 200005-500000 aut0500000ee21,,15.0
amazon:2381,freeverse software 4024 freeverse robin hood the legend of sherwood strategy game mac,,26.97
amazon:2382,3mds network operations managerdiy annual subscptn 101 500u,,144.63
amazon:2383,sibelius photoscore professional scanning software music production software,sibelius-software-ltd .,179.95
amazon:2384,corel intervideo dvd copy 5 platinum software for windows authoring software,,49.95
amazon:2385,sunburst to6090 key skills for math : subtracti,,47.99
amazon:2386,intuit quicken basic 2007 software for windows tax & finance software,,29.95
amazon:2387,emc securid appl mnt base / std 8mo per u 2505-3500 app0003500bs8,,15.0
amazon:2388,student home learning system,,109.99
amazon:2389,corel intervideo dvd copy 5 express software for windows authoring software,,29.95
amazon:2390,power production power production storyboard artist v4 .2 software animation software,,749.0
amazon:2391,adobe premiere elements 3.0,,89.99
amazon:2392,steinberg cubase 4 software educational discount music production software,,349.95
amazon:2393,adobe production premium cs3 software suite for mac av production software,,1698.95
amazon:2394,solid gold,,29.95
amazon:2395,adobe premiere elements 3 video editing software for windows consumer video editing software,,99.95
amazon:2396,freeverse software 4015 big bang board games,freeverse software,18.99
amazon:2397,individual software pro-tsm hanes t-shirt maker deluxe,individual software,24.99
amazon:2398,onone software inc. mpr-40212,onone software inc.,66.27
amazon:2399,punch software 35100 punch ! professional home design suite ( small box ),punch software,62.99
amazon:2400,punch software 20100 punch ! 5 in 1 home design,punch software,35.99
amazon:2401,make songwriter software music production software,,37.95
amazon:2402,punch software 41100 punch ! home design architectural series 18,punch software,118.99
amazon:2403,freeverse software 010 wingnuts 2 raina 's revenge,freeverse software,23.95
amazon:2404,business objects t-59j-e-56-wx crystal rpt 11 report essentials cbt,,178.49
amazon:2405,freeverse software 4024 robin hood : the legend of sheerwood,freeverse software,28.99
amazon:2406,systran boxed b67-1-enwdvd7,systran boxed,401.8
amazon:2407,panda software filesecure2006 w / truprevent 1001-2k 2yr b2fs6g-gov,,20.0
amazon:2408,ringtone media studio 2.0 ( bil,,14.99
amazon:2409,cisco ciscoworks v. 6.1 for windows upgrade cww-6 .1 - win-mr,,225.0
amazon:2410,individual software jce-wn5 professor teaches windows j/c,individual software,9.99
amazon:2411,office mac 2004 microsoft 731-01002,,331.77
amazon:2412,individual software prm-wn5 professor teaches windows xp,individual software,24.99
amazon:2413,firebox x550e gateway antivirus intrusion prevention service 1yr watchguard -,,329.37
amazon:2414,freeverse software 005 solace,freeverse software,18.99
amazon:2415,aspyr media 10900 star wars battlefront mac,aspyr media,39.99
amazon:2416,freeverse software 006 active lancer,freeverse software,18.99
amazon:2417,yamaha 501253 sue downs sue 's noodles,,22.13
amazon:2418,sound forge audio studio 9,,66.89
amazon:2419,windows vista business sp microsoft 66j-00063,,272.38
amazon:2420,punch software 38100 punch ! super home suite ( small box ),punch software,45.99
amazon:2421,punch software 17100 punch ! super home suite,punch software,45.99
amazon:2422,flyboys squadron mac,,24.99
amazon:2423,microsoft student with encarta premium 2008 complete package,,43.6
amazon:2424,software cinema dvd-rom : dvdrom : the painted portrait for photographers ( training ) photoshop software,,124.95
amazon:2425,webroot software 65210 spy sweeper 3 pc,webroot software,31.99
amazon:2426,punch software 14100 punch ! home design suite professional architectural 1 user ( s ) pc,,59.97
amazon:2427,phillip keveren 501056 hollywood volume 1,,23.59
amazon:2428,synercard 962011004 asure id express software and quick 754563863694,,498.57
amazon:2429,webroot software inc 17210 window washer win 98 me 2000 xp,webroot-software-inc,25.97
amazon:2430,ca iss2007lec10 ca internet sec ste 2007 w/warranty xl box ecommerce 10u 0757943317589,,153.86
amazon:2431,webroot software inc 28410 child safe win 98 me 2000 xp vista,,34.97
amazon:2432,punch software punch ! super home suite,,49.95
amazon:2433,panda software ae gatedef 8050 av mod 1001-2ku 1yr b1pgdaavg-edu,,16.0
amazon:2434,csdc jc212 spanish 1-2-3 on hand software,on-hand-software,9.99
amazon:2435,punch software 17100 punch ! super home suite,punch software,45.99
amazon:2436,computer associates ca server protection r3 .1 base & 5u spa [ non-returnable ],,628.82
amazon:2437,panda software dominosecure 101-250 1yr b1ds6d,,22.0
amazon:2438,punch software 17100 punch ! super home suite v. 3.0 complete product architectural 1 user complete productcomplete productstandard english pc,,45.97
amazon:2439,panda software gatdef performa anti-mal ware mod 251-500 1yr a1pgdpbave-gov,,20.0
amazon:2440,onone software ele-10211 on1 essentials v. 1.0 for photoshop elements complete product graphics/designing 1 user complete product standard english pc mac,,50.97
amazon:2441,microsoft windows vista ultimate upgrade,,239.95
amazon:2442,sony media software cinescore soundtrack creation software audio software for video,sony-pictures-digital-entertainment,179.95
amazon:2443,software cinema dvd rom : how to wow best of photoshop cs2 ( training ) photoshop software,,124.95
amazon:2444,onone software pps-30212 on1 plug-in suite v. 3.0 for adobe photoshop upgrade image collection/editing/archive pc mac intel-based mac,,274.97
amazon:2445,onone software pps-30211 on1 plug-in suite v. 3.0 for adobe photoshop complete product image collection/editing/archive complete product pc mac intel-based mac,,365.97
amazon:2446,symantec pcanywhere 11.0 windows,,19.99
amazon:2447,punch software 86100 prof home design platinum v10 sb win 98 me nt 2000 xp,,84.97
amazon:2448,avanquest pdf-xp5-0005 expert pdf pro 5 5 user pack uk,,88.64
amazon:2449,software cinema dvd-rom : dvdrom : photoshop cs2 combo set with extras ( training ) photoshop software,,299.0
amazon:2450,sonicwall comprehensive gateway security for tz 150 series 25 node sonicwall -,,107.01
amazon:2451,emc auth mgr mnt ent/ext 17m per/u 2505-3500 u aut0003500ee17,,22.0
amazon:2452,sound studio 3 for mac,,79.99
amazon:2453,individual software prm-r12 resumemaker professional 12.0,individual software,29.99
amazon:2454,emc auth mgr mnt base 24x7 2m per/u 30-50u aut0000050be2,,15.0
amazon:2455,encore software 32179 encore kid pix deluxe 4 home edition complete product graphics/designing 1 user ( s ) complete product standard pc mac,,17.97
amazon:2456,panda software gatdef performa anti-spam mod 2001-3k 1yr a1pgdpcash-gov,,14.0
amazon:2457,knowledge adventure inc. 20223 jumpstart world 1st grade mini box,,16.93
amazon:2458,bling software limited 873172050209 safekeeper plus win 2000 xp,,35.97
amazon:2459,t-shirt factory deluxe 3.0,,27.99
amazon:2460,apple software m9953z/a remote desktop 2.2 10 client,apple software,294.99
amazon:2461,beginning web matrix starter kit-microsoft microsoft press 0-7356-1856-9,,10.25
amazon:2462,century software tt-5 century tinyterm v. 4.2 x complete product emulation 5 user ( s ) complete product standard pc,,395.97
amazon:2463,now software num50e1r up-to-date & contact v. 5.0 complete product contact management 1 user ( s ) complete product standard mac,,107.97
amazon:2464,outlook 2007 edu microsoft 543-03865,,50.13
amazon:2465,onone software inc. mpr-40212 on1 mask pro v. 4.0 upgrade graphics/designing 1 user upgrade package standard pc mac,,66.97
amazon:2466,mindjet inc. mm7m mindjet mindmanager 7 mac single user w/wmedia,,112.97
amazon:2467,quark 119700 quarkxpress 6.5 mac,quark,736.99
amazon:2468,punch software 14100 punch ! professional home design suite for windows,punch software,62.99
amazon:2469,cisco csa-b250-dtop-k9 cisco security desktop agent win + sol 250 agent bundle cisco security desktop agent license 250 agents 0746320832500,,10267.54
amazon:2470,intuit inc 284216 qckbks prem nonprofit ed 2005,,404.0
amazon:2471,adobe soundbooth cs3 audio editing software windows music production software,,198.95
amazon:2472,intuit quickbooks customer manager 2.5 for windows tax & finance software,,79.95
amazon:2473,adobe soundbooth cs3 audio editing software mac music production software,,198.95
amazon:2474,word mac 2004 upgrade microsoft d48-00488,,97.36
amazon:2475,century software ttpl-1 century tinyterm plus v. 4.0 complete product connectivity/data acess 1 user ( s ) complete product standard english pc,,188.97
amazon:2476,now software nuw45e1k now up-to-date & contact complete product content management 1 user ( s ) complete product standard pc,,107.97
amazon:2477,nuance communications inc. m009a-l00-4 .0 pdf create v4 english,nuance-communications-inc .,46.42
amazon:2478,onone software inc. gpp-55212 upg genuine fractals print pro 5 1u,,66.97
amazon:2479,aec software 2073001000122 aec details v. 3.0 complete product project management/version control 1 user ( s ) complete product academic english pc,,89.97
amazon:2480,microsoft b21-00806 ae mappoint 2006 cd,,50.39
amazon:2481,onone software inc. gfs-50212 on1 genuine fractals v. 5.0 upgrade image editing 1 user pc mac intel-based mac,,66.97
amazon:2482,onone software inc. pfp-30002 photoframe v. 3.0 pro upgrade image editing 1 user ( s ) version upgrade standard pc mac,,66.97
amazon:2483,aec software 10101090220000101 aec fasttrack schedule v. 9.0 complete product project management/version control 1 user ( s ) complete product standard mac,,348.97
amazon:2484,punch software 13100 punch ! ultimate deck & landscape complete product creativity application 1 user ( s ) complete product standard pc,,29.97
amazon:2485,onone software inc. ppi-12005 pro photo essentials plug in suite & iview mediapro 3,,450.97
amazon:2486,visual c . net step by step microsoft press 0-7356-1289-7,,14.95
amazon:2487,holdan edius nx express for hdv realtime dv / hdv video production,,1232.58
amazon:2488,century software tt-1 century tinyterm v. 4.3 x emulation 1 user ( s ) english french german spanish italian polish portuguese pc,,120.97
amazon:2489,symantec 10725608 norton internet security 2007 internet security 1 user ( s ) pc,,64.97
amazon:2490,punch software 26100 punch ! master landscape & home design architectural 1 user ( s ) pc,,45.97
amazon:2491,ahead software 70009 nero nero v. 7.0 ultra edition - enhanced complete product media management/conversion 1 user complete product standard pc,,83.97
amazon:2492,hewlett packard ba154aa dp open file agent win 5wkst ltu,,320.44
amazon:2493,encore 10023 hoyle mahjongg for pc,encore,6.99
amazon:2494,corel corporation ptr9engpcma ae painter ix win/mac,,89.99
amazon:2495,sat act & psat 2007 platinum,,29.85
amazon:2496,cakewalk sonar home studio 6 software music production software,,99.0
amazon:2497,office pro 2007 upgrade microsoft 269-10294,,257.71
amazon:2498,netopia sw2510p,netopia,586.77
amazon:2499,autodesk maya 8.5 unlimited 3d animation software slm animation software,,6998.5
amazon:2500,iolo technologies ds3e25,iolo technologies,336.3
amazon:2501,instant immers french dlx 2,,27.57
amazon:2502,cakewalk project5 version 2 software music production software,,199.0
amazon:2503,adobe premiere elements 3 and photoshop elements 5 software for windows consumer video editing software,,149.95
amazon:2504,macrovision corporation consumer s/w update 4.0 tier 3 rnwl 5k-9999 up04003j,,3159.0
amazon:2505,cakewalk sonar home studio 6 xl software music production software,,159.0
amazon:2506,allume systems inc stfmapbx2 faxstf pro,,43.36
amazon:2507,nova development bsw business plan writer deluxe 8.0,nova development,94.99
amazon:2508,individual software jce-th6 total 3d home deluxe j/c,individual software,9.99
amazon:2509,freeverse software 4012 3d bridge deluxe ( retail box ) for mac,freeverse software,18.99
amazon:2510,punch software 26100 punch ! master landscape and home design ( small box ),punch software,45.99
amazon:2511,emc auth mgr mnt base 9x5 23m per/u 7505-10000u aut0010000bs23,,17.0
amazon:2512,topics entertainment cs-50613 snap ! 8 player poker 5 pack,,18.99
amazon:2513,microsoft r18-00908 windows server 2003 client access license 20-pack ( per user ),microsoft,688.99
amazon:2514,individual software prm-rce resumemaker career edition,individual software,34.99
amazon:2515,individual software qne-t15 typing quick & easy 15.0,individual software,24.99
amazon:2516,intuit quickbooks pro 2007 software for mac finance software,,189.95
amazon:2517,corel intervideo windvd 8 platinum software for windows authoring software,,69.95
amazon:2518,microsoft powerpoint mac 2004 version upgrade,,89.99
amazon:2519,brocade comm 4100 secure fabric os w/2yr sw sup br-3900sec-02-t,,9534.0
amazon:2520,native instruments traktor dj studio 3 software based dj rig music production software,,124.5
amazon:2521,corel ulead videostudio 11 plus software for win educational license authoring software,,89.95
amazon:2522,ik multimedia groovemaker le live-remixing liveremixing software music production software,,29.99
amazon:2523,anti-spyware 3.0 win normal 1u new,,24.99
amazon:2524,adobe after effects cs3 professional software for windows effects software,,998.95
amazon:2525,antivirus 2007 win uk ca av2007dgbp01e,,13.1
amazon:2526,emc securid appl mnt ent / ext 23mo per u 5005-7500 app0007500ee23,,23.0
amazon:2527,encore software 10075 encore mavis beacon teaches typing v. 17.0 standard typing tutor pc mac,,18.97
amazon:2528,panda software gatdef performa anti-mal ware mod 3001-5k 2yr a2pgdpaavi-edu,,18.0
amazon:2529,h & r block taxcut home and business with state and e-file efile software for windows tax & finance software,,73.95
amazon:2530,intuit quickbooks premier professional services edition 2007 software win tax & finance software,,349.95
amazon:2531,emc securid appl mnt ent / std 5mo per u 30005-40k app0040000es5,,13.0
amazon:2532,h & r block taxcut premium federal and state with e-file efile software mac/win tax & finance software,,54.95
amazon:2533,vitec multimedia mpeg toolbox-2 toolbox2 software authoring software,,149.95
amazon:2534,zetafax 10u tech support annual technical support pack,,109.99
amazon:2535,individual software prm-ss3 professor teaches office super set ( mass merchant box ) ( win 98 me 2000 xp ),,27.97
amazon:2536,individual software pmm-ss3 professor teaches office super set ( small box ) ( win 98 me 2000 xp ),,27.97
amazon:2537,ik multimedia ez-mixer ezmixer software music production software,,29.99
amazon:2538,emc insignia retrospect server client v. 7.5 complete package,,181.97
amazon:2539,encore software 11770 risk ii win 95 98,,7.69
amazon:2540,encore software 10565 hoyle card games 2007 win 98 me 2000 xp,,18.97
amazon:2541,encore software 11230 hoyle bridge club win 2000 xp,,26.97
amazon:2542,encore software 11960 hoyle casino 3d win 98 me 2000 xp,,7.69
amazon:2543,encore software 11190 scrabble win 98 me 2000 xp,,18.97
amazon:2544,encore software 10741 the print shop 22 deluxe sb cs by the print shop,,42.97
amazon:2545,encore software 13790 super granny 3 win 98 me 2000 xp vista,,18.97
amazon:2546,encore software 10272 marine aquarium + sharks win 98 me 2000 xp,,7.69
amazon:2547,encore software 10072 mavis beacon typing 17 deluxe by broderbund,,33.97
amazon:2548,encore software 12510 alien disco safari win xp vista,,18.97
amazon:2549,encore software 11620 axis & allies win 98 me 2000 xp,,7.69
amazon:2550,encore software 10463 clickart fonts ( 2006 ) by encore,,17.97
amazon:2551,encore software 13840 defcon : global nuclear domination game win 98 me 2000 xp vista,,18.97
amazon:2552,encore software 10279 sharks 2.0 ( win 95 98 me 2000 xp/mac 10.1 or higher ),,18.97
amazon:2553,encore software 10675 hoyle casino 2007 win 98 me 2000 xp,,18.97
amazon:2554,encore software 10662 hoyle jewels : swap & drop win 98 me 2000 xp,,7.69
amazon:2555,encore software 14120 jeopardy jc win 98 me 2000 xp,,7.69
amazon:2556,encore software 11272 hasbro : family collection ( 2006 ) win 98 me 2000 xp,,18.97
amazon:2557,encore software 10313 professor fujis sudoku ( win 98 me 2000 xp ),,8.27
amazon:2558,mobi-cam 70008 monitoring and notification software,mobi-technologies-inc .,89.69
amazon:2559,encore software 11182 monopoly here & now win 98 me 2000 xp,,18.97
amazon:2560,encore software 10025 hoyle card games ( win 98 me 2000 xp ),,7.47
amazon:2561,encore software 10393 network now ! pro by encore,,33.97
amazon:2562,encore software 10023 hoyle mahjongg ( win 98 me 2000 xp ),,7.47
amazon:2563,encore software 2137421 printshop business card maker ( win 98 me 2000 xp ),,8.64
amazon:2564,encore software 11253 brain food games : cranium collection 2006 sb cs by encore,,17.97
amazon:2565,marine aquarium & goldfishscreen saver by encore software,,18.27
amazon:2566,encore software 10569 hoyle puzzle games 2007 win 98 me 2000 xp,,18.97
amazon:2567,encore software 11050 hoyle 4-pack 2006 win 98 me 2000 xp,,18.97
amazon:2568,encore software 14110 jeopardy! deluxe win 2000 xp vista,,18.97
amazon:2569,encore software 11280 monopoly 3 win 98 me 2000 xp,,7.69
amazon:2570,encore software 11930 hoyle south beach solitaire win 98 me 2000 xp,,7.69
amazon:2571,encore software 10671 hoyle kids games win 98 me 2000 xp,,7.69
amazon:2572,encore software 11192 scrabble champion edition win 98 me 2000 xp,,18.97
amazon:2573,encore software 10636 3d home architect landscape v. 8by,,25.97
amazon:2574,encore software 10673 hoyle casino 2007 win 98 me 2000 xp,,18.97
amazon:2575,encore software 33041 country varmint hunter win 98 me 2000 xp,,8.44
amazon:2576,encore software 11861 jewels of cleopatra win xp vista,,18.97
amazon:2577,encore software 11430 axis & allies collectors edition win 98 me 2000 xp,,18.97
amazon:2578,encore software 10655 hoyle bridge win 98 me 2000 xp,,7.69
amazon:2579,encore software 10669 hoyle backgammon win 98 me 2000 xp,,7.69
amazon:2580,encore software 33027 hoyle texas holdem ( win 98 me 2000 xp ),,8.44
amazon:2581,encore software 10149 chicken hunter license to grill ( win 98 me 2000 xp ),,7.69
amazon:2582,encore software 10760 chicken hunter wanted win 98 me 2000 xp,,7.69
amazon:2583,encore software 10027 hoyle board games ( win 98 me 2000 xp ),,7.47
amazon:2584,encore software 10032 the print shop 21 essentials by broderbund,,17.97
amazon:2585,encore software 11052 hoyle : classic collection 2006 win 98 me 2000 xp,,18.97
amazon:2586,encore software 11180 monopoly here & now win 98 me 2000 xp,,18.97
amazon:2587,3d home architect landscape v. 8by encore software,,26.36
amazon:2588,encore software 33024 hoyle solitaire ( win 98 me 2000 xp ),,8.44
amazon:2589,encore software 10444 elementary school advantage 2007 sb cs by encore,,25.97
amazon:2590,global marketing partners mcid global marketing magicard id professional software educational software complete product,,210.97
amazon:2591,the sky 6 professional edition astronomy software,,189.95
amazon:2592,hp t1936aa uao digital sending software 4.0 ( 10 device license ),hp,369.99
amazon:2593,apple software t9164ll/a logic express 6,apple software,219.0
amazon:2594,computer associates babwbr1151s33 brightstor arcserve backup client for vss software snap-shot v. 11.5 for windows with service pack 1 add-on backup & recovery 1 server ( s ) complete product standard multilingual pc,,799.97
amazon:2595,turtle-beach used wave 2-0 20 software for windows software & plug ins,,19.95
amazon:2596,spectrasonics sample dvd : ethno techno sage xpander sounds for software,,98.95
amazon:2597,east west propack for garageband av production software,,152.96
amazon:2598,final-draft final draft 7.0 with syd fields workshop bundle screen writing software,,247.95
amazon:2599,digidesign music production toolkit music production software,,495.0
amazon:2600,microsoft word 2004 upgrade for mac os x apple & mac software,,108.95
amazon:2601,qp card qp colorkit 1 color management software,,99.95
amazon:2602,corel ulead dvd workshop 2 authoring software,,299.95
amazon:2603,adobe audition 2.0 software pro audio digital editing environment for windows upgrade version .,,122.95
amazon:2604,madison media software asams7000 sony creative software acid music studio v. 7.0 music editing/composing pc,,44.97
amazon:2605,madison media software ssda3000 sony sound effects series vol 1 through 10,sony-pictures-digital-entertainment,370.97
amazon:2606,adobe photoshop cs3 extended software full version for macintosh,,969.0
amazon:2607,adobe photoshop cs3 extended software full version for windows,,969.0
amazon:2608,phase one capture-one pro dslr raw image editing software for macintosh & windows .,,399.95
amazon:2609,encore software 10282 sharks 2.0 ( win 95 98 me 2000 xp/mac 10.1 or higher ),e-b-c-marketing,18.97
amazon:2610,filemover software utility,,21.1
amazon:2611,pcmover software utility,,39.96
amazon:2612,sony creative software vegas43 ; dvd v. 7.0 complete product,,420.55
amazon:2613,olympus pro studio capture software,,149.99
amazon:2614,sony creative software sound forge audio studio v. 8.0 complete product,,55.29
amazon:2615,sony creative software sound forge audio studio v. 8.0 complete product,,46.47
amazon:2616,avid xpress pro video editing software for mac and windows professional editing software,,1449.0
amazon:2617,star wars empire at war ( mac intel ),,49.99
amazon:2618,smart-sound sonicfire pro 4 mega bundle windows xp audio software for video,,798.95
amazon:2619,stationery design studio ( win 98 me 2000 xp ),,19.99
amazon:2620,sony vegas 6 video editing software professional editing software,sony-pictures-digital-entertainment,99.0
amazon:2621,apple software m9372z/a final cut express 2.0 upgrade,apple software,79.99
amazon:2622,redshift 5 ( national geographic presents ) ( win 98 me 2000 xp ),,39.99
amazon:2623,csdc ntx-2003-01r notetaker for os x v1 .5 aquaminds software,csdc,59.99
amazon:2624,pc-cillin internet security 2007 3-user ( win me 2000 xp ),,49.95
amazon:2625,behringer ucg102 guitar link guitar-to-usb guitartousb interface usb interfaces & software,,39.99
amazon:2626,classics the : the piano ( audio book ),,29.95
amazon:2627,onone software pxe-11433 pxl smartscale elect 1-user english mac/win,onone software,158.99
amazon:2628,aquarium 3-in-one limited edition ( win 95 98 me 2000 xp/mac 10.1 or higher ),,19.95
amazon:2629,component software : beyond object-oriented programming by clemens szyperski,,59.99
amazon:2630,viacad 2d/3d ( win 2000 xp vista ),,99.95
amazon:2631,statistical methods in software engineering : reliability and risk 9780387988238,,99.0
amazon:2632,daylite v3 .0 marketcircle ( mac 10.4 or later ),,149.0
amazon:2633,agile software development quality assurance,,148.5
amazon:2634,coreldraw graphics suite x3 upgrade ( win 98 me nt 2000 xp vista ),,179.0
amazon:2635,software reliability and testing by hoang pham 9780818668524,,38.95
amazon:2636,reel deal casino championship edition ( win 98 me nt 2000 xp ),,19.95
amazon:2637,software engineering and computer games by rudy vb rucker 9780201767919,,76.6
amazon:2638,printmaster gold v 17.0 ( win 98 me 2000 xp ),,19.95
amazon:2639,bringing design to software : expanding software development to include design,,44.54
amazon:2640,restricted area ( win 98 me 2000 xp ),,19.99
amazon:2641,testing in software development 9780521337861,,24.99
amazon:2642,merriam-webster english dictionary ( win 2000 xp/mac 10.3.8 or later ),,9.99
amazon:2643,software engineering measurement and analysis by steven strauss 9780849319303,,89.95
amazon:2644,cute ftp ( win 95 98 me nt 2000 xp ),,39.99
amazon:2645,systematic software testing by rick d. craig 9781580535083,,73.5
amazon:2646,software requirements by karl eugene wiegers 9780735618794,,24.03
amazon:2647,modeling software with finite state machines : a practical approach,,89.95
amazon:2648,software requirements specification design and implementation 9780849319921,,79.95
amazon:2649,adobe photoshop cs3 ( mac os x v. 10.4.8 ),,649.0
amazon:2650,cms products dt-sftw bounceback data transfer software license & media migration 1 user ( s ) license & media standard pc,,8.53
amazon:2651,software test automation : effective use of test execution tools,,47.74
amazon:2652,software requirements using the unified process : a practical approach,,44.99
amazon:2653,software engineering with reusable components by j. sametinger 9783540626954,,92.0
amazon:2654,microsoft 121-00324 visual studio team suite 2005 with msdn premium subscriptions complete product software development standard 1 user ( s ) complete product english pc - free shipping,,10015.97
amazon:2655,sage software acts2005rt act ! 7.0 2005,sage software,225.99
amazon:2656,intervideo windvd 8 platinum ( pc ),,59.99
amazon:2657,b + w portrait & family digital filter set plug-in software filters for photoshop for macintosh & windows,,59.95
amazon:2658,managing the change : software configuration & change management by michael haug,,64.95
amazon:2659,system software : an introduction to systems programming by leland l. beck,,111.6
amazon:2660,onone software ice-10770 intellihance pro 4.1 mac/win ( buy now and get free cs3 compatibility upgrades ),onone software,158.99
amazon:2661,lessons learned in software testing by cem kaner 9780471081128,,24.26
amazon:2662,aec software 1018001000132 fasttrack schedule 8 pda,aec software,85.99
amazon:2663,getting results from software development teams,,27.35
amazon:2664,software product line engineering ; a family-based software development process,,49.95
amazon:2665,software testing,,28.69
amazon:2666,software measurement and estimation : a practical approach,,73.54
amazon:2667,software architectures and component technology 9780792375760,,205.0
amazon:2668,function point analysis : measurement practices for successful software projects,,54.44
amazon:2669,visual modeling with rational software architect and uml,,42.56
amazon:2670,bling software limited safekeeper plus,,39.99
amazon:2671,sony creative software vegas43 ; dvd production suite v. 7.0 complete product,,262.82
amazon:2672,onone software mpr-40212 mask pro 4.0 upgrade ( buy now and get free cs3 compatibility upgrades ),onone software,69.99
amazon:2673,d-link vpn client software ( 5-user license ) ds-605 ds-605,,173.99
amazon:2674,d-link vpn client software ( 1-user license ) ds-601 ds-601,,42.99
amazon:2675,mariner software macjournal v4,,39.99
amazon:2676,kaspersky anti-virus 6.0 ( pc ),,59.99
amazon:2677,abacus software s482 scenic railway add-on for pc,abacus software,24.99
amazon:2678,abacus software s461 train sim modeller for pc,abacus software,32.99
amazon:2679,abacus software 1557555117 flight deck iii for pc,abacus software,28.99
amazon:2680,apple final cut express hd 3.5 video editing software for mac av production software,,299.0
amazon:2681,microsoft 122-00411 visual studio 2005 team edition for software testers with msdn premium subscription renewal complete product programming tool standard 1 user ( s ) complete product english pc - free shipping,,2069.97
amazon:2682,apple xsan 1.4 san data storage consolidation and file sharing software apple & mac software,,999.0
amazon:2683,canopus let 's edit video editing software win consumer video editing software,,99.95
amazon:2684,iparrot spanish/english phrase translator software for ipod ipod software,,19.95
amazon:2685,pinnacle studio plus v11 video editing software for windows consumer video editing software,,99.95
amazon:2686,pinnacle studio v11 video editing software for windows consumer video editing software,,49.95
amazon:2687,iparrot thai/english phrase translator software for ipod ipod software,,19.95
amazon:2688,sony vegas7 .0 + dvd editing software with sound forge 8 for windows professional editing software,,549.95
amazon:2689,palmspring software 523 oxford american desk dictionary,palmspring software,24.2
amazon:2690,evaluating software architectures : methods and case studies by paul clements,,64.99
amazon:2691,abacus software s515 flight simulation sea plane adventures pc,abacus software,28.99
amazon:2692,abacus software s fs commuter pilot pc,abacus software,28.99
amazon:2693,ce software 4501eu01up35 quickeys 5.0 upgrade from 3.x,ce software,41.5
amazon:2694,abacus software 5563 abacus 5563 private pilot ii,abacus software,28.99
amazon:2695,abacus software s532 military aircraft collection for pc,abacus software,18.99
amazon:2696,abacus software s546 usa extreme landscapes for fs2004 and fs2002 3cd set,abacus software,28.99
amazon:2697,abacus software s513 fligth simulation whirly birds adventures pc,abacus software,28.99
amazon:2698,ce software 4501eu01up40 quickeys 5.0 upgrade from 4.0,ce software,35.95
amazon:2699,ce software 4x30eu01up20 quickeys x3 upgrade from 2.0,ce software,29.95
amazon:2700,global software a1055 i love the usa,global-software-publishing,11.99
amazon:2701,abacus software 5562 chopper havoc for pc,abacus software,28.99
amazon:2702,abacus software s568 vietnam carrier ops,abacus software,28.99
amazon:2703,abacus software s552 fs fighter pilot for fs2004 and fs2002,abacus software,28.99
amazon:2704,abacus software ss69 corporate pilot 2,abacus software,28.99
amazon:2705,practical software estimation : function point methods for insourced and,,39.59
amazon:2706,estimating software-intensive systems : projects products and processes,,59.99
amazon:2707,essential software architecture,,53.41
amazon:2708,the engineering of software : a technical guide for the individual by dick hamlet,,100.6
amazon:2709,fundamentals of software engineering by carlo ghezzi 9780133056990,,107.0
amazon:2710,software management approaches : project management estimation and life cycle,,64.95
amazon:2711,multimedia software engineering by shi-kuo chang 9780792377368,,171.0
amazon:2712,software engineering using the upedu by pierre n. robillard 9780201754544,,92.2
amazon:2713,non-functional requirements in software engineering by lawrence chung,,258.0
amazon:2714,absolute software lfl-m2-36 computrace lojack for laptops 3 year license mac 10.2 or higher,,80.97
amazon:2715,how to break software : a practical guide to testing with cdrom 9780201796193,,37.1
amazon:2716,practical software reuse by michel ezran 9781852335021,,63.95
amazon:2717,software architect bootcamp by raphael malveau 9780131412279,,49.99
amazon:2718,advances in machine learning applications in software engineering,,94.95
amazon:2719,peer reviews in software : a practical guide by karl eugene wiegers,,44.54
amazon:2720,punch software 90500 home design studio mac,punch software,135.99
amazon:2721,the build master : microsoft 's software configuration management best practices,,39.59
amazon:2722,datanav : the alpha and omega of software,,22.94
amazon:2723,documenting software architectures : views and beyond by paul clements,,74.99
amazon:2724,agile software development ecosystems : problems practices and principles,,49.99
amazon:2725,applied statistics for software managers by katrina maxwell 9780130417893,,54.99
amazon:2726,making the software business case by reifer donald j. 9780201728873,,34.64
amazon:2727,scaling software agility : best practices for large enterprises,,42.56
amazon:2728,software project secrets : software project secrets : software projects fail ?,,39.99
amazon:2729,experimentation in software engineering : an introduction by claes wohlin,,177.0
amazon:2730,cleanroom software engineering : technology and process,,49.95
amazon:2731,software architecture : organization principles and patterns by david dikel,,62.5
amazon:2732,more about software requirements : thorny issues and practical advice,,17.99
amazon:2733,improving software quality : an insider 's guide to tqm by lowell jay arthur,,90.0
amazon:2734,architecture-centric software project management : a practical guide,,39.59
amazon:2735,practical software maintenance : best practices for managing your software,,90.0
amazon:2736,software paradigms by stephen h. kaisler 9780471483472,,99.95
amazon:2737,ontologies for software engineering and software technology,,99.0
amazon:2738,software product lines : practices and patterns by paul clements 9780201703320,,64.99
amazon:2739,webroot software 54210 desktop firewall,webroot software,26.99
amazon:2740,freeverse software 006 active lancer,freeverse software,18.99
amazon:2741,freeverse software 010 wingnuts 2 raina 's revenge,freeverse software,23.95
amazon:2742,freeverse software 4015 big bang board games,freeverse software,18.99
amazon:2743,individual software pro-tsm hanes t-shirt maker deluxe,individual software,24.99
amazon:2744,punch software 42100 punch ! home design architectural series 18 ( small box ),punch software,119.99
amazon:2745,individual software prm-xw3 professor teaches excel & word,individual software,24.99
amazon:2746,freeverse software 4024 robin hood : the legend of sheerwood,freeverse software,28.99
amazon:2747,building secure software : how to avoid security problems the right way,,59.99
amazon:2748,psp ( sm ) : a self-improvement process for software engineers,,54.99
amazon:2749,design for trustworthy software : tools techniques and methodology of,,58.99
amazon:2750,individual software jce-th6 total 3d home deluxe j/c,individual software,9.99
amazon:2751,individual software jce-wn5 professor teaches windows j/c,individual software,9.99
amazon:2752,punch software 35100 punch ! professional home design suite ( small box ),punch software,62.99
amazon:2753,vitec multimedia mpeg-cut-machine mpegcutmachine hardware and software bundle authoring software,,999.0
amazon:2754,lumiquest ultra image plug-in software for photoshop 6.0 and higher with fuji s2 pro and similar fuji digital cameras for windows & macintosh,,63.95
amazon:2755,apple software m9372z/a final cut express 2.0 upgrade,apple software,79.99
amazon:2756,motu dp5 software music production software,,499.95
amazon:2757,jumpstart advanced 3rd grade ( pc/mac ) knowledge adventure,,19.99
amazon:2758,m-audio pro tools m-powered mpowered 7.3 software music production software,,249.0
amazon:2759,pinnacle mobile media converter software for windows ipod software,,29.95
amazon:2760,freeverse software 4001 northland,freeverse software,19.99
amazon:2761,individual software prm-rce resumemaker career edition,individual software,34.99
amazon:2762,now software nuw45e1k now up-to-date & contact for windows,now software,114.99
amazon:2763,freeverse software 4012 3d bridge deluxe ( retail box ) for mac,freeverse software,18.99
amazon:2764,lumiquest ultra image plug-in software for photoshop 6.0 and higher with kodak pro 14n and other digital cameras for windows & macintosh,,59.95
amazon:2765,punch software 41100 punch ! home design architectural series 18,punch software,118.99
amazon:2766,avid liquid 7.0 professional video editing software for windows professional editing software,,439.95
amazon:2767,global software a2649m2h rainbow fish & the whale win 95 98 me xp/mac 8.6-9.x ( classic ) x v10 .1 or higher,global-software-publishing,8.79
amazon:2768,global software a0447jch dk smart steps 2nd grade win 95 98 me 2000 xp vista,,9.08
amazon:2769,global software a1055 i love the usa ( win 95 98 me nt 2000 xp/mac 8.6-9.x ( classic ) x v10 .1 or higher ),,8.79
amazon:2770,tlc arthur 's kindergarten learning system ( pc ) encore,,19.95
amazon:2771,zonealarm antivirus 2007 ( pc ) zonelabs,,29.99
amazon:2772,sony acid music studio ( pc ),,69.99
amazon:2773,quicken home and business 2007 ( pc ) intuit,,89.99
amazon:2774,middle school advantage premier edition ( 15 cd set ),,24.95
amazon:2775,chainz,,7.95
amazon:2776,big oil : build an oil empire,,8.95
amazon:2777,global software a8658jch smart steps kinder win 95 98 me 2000 xp vista,,9.08
amazon:2778,global software a8641jch dk smart steps first grade win 95 98 me 2000 xp vista,,9.08
amazon:2779,apple software m9301z/b soundtrack v1 .2,apple software,199.0
amazon:2780,global software a2663m2h amazing animals w/zoofari games win 95 98 me xp/mac 8.6-9.x ( classic ) x v10 .1 or higher,,8.79
amazon:2781,global software a1826m2w dk amazing animals 1.1 win 95 98 2000 xp vista,global-software-publishing,9.08
amazon:2782,global software a7163jcw kakuro puzzle addict unlimited edition dvd movie,global-software-publishing,8.79
amazon:2783,global software a2960jcw sudoku puzzle addict : unlimited edition win 98 me 2000 xp,,8.79
amazon:2784,global software a9716jcw crossword addict win 95 98 me 2000 xp,global-software-publishing-north-america-inc,8.79
amazon:2785,global software a2991m2w sudoku puzzle addict ( win 98 me 2000 xp ),global-software-publishing-north-america-inc,8.79
amazon:2786,global software a0454jch dk smart steps 3rd grade win 95 98 me 2000 xp vista,global-software-publishing,9.08
amazon:2787,global software a4124m2h dk exotic animals africa win 95 98 2000 xp,global-software-publishing,9.08
amazon:2788,simply put software llc de905-s data elminator ( win 95 98 me nt 2000 xp ),simply-put-software,34.97
amazon:2789,steinberg nuendo 3 educational edition music production software,,999.99
amazon:2790,nik software color efex pro 2.0 complete edition for nikon capture 4 plug-in software for macintosh & windows,,169.95
amazon:2791,adobe premiere pro cs3 video editing software for windows professional editing software,,798.95
amazon:2792,adobe dv rack 2.0 hd software for windows professional editing software,,499.0
amazon:2793,grass valley edius 4 pro video editing software professional editing software,,449.95
amazon:2794,datavideo ppt-100 ppt100 powerpoint to dv vga to dv-25 video converter software presentation software,,194.95
amazon:2795,line 6 toneport kb37 interface and software bundle usb interfaces & software,,299.99
amazon:2796,mackie tracktion 3 ultimate bundle music production software,,249.99
amazon:2797,onone software pxe-11433 pxl smartscale elect 1-user english mac/win,onone software,158.99
amazon:2798,simply put software llc gs905-s got ta sing ( win 95 98 me nt 2000 xp/mac 10.0 or higher ),simply-put-software,34.97
amazon:2799,garageband jampack rhythm section ( mac ) apple,,99.99
amazon:2800,pearson education book : the adobe photoshop lightroom book photoshop software,,39.95
amazon:2801,ca anti-spyware 2007,,24.99
amazon:2802,steinberg nuendo 3 music production software,,1999.99
amazon:2803,visual studio pro 2005 upgrade ( pc ) microsoft,,549.0
amazon:2804,instant immersion spanish deluxe 2.0 topics,,39.99
amazon:2805,magellan mapsend lakes usa south,,99.95
amazon:2806,onone software mpr-40212 mask pro 4.0 upgrade ( buy now and get free cs3 compatibility upgrades ),onone software,69.99
amazon:2807,adobe premiere elements 3 ( pc ),,99.99
amazon:2808,individual software resumemaker professional ultimate,,39.99
amazon:2809,ejay dj mix station 3 digital leisure,,29.99
amazon:2810,laplink software 4371 ringtone media studio,,22.97
amazon:2811,apple appleworks 6.2.9 ( mac ),,79.99
amazon:2812,sony creative software sf9006 sound forge 9 boxed upgrade sound editing s/w,,127.97
amazon:2813,webroot spy sweeper spanish edition ( pc ),,29.99
amazon:2814,fujifilm hyper utility software hs-v3 hsv3 other software,,109.95
amazon:2815,mcafee virusscan plus 2007 ( pc ),,39.99
amazon:2816,microsoft word 2007 upgrade ( pc ),,109.95
amazon:2817,onone software ice-10770 intellihance pro 4.1 mac/win ( buy now and get free cs3 compatibility upgrades ),onone software,158.99
amazon:2818,microsoft windows vista business ( pc ),,299.99
amazon:2819,mobile media converter ( pc ) pinnacle,,24.99
amazon:2820,autodesk 3ds max 9 3d animation software for windows animation software,autodesk-m - & - e-box,3494.5
amazon:2821,microsoft excel 2007 ( pc ),,229.95
amazon:2822,middle school life science classification & ecology ( pc/mac ) fogware,,9.99
amazon:2823,avid avid xpress pro hd real-time realtime video editing software + avid mojo hardware professional editing software,,1999.0
amazon:2824,panda internet security 2007 panda software,,49.99
amazon:2825,proprompter pocket pc teleprompter software prppppcs5 software for teleprompters,,94.95
amazon:2826,cosmi talking math for kids,,4.99
amazon:2827,readiris pro 11 corporate edition for pc,,349.99
amazon:2828,avid liquid pro 7.0 video editing hardware/software bundle for windows professional editing software,,899.0
amazon:2829,cosmi imusictools ( pc ),,19.99
amazon:2830,mavis beacon teaches typing 17 standard ( pc/mac ) encore,,19.99
amazon:2831,migo xp to vista easy-sync suite ( pc ) stomp,,29.99
amazon:2832,pearson education book-dvd : bookdvd : apple pro training series : shake 3 photoshop software,,44.95
amazon:2833,microsoft office accounting professional 2007 ( pc ),,229.95
amazon:2834,books by you ( pc/mac ) knowledge adventure,,19.99
amazon:2835,elementary advantage 2008 encore,,39.95
amazon:2836,adventure workshop 1st-3rd grade . 8th edition ( pc ) encore,,19.95
amazon:2837,microsoft money 2007 home and business ( pc ),,89.99
amazon:2838,perfect attorney premium ( pc ) cosmi,,29.99
amazon:2839,adobe flash cs3 professional ( mac ),,699.0
amazon:2840,photo explosion deluxe 3.0 nova,,49.99
amazon:2841,print workshop 2007 ( pc ) valusoft,,19.99
amazon:2842,ringtone media studio ( pc ) avanquest,,19.99
amazon:2843,quickbooks simple start 2007 intuit,,99.99
amazon:2844,roxio recordnow 9 music lab ( pc ),,29.99
amazon:2845,dr. seuss reading learning system 2008 encore,,19.95
amazon:2846,scholastic brain play preschool to 1st grade topics,,19.99
amazon:2847,microsoft office visio standard 2007 ( pc ),,249.95
amazon:2848,microsoft onenote 2007 upgrade ( pc ),,79.95
amazon:2849,elementary school english literature basics ( pc/mac ) fogware,,9.99
amazon:2850,microsoft office 2004 for students and teachers ( mac ),,134.99
amazon:2851,instant immersion spanish 2.0 topics,,19.99
amazon:2852,. mac ( mac ) apple,,99.99
amazon:2853,microsoft windows xp professional edition ( upgrade ),,199.99
amazon:2854,sony media manager for psp ( 98598 ),sony-computer-entertainment,24.99
amazon:2855,national geographic photo gallery topics,,9.95
amazon:2856,fun for kids featuring disney preschool to kindergarten topics,,29.99
amazon:2857,network now ! pro ( pc ) encore,,39.99
amazon:2858,stopzilla ! 4.0 ( pc ) roxio,,29.99
amazon:2859,magix music maker 12 deluxe ( pc ) magix entertainment,,59.99
amazon:2860,adobe illustrator cs3 ( mac ),,599.0
amazon:2861,professor teaches windows xp individual software,,19.99
amazon:2862,middle school success deluxe 2008 ( pc/mac ) topics,,49.99
amazon:2863,microsoft money 2007 premium ( pc ),,79.99
amazon:2864,jumpstart advanced 1st grade knowledge adventure,,19.99
amazon:2865,mcafee internet security suite 2007 3-user ( pc ),,89.99
amazon:2866,zonealarm internet security suite 2007 ( pc ) zonelabs,,49.99
amazon:2867,microsoft onenote 2007 ( pc ),,99.95
amazon:2868,susteen data pilot universal essentials,,59.99
amazon:2869,elementary school space the universe ( pc/mac ) fogware,,9.99
amazon:2870,magix movie edit pro 12 ( pc ) magix entertainment,,49.99
amazon:2871,vegas + dvd sony,sony-pictures-digital-entertainment,899.99
amazon:2872,podmaxx '07 eb carlson,,29.99
amazon:2873,human body 360 megasystems,,29.99
amazon:2874,learning quickbooks ( pc ) intuit,,39.99
amazon:2875,magix webradio recorder ( pc ) magix entertainment,,24.99
amazon:2876,school zone flash action alphabet/numbers 1-100 ( pc & mac ) ( 08410 ),,9.59
amazon:2877,microsoft office outlook 2007,,109.95
amazon:2878,printshop home & office labels,,8.95
amazon:2879,bodyworks 6.0 25-user building site license,,89.95
amazon:2880,virtual labs : light,,5.49
amazon:2881,apple software t9164ll/a logic express 6,apple software,219.0
amazon:2882,pressure pop !,,8.95
amazon:2883,aec software 1018001000132 fasttrack schedule 8 pda,aec software,85.99
amazon:2884,essential business tools 2.0,,9.95
amazon:2885,abacus software s fs commuter pilot pc,abacus software,28.99
amazon:2886,let 's make stickers,,8.95
amazon:2887,abacus software 1557555117 flight deck iii for pc,abacus software,28.99
amazon:2888,backyard skateboarding,,7.95
amazon:2889,steinberg studio case 2 music production system educational discount music production software,,164.95
amazon:2890,print perfect business cards dvd ( pc ) cosmi,,29.99
amazon:2891,fujifilm hyper utility software hs-v3 hsv3 upgrade other software,,59.95
amazon:2892,musical adventure vivaldi,,5.95
amazon:2893,global software a1055 i love the usa,global software,11.99
amazon:2894,cluefinders 3rd grade adventures with adapt,,9.95
amazon:2895,ce software 4x30eu01up20 quickeys x3 upgrade from 2.0,ce software,29.95
amazon:2896,abacus software s513 fligth simulation whirly birds adventures pc,abacus software,28.99
amazon:2897,ce software 4501eu01up35 quickeys 5.0 upgrade from 3.x,ce software,41.5
amazon:2898,rayman 10th anniversary collection,,8.95
amazon:2899,abacus software s568 vietnam carrier ops,abacus software,28.99
amazon:2900,spanish before you know it deluxe,,10.95
amazon:2901,abacus software s532 military aircraft collection for pc,abacus software,18.99
amazon:2902,scansoft pdf converter 4,,37.95
amazon:2903,abacus software 5562 chopper havoc for pc,abacus software,28.99
amazon:2904,er the game,,9.95
amazon:2905,abacus software 5563 abacus 5563 private pilot ii,abacus software,28.99
amazon:2906,high school world history ( pc/mac ) fogware,,9.99
amazon:2907,abacus software s546 usa extreme landscapes for fs2004 and fs2002 3cd set,abacus software,28.99
amazon:2908,weekly reader mastering elementary & middle school math ( pc/mac ) fogware,,19.99
amazon:2909,jumpstart advanced 2nd grade ( pc/mac ) knowledge adventure,,19.99
amazon:2910,abacus software ss69 corporate pilot 2,abacus software,28.99
amazon:2911,iwork '06 ( mac ) apple,,79.99
amazon:2912,abacus software s461 train sim modeller for pc,abacus software,32.99
amazon:2913,abacus software s482 scenic railway add-on for pc,abacus software,24.99
amazon:2914,palmspring software 523 oxford american desk dictionary,palmspring software,24.2
amazon:2915,iolo system mechanic 7 professional ( pc ),,69.99
amazon:2916,abacus software s515 flight simulation sea plane adventures pc,abacus software,28.99
amazon:2917,sony photo go,,24.99
amazon:2918,ce software 4501eu01up40 quickeys 5.0 upgrade from 4.0,ce software,35.95
amazon:2919,freeverse software 5003 bumpercar 2.0 mac web browser,freeverse software,28.99
amazon:2920,punch software professional home design platinum version 10,,99.99
amazon:2921,bias peak pro xt 5 software bundle music production software,,999.0
amazon:2922,webroot software window washer,,29.99
amazon:2923,abacus software s552 fs fighter pilot for fs2004 and fs2002,abacus software,28.99
amazon:2924,panasonic wv-as20 wvas20 network management software cctv software,,399.95
amazon:2925,canon vk-16 vk16 version 1.1 network video recording software software & accessories,,1000.0
amazon:2926,punch software 41100 punch ! home design architectural series 18,punch software,118.99
amazon:2927,punch software 42100 punch ! home design architectural series 18 ( small box ),punch software,119.99
amazon:2928,sony sams7000 creative software acid music studio v. 7.0 music editing/composing pc,,53.97
amazon:2929,freeverse software 010 wingnuts 2 raina 's revenge,freeverse software,23.95
amazon:2930,class on demand photoshop cs fast track training dvd photoshop software,,79.95
amazon:2931,encore software 10538 adventure workshop preschool 7 by the learning company,,17.97
amazon:2932,encore software 10881 family tree maker version 16 standard sb cs by family tree maker,,42.97
amazon:2933,onone software inc. gfs-50211 genuine fractals 5 full 1u,,148.97
amazon:2934,encore software 10466 clickart 1.2 million dvd 2006 by broderbund,,41.97
amazon:2935,webroot software 54210 desktop firewall,webroot software,26.99
amazon:2936,punch software 17100 punch ! super home suite,punch software,45.99
amazon:2937,punch software 38100 punch ! super home suite ( small box ),punch software,45.99
amazon:2938,crayola first ladies costume maker,,9.95
amazon:2939,britannica quiz show,,8.95
amazon:2940,quickstart pc cleaner xp,,8.95
amazon:2941,digital video & audio prod book,sony creative software,27.99
amazon:2942,mortgage master,,8.95
amazon:2943,pokemon team turbo,,7.95
amazon:2944,superstart ! spelling bee,,8.95
amazon:2945,blue 's clues preschool,,7.95
amazon:2946,reader rabbit learn to read with phonics ! preschool & kindergarten,,12.95
amazon:2947,mickey 's toddler with active leveling advantage !,,8.95
amazon:2948,south park chef 's luv shack,,6.95
amazon:2949,tank battle,,8.95
amazon:2950,lego island 2 : the brickster 's revenge,,9.95
amazon:2951,spanish vocabulary builder,,6.95
amazon:2952,magix audio cleaning lab 10,,16.95
amazon:2953,home budget for dummies,,10.95
amazon:2954,quickstudy us government,,8.95
amazon:2955,encyclopedia of our living oceans,,8.95
amazon:2956,zonealarm wireless security 2005,,9.95
amazon:2957,thief ii : the metal age,,8.95
amazon:2958,student dictionary,,8.95
amazon:2959,microsoft windows vista business full version,,249.95
amazon:2960,home & landscape design center,,8.49
amazon:2961,professor teaches windows xp home & pro,,12.49
amazon:2962,clifford the big red dog reading pack,,19.95
amazon:2963,ultimate pinball,,6.95
amazon:2964,wacky farm,,8.95
amazon:2965,thinkin ' things toony the loon 's lagoon,,8.95
amazon:2966,state standards grade 6,,9.49
amazon:2967,superstart ! science arcade,,8.95
amazon:2968,mighty math number heroes,,9.95
amazon:2969,madeline rainy day activities,,9.95
amazon:2970,rainbow fish and the whale,,6.95
amazon:2971,treasure galaxy 5-user lab pack for mac,,22.95
amazon:2972,thinkin ' things galactic brain benders,,8.95
amazon:2973,namco museum 50th anniversary,,16.95
amazon:2974,season ticket football 2003,,9.95
amazon:2975,luxor,,12.95
amazon:2976,quickstart photo montage studio,,9.95
amazon:2977,tonka raceway,,7.95
amazon:2978,scene it the dvd game : movie edition with bonus warner bros. television game pack,,24.95
amazon:2979,educator 's choice phonics excelerator,,4.95
amazon:2980,fisher-price rescue heroes : hurricane havoc,,8.95
amazon:2981,adventure inlay,,9.95
amazon:2982,reader rabbit kindergarten special 2-cd edition,,12.95
amazon:2983,encyclopedia britannica profiles : dinosaurs !,,8.95
amazon:2984,printmaster platinum 16,,19.95
amazon:2985,police quest compilation,,18.95
amazon:2986,elementary advantage 2007,,12.95
amazon:2987,elementary school success deluxe 2006,,12.95
amazon:2988,tonka town,,7.95
amazon:2989,startopia,,14.95
amazon:2990,easy home massage dvd,,10.95
amazon:2991,super solvers spellbound ! ! school edition for mac,,17.95
amazon:2992,1001 essential letters,,6.95
amazon:2993,fallout collection ( dvd-rom ),,24.49
amazon:2994,clifford the big red dog thinking adventures,,8.95
amazon:2995,easy drums,,12.95
amazon:2996,instant immersion 33 languages,topics entertainment,43.99
amazon:2997,speak & learn ! dutch,,14.95
amazon:2998,orgchart professional 1.3,,39.95
amazon:2999,norton antivirus 2007 3 user pack,,49.95
amazon:3000,encyclopedia britannica 2007 ready reference,,8.95
amazon:3001,let 's explore mars,,8.95
amazon:3002,qb customer manager 2.5,,76.75
amazon:3003,adobe acrobat professional 7,,350.0
amazon:3004,wacky bird hunter,,8.95
amazon:3005,treasure mountain,,8.95
amazon:3006,tonka search & rescue 2,,7.95
amazon:3007,reader rabbit reading learning system 2007,,12.95
amazon:3008,dvd moviefactory 6 plus,,77.32
amazon:3009,instant immersion japanese 2.0,,22.43
amazon:3010,qb pos 6.0 basic rtailrs hw/sw,,1272.08
amazon:3011,procoder 3,,438.07
amazon:3012,vegas7 + dvd upgrade,sony-pictures-digital-entertainment,226.56
amazon:3013,ti interactive student version,,63.02
amazon:3014,instant immers german dlux 2.0,,36.11
amazon:3015,my maillist & addressbook,,7.69
amazon:3016,instant immers italian dlux 2 .,,36.11
amazon:3017,production prem cs3 mac upgrad,,808.15
amazon:3018,edius pro 4,,599.97
amazon:3019,premiere pro cs3 mac,,808.15
amazon:3020,studio ultimate version 11,,129.1
amazon:3021,instant immers spanish dlux 2,,36.11
amazon:3022,instant immersion 33 languages,,47.36
amazon:3023,instant immers japanese dlx 2 .,,36.11
amazon:3024,sibelius sibelius 5 software music production software,sibelius-software-ltd .,449.95
amazon:3025,individual software business planmaker pro 2008 ( pc ),,39.99
amazon:3026,punch software 90500 home design studio mac,punch software,135.99
amazon:3027,microsoft office visio standard 2007 upgrade ( pc ),,129.95
amazon:3028,sibelius sibelius 5 software educational discount music production software,sibelius-software-ltd .,248.95
amazon:3029,microsoft mappoint 2006 with gps locator ( pc ),,349.99
amazon:3030,weekly reader preparing for kindergarten 2008 ( pc/mac ) fogware,,19.99
amazon:3031,transfer my dvd avanquest usa,,29.95
amazon:3032,premiere pro cs3 mac upgrade,,320.25
amazon:3033,quickbooks pro 2007 3 user,,409.52
amazon:3034,quickbooks pro 2007 win,,192.26
amazon:3035,webroot software inc 66210 spy sweeper ( mass merchant ) ( win 98 me 2000 xp ),,25.97
amazon:3036,hoyle game collection 4 game pack,,14.95
amazon:3037,csi : crime scene investigation,,10.95
amazon:3038,quicken 2007 deluxe win cd,intuit,57.99
amazon:3039,hoyle card games,,9.95
amazon:3040,encore software 10548 encore tlc zoombinis 3rd grade learning system 2007 complete product educational 1 user complete product standard pc mac,encore-software-inc,17.97
amazon:3041,cluefinders 3rd grade adventures : mystery of mathra,,10.95
amazon:3042,aec software 10101090120000101 aec fasttrack schedule v. 9.0 complete product project management/version control 1 user complete product standard pc,,348.97
amazon:3043,state standards grade 8,,9.49
amazon:3044,instant home cooking,,9.95
amazon:3045,ghostsurf 2006 platinum,,14.95
amazon:3046,personal record keeper 5.0,,8.95
amazon:3047,encore software 13851 tlc blues clues preschool learning system 2008,,17.97
amazon:3048,instant immersion italian 2.0,topics entertainment,20.99
amazon:3049,let 's learn about time & date,,8.95
amazon:3050,encore software 10891 family tree maker version 16 essential sb cs,,25.97
amazon:3051,mother goose interactive storybook,,8.95
amazon:3052,star wars episode iii activity center,,10.95
amazon:3053,calendar creator 10,,8.95
amazon:3054,resumemaker premier,,12.95
amazon:3055,quicken 2007 premier win cd,intuit,73.99
amazon:3056,punch software 90500 home design studio mac,punch software,135.99
amazon:3057,print workshop 2006 limited edition + 800000 + images,,7.95
amazon:3058,living trust builder,,8.95
amazon:3059,sega smash pack 2,,8.95
amazon:3060,resume maker professional 12,,17.95
amazon:3061,jaws unleashed,,7.95
amazon:3062,math learning system 2007,,15.95
amazon:3063,quickbooks pro 2007 3 user,intuit,398.99
amazon:3064,zoboomafoo animal logic with workbook combo,,9.95
amazon:3065,prison tycoon,,8.95
amazon:3066,post mortem,,7.49
amazon:3067,backyard soccer mls edition,,8.95
amazon:3068,easy outdoor gardening,,8.95
amazon:3069,who wants to be a millionaire sports edition,,8.95
amazon:3070,zipmagic personal edition,,8.95
amazon:3071,backyard basketball & backyard hockey double pack,,9.95
amazon:3072,super solvers mission think 25 user site license,,79.95
amazon:3073,20 gb hard drive for xbox 360,,99.99
amazon:3074,namco hometech me & my katamari,,26.55
amazon:3075,abacus software flight deck 4,,24.99
amazon:3076,socrates media personal legal forms & agreements,,26.99
amazon:3077,adobe dreamweaver cs3 complete package 1 user academic cd windows,,189.0
amazon:3078,adsl modem brg eth brtr-1pt 10bt 1adsl 8m rs232,,111.95
amazon:3079,downloadable dark messiah might and magic + download protection,,29.99
amazon:3080,quickbooks ( r ) pro 2003,,299.77
amazon:3081,wincleaner ( tm ) complete pc care,,69.99
amazon:3082,webroot ( r ) spy sweeper ( tm ) 2006,,29.99
amazon:3083,sony playstation 2 : justice league heroes,,29.99
amazon:3084,sony playstation 2 : street fighter alpha anthology,,29.99
amazon:3085,windows vista ultimate upgrade,,259.0
amazon:3086,mylabels premium,,29.99
amazon:3087,quickbooks ( r ) premier : accountant edition 2007,,399.99
amazon:3088,ultimate fonts,,19.99
amazon:3089,systemsuite 6 ( tm ) professional mini,,49.99
amazon:3090,nintendo gamecube : sonic riders,,19.99
amazon:3091,microsoft ( r ) word 2007,,109.99
amazon:3092,quickbooks ( r ) pro 2007,,179.99
amazon:3093,microsoft ( r ) windows vista ( tm ) home basic,,99.99
amazon:3094,adobe ( r ) photoshop ( r ) cs windows full version,,590.92
amazon:3095,f-secure internet security 2007 3 pcs ( global marketing partners ),global-marketing-partners,63.35
amazon:3096,hallmark blank greeting cards half-fold matte premium 20 count ( 2050xf ),,14.39
amazon:3097,20 ' classic instrument cable ( pw-cgt-20 ),,14.39
amazon:3098,virusbarrier x4 10.4 for mac-10 users ( vbx4-10u ),,316.75
amazon:3099,merriam-webster 's dictionary ( win/mac ) ( jewel case ) ( 10462 ),,9.59
amazon:3100,cf scan card 5m with adapter type ii cf withclass1laser barcode scanner ( is5031-622 ),,393.59
amazon:3101,transfer my dvd ( 6601 ),,28.75
amazon:3102,family tree maker version 16 deluxe ( 10870 ),,57.59
amazon:3103,instant architect design suite ( 00ids510cc ),,28.79
amazon:3104,axis network camera 213 ptz digital video camera 0220-004 ( 0220-004 ),axis-communication-inc .,1420.79
amazon:3105,media studio for psp standard editon ( 800060 ),,47.99
amazon:3106,geometry ( win/mac ) ( jewel case ) ( 10158 ),,9.59
amazon:3107,microspot interiors ( ints3 .6 sb ),,95.95
amazon:3108,total 3d home deluxe ( jewel case ) ( jce-th6 ),,9.59
amazon:3109,microsoft windows server 2003 client additional license for devices 5 pack ( 823930 ),,158.39
amazon:3110,cross stitch design studio ( jewel case ) ( 8006 ),m-and-r-technologies,9.59
amazon:3111,studio plus version 11,pinnacle systems,90.99
amazon:3112,lock on modern air combat,,7.49
amazon:3113,math missions : the race to spectacle city arcade ( grades k-2 ),,8.49
amazon:3114,world of wild cats,,8.95
amazon:3115,disney 's buzz lightyear 2nd grade,,8.95
amazon:3116,ultimate puzzle collection,,9.95
amazon:3117,microsoft windows terminal server 2003 client additional license for users - 5 user ( 824048 ),,719.04
amazon:3118,delorme earthmate gps lt-20 with street atlas 2007 usa/canada ( ae-7738-203 ),,67.19
amazon:3119,poetry fiction and drama ( win/mac ) ( jewel case ) ( 10172 ),,9.59
amazon:3120,route 66 mobile 7 usa/cdn for windows mobile 5 ( usa-7100-wms ),,143.04
amazon:3121,xbox : scarface : the world is yours,,39.99
amazon:3122,nintendo ds : yoshis island ds ( game guide ),,14.99
amazon:3123,goldmine ( r ) standard edition 6.7,,199.99
amazon:3124,nintendo wii : call of duty 3,,19.99
amazon:3125,g-pak organizer case for nintendo ds lite gaming console pink,,19.99
amazon:3126,microsoft ( r ) windows vista ( tm ) business,,199.99
amazon:3127,starry night galaxy explorer ( pc & mac ) ( snge-5-c1u ),,9.59
amazon:3128,world of rainbow fish ( a9839m2h ),global-software-publishing,19.19
amazon:3129,xbox live 1600 points,,19.99
amazon:3130,webroot ( r ) window washer ( tm ) 5.0,,28.99
amazon:3131,xl-5130 sewing machine,,129.95
amazon:3132,spanish advantage 2007,,28.99
amazon:3133,quickbooks ( r ) credit card processing kit 2007,,39.99
amazon:3134,quicken ( r ) premier 2007,,79.99
amazon:3135,gamelink vga a/v kit for xbox 360,,49.99
amazon:3136,photostudio ( r ) expressions 2.0,,29.99
amazon:3137,colorvision spydertv pro,,599.99
amazon:3138,adobe dreamweaver cs3 complete package 1 user academic cd mac,,189.0
amazon:3139,family tree maker deluxe 11.2,,69.97
amazon:3140,broderbund ultimate print and craft suite,,49.99
amazon:3141,mcafee virusscan 8.0,,49.99
amazon:3142,abbyy fine reader 5.0 pro mac,,128.95
amazon:3143,kiplingers home & business attorney,,29.99
amazon:3144,zonealarm ( r ) internet security suite,,49.99
amazon:3145,palo alto business plan pro 2007,,83.99
amazon:3146,delorme street atlas usa 2004,,49.97
amazon:3147,konami of america yu-gi-oh : capsule mon playstation 2,,8.27
amazon:3148,ibm ( r ) viavoice ( r ) standard edition 10,,49.99
amazon:3149,nintendo gamecube : sonic heroes,,19.95
amazon:3150,computer associates etrust antivirus r8 multilanguage 1 user,,49.99
amazon:3151,graphics software,,99.92
amazon:3152,mymaillist deluxe,,49.99
amazon:3153,act ! 2007,,199.99
amazon:3154,photoshow deluxe,,39.92
amazon:3155,software,,153.99
amazon:3156,wheel of fortune ( r ),,19.99
amazon:3157,business planmaker deluxe,,49.99
amazon:3158,vhs to dvd 3.0 deluxe,,99.99
amazon:3159,oxford english/spanish dictionary expansion sd/mmc card for palm os ( r ) and pocket pc,,49.99
amazon:3160,microsoft ( r ) windows ( r ) xp professional edition with sp2,,199.99
amazon:3161,adobe creative suite 3 ( cs3 ) design suite standard upgrade ( upsell ) mac,,859.96
amazon:3162,business plan pro ( r ) 2004,,99.87
amazon:3163,versacheck ( r ) 2003 platinum,,89.99
amazon:3164,adobe flash cs3 professional complete package 1 user academic cd windows,,229.0
amazon:3165,motorola surfboard sbg900 wireless cable modem gateway wireless router,,112.95
amazon:3166,adobe ( r ) photoshop ( r ) album 1.0,,49.88
amazon:3167,software,,46.99
amazon:3168,norton antivirus 2004,,49.99
amazon:3169,konami of america silent hill experience the,,7.08
amazon:3170,starcraft ghost,,49.99
amazon:3171,microsoft ( r ) project standard 2007,,599.95
amazon:3172,ghostsurf professional utilities software,,29.92
amazon:3173,xbox 360 : crackdown,,59.99
amazon:3174,socrates media contractors library software,,43.99
amazon:3175,microsoft ( r ) powerpoint ( r ) 2002 upgrade,,108.87
amazon:3176,act ! ( r ) 2005 5-user pack,,999.99
amazon:3177,turbosketch ( tm ) studio,,89.99
amazon:3178,quicken ( r ) rental property manager 2.0,,99.99
amazon:3179,versacheck ( r ) 2003 personal premier,,29.99
amazon:3180,the print shop ( r ) elements : labels logos & more,,19.99
amazon:3181,macbackup,,29.99
amazon:3182,xbox 360 : guitar hero 2 bundle,,89.99
amazon:3183,microsoft ( r ) money 2004 standard,,29.99
amazon:3184,photostamps ( r ) business edition,,49.99
amazon:3185,quark quarkxpress 7 upgrade for mac & windows,,244.99
amazon:3186,corel ( r ) snapfire ( tm ) plus,,39.99
amazon:3187,microsoft office onenote 2007 complete package 1 pc cd win english,,78.99
amazon:3188,adobe creative suite 3 web standard complete package academic cd mac,,369.0
amazon:3189,math success ( tm ) deluxe 2007,,49.99
amazon:3190,microsoft ( r ) mappoint ( r ) 2006,,249.99
amazon:3191,symantec ( tm ) norton systemworks ( tm ) premier 2006,,99.99
amazon:3192,marine aquarium & goldfish aquarium,,19.99
amazon:3193,versacheck ( r ) gold 2005,,59.97
amazon:3194,microsoft ( r ) project standard 2007,,349.95
amazon:3195,roxio ( r ) easy media creator ( r ) 9 suite,,99.99
amazon:3196,calendar creator 10,,30.92
amazon:3197,xbox 360 : forza motorsport 2,,59.99
amazon:3198,xbox 360 : call of action 3 gold edition,,59.99
amazon:3199,microsoft ( r ) office ultimate 2007,,539.95
amazon:3200,quicken ( r ) 2004 basic,,29.99
amazon:3201,alsoft disk warrior v/5 cd,,107.95
amazon:3202,avery ( r ) designpro ( tm ) deluxe version 5.0,,39.99
amazon:3203,xbox : halo 2,,29.95
amazon:3204,microsoft ( r ) project 2002,,329.99
amazon:3205,microsoft ( r ) picture it ! photo premium 9.0,,49.92
amazon:3206,xbox 360 faceplate hotrod,,16.99
amazon:3207,family tree maker 16 collectors edition,,99.99
amazon:3208,slideshow expressions ( tm ),,19.99
amazon:3209,professor ( r ) teaches office 2003,,29.97
amazon:3210,screenblast acid 4.0,,69.97
amazon:3211,mcafee personal firewall plus,,39.97
amazon:3212,software,,621.99
amazon:3213,adobe photoshop elements 5.0 plus adobe premiere elements 3.0 â ?? with teacher resource center cd,,104.99
amazon:3214,system mechanic ( r ) 5 professional,,69.95
amazon:3215,microsoft ( r ) money 2007 deluxe,,49.99
amazon:3216,findex.com quickverse bible study 2007 mobile deluxe,,24.99
amazon:3217,sony playstation 2 : karaoke revolution : american idol bundle,,49.99
amazon:3218,anytime ( tm ) organizer 11,,29.99
amazon:3219,pc tools spyware doctor 2007,,29.99
amazon:3220,microsoft ( r ) expression web 1.0,,299.95
amazon:3221,jumpstart ( r ) advanced 1st grade,,19.99
amazon:3222,ibm ( r ) viavoice ( r ) advanced edition 10,,78.95
amazon:3223,xbox 360 : gears of war,,59.99
amazon:3224,documents to go premium 7.0,,49.99
amazon:3225,microsoft ( r ) picture it ! digital image pro 9.0,,99.87
dn2:0,learning quickbooks 2007,intuit,38.99
dn2:1,superstart! fun with reading & writing!,,8.49
dn2:2,qb pos 6.0 basic software,intuit,637.99
dn2:3,math missions: the amazing arcade adventure (grades 3-5),,12.95
dn2:4,production prem cs3 mac upgrad,adobe software,805.99
dn2:5,video studio 11 plus,corel corporation,103.99
dn2:6,edius pro 4,canopus/grass valley,585.99
dn2:7,qb pos 6.0 pro multi store sw,intuit,1054.99
dn2:8,qb credit card kit 3.0,intuit,25.99
dn2:9,vegas movie studiodvd+8 plat,sony creative software,92.99
dn2:10,qb pos 6.0 pro solution hw/sw,intuit,1474.99
dn2:11,ares rising,,29.95
dn2:12,evergirl: pc cd-rom video game,,14.99
dn2:13,cd384-aisk9= cisco ios advanced ip services - complete package - cd,,2068.26
dn2:14,633808063023 wasp bar code fontware - complete package - 10 users - cd - win - english,,154.6
dn2:15,0202-034 axis camera station - license - 1 additional user,,95.12
dn2:16,eu063av aba microsoft windows xp professional - license and media - 1 user - cto - english -,,137.09
dn2:17,bb0gyna ibm informix dynamic server enterprise edition - ( v. 9.4 ) - media - cd - linux,,195.53
dn2:18,eqzfn07-201 zetafax business edition - license - 5 users - win,,499.17
dn2:19,633808390266 wasp mobileasset professional edition combo pack with spt 1800 - ( v. 5 ) - comp,,2021.99
dn2:20,wg017449 watchguard firebox x5500e utm software suite - subscription license ( 1 year ) +,,3715.48
dn2:21,11k2990 international printing for mysap.com - complete package - 1 client - cd - englis,,149.43
dn2:22,5325302018 snap enterprise data replicator - license - 1 server - linux unix win,,663.22
dn2:23,38039440dm adobe flash cs3 professional - ( v. 9 ) - media - tlp tlp nonprofit - dvd - win,,18.88
dn2:24,11105106 symantec bindview policy manager - ( v. 1.0 ) - media - cd - win - english,,16.09
dn2:25,25510587 adobe after effects cs3 professional - complete package - 1 user - dvd - win - c,,1054.23
dn2:26,wg017127 watchguard gateway antivirus for e-mail - maintenance ( 1 year ) - 1 device - wi,,751.44
dn2:27,did0480p-m311 plasmon additional maintenance 24x7 - plasmon diamond technical support - consul,,1562.06
dn2:28,633808035020 wasp nest ccd suite business edition - complete package - 1 user - cd - win,,179.03
dn2:29,711-00072 microsoft entertainment pocketpak 2004 productivity pack - complete package - 1,,29.93
dn2:30,01-ssc-6993 sonicwall client/server anti-virus suite - subscription license ( 3 years ) - 50,,3992.98
dn2:31,buvsag-00000 ulead videostudio 10 - complete package - 1 user - win - english,,61.94
dn2:32,s71-00009 perfect dark zero - complete package - 1 user - microsoft xbox 360 - dvd - engli,,34.38
dn2:33,c6q-00002 microsoft digital image suite plus - complete package - 1 pc - cd-rom (mini box),,93.33
dn2:34,ma166z/a ilife '06 - complete package - 1 user - dvd - mac,,72.74
dn2:35,s45es-12225sg= cisco ios enterprise services - ( v. 12.2(25)sg ) - complete package,,7022.74
dn2:36,t74-00004 microsoft windows small business server 2003 - license - 20 additional user cals,,1834.4
dn2:37,122103 quarkxpress - ( v. 7 ) - complete package - 1 user - cd - win mac,,742.21
dn2:38,dsv3-swa dsview - ( v. 3 ) - license - 5 users 1 hub - win,,2426.1
dn2:39,366125-002 hp care pack software technical support - vmware virtualcenter 1 node 2 process,,1589.95
dn2:40,378517z lenovo thinkvantage imageultra builder (non-lenovo systems) - ( v. 3.0 ) - licen,,17.21
dn2:41,fpm32c070-a08n monarch standard edition - ( v. 7.0 ) - complete package - 8 users - cd - win,,3640.84
dn2:42,910519-004 rumba as/400 edition - ( v. 7.4 ) - upgrade license - 1 processor - tier p10 - c,,3223.26
dn2:43,10568 hoyle puzzle & board games 2005 - complete package - 1 user - pc - cd - win,,14.51
dn2:44,dm0016009 contivity stateful firewall - license - 1 switch - english,,371.5
dn2:45,22030094 adobe encore dvd - ( v. 2.0 ) - complete package - 1 user - dvd - win - universa,,377.61
dn2:46,5325302020 snap enterprise data replicator advanced - license - 1 server - linux unix win,,1320.64
dn2:47,b11-01215 microsoft works suite 2006 - license and media - 1 user - cd - win - english - u,,94.08
dn2:48,bb117ac hp storageworks data protector express backup server - product upgrade package -,,459.3
dn2:49,w-1rp-f-wx-00 crystal reports xi professional edition - complete package - 1 user - win - fren,,538.5
dn2:50,633808105020 wasp bar code labeler - complete package - 3 users - cd - win - english,,195.77
dn2:51,01-ssc-7316 sonicwall cfs premium gov/ed edition for sonicwall pro 4100 - subscription licen,,2565.08
dn2:52,11105093 symantec web security for microsoft isa server 2004 - ( v. 5.0 ) - media - cd -,,16.09
dn2:53,395-03824 microsoft exchange server 2007 enterprise edition - complete package - 1 server,,6594.2
dn2:54,rl294aa red hat enterprise linux ws - ( v. 3 update 8 ) - license - 1 user,,215.57
dn2:55,808-1v500-mk-us directory and resource administrator - ( v. 5.0 ) - media - win - english - unit,,75.48
dn2:56,22799 vsi-fax - upgrade license - 8 additional ports - linux unix win,,2181.91
dn2:57,e17887d symantec backup exec for netware servers remote agent for windows or netware ser,,197.65
dn2:58,b7305pa supportpack for hp openview manager for microsoft exchange server 2.0 premium -,,85.85
dn2:59,40y9223 computrace lojack for laptops - subscription package ( 4 years ) - 1 notebook -,,125.97
dn2:60,04l1671 ibm websphere mq link for r/3 - ( v. 1.2 ) - complete package - 1 server - cd -,,12567.39
dn2:61,cd28-esk9= cisco ios enterprise services - complete package - cd,,1001.38
dn2:62,23500195dm adobe incopy cs3 - ( v. 5.0 ) - media - tlp tlp nonprofit - dvd - win - univers,,18.88
dn2:63,01-ssc-5310 sonicwall global vpn client - license - 1 user - win,,43.85
dn2:64,f309a-g03-11.0 scansoft paperport professional - ( v. 11 ) - complete package - 5 users - win -,,841.55
dn2:65,902453-007-b rumba unix-hp edition - upgrade license - 1 user - volume - level b ( 5-49 ) - c,,147.73
dn2:66,wg7569 watchguard livesecurity service gold - watchguard serverlock for solaris technic,,2279.02
dn2:67,j8779a hp procurve manager plus - ( v. 2.0 ) - upgrade license - unlimited devices - wi,,2270.06
dn2:68,15510669dm adobe after effects cs3 professional - ( v. 8 ) - media - tlp tlp nonprofit - d,,18.88
dn2:69,mtp07emb3rua mcafee total protection 2007 - complete package - 3 users - cd ( mini-box ) - wi,,86.94
dn2:70,29270077 adobe creative suite 3 web standard - product upgrade package - 1 user - upgrade,,843.15
dn2:71,29270055 adobe creative suite 3 web standard - complete package - 1 user - cd - win - uni,,1056.98
dn2:72,evyu7517 emc insignia visualsrm smb edition - ( v. 1.7 ) - media - cd - win,,3.29
dn2:73,cabprenaen150 ca business protection suite for microsoft small business server premium edition,,666.65
dn2:74,38040048dm vlog it! - ( v. 2.5 ) - media - tlp tlp nonprofit - download - win - worldwide,,20.97
dn2:75,19600061dm adobe creative suite 3 production premium - media - tlp - download - mac - world,,20.97
dn2:76,72212 world of warcraft - complete package - 1 user - pc - cd - win mac,,24.8
dn2:77,dja-00892 microsoft system center essentials 2007 - license - 1 server - win - english,,93.25
dn2:78,fpxmlc020-a01 vortexml - ( v. 2 ) - complete package - 1 user - cd - win,,363.63
dn2:79,eete7717 emc insignia eroom smb edition - ( v. 7.3 ) - media and documentation set - cd -,,37.24
dn2:80,5325301873 snap appliance snap care - snap enterprise data replicator technical support - c,,377.06
dn2:81,910584-001 rumba as/400 edition - ( v. 7.2 ) - upgrade package - 1 processor - tier p60 - c,,26759.24
dn2:82,10517940 symantec client security with groupware protection business pack - ( v. 3.1 ) -,,3323.92
dn2:83,01-ssc-7524 sonicwall email anti-virus mcafee and sonicwall time zero - subscription license,,14568.97
dn2:84,22798 vsi-fax - license - 8 additional ports - linux unix win,,5189.82
dn2:85,22790 vsi-fax - license - unlimited clients - linux unix win,,4275.71
dn2:86,10527687 symantec on-demand protection - ( v. 2.6 ) - media - elite forecast elite commi,,16.98
dn2:87,msd-w30-de-r manga studio debut - ( v. 3.0 ) - complete package - 1 user - cd - win,,41.74
dn2:88,9002 refviz - ( v. 2 ) - complete package - 1 user - mac,,160.88
dn2:89,298881 quickbooks customer manager - ( v. 2.5 ) - complete package - 1 user - cd - win,,69.38
dn2:90,633808344078 wasp mobileinventory combo pack - w/ spt1550 - license - 1 additional mobile dev,,409.56
dn2:91,19280016dm adobe creative suite 3 master collection - media - tlp tlp nonprofit - dvd - ma,,18.88
dn2:92,babnur1111s01 brightstor arcserve backup for netware w/sp1 - ( v. 11.1 ) - version upgrade pac,,379.23
dn2:93,01-ssc-7520 sonicwall email anti-virus mcafee and sonicwall time zero - subscription license,,1306.68
dn2:94,210100533 pinnacle studio plus titanium edition - ( v. 10.5 ) - complete package - 1 user,,67.47
dn2:95,wg4110 watchguard vpn manager - upgrade package - 10 nodes - cd - win - english,,1235.07
dn2:96,910623-000 rumba web-to-host for as/400 - ( v. 4.2 ) - license - 1 processor - tier p60 - s,,29578.09
dn2:97,01-ssc-6959 sonicwall enforced client anti-virus and anti-spyware - subscription license ( 2,,10693.51
dn2:98,389449-b21 pgi server compiler suite - license - 2 users - linux,,4269.47
dn2:99,19500220 adobe creative suite 3 design premium - product upgrade package - 1 user - upgra,,1687.48
dn2:100,269-10040 microsoft office professional edition 2003 service pack - ( v. 2 ) - media - vol,,23.53
dn2:101,01-ssc-6791 sonicwall email protection subscription - subscription license ( 2 years ) + dyn,,1234.09
dn2:102,5325301871 snap appliance snap care - snap enterprise data replicator technical support - c,,377.06
dn2:103,fpmdps070-a02a monarch data pump - ( v. 7.0 ) - license - 2 additional processors - win,,6998.48
dn2:104,9am-00014 microsoft flight simulator x deluxe edition - complete package - 1 user - pc - d,,42.79
dn2:105,wg017196 watchguard webblocker - subscription license ( 1 year ) - 1 device - win,,92.8
dn2:106,4817n24 vmware virtualcenter management server - ( v. 2 ) - limited subscription ( 5 yea,,2383.02
dn2:107,24100 punch! 5 in 1 home design - complete package - 1 user - cd - win,,36.28
dn2:108,11105947 symantec backup exec 11d for windows small business server standard - w/ continu,,479.12
dn2:109,t5321a hp storageworks storage mirroring for aio edition - license - 1 host - win,,1834.26
dn2:110,12000-0611 cadopia standard - ( v. 6 ) - complete package - 1 user - cd - win,,235.17
dn2:111,t74-01215 microsoft windows small business server 2003 - version upgrade license - 5 addit,,186.73
dn2:112,22774 vsi-fax - ( v. 6 ) - complete package - 1 server - cd - linux,,1573.45
dn2:113,01-ssc-5670 sonicwall cfs standard edition for sonicwall pro 4100 - subscription license ( 1,,857.38
dn2:114,29p4453 ibm distributed computing environment - ( v. 3.2 ) - complete package - 1 user,,4160.59
dn2:115,j4300-ipsec-ltu juniper networks ipsec license for j4300 - license - 1 device,,840.0
dn2:116,17911 window washer - license and media - 1 user - cd - win,,21.41
dn2:117,activision 81935 spiderman 3 ps2,activision,39.1
dn2:118,channel sources distribution co mlw6.0 checkmark multiledger for pc/mac,channel sources distribution co,294.58
dn2:119,ipswitch wd-1000-0900 ws_ftp pro 9 sdk w/ ws_ftp pro,ipswitch,325.51
dn2:120,nbcn1005 netbotz central - license - 5 nodes - win,,749.01
dn2:121,cww-6.1-win-mr ciscoworks for windows - ( v. 6.1 ) - version upgrade package - 1 user - upgrade,,213.09
dn2:122,sbqb7r quicken legal business pro 2007 - complete package - 1 user - win,,69.16
dn2:123,62000046dg adobe acrobat 3d - ( v. 1.0 ) - media - gov nact - tlp - cd - win - universal e,,19.11
dn2:124,123-00001 microsoft visual studio 2005 team test load agent - complete package - 1 process,,4792.85
dn2:125,eq771av aba microsoft windows xp professional - license and media - 1 user - cto - english -,,137.09
dn2:126,92722 tun plus 2006 - competitive upgrade license and media - 1 user - win,,166.15
dn2:127,ma888z/a final cut studio - ( v. 2 ) - version upgrade package - 1 seat - dvd - mac,,460.7
dn2:128,bt00nna ibm rational clearcase lt - ( v. 6.0.0 ) - media - cd - win hp-ux solaris - en,,108.95
dn2:129,910523-002 rumba as/400 edition - ( v. 7.2 ) - upgrade package - 1 processor - tier p50 - c,,20069.43
dn2:130,ba0f8ml ibm websphere mq - ( v. 6.0.1 ) - media - cd - linux unix win - multi,,143.01
dn2:131,pix-sw-sc-50= cisco pix software security contexts - license - 50 additional users,,17721.99
dn2:132,wg017285 watchguard spamblocker - subscription license renewal ( 1 year ) - 1 appliance,,1335.25
dn2:133,ua037-ux00w-5.3 netraverse merge server version - ( v. 5.3 ) - version upgrade license - 1 serve,,803.32
dn2:134,10759458 symantec backup exec 11d for windows small business server premium - w/ continuo,,520.31
dn2:135,121745 diskeeper 2007 pro premier edition - complete package - 10 workstations - dvd -,,787.56
dn2:136,01-ssc-6639 sonicwall email compliance subscription - subscription license ( 1 year ) - 1 se,,176.38
dn2:137,f1q-00302 microsoft visual studio 2005 professional edition - upgrade package + msdn profe,,757.74
dn2:138,01-ssc-7491 sonicwall email protection subscription - subscription license ( 2 years ) + dyn,,1542.62
dn2:139,01-ssc-6011 sonicwall update service for sonicwall content security manager 2100 cf - mainte,,5781.25
dn2:140,10759354 symantec backup exec 11d for windows small business server agent for windows sys,,260.63
dn2:141,money prem 2007 cd minibox,microsoft,63.99
dn2:142,ovolab phlink [phlinkv3],,149.0
dn2:143,wizoo wizooverb w5 5.1 surround sound room emulator,,399.99
dn2:144,dora the explorer: dora world adventures pc cd-rom,,19.99
dn2:145,nate lapointe grateful dead cherry lane music grateful dead legendary licks - a step-by-step breakdown of grateful dead's guitar styles and techniques,,18.5
dn2:146,sims 2 season expansion pack,,37.99
dn2:147,fifth dimension shannon grama yamaha the 5th dimension - greatest hits on earth - smart pianosoft,,14.86
dn2:148,roxio popcorn 2 video conversion software,,44.99
dn2:149,avanquest usa llc partition commander 10,,43.32
dn2:150,adobe indesign cs3 for mac upgrade,,205.99
dn2:151,bamboo technology llc vault360 combo,,24.58
dn2:152,macspeech ilisten software,,99.99
dn2:153,sylvia woods teach yourself to play the folk harp,,40.3
dn2:154,andrew lloyd webber yamaha andrew lloyd webber - cats - smart pianosoft 2-disk set,,22.13
dn2:155,destineer publishing coporation starship troopers/first to fight bundle,,15.08
dn2:156,global marketing partners art text - belight software,,43.29
dn2:157,emedia finale allegro,,169.99
dn2:158,phantom efx reel deal slots mystic forest,,17.24
dn2:159,kevin burke homespun learn to play irish fiddle lesson one - polkas jigs and slides,,22.13
dn2:160,orion/imaginova starry night galaxy explorer,,8.8
dn2:161,global software publ na sudoku,,4.82
dn2:162,encore inc elementary advantage 2008,,33.89
dn2:163,yamaha carole king - tapestry - smart pianosoft,,14.86
dn2:164,jungle software gorilla pro 4.0 film production,,359.99
dn2:165,allume anime studio pro,,179.99
dn2:166,dreamcatcher interactive obscure,,17.55
dn2:167,adobe acrobat v8.0 professional for mac upsell from std-pro,,145.99
dn2:168,tri synergy inc oxford world encyclopedia,,16.31
dn2:169,digital leisure inc dance 6 (e-jay),,24.91
dn2:170,stamps.com your desktop post office,,13.38
dn2:171,adobe soundbooth cs3,,205.99
dn2:172,sos aggregation company panda antivirus 2007,,23.72
dn2:173,cindy blackman rittor music multiplicity: cindy blackman's drum world - vhs video,,18.5
dn2:174,encore inc registry mechanic,,25.49
dn2:175,adobe illustrator cs3 upgrade for mac,,206.99
dn2:176,phillip keveren disney's the little mermaid/beauty and the beast,,23.59
dn2:177,jungle software gorilla student 4.0 film production,,179.99
dn2:178,topics entertainment instant play guitar deluxe v2.0,,31.06
dn2:179,iplaymusic beginner guitar lessons mac,,44.95
dn2:180,sos aggregation company vw - gti racer - topware interactive,,8.44
dn2:181,adobe cs3 web premium upsell,,1434.99
dn2:182,onone software qx-tools pro 7 - upgrade,,69.17
dn2:183,robert thies cecilia tsan yamaha sonatas for cello - (for cd-compatible modules),,29.4
dn2:184,encore inc adventure workshop preschool-1st grade 8th edition,,17.1
dn2:185,judy garland yamaha judy garland - the best of the capitol masters: the london sessions - smart pianosoft,,22.13
dn2:186,hal leonard corporation basic guitar & string set up - starter series dvd,,6.14
dn2:187,judy collins steve bach yamaha judy collins - judith - smart pianosoft,,14.86
dn2:188,micromat podlock ipod utility software,,39.99
dn2:189,adobe premiere pro cs3,,825.99
dn2:190,individual software inc bookkeeper 2008 (us pos),,37.19
dn2:191,adobe cs3 flash professional upgrade,,205.99
dn2:192,strategy first inc. culpa innata,,37.82
dn2:193,allume systems inc poser figure artist,,92.51
dn2:194,netopia timbuktu pro for mac single license,,97.99
dn2:195,topics entertainment instant immersion spanish advanced audio,,12.05
dn2:196,happy traum homespun fingerstyle arrangements for hymns spirituals and sacred songs - dvd one,,22.13
dn2:197,vivendi blizzard world of warcraft,,24.99
dn2:198,sage (ptree) premium accounting for manufacturing 2007 multi-user,,1180.37
dn2:199,fred sokolow hal leonard corporation fretboard roadmaps - instructional dvd for guitar,,12.68
dn2:200,imagination international corp live bingo,,10.86
dn2:201,emc insignia retrospect workgroup 6,,349.99
dn2:202,avanquest usa llc system care professional,,43.32
dn2:203,punch software pro home design suite,,61.8
dn2:204,brent mills yamaha selections from a chorus line,,25.77
dn2:205,victory multimedia wordweb deluxe,,16.42
dn2:206,school zone interactive vocabulary puzzles 1 on track software,,9.45
dn2:207,steinberg software cubase se 3.0 - educational edition,,145.73
dn2:208,sony media software photo go (with $5 mir),,19.66
dn2:209,hal leonard musicmaker,,22.13
dn2:210,topics entertainment snap! hair styler studio,,3.44
dn2:211,freeverse software toysight gold,,21.23
dn2:212,david grier homespun video bluegrass guitar,,22.13
dn2:213,symantec norton anti-virus v.10 mac,,64.99
dn2:214,rob mullins yamaha welcome to planetmullins! - pianosoft plus audio,,29.4
dn2:215,adobe premiere pro cs3 academic,,339.99
dn2:216,yamaha theme from sabrina (piano solo) - (for xg-compatible modules),,6.14
dn2:217,viva media llc riding academy: jump & ride,,17.55
dn2:218,encore inc printmaster gold v 17.0,,17.1
dn2:219,feral interactive ford racing 2 for os x,,24.0
dn2:220,whitney houston tad sisler yamaha whitney houston - smart pianosoft,,14.86
dn2:221,apple ilife '06,,79.99
dn2:222,sega of america inc sonic mega collection,,17.55
dn2:223,jungle software gorilla standard 4.0 film production,,269.99
dn2:224,tom kolb star licks modes for the lead guitarist,,7.6
dn2:225,checkmark multiledger 6.0,,299.99
dn2:226,simply magazine finance your business,,3.1
dn2:227,apple ilife '06 family pack,,99.99
dn2:228,dreamcatcher interactive wanted - wild willy west,,17.55
dn2:229,microvision development webexpress,,57.52
dn2:230,fogware hyb art dvd,,21.99
dn2:231,yamaha the hits of elton john,,25.77
dn2:232,roy book binder homespun blues by the book - two-dvd set,,36.67
dn2:233,emedia music corp emedia guitar basics,,16.64
dn2:234,abacus usa/world extreme landscapes bundle,,38.43
dn2:235,star licks playing in the style of the fender telecaster greats,,14.86
dn2:236,corel painter x,,395.99
dn2:237,csdc more brain games - on hand software,,7.17
dn2:238,microsoft windows vista ultimate retail no open box returns,,399.99
dn2:239,encore inc registry mechanic 6.0,,25.49
dn2:240,csdc macdrive 7 for windows - mediafour corp.,,39.61
dn2:241,adobe cs3 design standard academic,,385.99
dn2:242,encore inc math advantage 2008,,33.89
dn2:243,csdc route 66 route canada (french),,35.98
dn2:244,pete huttlinger john denver homespun video learn to play the songs of john denver - dvd,,22.13
dn2:245,sims 2 open for business,,34.99
dn2:246,rosemary clooney yamaha rosemary clooney - white christmas - smart pianosoft,,18.5
dn2:247,aspyr lego star wars,,29.99
dn2:248,grisoft avg anti-virus & anti-spyware,,32.29
dn2:249,phase one capture one le,,76.99
dn2:250,encore inc family tree maker version 16 collectors edition,,85.07
dn2:251,aspyr sims 2 university expansion pack,,35.99
dn2:252,paul mehling django reinhardt homespun learn to play django-style gypsy jazz guitar - dvd one - rhythm,,22.13
dn2:253,adobe cs3 web standard upsell,,819.99
dn2:254,re:launch bryce 6,,94.94
dn2:255,school zone interactive flash action addition & subtraction,,8.8
dn2:256,adobe cs3 after effects upgrade,,306.99
dn2:257,nova development corp art explosion 600000 images,,72.86
dn2:258,apple aperture v 1.5 photo editing,,299.99
dn2:259,topics entertainment instant immersion german 2.0,,17.55
dn2:260,x-plane 8 dlx mac os x graphic sim,,56.99
dn2:261,peter erskine trio hudson music peter erskine trio - live at jazz baltica,,14.86
dn2:262,adobe photoshop cs3 extended for mac,,935.99
dn2:263,intuit inc quickbooks premier edition 2007 5 user,,1309.31
dn2:264,apple iwork '06 family pack,,99.99
dn2:265,susteen inc datapilot cell phone data transfer suite universal,,67.94
dn2:266,warner home video - games hospital tycoon,,26.33
dn2:267,ca internet security suite plus 2008 w/$10000 warranty,,92.2
dn2:268,hal leonard rachmaninoff piano concerto no. 2 in c minor op. 18,,25.77
dn2:269,the richard friedman trio motown hits - *(for the tg-100)*,,25.77
dn2:270,berlitz french premier language learning,,39.99
dn2:271,simply put software llc mozy 3.0,,43.3
dn2:272,microsoft windows xp pro sp2 retail,,299.99
dn2:273,roxio inc stopzilla 4.0,,26.14
dn2:274,chronos soho labels and envelopes,,29.99
dn2:275,delorme mapping topo usa 6.0 west region,,43.36
dn2:276,broderbund mavis beacon teaches typing deluxe17,,36.99
dn2:277,steve finger steve finger songs of gershwin porter & rodgers - ez play today,,22.13
dn2:278,encore inc family tree maker v 16 essentials,,25.75
dn2:279,phase one capture one pro,,415.99
dn2:280,masque publishing sportsmans double play with american billiards,,17.55
dn2:281,bob florence quartet yamaha bob florence quartet - (for cd-compatible modules),,29.4
dn2:282,lynyrd skynyrd yamaha lynyrd skynyrd - all-time greatest hits - smart pianosoft,,14.86
dn2:283,myob accountedge 2007,,281.99
dn2:284,yamaha piano la carte,,22.13
dn2:285,microsoft windows xp home edition sp2 retail box,,199.99
dn2:286,yamaha bread best of bread - smart pianosoft,,14.86
dn2:287,emedia music corp emedia intermediate guitar method,,49.21
dn2:288,entertainment partners ep budgeting for film,,415.99
dn2:289,nova development corp ideasoft photo clip art 10000,,7.81
dn2:290,csdc pop-up stopper professional - panicware,,26.14
dn2:291,steinberg software halion symphonic orchestra - educational edition,,545.51
dn2:292,steely dan mike garson yamaha steely dan - pretzel logic - smart pianosoft,,14.86
dn2:293,apple final cut studio 2 upgrade from final cut studio,,499.99
dn2:294,richard friedman richard friedman the best of elton john - ez play today,,22.13
dn2:295,netopia timbuktu pro for mac and windows 2 pack,,207.99
dn2:296,super collapse! 3,,22.99
dn2:297,entertainment partners ep budgeting for film academic,,164.99
dn2:298,yamaha james taylor james taylor - greatest hits - smart pianosoft,,14.86
dn2:299,encore inc printshop business card maker,,8.01
dn2:300,jorma kaukonen homespun the electric guitar of jorma kaukonen - blues rock & roll and beyond,,22.13
dn2:301,larry cohn neil diamond yamaha neil diamond - the christmas album - smart pianosoft,,14.86
dn2:302,hal leonard best of classic themes 2,,25.77
dn2:303,apple shake 4.1 mac os x,,499.99
dn2:304,intego inc internet security barrier x4 antispam edition,,71.75
dn2:305,mcafee inc total protection 2007 3-user,,92.51
dn2:306,topics entertainment instant immersion german audio,,12.05
dn2:307,amy grant yamaha amy grant - the collection - smart pianosoft,,14.86
dn2:308,adobe cs3 after effects academic,,329.99
dn2:309,sos aggregation company shrink my tunes - z group,,31.57
dn2:310,iris inc readiris pro 11 corporate edition,,430.58
dn2:311,sibelius sibelius photoscore professional 4,,145.7
dn2:312,encore inc 3d home architect home design deluxe version 9,,25.49
dn2:313,adobe systems inc adobe acrobat 8.0 professional upsell (std-pro),,157.36
dn2:314,vorton technologies kool karaoke,,18.5
dn2:315,apple garageband jam pack: world music,,95.99
dn2:316,abacus vuvideo anywhere for your ipod,,26.14
dn2:317,findex.com inc quickverse mac bible study 2007 white box,,37.18
dn2:318,aspyr star wars battlefront mac os x,,45.99
dn2:319,yamaha eagles - hotel california - smart pianosoft,,14.86
dn2:320,mike garson screen themes '93,,25.77
dn2:321,cosmic blobs: the lab rat edition by solidworks,,33.99
dn2:322,alsoft diskwarrior for intel,,89.99
dn2:323,adobe cs3 web premium,,1659.99
dn2:324,macplay mah jong quest,,22.99
dn2:325,adobe dreamweaver cs3,,415.99
dn2:326,apple final cut studio 2 upgrade from final cut pro,,699.99
dn2:327,powerhouse migo for ipod for windows,,71.99
dn2:328,quark xpress 7 (no returns),,714.99
dn2:329,microspot macdraft pe personal edition,,85.99
dn2:330,adobe indesign cs3 for mac,,725.99
dn2:331,microsoft virtual pc 7.0 windows xp home,,205.99
dn2:332,aspyr sims 2 nightlife expansion pack,,35.99
dn2:333,heroes of might and magic v,,47.99
dn2:334,git 40 years of marvel avengers dvd-rom,,39.99
dn2:335,aquaminds notetaker,,62.99
dn2:336,micromat techtool protogo,,109.99
dn2:337,adobe cs3 master collection academic,,939.99
dn2:338,allume internet cleanup 3.0,,24.99
dn2:339,destineer rise of nations gold edition,,45.99
dn2:340,git 44 years of marvel fantastic 4 dvd-rom,,42.99
dn2:341,microspot interiors version 3.6,,85.99
dn2:342,filemaker server 8 advanced,,2335.0
dn2:343,emc insignia retrospect desktop 6 upgrade,,49.99
dn2:344,emc insignia retrospect desktop 6.x,,89.99
dn2:345,ages of empires iii,,45.99
dn2:346,marware project x project management software,,179.99
dn2:347,myob premier accounting for small business 2007-windows,,289.99
dn2:348,marketcircle daylite 3 customer relationship management crm,,125.99
dn2:349,brighter minds diner dash,,19.99
dn2:350,rollercoaster tycoon 3 soaked,,23.99
dn2:351,adobe cs3 flash professional,,724.99
dn2:352,aspyr lego star wars ii,,44.95
dn2:353,adobe cs3 master collection upsell from cs2,,1437.99
dn2:354,adobe cs3 after effects,,1025.99
dn2:355,aspyr star wars empire at war,,47.99
dn2:356,apple garageband jam pack: symphony orchestra,,95.99
dn2:357,adobe illustrator cs3 for mac academic,,199.99
dn2:358,avanquest encyclopedia britannica 2006,,29.0
dn2:359,mariner calc spreadsheet software,,52.99
dn2:360,adobe photoshop lightroom,,264.99
dn2:361,adobe acrobat v8.0 professional for mac academic,,159.99
dn2:362,filemaker pro 8.5 upgrade,,169.99
dn2:363,emc insignia retrospect server 6,,555.99
dn2:364,filemaker pro 8.5 5-user pack,,1149.0
dn2:365,allume poser 6 for mac,,169.99
dn2:366,adobe acrobat v8.0 professional for mac upgrade,,145.99
dn2:367,adobe cs3 design standard upgrade windows,,413.99
dn2:368,adobe cs3 design premium upsell,,1639.99
dn2:369,aspyr simcity 4 deluxe,,53.99
dn2:370,adobe photoshop cs3 for mac upgrade,,189.99
dn2:371,adobe premiere pro cs3 upgrade,,308.99
dn2:372,symantec norton anti-virus 10 mac 5 user pack,,189.99
dn2:373,aspyr quake iv,,45.99
dn2:374,microsoft windows xp home edition sp2 oem,,95.99
dn2:375,micromat tech tool pro 4.5,,82.99
dn2:376,filemaker pro 8.5 academic,,145.99
dn2:377,filemaker server 8 option pack,,1399.0
dn2:378,aspyr command and conquer generals deluxe mac,,55.99
dn2:379,i spy mystery by topics entertainment,,23.99
dn2:380,corel corel word perfect office 12 upgrade,,49.99
dn2:381,ea sports battlefield 1942: deluxe edition (pc) game,,9.99
dn2:382,apple remote desktop 3 unlimited managed systems,,499.99
dn2:383,cyberlink power director 3,,9.99
dn2:384,cosmi print perfect clip art deluxe,,6.99
dn2:385,sony pc video game - the station access collection - dvd-rom,,4.99
dn2:386,agatha christie and then there were none e (pc) tha christi,,7.99
dn2:387,atari unreal tournament 2004: dvd edition (pc) game,,9.99
dn2:388,ubisoft brothers in arms: road to hill 30 (pc) thers in ar,,19.99
dn2:389,danny gill modern rock guitar soloing,,11.23
dn2:390,circus ponies notebook 2.0,,43.99
dn2:391,yamaha moulin rouge - music from baz luhrmann's film smart pianosoft,,25.77
dn2:392,nova development corp humorous greeting card factory,,28.3
dn2:393,filemaker pro 8.5 advanced upgrade,,279.99
dn2:394,max levinson virtuoso software max levinson - chopin and brahms,,25.77
dn2:395,me too software i transfer dvds 2 ipod,,29.99
dn2:396,sos aggregation company panda antivirus + firewall 2008 3-user,,31.53
dn2:397,aspyr call of duty deluxe,,53.99
dn2:398,mike garson mike garson - jazzical suite,,25.77
dn2:399,mariner macjournal 4 journal blog podcast software,,38.99
dn2:400,encore inc spongebob squarepants - typing fun,,17.1
dn2:401,encore marine aquarium 2.0,,19.99
dn2:402,encore inc family tree maker 2008 platinum,,85.07
dn2:403,strategy first inc. alliance future combat,,16.37
dn2:404,world of warcraft burning crusade,,39.99
dn2:405,the kinks yamaha the kinks greatest hits - smart pianosoft,,18.5
dn2:406,macspeech ilisten with headset and microphone,,149.99
dn2:407,curtis brengle yamaha neil sedaka laughter in the rain: the best of neil sedaka 1974-1980 - smart pianosoft,,22.13
dn2:408,kd lang tony bennett mike garson yamaha tony bennett & kd lang - a wonderful world - smart pianosoft,,14.86
dn2:409,nova development corp intellimover transfer your pc deluxe,,65.17
dn2:410,sos aggregation company airline tycoon deluxe - topware interactive,,15.95
dn2:411,aspyr the sims complete collection,,47.99
dn2:412,magix entertainment corp. xtreme photostory on cd and dvd 6,,26.14
dn2:413,allume morpheus photo animation suite,,41.99
dn2:414,abacus scrapbook for windows,,26.14
dn2:415,dreamcatcher interactive mark the,,26.14
dn2:416,tommy igoe hudson music getting started on drums,,18.5
dn2:417,csdc wild photo effects - on hand software,,7.17
dn2:418,iolo technologies llc drivescrubber 3,,23.69
dn2:419,digital leisure inc mad dog 2: the lost gold,,15.27
dn2:420,re:launch carrara 5 pro,,445.3
dn2:421,sony media software discrete drums: vol.1 - sony sound series,,24.91
dn2:422,topics entertainment instant immersion japanese crash course,,6.56
dn2:423,iris readiris pro 11 mac ocr,,109.99
dn2:424,mike garson andrew lloyd webber andrew lloyd webber favorites - featuring sunset boulevard,,23.59
dn2:425,feral interactive limited chessmaster 9000,,35.98
dn2:426,adobe fireworks cs3,,309.99
dn2:427,tony iommi tony iommi,,14.86
dn2:428,adobe cs3 web standard upgrade,,413.99
dn2:429,everett greene sue downs yamaha it's easy being greene! - pianosoft plus audio,,29.4
dn2:430,civilization iv warlords expansion for mac,,29.99
dn2:431,encore inc print shop 22 deluxe,,42.69
dn2:432,aspyr doom iii,,45.99
dn2:433,topics entertainment middle school success essentials,,17.55
dn2:434,graphic simulations corporation f/a-18 operation iraqi freedom,,37.82
dn2:435,hal leonard cathal mcconnell teaches pennywhistle,,14.86
dn2:436,myob firstedge,,99.99
dn2:437,nuance communications inc. ibm viavoice advanced v.10,,57.54
dn2:438,omni web 5.0,,23.99
dn2:439,topics entertainment learn2 training for microsoft excel,,6.56
dn2:440,apple mac os x 10.4.6 tiger,,119.99
dn2:441,sos aggregation company onbidder - win your ebay auctions - z group,,23.76
dn2:442,adobe photoshop cs3 extended for mac academic,,295.99
dn2:443,bobby joe holman play harmonica pack,,18.5
dn2:444,csdc best of card games j/c - on hand software,,7.17
dn2:445,global marketing partners backpack journalist - honest technology,,83.27
dn2:446,adobe cs3 flash professional academic,,239.99
dn2:447,stephen webber berklee press turntable technique - the art of the dj - dvd,,18.5
dn2:448,brighter minds land before time: kindergarten,,9.99
dn2:449,viva media llc learn to play chess with fritz & chesster 2,,26.14
dn2:450,adobe cs3 production premium upsell,,1234.99
dn2:451,steve kaufman homespun bluegrass guitar solos that every parking lot picker should know (series 4),,51.21
dn2:452,pam tillis yamaha pam tillis - super hits - smart pianosoft,,14.86
dn2:453,david gray mike garson yamaha david gray - a new day at midnight - smart pianosoft,,14.86
dn2:454,encore inc print shop 22 pro publisher deluxe,,85.07
dn2:455,apple garageband jam pack: remix tools,,95.99
dn2:456,summitsoft corp photoedit 2,,26.14
dn2:457,ilumina expansion series: left behind on cd-rom,,0.5
dn2:458,egames. inc galaxy of games 5000 pack,,16.62
dn2:459,computrace lojack for laptops - 3 yr subscription,,89.99
dn2:460,individual software inc total 3d home & landscape deluxe 9,,33.5
dn2:461,tune 1000 bee gees songs made famous by the bee gees,,18.5
dn2:462,red mile entertainment world war ii dvd trivia challenge,,18.77
dn2:463,adobe illustrator cs3 for mac,,619.99
dn2:464,magix entertainment corp. xtreme photostory on cd and dvd 6,,26.14
dn2:465,allume anime studio 5,,44.99
dn2:466,hal leonard club mix,,19.23
dn2:467,filemaker pro 8.5,,285.99
dn2:468,dreamcatcher interactive 3 great games for guys,,26.14
dn2:469,fogware hyb places dvd,,21.99
dn2:470,matt glaser homespun video swingin' jazz violin - homespun level 3,,22.13
dn2:471,arti funaro electric guitar effects six cassette,,36.67
dn2:472,mike garson yamaha james taylor james taylor - sweet baby james - smart pianosoft,,14.86
dn2:473,myob accounting plus/accountedge additional u,,145.99
dn2:474,yamaha into the woods - original cast recording smart pianosoft,,22.13
dn2:475,global marketing partners easy video editor 2.0 - honest technology,,25.21
dn2:476,roger mcguinn homespun roger mcguinn's guide to home recording on a computer - basic set-up and advice,,14.86
dn2:477,nat king cole yamaha the unforgettable nat king cole - smart pianosoft,,22.13
dn2:478,punch software pro platinum v 12.0,,87.61
dn2:479,steve bach yamaha now that's what i call music! - vol. 10 - smart pianosoft,,18.5
dn2:480,abacus national parks enhanced scenery,,17.55
dn2:481,steve kaufman homespun the art of guitar crosspicking,,22.13
dn2:482,diana ross the supremes yamaha the best of diana ross & the supremes - smart pianosoft,,14.86
dn2:483,adobe illustrator cs3 upgrade from freehand for mac,,206.99
dn2:484,freeverse software wingnuts 2,,26.14
dn2:485,tony trischka bill keith homespun the advanced banjo workshop (banjo) - book/cd package,,43.94
dn2:486,mat gurman star licks blues rock guitar soloing,,11.23
dn2:487,happy traum homespun fingerstyle arrangements for hymns spirituals and sacred songs - dvd two,,22.13
dn2:488,filemaker pro 8.5 advanced,,455.99
dn2:489,individual software inc quickverse bible premier suite (us pos),,37.19
dn2:490,cyberchase adventures by brighter minds,,19.99
dn2:491,nc interactive inc city of heroes: good vs. evil edition,,29.84
dn2:492,nova development corp business card factory deluxe 3.0,,28.3
dn2:493,apple final cut studio 2,,1299.99
dn2:494,csdc namo webeditor suite 2006,,83.92
dn2:495,feral interactive limited black & white platinum pack,,27.37
dn2:496,charles-louis hanon phillip keveren hanon exercises,,17.81
dn2:497,findex.com inc quickverse mac bible study 2007 gold box,,215.42
dn2:498,viva media llc learn to play chess with fritz & chesster,,26.14
dn2:499,kenny kosek homespun video learning bluegrass fiddle - 2-dvd set,,36.67
dn2:500,matt glaser homespun tools for musicianship - learning and developing musical skills,,27.62
dn2:501,sos aggregation company calculation skills v1 add & sub - basic - core learning,,15.91
dn2:502,leveractive llc giggles computer funtime for baby - shapes,,15.82
dn2:503,groove media inc close quarters conflict,,16.37
dn2:504,filemaker server 8,,929.99
dn2:505,happy traum homespun video the blues bag - 2-video set,,36.67
dn2:506,adobe photoshop elements 4.0 mac academic,,69.99
dn2:507,dvo enterprises inc. cookn deluxe 6.0,,34.99
dn2:508,filemaker mobile 8,,65.99
dn2:509,dan rodowicz yamaha i'll be seeing you - jazz gems - (for xg-compatible modules),,25.77
dn2:510,thomas zink chuck mangione yamaha chuck mangione - feels so good - smart pianosoft,,14.86
dn2:511,topics entertainment audio success suite edition:sales success,,12.05
dn2:512,craig knudsen phillip keveren classic gems 2,,25.77
dn2:513,apple .mac 4.0 family pack (new or renewal),,145.99
dn2:514,topics entertainment audio success series: winning strategies,,31.06
dn2:515,aspyr prey,,47.99
dn2:516,global software publ na gsp greatest moments of our time,,8.14
dn2:517,phillip keveren phillip keveren disney's pocahontas - ez play today,,25.77
dn2:518,horacio hernandez hudson music horacio hernandez - live at the modern drummer festival 2000,,18.5
dn2:519,anita o'day yamaha anita o'day's finest hour - smart pianosoft,,18.5
dn2:520,nolo quicken legal business pro 2007,,67.94
dn2:521,john jackson homespun video the fingerpicking blues of john jackson,,22.13
dn2:522,various artists view video cuba mia - portrait of an all-woman orchestra,,14.86
dn2:523,frederic hand homespun classical guitar - dvd,,22.13
dn2:524,john deere: welcome to merriweather farm by bold games,,21.99
dn2:525,mike dowling homespun swing guitar - improvising hot lead solos,,29.4
dn2:526,yamaha julio iglesias julio iglesias - my life: the greatest hits (2-disc set) - smart pianosoft,,33.04
dn2:527,johann sebastian bach devine entertainment corporation bach's fight for freedom - dvd,,14.89
dn2:528,adobe cs3 web premium upgrade,,517.99
dn2:529,phantom efx reel deal casino shuffle master edition,,17.24
dn2:530,adobe acrobat v8.0 professional for mac,,405.99
dn2:531,emedia music corp emedia piano & keyboard method,,49.21
dn2:532,encore inc 3d home architect landscape designer v 8.0,,25.49
dn2:533,micromat inc. diskstudio,,43.36
dn2:534,intego contentbarrier x4 10.4,,54.99
dn2:535,allume systems inc stuffit deluxe 11,,42.74
dn2:536,blair aaronson donny osmond yamaha donny osmond - this is the moment - smart pianosoft,,14.86
dn2:537,valusoft tune tools for ipod,,21.99
dn2:538,corel corporation corel snapfire plus,,37.2
dn2:539,school zone interactive flash action phonics made easy,,8.8
dn2:540,michael thompson star licks beginning acoustic guitar,,11.23
dn2:541,kaplan act/sat/psat gold 2007 mac os x,,22.99
dn2:542,encore inc scooby doo glowing bug man,,7.79
dn2:543,enteractive inc fps creator,,44.58
dn2:544,topics entertainment math success deluxe 2008,,31.06
dn2:545,school zone interactive multiplication & division 3-4 on track software,,9.45
dn2:546,summit soft macbackup mac os x macxware,,29.99
dn2:547,palo alto software business plan pro 2007,,88.83
dn2:548,hudson music snare drum basics - vhs video,,11.23
dn2:549,aspyr stubbs the zombie,,35.99
dn2:550,onone software plug-in suite - full,,393.68
dn2:551,abacus civil air patrol - search & rescue,,26.14
dn2:552,feral interactive the movies,,47.99
dn2:553,david bowie yamaha the best of david bowie: 1974-1979 - smart pianosoft,,18.5
dn2:554,adobe cs3 design standard,,1243.99
dn2:555,got game entertainment atlantis quest,,17.27
dn2:556,nc interactive inc guild wars nightfall,,48.27
dn2:557,mariner montage screenwriting software,,125.99
dn2:558,encore inc 3d home architect landscape design deluxe v 9.0,,25.49
dn2:559,iview mediapro 2.6 media management,,155.99
dn2:560,alfred publishing inc teach yourself to play guitar,,13.32
dn2:561,encore inc clickart 1.2 million 2006 dvd,,42.27
dn2:562,adobe cs3 web standard,,1035.99
dn2:563,aspyr media inc sims 2 glamour life stuff pack,,23.44
dn2:564,adobe fireworks cs3 academic,,99.99
dn2:565,yamaha vision of love - hits of mariah carey - (for xg-compatible modules),,25.77
dn2:566,it's about time products learn the switch to mac,,28.99
dn2:567,nova development corp pc tutor learn windows vista & office 2007,,28.3
dn2:568,topics entertainment instant play keyboard v2.0,,17.55
dn2:569,roxio toast 8 titanium cdr software,,82.99
dn2:570,mcafee inc mcafee virusscan plus sub 1:1 3u mb en,,56.38
dn2:571,makemusic finale 2007 academic create edit and print sheet music,,269.0
dn2:572,individual software inc small business advantage deluxe,,16.9
dn2:573,symantec norton anti-virus 2007 windows,,39.99
dn2:574,laurence juber homespun video adventures in fingerstyle guitar - video one,,22.13
dn2:575,aspyr media inc true crime: streets of la,,19.07
dn2:576,adobe dreamweaver cs3 academic,,195.99
dn2:577,alan pasqua yamaha have yourself an alan pasqua christmas,,29.4
dn2:578,emc insignia retrospect server 6.0 for mac upgrade,,285.99
dn2:579,imagination international corp pirates of the carribean,,21.26
dn2:580,caillou magical adventures by brighter minds,,19.99
dn2:581,fogware publishing esl - learn english,,6.84
dn2:582,fogware hyb space dvd,,21.99
dn2:583,bruce molsky homespun video southern old-time fiddle tour - dvd,,22.13
dn2:584,yamaha christmas around the piano - intermediate,,25.77
dn2:585,various artists hudson music classic drum solos and drum battles - volume 2 - vhs video,,18.5
dn2:586,sos aggregation company corefx three level-core learning ltd.,,51.09
dn2:587,sos aggregation company ufo afterlight - topware interactive,,33.52
dn2:588,isong classical guitar standards - vol. 1 - isong cd-rom,,18.5
dn2:589,aspyr media inc enemy territory: quake wars,,47.04
dn2:590,jim brickman yamaha jim brickman - winter peace,,25.77
dn2:591,abacus train sim modeler,,29.84
dn2:592,alfred publishing inc learn to play keyboard,,7.22
dn2:593,luther vandross yamaha luther vandross - greatest hits - smart pianosoft,,18.5
dn2:594,topics entertainment phonics success essentials,,17.55
dn2:595,global creative group various vj world visuals starter pack - backgrounds & dancers,,18.5
dn2:596,dvo enterprises inc. cookn cd recipe cards,,17.55
dn2:597,global marketing partners homepage maker 5 - bhv,,26.14
dn2:598,troy stetina hal leonard corporation beginning rock lead guitar - learn to play rock leads!,,11.23
dn2:599,knowledge adventure inc. jumpstart advanced preschool v2.0,,16.93
dn2:600,csdc visual thesaurus the - thinkmap inc.,,33.52
dn2:601,allume systems inc mediarecover,,26.14
dn2:602,corel corporation corel wordperfect office x3 pro dvd,,369.09
dn2:603,tony trischka homespun video bluegrass banjo tunes & techniques,,22.13
dn2:604,nova development corp photo explosion 3.0,,28.3
dn2:605,school zone interactive shapes on track software,,9.45
dn2:606,nuance communications inc. dragon ns standard v9,,92.51
dn2:607,thom bresh merle travis homespun the real merle travis guitar - like father like son,,22.13
dn2:608,amy grant brent mills yamaha amy grant - smart pianosoft,,14.86
dn2:609,corel corporation dvd movie factory 6 plus retial (english),,74.08
dn2:610,magix entertainment corp. photostory on cd & dvd 5,,17.55
dn2:611,adobe systems inc flash remoting 1.0 (net&java 2)(2 users),,1928.09
dn2:612,fogware publishing weekly reader ls mastering elementary & middle school math,,16.93
dn2:613,neil diamond the neil diamond collection,,22.13
dn2:614,marcy marxer cathy fink homespun video making and playing homemade instruments,,14.86
dn2:615,garson/nyberg mike garson frank sinatra collection - my way,,25.77
dn2:616,topics entertainment instant immersion italian deluxe 2.0 (mass merchant box),,31.06
dn2:617,donald fagen homespun donald fagen - concepts for jazz/rock piano - dvd,,22.13
dn2:618,bobby owsinski backbeat books setting up your surround studio - dvd plus dvd-rom extras,,36.67
dn2:619,dreamcatcher interactive sentinel: descendants in time,,17.55
dn2:620,delorme mapping topo usa 6.0 east region,,43.36
dn2:621,yamaha godspell - original off-off-broadway cast recording smart pianosoft,,18.5
dn2:622,topics entertainment audio success-leadership,,31.06
dn2:623,midisoft corporation guitar tool - worship edition,,43.36
dn2:624,destineer inc age of empires iii: the warchiefs expansion pack,,26.14
dn2:625,hal leonard clavinova pops lesson - all levels,,25.77
dn2:626,charlie christian view video solo flight: the genius of charlie christian,,14.86
dn2:627,emedia music corp emedia blues guitar legends,,24.81
dn2:628,bob hoban homespun learning rock 'n' roll piano,,22.13
dn2:629,yamaha boot scootin' boogie - (for xg-compatible modules),,6.14
dn2:630,christine stevens hal leonard the art and heart of drum circles,,18.5
dn2:631,hal leonard how to play autoharp book cd homespun,,14.86
dn2:632,alan pasqua yamaha alan pasqua - latin jazz - (for cd-compatible modules),,29.4
dn2:633,fogware publishing funny faces,,16.93
dn2:634,onone software essentials for adobe photoshop elements version 2 - full,,59.33
dn2:635,sos aggregation company web graphics creator - laughingbird software,,31.26
dn2:636,hal leonard stage and screen,,25.77
dn2:637,anne murray yamaha anne murray - the best ... so far - smart pianosoft,,18.5
dn2:638,strategy first inc. great invasions,,34.07
dn2:639,masque publishing sportsmans double play,,17.55
dn2:640,csdc liquid ledger personal finance - modeless software,,71.01
dn2:641,csdc power translator 11 premium - language engineering company,,64.25
dn2:642,topics entertainment instant immersion hawaiian audio,,12.05
dn2:643,hal leonard allegro 2007 5-user labpack,,272.94
dn2:644,true north technology inc. northstar,,46.5
dn2:645,fogware publishing weekly reader ls mastering high school 2008,,24.91
dn2:646,nero inc nero 8 ultra edition,,88.83
dn2:647,sos aggregation company brain builder - core learning,,15.91
dn2:648,global marketing partners dvd player 3.0 - honest technology,,16.92
dn2:649,aspyr media inc return to castle wolfenstein,,19.07
dn2:650,lisa stansfield tune 1000 songs made famous by lisa stansfield,,18.5
dn2:651,masque publishing solitaire antics deluxe,,8.46
dn2:652,tony rice homespun new acoustic guitar - book/6-cd pack,,43.94
dn2:653,adobe systems inc flash remoting 1.0 (net&java 1)(1 user),,964.22
dn2:654,abacus aircraft collectors second edition,,17.55
dn2:655,jason nyberg the beatles yamaha sgt. pepper's lonely hearts club band,,25.77
dn2:656,magellan mapsend topo for the united states for magellan map 330 series,,29.99
dn2:657,bobby walters academy award winners,,23.59
dn2:658,ca antivirus 2007,,32.28
dn2:659,zone labs zonealarm pro,,30.17
dn2:660,simply magazine sales skills,,3.1
dn2:661,tri synergy inc i love kittens,,16.01
dn2:662,sara davis buechner george gershwin - warsaw concerto/ second rhapsody,,25.77
dn2:663,tdk buddy rich jazz icons: buddy rich live in '78,,14.86
dn2:664,diana krall yamaha diana krall - the look of love - smart pianosoft,,14.86
dn2:665,hal leonard motown - 50 classic hits for piano/vocal/guitar,,14.86
dn2:666,encore inc hoyle solitaire,,7.83
dn2:667,simple slide show,,15.9
dn2:668,larry cohn yamaha anastacia - freak of nature - smart pianosoft,,14.86
dn2:669,print master platinum v17,,29.9
dn2:670,muriel anderson homespun video muriel anderson's all star guitar night,,18.5
dn2:671,school house rock! math rock,,9.9
dn2:672,delorme mapping street atlas usa 2007 plus dvd xx,,53.37
dn2:673,knowledge adventure inc. jumpstart world 2nd grade - mini box,,16.93
dn2:674,findex.com inc quickverse bible study 2007 bible suite,,24.89
dn2:675,stevie ray vaughan hal leonard corporation stevie ray vaughan's greatest hits - signature licks dvd,,14.86
dn2:676,sade yamaha sade - diamond life - smart pianosoft,,14.86
dn2:677,ron carter herbie hancock billy cobham view video herbie hancock trio - hurricane!,,14.86
dn2:678,global marketing partners video patrol 5.0 - honest technology,,25.2
dn2:679,various hal leonard left hand bass techniques,,14.86
dn2:680,topics entertainment snap! kakuro,,3.44
dn2:681,dr. john (mac rebennack) homespun dr. john teaches new orleans piano - dvd one,,22.13
dn2:682,american sign language,,10.57
dn2:683,bob brozman homespun video hot guitar techniques - 2-video set,,51.21
dn2:684,findex.com inc sermon builder 4.0,,43.33
dn2:685,sue downs yamaha it will be a blue christmas without sue - (for use with the disklavier with cd feature),,29.4
dn2:686,encore inc adventure workshop 4th-6th grade 8th edition,,17.1
dn2:687,orion/imaginova starry night screensaver,,16.27
dn2:688,jim beloff homespun the joy of uke - vol. 1 & 2 dvd set,,36.67
dn2:689,catfish keith homespun video dynamic country blues guitar - homespun level 4,,22.13
dn2:690,buddy rich hudson music buddy rich - live at the 1982 montreal jazz festival - dvd,,22.13
dn2:691,buster b. jones homespun video buster b. jones in concert,,14.86
dn2:692,spelling,,4.93
dn2:693,abacus ultra sudoku/ultra kakuro,,17.55
dn2:694,petula clark yamaha downtown: the greatest hits of petula clark - smart pianosoft,,14.86
dn2:695,individual software inc systemsuite 8 professional (us pos),,46.42
dn2:696,big tiny little big tiny little - a tiny little christmas,,23.59
dn2:697,avanquest usa llc pcdefense,,26.11
dn2:698,knowledge adventure inc. jumpstart 4th-6th grade v 2.0 b43,,16.93
dn2:699,mike garson the burt bacharach songbook,,25.77
dn2:700,emedia music corp guitar pro v 5.1 (hybrid),,51.92
dn2:701,steve kaufman homespun flatpicking banjo tunes - a guitarist's guide to hot soloing,,22.13
dn2:702,apple remote desktop 3 (10 managed systems),,299.99
dn2:703,g kenny yamaha kenny g - paradise - smart pianosoft,,14.86
dn2:704,encore inc monopoly 3,,7.17
dn2:705,tony verderosa hal leonard corporation vfx volume 1 - live electronic music - live remixing,,14.86
dn2:706,the coasters yamaha the very best of the coasters - smart pianosoft,,18.5
dn2:707,re:launch piano wizard premier software & stickers & midi cable,,113.86
dn2:708,intuit inc quicken home inventory manager,,29.78
dn2:709,yamaha company - smart pianosoft,,18.5
dn2:710,danny morris berklee press essential rock grooves for bass - berklee workshop series,,14.86
dn2:711,avanquest usa llc spycatcher 2007,,17.5
dn2:712,global marketing partners antivirus v.10 - bit defender,,31.96
dn2:713,thomas zink miles davis yamaha porgy and bess - a miles davis tribute - (for cd-compatible modules),,29.4
dn2:714,633808390341 wasp mobileinventory desktop edition with wdt2200 & wpl305 - complete package -,,1434.55
dn2:715,bb0kyna ibm db2 net search extender - ( v. 8.2 ) - media - cd - linux unix win - engli,,108.95
dn2:716,00dexx17cc01 designcad - ( v. 17 ) - complete package - 1 user - cd - win,,25.54
dn2:717,wg017262 watchguard fireware pro - license - 1 device,,502.76
dn2:718,af04mna ibm websphere business integration monitor - ( v. 4.2.4 ) - media - cd - unix w,,108.95
dn2:719,73098 smarterm office - ( v. 12.1 ) - upgrade license and media - 1 user - cd - win -,,85.89
dn2:720,01-ssc-6991 sonicwall client/server anti-virus suite - subscription license ( 3 years ) - 10,,863.87
dn2:721,711-00011 microsoft entertainment pack - ( v. 2.0 ) - complete package - 1 user - pc - cd,,23.57
dn2:722,bqcpd flexnet installshield premier edition 2008 - complete package + 1 year bronze ma,,4617.11
dn2:723,bablbr1150s06 brightstor arcserve backup enterprise option for advantage ingres for linux - (,,842.73
dn2:724,ibm software lotus shrinkwrap ah09qml ibm lotus easysync pro 4.1 for win multilingual u retail,ibm software lotus shrinkwrap,76.42
dn2:725,aa7-00013 shadowrun - complete package - 1 user - microsoft xbox 360 - dvd,,57.98
dn2:726,22101258 adobe acrobat capture - ( v. 3.0 ) - license - 1 user 20000 pages - win - engli,,268.2
dn2:727,m109a-g00-4.0 scansoft pdf converter professional - ( v. 4.0 ) - complete package - 1 user - w,,87.79
dn2:728,individual software emm-tk3 - typing instructor for kids 3 - dvd movie,,17.97
dn2:729,lfl-n2-12 computrace lojack for laptops - subscription package ( 1 year ) - 1 notebook ( m,,39.95
dn2:730,38039926 adobe fireworks cs3 - complete package - 1 user - cd - mac - universal english,,322.08
dn2:731,acdpe400bxgv/ed-en acdsee photo editor - complete package - 1 user - edu gov ( mini-box ) - win,,36.6
dn2:732,madison media software aspvms8000 - acad vegas movie studio +dvd 8 platinum,,81.97
dn2:733,bqcxd installshield 2008 professional edition - complete package + 1 year silver maint,,2549.59
dn2:734,cardfive premier software with internal database photo on field keyfive,,466.12
dn2:735,usoa289 iris readiris pro - ( v. 11 ) - complete package - 1 user - win,,110.07
dn2:736,3d home architect home v.8by encore software,,33.92
dn2:737,9dj-00002 microsoft xbox live arcade unplugged volume 1 - complete package - 1 user - micr,,20.78
dn2:738,encore software 11290 - scrabble complete - win 98 me xp,,7.69
dn2:739,prw photo explosion deluxe - ( v. 3.0 ) - complete package - 1 user - cd - win,,47.6
dn2:740,encore software 11610 - scrabble with bonus clue - win 98 me 2000 xp,,18.97
dn2:741,snt-040 ntracker - complete package - 1 user - win,,26.59
dn2:742,encore software 11750 - game of life - win 95 98,,7.69
dn2:743,436753-b21 hp insight control data center edition flexible quantity license rdp upgrade - l,,137.13
dn2:744,cd372-c= cisco ios ip - complete package - cd,,218.41
dn2:745,sup-040c synet pc sharing kit - w/ usb cable 5.18 m complete package - 1 user - win,,26.59
dn2:746,lmpcgs12mulpc coreldraw graphics suite - ( v. 12 ) - media - 1 user - cd - win - multi-lingual,,22.59
dn2:747,encore software 10567 - hoyle puzzle games 2007 - win 98 me 2000 xp,,18.97
dn2:748,encore software 33020 - jackpot tycoon - win 98 me 2000 xp,,8.44
dn2:749,encore software 11630 - monopoly tycoon - win 98 me 2000 xp,,7.69
dn2:750,amherst media book: photo salvage with adobe photoshop photoshop software,,29.95
dn2:751,encore software 11140 - fate - win 2000 xp,,18.97
dn2:752,encore software 10449 - high school advantage 2007 - win 98 me 2000 xp,,26.97
dn2:753,encore software 12380 - high school advantage 2008 - win 2000 xp vista,,34.97
dn2:754,encore software 12370 - middle school advantage 2008 - win 2000 xp vista,,34.97
dn2:755,encore software 11580 - monopoly with bonus risk - win 98 me 2000 xp,,18.97
dn2:756,encore software 10653 - professor fujis kakuro - win 98 me 2000 xp,,7.69
dn2:757,encore software 10392 - network now! pro (win 98 me 2000 xp),,34.97
dn2:758,encore software 13780 - westward - win 98 me 2000 xp vista,,18.97
dn2:759,encore software 14080 - q*bert - win 2000 xp vista,,7.69
dn2:760,encore software 11670 - who wants to be a millionaire? - win xp 2000,,7.69
dn2:761,webroot software 65210 spy sweeper 3 pc,webroot software,31.99
dn2:762,encore software 11250 - brain food games: cranium collection 2006 - win 98 me 2000 xp,,18.97
dn2:763,encore software 11252 - brain food games: cranium collection 2006 - win 98 me 2000 xp,,18.97
dn2:764,encore software 25020 - marine aquarium 2.5 (hybrid) - win 95 98 me 2000 xp/mac 10.1 or higher,,19.97
dn2:765,encore software 14130 - wheel of fortune deluxe - win 98 me 2000 xp vista,,18.97
dn2:766,encore software 10443 - elementary school advantage 2007 - win 98 me 2000 xp,,26.97
dn2:767,encore software 12360 - elementary advantage 2008 - win 2000 xp vista,,34.97
dn2:768,datapilot is an advanced cell phone sync software solution that allows endusers to manage their contact information access the internet and check emails while on the go.,,25.53
dn2:769,microsoft uea-00033 - visual studio 2005 team edition for database professionals with msdn premium subscription renewal - complete product - software development - standard - 1 user - complete product - pc- free shipping,,2072.97
dn2:770,avery dennison 5239 - designpro deluxe v.5.0 software for microsoft windows with sample pack - complete product - desktop publishing - 1 user(s) - complete product - standard,,29.97
dn2:771,apple software m9301z/b soundtrack v1.2,apple software,199.0
dn2:772,topics entertainment 80796 - topics math success 2007 deluxe for windows - educational software - pc,,33.97
dn2:773,individual software qne-t15 typing quick & easy 15.0,individual software,24.99
dn2:774,punch software 26100 punch! master landscape and home design (small box),punch software,45.99
dn2:775,punch software 20100 punch! 5 in 1 home design,punch software,35.99
dn2:776,individual software prm-wn5 professor teaches windows xp,individual software,24.99
dn2:777,freeverse software 5003 bumpercar 2.0 mac web browser,freeverse software,28.99
dn2:778,encore software 10123 - aquarium 3-in-one limited edition (eurpac) - win 95 98 me 2000 xp,,18.97
dn2:779,peachtree software vernfp2008rt - sage peachtree premium accounting 2008 for nonprofits - financial management - pc,,540.97
dn2:780,peachtree software vernfpm2008rt - sage peachtree premium accounting 2008 for nonprofits multiple user - financial management - pc- free shipping,,1075.97
dn2:781,thomson delmar learning book and cd-rom: cdrom: exploring photoshop photoshop software,,42.95
dn2:782,e-mu modern symphonic orchestra for emulator x and proteus x sounds for software,,329.99
dn2:783,individual software resume maker professional deluxe 12.0,,29.99
dn2:784,punch software master landscape professional & home design v 10.0,,69.99
dn2:785,panda software panda internet security 2007,,69.99
dn2:786,individual software professor teaches excel & word,,19.99
dn2:787,individual software professor teaches windows xp,,19.99
dn2:788,encore software 14060 - terror strike - win 2000 xp,,18.97
dn2:789,cisco nac appliance server (clean access server) software (250 users),,8650.31
dn2:790,single pack cardscan software version 8.0,,123.04
dn2:791,adobe premiere pro cs3 software with encore cs3 and onlocation cs3 (windows only) full version for windows,,723.95
dn2:792,onone software smartscale software,,189.99
dn2:793,onone software genuine fractals print pro software,,269.99
dn2:794,onone software intellihance pro 4 for mac/pc,,159.99
dn2:795,hewlett packard t1936aa ua0 - hp digital sending software 4.0 - complete product - document management - 1 device(s) - complete product - standard - multilingual - pc,,342.97
dn2:796,nik software color efex pro 2.0 select and iview mediapro 3 plug in software for windows and macintosh,,199.95
dn2:797,apple software t9163ll/a logic pro 6,apple software,809.0
dn2:798,apple software t9161ll/a logic platinum/ gold 5&6 to logic pro 6 update,apple software,149.0
dn2:799,microsoft digital image suite plus full version of photo editing software for windows.,,89.95
dn2:800,topics entertainment 40206 - instant immersion german lab (software/audiobook/workbook) - win 98 me 2000 xp/mac os 9 or x,,34.97
dn2:801,apple software m8789z/a webobjects 5.2,apple software,648.99
dn2:802,5pack cardscan software version 8.0,,515.62
dn2:803,wiley publications book: photoshop cs for dummies photoshop software,,24.95
dn2:804,phantom efx reel deal slots v 2.0,,7.36
dn2:805,topics entertainment in their own words - wwii (audiobook),,14.56
dn2:806,tri synergy inc wisdom of the bible - holy land edition,,16.01
dn2:807,doug boduch metallica cherry lane music metallica - guitar legendary licks 1988-1997 - a step-by-step breakdown of metallica's guitar styles and techniques,,18.5
dn2:808,tri synergy inc test & improve your memory - scientific brain training,,24.31
dn2:809,roy book binder homespun blues by the book - dvd 2,,22.13
dn2:810,masque publishing best of slots ii,,8.46
dn2:811,david kreisberg yamaha the fantasticks - original broadway cast - smart pianosoft,,18.5
dn2:812,dvo enterprises inc. cookn low fat,,17.55
dn2:813,topics entertainment i spy fantasy w/ i spy bk & mini cd,,17.55
dn2:814,various artists hudson music classic solos and drum battles - vol. 2 - dvd,,22.13
dn2:815,marty stuart yamaha the best of marty stuart: the millennium collection - smart pianosoft,,14.86
dn2:816,egames. inc casual games pack,,16.62
dn2:817,tomo fujita berklee press rittor music and hal leonard accelerate your guitar playing - exercises and tips to make you better - faster,,18.5
dn2:818,rory block homespun video the guitar of rory block - video two,,29.4
dn2:819,iris inc irispen express translator,,142.29
dn2:820,individual software typing instructor for kids,,19.99
dn2:821,vivendi-universal games inc swat 4,,18.77
dn2:822,individual software professor teaches microsoft office 2007,,29.99
dn2:823,topics entertainment instant immersion spanish audio deluxe,,17.55
dn2:824,individual software anytime organizer deluxe 10,,27.99
dn2:825,sos aggregation company dance praise - digital praise,,39.37
dn2:826,school zone interactive time money & fractions 1-2 on track software,,9.45
dn2:827,topics entertainment instant immersion ingles audio deluxe,,17.55
dn2:828,topics entertainment talk now! afrikaans - beginners,,16.93
dn2:829,sos aggregation company iaudioize - magnetic time,,31.53
dn2:830,individual software professor teaches excel and word,,42.99
dn2:831,sony media software vegas movie studio + dvd 8 platinum edition,,100.97
dn2:832,josh white homespun video the guitar of josh white,,22.13
dn2:833,kutoka interactive inc didi & ditto (kindergarten),,16.93
dn2:834,bling software limited safekeeper plus,,34.75
dn2:835,david holt homespun clawhammer banjo 2 - repertoire and technique,,22.13
dn2:836,topics entertainment instant immersion italian 2.0,,17.55
dn2:837,view video antonio carlos jobim antonio carlos jobim -an all-star tribute,,14.86
dn2:838,daniel abrams play piano by ear - level 1,,36.67
dn2:839,john jab'o starks clyde stubblefield rittor music clyde stubblefield & john jab'o starks - soul of the funky drummers - vhs video,,22.13
dn2:840,aspyr media inc travelogue 360: paris,,27.99
dn2:841,migo software digital vault 2005,,24.58
dn2:842,imsi design llc turbocad mac 3d,,204.67
dn2:843,individual software professor teaches windows vista,,19.99
dn2:844,jason nyberg yamaha various grease - original movie soundtrack - smart pianosoft,,18.5
dn2:845,mike dowling homespun swing guitar,,36.67
dn2:846,harry belafonte rhapsody films robert altman's jazz '34 - vhs video,,14.86
dn2:847,hewlett packard pn680a - hp remote graphics software for an hp system - maintenance ( 1 year ) - 1 seat - linux win hp-ux,,202.97
dn2:848,sage (ptree) premium accounting accountants edition 2007,,492.01
dn2:849,sunburst technology t02473 - sunburst a to zap! network license - complete product - educational software - 1 server unlimited user - complete product - academic - mac pc,,488.97
dn2:850,yamaha disney's greatest - vol. 2 - smart pianosoft,,22.13
dn2:851,steve james homespun video blues/roots guitar - fingerpicking and slide from the delta to new orleans,,22.13
dn2:852,migo software digital file shredder 2005,,24.58
dn2:853,scholar's library: logos bible software 3 on dvd-rom,,472.46
dn2:854,yamaha america america's greatest hits history - smart pianosoft,,14.86
dn2:855,view video giuseppe verdi verdi - the king of melody,,14.86
dn2:856,nashville bluegrass band homespun video vocal harmony workshop,,22.13
dn2:857,laurence juber homespun video the fingerstyle artistry of laurence juber - 2-dvd set,,36.67
dn2:858,daniel gilbert beth marlis musicians institute press guitar soloing - the contemporary guide to improvisation,,14.86
dn2:859,sony online entertainment gods & heroes rome rising,,49.5
dn2:860,synet electronics inc. synet pc sharing kit(w/17ft usb ext.cable),,26.14
dn2:861,artie traum happy traum homespun video easy steps to blues guitar jamming,,22.13
dn2:862,school zone interactive math 2 on track software,,9.45
dn2:863,bryan pezzone classic americana,,23.59
dn2:864,greg koch lynyrd skynyrd hal leonard lynyrd skynyrd - signature licks dvd,,14.86
dn2:865,prosoft engineering data rescue universal license,,236.34
dn2:866,individual software inc typing instructor deluxe j/c,,6.84
dn2:867,vivendi-universal games inc freestyle street basketball,,18.48
dn2:868,tamir hendelman yamaha disney's beauty and the beast - broadway cast recording - smart pianosoft,,22.13
dn2:869,emedia music corp my guitar,,24.81
dn2:870,topics entertainment classics the: the piano,,20.0
dn2:871,sega of america inc rome total war gold edition,,18.77
dn2:872,yamaha the turtles - 20 greatest hits - smart pianosoft,,18.5
dn2:873,hal leonard best of classic themes 1 elementary docxg clavinova dsk/pkg,,25.77
dn2:874,jackson browne yamaha jackson browne - lawyers in love - smart pianosoft,,14.86
dn2:875,homespun norman blake's guitar techniques - dvd 2: ten stellar songs and instrumentals,,22.13
dn2:876,sara davis buechner johannes brahms yamaha buechner plays brahms,,25.77
dn2:877,bob dylan bob dylan - isong cd-rom (jewel case-sized edition),,18.5
dn2:878,fogware publishing middle school life science - classification & ecology,,6.84
dn2:879,dan rodowicz dan rodowicz love songs of the 90s - ez play today,,25.77
dn2:880,avanquest usa llc britannica deluxe,,26.11
dn2:881,aspyr leave the lights on-bundle,,29.99
dn2:882,microspot macdraft professional edition,,249.99
dn2:883,sims 2 pets for mac,,34.99
dn2:884,adobe cs3 design premium upgrade,,619.99
dn2:885,laughingbird the logo creator,,34.99
dn2:886,apple .mac 4.0 1yr new or renewal internet service,,99.99
dn2:887,microspot x-rip large format print driver for os x,,335.99
dn2:888,adobe contribute cs3 upgrade,,82.99
dn2:889,valusoft tune transfer for ipod,,21.99
dn2:890,git amazing spider-man the complete collection dvd-rom,,42.99
dn2:891,intuit quicken 2007 macintosh,,69.99
dn2:892,legion arena,,37.99
dn2:893,adobe photoshop cs3 extended for mac upgrade,,329.99
dn2:894,adobe lightroom version 1 for windows and mac academic,,99.99
dn2:895,microsoft office 2004 standard,,369.99
dn2:896,allume stuffit deluxe 11 os x 10.4 or higher,,79.99
dn2:897,nova print explosion deluxe 3.0,,46.99
dn2:898,micromat techtool protege utility with 1gb firewire flash drive,,219.99
dn2:899,chronos stickybrain 3.0,,39.99
dn2:900,allume spring cleaning 9.0,,45.99
dn2:901,allume smith micro faxstf pro,,44.99
dn2:902,adobe cs3 production premium academic,,569.99
dn2:903,freeverse burning monkey solitaire 3d,,24.99
dn2:904,allume internet cleanup 4.0,,29.99
dn2:905,graphicsim istopmotion,,39.95
dn2:906,microsoft office 2004 std upgrade,,219.99
dn2:907,prosoft engineering drive genius 1.5,,84.99
dn2:908,adobe cs3 design standard upsell,,934.99
dn2:909,graphic sim x-plane 8,,47.99
dn2:910,quark xpress 7 upgrade (no returns),,239.99
dn2:911,freeverse burning monkey mahjong 3d,,24.99
dn2:912,adobe cs3 production premium,,1749.99
dn2:913,intuit quickbooks pro 2007 for mac,,185.99
dn2:914,adobe indesign cs3 for mac upgrade from pagemaker,,205.99
dn2:915,git 40 years of marvel x-men dvd-rom,,42.99
dn2:916,apple mac os x 10.4.6 tiger family pack,,185.99
dn2:917,belight swift publisher page layout software,,39.99
dn2:918,aspyr zoo tycoon 2,,38.99
dn2:919,appleworks 6.2 for mac,,75.99
dn2:920,play music together dvd by iplaymusic mac,,32.99
dn2:921,mediafour macdrive 6 - access mac partition in windows,,43.99
dn2:922,laughingbird the flash ad creator,,34.99
dn2:923,civilization iv mac os x aspyr,,45.99
dn2:924,git comic book library collector's edition vol. 1,,19.99
dn2:925,emc insignia retrospect workgroup 6 upgrade,,162.99
dn2:926,miraizon cinematize 2,,65.99
dn2:927,adobe cs3 design premium academic,,575.99
dn2:928,belight business card composer,,39.99
dn2:929,totally spies total swamp romp by brighter minds,,19.99
dn2:930,caillou ready for school by brighter minds,,19.99
dn2:931,totally spies zombie jamboree by brighter minds,,9.99
dn2:932,apple final cut express hd 3.5,,299.99
dn2:933,microsoft office 2004 student/teacher,,145.99
dn2:934,adobe cs3 design standard upgrade,,413.99
dn2:935,leister reunion 9.0 - genealogy software,,89.99
dn2:936,apple logic express 7.2 upgrade from v.6,,99.99
dn2:937,destineer railroad tycoon 3,,21.99
dn2:938,adobe cs3 master collection upsell from cs1,,2054.99
dn2:939,adobe soundbooth cs3 academic,,95.99
dn2:940,allume aquazone bass edition,,19.99
dn2:941,adobe cs3 master collection,,2499.99
dn2:942,adobe dreamweaver cs3 upgrade,,205.99
dn2:943,adobe pagemaker 7.0 for mac version upgrade,,79.99
dn2:944,zend studio 5.1 php integrated development environment,,249.0
dn2:945,ableton live 6 audio production software academic,,299.99
dn2:946,fogware hyb history dvd,,21.99
dn2:947,microsoft windows vista business retail no open box returns,,299.99
dn2:948,adobe cs3 web premium academic,,479.99
dn2:949,destineer halo,,29.99
dn2:950,freeverse 3d bridge deluxe,,24.99
dn2:951,aspyr roller coaster tycoon 3 mac os x,,45.99
dn2:952,allume aquazone seven seas deluxe edition,,24.99
dn2:953,john deere: busy days in deerfield valley by bold games,,21.99
dn2:954,allume poser 7,,179.99
dn2:955,now software now up-to-date and contact,,109.99
dn2:956,corel painter x academic,,94.99
dn2:957,aspyr the sims 2,,45.99
dn2:958,boohbah zone by brighter minds,,19.99
dn2:959,extensis suitcase fusion 1u box,,99.99
dn2:960,detto move2mac usb kit (to move data from pc to ma,,44.99
dn2:961,adobe cs3 web standard academic,,389.99
dn2:962,aspyr call of duty 2 mac,,47.99
dn2:963,ubi soft myst v: end of ages limited edition,,59.99
dn2:964,allume stuffit deluxe 10.0 os x 10.4 or higher,,69.99
dn2:965,filemaker server 8 advanced upgrade (from server 7 advanced),,699.99
dn2:966,makemusic finale educator solutions bundle finale 2007 smartmusic 9.0,,299.0
dn2:967,nova greeting card factory for mac,,41.99
dn2:968,adobe indesign cs3 for mac academic,,192.99
dn2:969,freeverse burning monkey solitaire 4.0,,24.95
dn2:970,adobe photoshop cs3 for mac,,609.99
dn2:971,computrace lojack for laptops - 1 yr subscription,,45.99
dn2:972,git captain america: the complete collection dvd-rom,,42.99
dn2:973,broderbund mavis beacon teaches typing standard17,,22.99
dn2:974,brighter minds backyard sports,,19.99
dn2:975,modeless software liquid ledger personal finance,,71.99
dn2:976,extensis portfolio 8,,195.99
dn2:977,apple logic express 7.2,,299.99
dn2:978,apple iwork '06,,79.99
dn2:979,apple garageband jam pack: rhythm section,,95.99
dn2:980,destineer tropico 2: pirate cove,,29.99
dn2:981,microsoft word 2004,,209.99
dn2:982,filemaker server 8 upgrade (from server 7),,279.99
dn2:983,spyware x-terminator 2005,,29.99
dn2:984,microsoft(r) money 2007 premium,,69.99
dn2:985,nintendo gamecube: sonic adventure dx,,19.95
dn2:986,elibrium webshop platinum,,77.33
dn2:987,emc deployment mgr per/u 40001-50000u - webexp-50000,,80382.0
dn2:988,emc deployment mgr per/u 30001-40000u - webexp-40000,,80382.0
dn2:989,pinnacle studio ultimate version 11,,129.98
dn2:990,microsoft academic microsoft office project 2003 professional,,176.99
dn2:991,activision inc. guitar hero 2 game and bundle,,67.99
dn2:992,sony psp: cabelas dangerous hunts,,29.95
dn2:993,microsoft(r) office standard 2007,,399.99
dn2:994,microsoft windows server 2003 terminal server cals 20-pack (per device),,2429.99
dn2:995,microsoft rise of nations: rise of legends for pc,,16.99
dn2:996,sony playstation 2: the grim adventures of bill and mandy,,19.99
dn2:997,microsoft office basic edition 2003 - license and media,,124.95
dn2:998,aspyr media sid meiers civilization iv - mac,,44.99
dn2:999,quickbooks(r) premier: contractor edition 2007,,399.99
dn2:1000,adobe creative suite 3 (cs3) web standard 3 windows - upsell from dreamweaver or flash,,799.0
dn2:1001,nintendo gamecube: major league baseball 2k6,,19.99
dn2:1002,3000 truetype(r) fonts,,29.99
dn2:1003,sony playstation 2 need for speed carbon collectors edition,,29.99
dn2:1004,xbox: lego star wars,,19.95
dn2:1005,photostamps(r),,19.99
dn2:1006,wedding fonts,,14.99
dn2:1007,onone software inc. pfp-30001 - photoframe v.3.0 pro - complete product - image editing - 1 user(s) - complete product - standard - pc mac,,148.97
dn2:1008,copilot navigator 9,,59.99
dn2:1009,punch software 14100 punch! professional home design suite for windows,punch software,62.99
dn2:1010,onone software inc. mpr-40211 - on1 mask pro v.4.0 - complete product - graphics/designing - 1 user - complete product - standard - pc intel-based mac mac,,148.97
dn2:1011,punch software 83100 - punch! home design architectural series 3000 v 10 (win 98 me nt 2000 xp),,124.97
dn2:1012,palo alto software bpdx - palo alto business plan 2007 pro premier edition - complete product - business planning - 1 user - complete product - standard - pc,,184.97
dn2:1013,palo alto software mpd9 - palo alto marketing plan v.9.0 pro - complete product - business planning - 1 user - complete product - standard - pc,,149.97
dn2:1014,punch software 38100 - punch! super home suite - complete product - architectural - 1 user - complete productcomplete productstandard - english - pc,,45.97
dn2:1015,punch software 84100 - punch! home design architectural series 4000 v.10.0 - architectural - pc,,168.97
dn2:1016,peachtree(r) premium accounting 2007,,499.99
dn2:1017,punch software 24100 - punch! 5 in 1 home design - complete product - architectural - 1 user - complete productcomplete productstandard - pc,,35.97
dn2:1018,quickbooks(r) pro 2007 edition 3-user,,499.99
dn2:1019,corel(r) wordperfect(r) office x3: home edition,,99.99
dn2:1020,webroot software inc 54210 - webroot desktop firewall - firewall - pc,,25.97
dn2:1021,punch software 25100 punch! master landscape and home design,punch software,45.99
dn2:1022,punch software 35100 - punch! home design suite professional - complete product - architectural - standard - 1 user(s) - complete product - pc,,59.97
dn2:1023,freeverse software 4001 - freeverse northland - strategy game - mac,,18.97
dn2:1024,me too software 800801 - hijack2 - win 98 me nt 2000 xp/mac 10.0 or higher,,35.97
dn2:1025,freeverse software 4015 - freeverse big bang board games - educational game - mac,,22.97
dn2:1026,punch software 41100 - punch! home design architectural series 18 - complete product - architectural - 1 user(s) - complete product - standard - english - pc,,112.97
dn2:1027,ibm websphere development studio client advanced edition for iseries - ( v. 7.0 ) - media,,108.95
dn2:1028,individual software edm-tk1 - typing instructor for kids usa (win 98 me nt 2000 xp),,17.97
dn2:1029,agatha christie: and then there were none,,29.99
dn2:1030,punch software 42100 - punch! home design architectural series 18 - complete product - architectural - 1 user(s) - complete product - standard - english - pc,,108.97
dn2:1031,freeverse software 005 solace,freeverse software,18.99
dn2:1032,versacheck(r) corporate 2005,,129.99
dn2:1033,versacheck(r) payroll,,79.99
dn2:1034,berlitz(r) spanish premier,,39.99
dn2:1035,freeverse software 005 solace,freeverse software,18.99
dn2:1036,individual software prm-rce - resumemaker career editions win (win 98 me nt 2000 xp),,33.97
dn2:1037,nintendo gamecube: avatar: the last airbender,,29.99
dn2:1038,power translator(tm) 11 premium,,79.99
dn2:1039,sony media software acid music studio 7 software music production software,,69.95
dn2:1040,sony media software sound forge audio studio 8 software music production software,,69.95
dn2:1041,sage software peachtree complete accounting 2007 software for windows tax & finance software,,249.95
dn2:1042,ibm websphere portal enable for iseries - ( v. 4.1 ) - complete package,,81262.95
dn2:1043,nintendo wii: the bigs,,49.99
dn2:1044,sony media software american idol extreme music creator software music production software,,49.95
dn2:1045,sage software peachtree premium accounting 2007 software for windows tax & finance software,,469.95
dn2:1046,network magic(tm),,29.99
dn2:1047,sage software peachtree pro accounting 2007 software for windows tax & finance software,,159.95
dn2:1048,emc deployment mgr per/u 10001-15000u - webexp-15000,,80382.0
dn2:1049,quickbooks(r) point of sale 2007: basic retail management 6.0 bundle,,1499.99
dn2:1050,emc deployment mgr per/u 20001-25000u - webexp-25000,,80382.0
dn2:1051,software,,112.95
dn2:1052,nintendo gamecube: the legend of zelda: twilight princess,,49.99
dn2:1053,nero mix cd recording software,,41.42
dn2:1054,microsoft(r) excel 2007,,109.99
dn2:1055,ibm websphere portal enable for iseries - ( v. 4.1 ) - complete package,,82676.95
dn2:1056,sony playstation 3: spider-man 3,,59.99
dn2:1057,sony media software acid pro 5 music production software,,199.95
dn2:1058,webroot software inc 17410 - window washer - win 98 me 2000 xp,,25.97
dn2:1059,software cinema dvd-rom: dvdrom: photoshop cs2 fundamental techniques (training) photoshop software,,159.95
dn2:1060,software cinema dvd-rom: dvdrom: photoshop cs2 advanced techniques (training) photoshop software,,159.95
dn2:1061,sudoku for kids,,9.99
dn2:1062,sony media software sound forge 9 digital audio production suite music production software,,299.95
dn2:1063,sony media software acid pro 6 software music production software,,299.95
dn2:1064,tournament poker - no limit texas holdem,,19.99
dn2:1065,sony media software super duper music looper software music production software,,19.95
dn2:1066,sony media software sound forge audio studio 9 software music production software,,69.95
dn2:1067,sony media software acid pro 6 software upgrade from acid pro 5 music production software,,129.95
dn2:1068,enterasys custom sku q13799 only - q13799,,70081.0
dn2:1069,versacheck(r) silver 2005,,29.97
dn2:1070,mavis beacon(r) teaches typing v.17 deluxe,,37.99
dn2:1071,wireless network ignition,,39.99
dn2:1072,microsoft(r) frontpage 2002,,169.56
dn2:1073,nintendo gamecube sonic heroes/shadow the hedgehog 2 pk,,29.99
dn2:1074,act!(r) 2006 premium for workgroups,,399.99
dn2:1075,nintendo wii: disneys pirates of the caribbean(tm) 3: at worlds end,,49.99
dn2:1076,quickbooks(r) premier 2003,,499.99
dn2:1077,wi-fi usb connector for nintendo ds/ ds lite/ wii gaming consoles,,39.99
dn2:1078,hallmark card studio 2004,,29.97
dn2:1079,panda software upg to gatdef performa 8200 15k 1yr - uabpgdpcavm,,71503.0
dn2:1080,chatchecker family edition,,29.99
dn2:1081,symantec(tm) pcanywhere(tm) 12.0,,199.99
dn2:1082,microsoft visual basic .net standard 2003,,108.95
dn2:1083,brain games: solitaire,,19.99
dn2:1084,csdc iremember digital scrapbooking 2.0,,35.99
dn2:1085,quickbooks(r) point of sale 2007: basic retail management 6.0,,799.99
dn2:1086,calendar creator deluxe 10,,49.87
dn2:1087,xbox 360: ddr universe,,49.99
dn2:1088,storageworks secure path 3.0d for hp-ux workgroup edition - 50 licenses,,68402.75
dn2:1089,datapilot universal pro kit,,79.99
dn2:1090,ibm(r) viavoice(r) pro edition 10,,179.99
dn2:1091,podmediacreator,,29.99
dn2:1092,printmaster(r) gold 17,,19.99
dn2:1093,re launch piano wizard premier w/49e keystation,,161.99
dn2:1094,software,,736.95
dn2:1095,hoyle(r) card games 2007,,19.99
dn2:1096,emc fed id mgr for 10 conn for ct authmgr cust - fimm-10r,,68496.0
dn2:1097,microsoft academic microsoft office project 2003 standard,,69.95
dn2:1098,learning quickbooks(r) for windows(r),,39.99
dn2:1099,sp linux we 50 lic/cd 3.0c,,69216.95
dn2:1100,nintendo gamecube: disney pixars cars,,19.99
dn2:1101,quickbooks(r) simple start 2007,,99.99
dn2:1102,books to go,,19.99
dn2:1103,family tree maker premium 11.2,,99.97
dn2:1104,turbocad(r) designer 2d/3d version 9.1,,29.99
dn2:1105,microsoft academic microsoft visio 2003 professional,,159.0
dn2:1106,sony playstation 3: disneys pirates of the caribbean 3: at worlds end,,59.99
dn2:1107,perfect label maker,,19.99
dn2:1108,microsoft(r) windows(r) xp home edition with sp2,,199.99
dn2:1109,cisco ncc mpls vpn manager 1.0 500-device rtu,,74081.64
dn2:1110,bookkeeper 2007,,29.99
dn2:1111,adobe photoshop cs3 extended - complete package - 1 user - academic - cd - mac,,279.0
dn2:1112,quicken(r) for mac 2007,,69.99
dn2:1113,microsoft windows vista business - upgrade license - 1 pc - english,,168.99
dn2:1114,quicken(r) 2004 deluxe,,59.99
dn2:1115,peachtree(r) pro accounting 2007,,169.99
dn2:1116,sony vegas movie studio 7 + dvd platinum edition - academic,,92.99
dn2:1117,novell identity manager integration module for mainframe for 800 series mvs - (,,71726.95
dn2:1118,resumemaker(r) professional ultimate,,39.99
dn2:1119,novell identity manager integration module for mainframe for 800 series mvs - (,,71726.95
dn2:1120,autocad(r) lt 2007,,330.95
dn2:1121,cisco cns network registrar central manager v.6.1 - license - cnr-6.1-rcm500k,,71760.0
dn2:1122,adobe creative suite 3 design standard - complete package - 1 user - academic - windows,,369.0
dn2:1123,1000pk multi pack instant,,71876.95
dn2:1124,adobe acrobat 7.0 professional (education version) for windows,,154.99
dn2:1125,1000pk multi pack instant,,71876.95
dn2:1126,adobe acrobat 7.0 standard academic mac,,98.99
dn2:1127,adobe photoshop cs3 extended - complete package - 1 user - academic - cd - windows,,279.0
dn2:1128,nintendo wii: spongebob: creature from the krusty krab,,39.99
dn2:1129,photo explosion deluxe(r) 2.0,,49.99
dn2:1130,exch. srvr extrnconn lic/sa gv,,72402.5
dn2:1131,netopia timbuktu pro for macintosh (twin-pack),,183.99
dn2:1132,scansoft(r) paperport(r) 11,,99.99
dn2:1133,the print shop(r) 22,,29.99
dn2:1134,adobe academic flex builder 2 for windows with charting - 1 user,,71.99
dn2:1135,microsoft(r) office 2004 for mac standard edition upgrade version,,234.95
dn2:1136,roxio(r) popcorn(tm) 2,,49.99
dn2:1137,diskeeper corporation diskeeper 2007 professional edition - complete package - 1 workstation - academic,,29.99
dn2:1138,microsoft(r) access 2007,,109.99
dn2:1139,microsoft(r) office 2004 for mac student and teacher edition,,146.95
dn2:1140,pc-cillin(tm) internet security 2007,,49.99
dn2:1141,microsoft(r) streets and trips 2005 with gps locator,,129.99
dn2:1142,sony vegas 7 + dvd production suite software - full version video editing and dvd creation,,426.0
dn2:1143,software,,274.99
dn2:1144,art explosion(r) 800000,,79.99
dn2:1145,microsoft(r) windows vista(tm) home premium,,239.99
dn2:1146,microsoft(r) works suite 2005,,99.99
dn2:1147,symantec(tm) norton internet security(tm) 2005 3-user,,119.99
dn2:1148,studio ultimate version 11,,129.0
dn2:1149,ulead(r) dvd moviefactory(r) 5,,49.99
dn2:1150,sony playstation 2: the art of fighting anthology,,14.99
dn2:1151,mobile find,,29.99
dn2:1152,sony playstation 2: beatmania,,19.99
dn2:1153,the sims: hot date expansion pack,,19.87
dn2:1154,art explosion(r) greeting card factory(r) deluxe 6.0,,49.99
dn2:1155,nintendo gamecube: teen titans,,14.99
dn2:1156,adobe(r) photoshop(r) 7.0 upgrade for pc,,679.99
dn2:1157,printmaster(r) platinum 16,,39.97
dn2:1158,microsoft(r) office word 2004 for mac full version,,231.29
dn2:1159,web easy(r) professional 6,,49.99
dn2:1160,symantec(tm) norton 360(tm),,79.99
dn2:1161,ultra wincleaner 2002 utility suite,,49.99
dn2:1162,adobe(r) publishing collection 12.0,,995.87
dn2:1163,pokemon diamond version - nintendo ds,,39.99
dn2:1164,system care? professional,,49.99
dn2:1165,sony playstation 2: god of war,,19.95
dn2:1166,mcafee internet security 7.0,,69.99
dn2:1167,microsoft molpc csf sbe 3.0 order handling sbe 200pt - b7m-00283,,103036.0
dn2:1168,act! 2004 for windows,,249.95
dn2:1169,business cards certificates brochures,,19.99
dn2:1170,emc fed id mgr for 25 s/a conn - fimm-25,,119862.0
dn2:1171,pinnacle(tm) studio plus 10.5 titanium edition,,99.99
dn2:1172,sony playstation 2: socom 3 us navy seals,,19.99
dn2:1173,cto only windows xp pro nc6000,,118.95
dn2:1174,corel(r) paint shop pro xi,,99.99
dn2:1175,peachtree(r) compatible continuous checks-accounting for windows versions 3.5-7.0,,121.89
dn2:1176,sony playstation 2: karaoke revolution presents: american idol,,39.99
dn2:1177,ghostsurf(tm) 2007 platinum,,29.99
dn2:1178,sony playstation 2: mortal combat: armageddon,,19.99
dn2:1179,cisco pgw2200 include redundant,,159787.95
dn2:1180,freeverse software big bang brain games - mac,,24.99
dn2:1181,xbox 360: marvel ultimate alliance gold,,59.99
dn2:1182,nft1500 netflow tracker - license - 500 devices - linux win solaris,,177579.14
dn2:1183,microsoft(r) works suite 2006,,99.99
dn2:1184,allume stuffit deluxe 11 macintosh dvd pack sold only with a apple cpu.,,19.99
dn2:1185,d51rsll-bl ibm websphere portal extend for linux on system z - product upgrade license + 1,,111379.3
dn2:1186,kaspersky(r) internet security 6.0,,76.99
dn2:1187,kiplingers willpower,,29.99
dn2:1188,print perfect(tm) platinum,,29.99
dn2:1189,adobe creative suite 3 (cs3) design premium upgrade - mac,,569.97
dn2:1190,quickbooks(r),,103.99
dn2:1191,deposit slips,,23.79
dn2:1192,topics presents: human body,,15.9
dn2:1193,myob compatible multipurpose continuous checks,,144.59
dn2:1194,continuous checks for peachtree(r) complete iii for dos v. 5.0-10.0,,144.59
dn2:1195,cisco optical services module - multiplexor,,91240.95
dn2:1196,multipurpose continuous checks,,144.59
dn2:1197,specialty single window envelopes to match your forms & checks,,81.49
dn2:1198,barbie: horse adventures for pc,,19.99
dn2:1199,peachtree(r) compatible laser checks-accounting for windows versions 3.5-7.0,,106.29
dn2:1200,d51rsll-d ibm websphere portal extend for linux on system z - product upgrade license + 1,,93001.26
dn2:1201,barbie fashion show for pc,,19.99
dn2:1202,i spy fantasy with mini cd for pc,,19.99
dn2:1203,multipurpose laser/inkjet checks,,106.29
dn2:1204,microsoft(r) great plains dynamics compatible laser checks,,106.29
dn2:1205,specialty single window envelopes to match your forms & checks,,81.49
dn2:1206,microsoft(r) great plains business solutions compatible payroll continuous checks,,91.59
dn2:1207,quicken(r) quickbooks(r) microsoft money(r) and simply money(r) laser checks,,106.29
dn2:1208,multipurpose continuous checks,,91.59
dn2:1209,peachtree(r) complete iii,,199.99
dn2:1210,continuous checks for peachtree(r) complete iii for dos v. 5.0-10.0,,91.59
dn2:1211,d51rsll-f ibm websphere portal extend for linux on system z - product upgrade license + 1,,89103.85
dn2:1212,peachtree(r) complete iii for dos 5.0-10.0 continuous checks,,144.59
dn2:1213,pencil-pal big phonics,,17.9
dn2:1214,novell identity manager integration module for mainframe for 900 series mvs - (,,90108.95
dn2:1215,mighty math carnival countdown,,9.9
dn2:1216,brain play 1st-3rd grade,,17.9
dn2:1217,millies math house,,9.9
dn2:1218,wincleaner one-click cleanup version 10,,24.9
dn2:1219,mas 90(r) /mas 200(r) compatible continuous checks,,91.59
dn2:1220,cisco optical services module - multiplexor,,89581.95
dn2:1221,quicken(r) quickbooks(r) microsoft money(r) and simply money(r) elegant laser checks,,97.99
dn2:1222,peachtree(r) compatible laser forms-windows 8.0-2004 version,,103.99
dn2:1223,novell identity manager integration module for mainframe for 900 series mvs - (,,90108.95
dn2:1224,roller coaster tycoon 3 for pc,,29.99
dn2:1225,blank laser checks,,54.99
dn2:1226,mas 90(r) /mas 200(r) compatible continuous checks,,121.89
dn2:1227,specialty single window envelopes to match your forms & checks,,81.49
dn2:1228,daceasy(tm) compatible laser forms,,103.99
dn2:1229,quickbooks(r),,199.99
dn2:1230,laser payroll checks,,106.29
dn2:1231,nicktoons winners cup racing for pc,,19.99
dn2:1232,peachtree(r) compatible continuous forms-accounting for windows 8.0-2004 version,,199.99
dn2:1233,sony playstation 2: grand turismo 4,,19.95
dn2:1234,quicken(r) quickbooks(r) microsoft money(r) and simply money(r) elegant laser checks,,97.99
dn2:1235,three-to-a-page 7 ring premier binder,,31.99
dn2:1236,peachtree(r) complete iii,,199.99
dn2:1237,peachtree(r) compatible continuous checks-office accounting 12.0,,121.89
dn2:1238,quicken(r) quickbooks(r) microsoft money(r) and simply money(r) elegant laser checks,,114.99
dn2:1239,d51rsll-g ibm websphere portal extend for linux on system z - product upgrade license + 1,,86875.58
dn2:1240,peachtree(r) compatible continuous checks-accounting for windows versions 3.5-7.0,,91.59
dn2:1241,quickbooks(r),,199.99
dn2:1242,specialty single window envelopes to match your forms & checks,,81.49
dn2:1243,mas 90(r) /mas 200(r) compatible continuous forms,,178.99
dn2:1244,peachtree(r) compatible continuous checks-accounting for windows versions 3.5-7.0,,91.59
dn2:1245,three-to-a-page business checks,,65.19
dn2:1246,daceasy(tm) compatible continuous payroll checks-versions 4.3 & higher,,144.59
dn2:1247,microsoft ov ofc live mtg room sub 1mo addl prod 500 pers - a3o-00075,,100426.0
dn2:1248,peachtree(r) compatible laser form-accounting for windows 3.5-9.0 versions,,103.99
dn2:1249,peachtree(r) compatible continuous checks-office accounting 12.0,,91.59
dn2:1250,quicken(r) quickbooks(r) microsoft money(r) and simply money(r) continuous checks,,73.99
dn2:1251,microsoft open csf svr 3.0 - b7n-00104,,106184.0
dn2:1252,quicken(r) quickbooks(r) microsoft money(r) and simply money(r) laser checks,,88.99
dn2:1253,quicken(r) quickbooks(r) microsoft money(r) and simply money(r) elegant laser checks,,115.49
dn2:1254,blank laser checks,,54.99
dn2:1255,peachtree(r) complete iii for dos 5.0-10.0 continuous checks,,121.89
dn2:1256,peachtree(r) compatible continuous checks-accounting for windows 8.0-2004 version,,121.89
dn2:1257,blank laser checks,,54.99
dn2:1258,ultimate games for girls 3 for pc,,19.99
dn2:1259,nft1250 netflow tracker - license - 250 devices - linux win solaris,,102488.53
dn2:1260,multipurpose continuous checks,,144.59
dn2:1261,blank laser checks,,54.99
dn2:1262,microsoft molpc l/sa isa svr ent ed 25 1cpu lic 400pt - f89-01554,,97494.0
dn2:1263,fifa world cup germany 06 for pc,,7.99
dn2:1264,specialty double window envelopes to match your forms & checks,,67.49
dn2:1265,nickelodeon splat pack for pc,,19.99
dn2:1266,peachtree(r) compatible continuous checks-accounting for windows 8.0-2004 version,,91.59
dn2:1267,deposit slips,,85.79
dn2:1268,three-to-a-page itemized invoice checks,,65.19
dn2:1269,sid meiers civilization iii for pc,,7.99
dn2:1270,blank laser checks,,54.99
dn2:1271,microsoft open l/sa isa svr ent ed 25 1cpu lic - f89-01570,,99483.0
dn2:1272,three-to-a-page business checks,,104.39
dn2:1273,daceasy(tm) continuous forms-4.3 & higher versions,,241.99
dn2:1274,quicken(r) quickbooks(r) microsoft money(r) and simply money(r) elegant laser checks,,98.49
dn2:1275,quicken(r) quickbooks(r) microsoft money(r) and simply money(r) elegant laser checks,,114.99
dn2:1276,laser checks for peachtree(r) accounting for windows 8.0-2005,,106.29
dn2:1277,net jet game system for pc,,24.99
dn2:1278,peachtree(r) compatible laser checks-accounting for windows versions 3.5-7.0,,106.29
dn2:1279,panda software upg to gatdef performa 8200 2k0 1yr - uabpgdpcavo,,95853.0
dn2:1280,daceasy(tm) 4.0-4.2 compatible continuous accounts payable checks,,144.59
dn2:1281,quicken(r) quickbooks(r) microsoft money(r) and simply money(r) continuous checks,,111.59
dn2:1282,deposit slips,,69.99
dn2:1283,quickbooks(r),,103.99
dn2:1284,daceasy(tm) 4.0-4.2 compatible continuous inventory invoices,,241.99
dn2:1285,real world corporation(tm) compatible continuous checks,,91.59
dn2:1286,strawberry shortcake: and her berry best friends for pc,,19.99
dn2:1287,quickbooks(r),,178.99
dn2:1288,peachtree(r) compatible continuous forms-accounting for windows 8.0-2004 version,,241.99
dn2:1289,deposit slips,,49.79
dn2:1290,multipurpose continuous checks,,112.99
dn2:1291,microsoft ov ofc live mtg room sub 1mo addl prod 250 pers - a3o-00065,,94150.0
dn2:1292,multipurpose continuous checks,,91.59
dn2:1293,peachtree(r) compatible continuous checks-accounting for windows 8.0-2004 version,,91.59
dn2:1294,real world corporation(tm) compatible laser checks,,106.29
dn2:1295,laser checks for peachtree(r) accounting for windows 8.0-2005,,106.29
dn2:1296,my little pony: the runaway for pc,,19.99
dn2:1297,peachtree(r) complete iii,,178.99
dn2:1298,shrek the third for pc,,19.99
dn2:1299,mas 90(r) /mas 200(r) compatible laser checks,,106.29
dn2:1300,accpac(r) business works 9.0-10.0 compatible continuous check,,121.89
dn2:1301,quicken(r) quickbooks(r) microsoft money(r) and simply money(r) continuous checks,,91.59
dn2:1302,peachtree(r) compatible continuous checks-accounting for windows versions 3.5-7.0,,91.59
dn2:1303,myob compatible laser multipurpose checks,,106.29
dn2:1304,peachtree(r) compatible continuous checks-accounting for windows 8.0-2004 version,,144.59
dn2:1305,three-to-a-page payroll checks,,104.39
dn2:1306,sage software acts2005rt act! 7.0 2005,sage software,225.99
dn2:1307,emc fed id mgr for 100 conn for ct authmgr cust - fimm-100r,,263686.0
dn2:1308,individual software prm-r12 resumemaker professional 12.0,individual software,29.99
dn2:1309,backyard sports: baseball 2007 for pc,,19.99
dn2:1310,laplink software pafgpcde01000p0rtpen - laplink pcdefense - internet security,,26.97
dn2:1311,laplink software pafglplk0b000p0rtpen - laplink laplink gold v.12.0 - complete product - file transfer - 3 device 1 user - complete product - standard - english - pc,,98.97
dn2:1312,specialty double window envelopes to match your forms & checks,,67.49
dn2:1313,quicken(r) quickbooks(r) microsoft money(r) and simply money(r) continuous checks,,82.79
dn2:1314,laplink software pafgflmv01000p0rtpen - laplink filemover - file transfer - pc,,23.97
dn2:1315,blank laser checks,,54.99
dn2:1316,mas 90(r) /mas 200(r) compatible continuous checks,,91.59
dn2:1317,peachtree(r) complete iii,,72.99
dn2:1318,quicken(r) quickbooks(r) microsoft money(r) and simply money(r) elegant laser checks,,97.99
dn2:1319,apple software t9164ll/a logic express 6,apple software,219.0
dn2:1320,continuous checks for peachtree(r) complete iii for dos v. 5.0-10.0,,91.59
dn2:1321,quicken(r) quickbooks(r) microsoft money(r) and simply money(r) elegant laser checks,,97.99
dn2:1322,cakewalk guitar tracks pro 3 music production software,,99.0
dn2:1323,go diego go!: wolf pup rescue for pc,,19.99
dn2:1324,peachtree(r) compatible continuous checks-accounting for windows 8.0-2004 version,,144.59
dn2:1325,quickbooks(r),,199.99
dn2:1326,apple software m9953z/a remote desktop 2.2 10 client,apple software,294.99
dn2:1327,freeverse software 4024 robin hood: the legend of sheerwood,freeverse software,28.99
dn2:1328,daceasy(tm) laser/inkjet checks- versions 4.3 and higher,,106.29
dn2:1329,continuous checks for peachtree(r) complete iii for dos v. 5.0-10.0,,112.99
dn2:1330,bias deck 3.5 software music production software,,299.0
dn2:1331,three-to-a-page disbursement checks,,104.39
dn2:1332,specialty single window envelopes to match your forms & checks,,81.49
dn2:1333,sony imz-rs301 imzrs301 additional client upgrade cctv software,,374.95
dn2:1334,deposit slips,,32.79
dn2:1335,webroot software inc 52310 - spy sweeper with antivirus/child safe 1-pc - win 2000 xp vista,,37.97
dn2:1336,peachtree(r) compatible continuous checks-accounting for windows 8.0-2004 version,,121.89
dn2:1337,three-to-a-page itemized invoice checks,,104.39
dn2:1338,ilford studio software for pc (windows 2000 pro xp pro),,699.99
dn2:1339,daceasy(tm) continuous checks,,121.89
dn2:1340,specialty double window envelopes to match your forms & checks,,67.49
dn2:1341,quickbooks(r),,103.99
dn2:1342,steinberg cubase studio 4 software music production software,,399.99
dn2:1343,blank laser checks,,54.99
dn2:1344,quicken(r) quickbooks(r) microsoft money(r) and simply money(r) laser checks,,88.99
dn2:1345,e-mu beat garden x for emulator x and proteus x software modules sounds for software,,69.99
dn2:1346,magix samplitude 9 professional music production software,,999.0
dn2:1347,double window envelopes to match your forms & checks,,67.49
dn2:1348,nikon pictureproject 1.6 other software,,44.95
dn2:1349,daceasy(tm) laser/inkjet checks- versions 4.3 and higher,,106.29
dn2:1350,peachtree(r) complete iii,,103.99
dn2:1351,individual software pmm-xw4 - professor teaches excel & word 2007 - win 2000 xp vista,,17.97
dn2:1352,multipurpose laser/inkjet checks,,106.29
dn2:1353,bethesda software 12000 - ihra drag racing sportsman edition - win me nt 2000 xp,,19.97
dn2:1354,daceasy(tm) continuous checks,,91.59
dn2:1355,individual software qmm-t17 - typing quick & easy 17 - win 2000 xp vista,,17.97
dn2:1356,cyma general business systems continuous checks,,121.89
dn2:1357,freeverse software 005 - solace (mac 9.1-9.x 10.1 or higher),,18.97
dn2:1358,laser checks for peachtree(r) accounting for windows 8.0-2005,,106.29
dn2:1359,freeverse software 5013 - best of the original mac games v 1.0 (mac 10.2.8 or higher),,26.97
dn2:1360,freeverse software 010 - wingnuts 2 - mac 9.1-9.x 10.1 or higher,,26.97
dn2:1361,ams200 4gb,,383820.94
dn2:1362,quicken(r) quickbooks(r) microsoft money(r) and simply money(r) continuous checks,,121.89
dn2:1363,freeverse software 6022 - big bang brain games - mac 10.3.9 or later ub,,26.97
dn2:1364,ams200 4gb,,383820.94
dn2:1365,laser/inkjet checks for peachtree(r) complete iii for dos v. 5.0-10.0,,106.29
dn2:1366,individual software edm-tb1 - typing for business - win 98 me 2000 xp,,17.97
dn2:1367,freeverse software 6002 - heroes of might and magic v - mac 10.4 or later,,43.97
dn2:1368,safari photo africa: wild earth for pc,,19.99
dn2:1369,freeverse software 7001 - burning monkey solitaire 4.0 - mac 10.3.9 or later ub,,22.97
dn2:1370,individual software prm-bp5 - business planmaker 2006 deluxe - win 98 me 2000 xp,,42.97
dn2:1371,peachtree(r) complete iii,,178.99
dn2:1372,freeverse software 006 - active lancer (mac 9.1-9.x 10.1 or higher),,18.97
dn2:1373,spector pro 6.0 from safe computer kids ltd.,,84.99
dn2:1374,quickbooks(r),,103.99
dn2:1375,frogger: the great quest for pc,,7.99
dn2:1376,m-audio pro tools m-powered mpowered 7 software - educational discount music production software,,198.95
dn2:1377,one-write(r) plus compatible laser checks,,106.29
dn2:1378,deposit slips,,55.79
dn2:1379,bratz babyz for pc,,19.99
dn2:1380,three-to-a-page payroll checks,,65.19
dn2:1381,apple software m9372z/a final cut express 2.0 upgrade,apple software,79.99
dn2:1382,laser/inkjet checks for peachtree(r) complete iii for dos v. 5.0-10.0,,106.29
dn2:1383,bethesda software 12020 - star trek - legacy - win me nt 2000 xp,,36.97
dn2:1384,laser/inkjet checks for peachtree(r) complete iii for dos v. 5.0-10.0,,106.29
dn2:1385,three-to-a-page 7 ring check binder,,20.09
dn2:1386,bethesda software 11980 - pirates of the caribbean: legend of jack sparrow - win me nt 2000 xp,,10.26
dn2:1387,quicken(r) quickbooks(r) microsoft money(r) and simply money(r) laser checks,,199.99
dn2:1388,freeverse software 4012 - 3d bridge deluxe (retail box) (mac 9.1-9.x 10.1 or higher),,22.97
dn2:1389,blank laser checks,,54.99
dn2:1390,emc fed id mgr for u/ls/a conn - fimm-unl,,443164.0
dn2:1391,webroot software inc 66410 - spy sweeper (small box) (win 98 me 2000 xp),,25.97
dn2:1392,peachtree(r) complete iii,,112.99
dn2:1393,freeverse software 5014 - toysight gold (mac 10.2 or higher),,22.97
dn2:1394,three-to-a-page disbursement checks,,65.19
dn2:1395,individual software professor teaches office xp,,25.3
dn2:1396,individual software emm-tk2 - typing instructor for kids 2.0 - win 98 me nt 2000 xp,,17.97
dn2:1397,multipurpose continuous checks,,112.99
dn2:1398,specialty double window envelopes to match your forms & checks,,67.49
dn2:1399,freeverse software 6001 - legion arena - mac 10.3.9 or later ub,,35.97
dn2:1400,specialty single window envelopes to match your forms & checks,,81.49
dn2:1401,encore software a5992jch - dk rainbow fish most beautiful fish in the ocean - win 95 98 me xp,,9.08
dn2:1402,brain play preschool-1st grade,,17.9
dn2:1403,world book 2006,,17.9
dn2:1404,musicalis universal guitar workshop,,12.9
dn2:1405,individual software pro-tsm hanes t-shirt maker deluxe,individual software,24.99
dn2:1406,printshop 20 pro publisher,,34.9
dn2:1407,individual software jce-th6 total 3d home deluxe j/c,individual software,9.99
dn2:1408,data protection security suite 2005,,59.9
dn2:1409,onone software inc. gpp-55211 - genuine fractals print pro 5 1u,,274.97
dn2:1410,print shop deluxe 21,,44.9
dn2:1411,encore software 13861 - tlc arthurs kindergarten learning system 2008,,17.97
dn2:1412,freeverse software 4001 northland,freeverse software,19.99
dn2:1413,kids power fun for girls,,15.9
dn2:1414,grass valley edius 4 broadcast video editing software professional editing software,,998.95
dn2:1415,i copydvds 2 professional edition,,27.9
dn2:1416,reader rabbit preschool,,17.9
dn2:1417,freeverse software 4012 3d bridge deluxe (retail box) for mac,freeverse software,18.99
dn2:1418,panda software upg to gatdef performa 8200 3k0 1yr - uabpgdpcavq,,139890.0
dn2:1419,microsoft ov mp wbsr vl user sl&add sl mo sub 1mo - v4k-00009,,147213.0
dn2:1420,nnm ae u/l 7.51 win-s/w td not auth to sell,,149358.98
dn2:1421,microsoft molpc l/sa csf sbe billing sbe 400pt - b7m-00202,,154550.0
dn2:1422,microsoft molpc l/sa csf sbe order handling sbe 400pt - b7m-00255,,154550.0
dn2:1423,microsoft molpc l/sa csf svr 400pt - b7n-00132,,156086.0
dn2:1424,cisco pgw2200 include redundant,,159787.95
dn2:1425,novell identity manager integration module for mainframe for 900 series mvs - (,,179952.95
dn2:1426,novell identity manager integration module for mainframe for 900 series mvs - (,,179952.95
dn2:1427,panda software upg to gatdef performa 8200 4k0 1yr - uabpgdpcavs,,186518.0
dn2:1428,emc fed id mgr for 75 conn for ct authmgr cust - fimm-75r,,218313.0
dn2:1429,microsoft ov l/sa csf svr ext cntr 2yr/acqy2 add prd - jr8-00011,,212320.0
dn2:1430,borland tdb1310wwss180 academic turbo delphi 2006 professional-cd 0728663119616,,69.34
dn2:1431,panda software bus sec 2006 3001-5k 2yr - b2pbsa6si,,26.0
dn2:1432,panda software govt gatdef 8200 av mod 251-500u 2yr - b2pgdcave-gov,,24.0
dn2:1433,emc auth mgr mnt ent/std9x5 2m per/u 20005-25000u - aut0025000es2,,12.0
dn2:1434,autodesk 52710-091462-h000 ais 10 comm new slm dvd,,3416.15
dn2:1435,emc securid appl mnt - entupg /std 22mo per u 25005-30 - app0030000us22,,13.0
dn2:1436,garfield 2nd grade - reading and phonics,,5.5
dn2:1437,fluke networks intair-lap - interpretair wlan survey - complete product - network connectivity/management - 1 user(s) - complete product - standard - pc- free shipping,,3277.97
dn2:1438,panda software bus sec 2006 w/ truprevent 251-500 3yr - b3pbsa6e-edu,,38.0
dn2:1439,microsoft d48-00369 word mac 10.0 eng gov't 659556873790,,191.94
dn2:1440,publisher 2007 upgrade - microsoft - 164-04052,,
dn2:1441,rev media 70/140gb 2 disks + sbs premium edition backup & recovery kit - iomega,,
dn2:1442,instant immersion japanese (audio book) (audio book),,19.95
dn2:1443,macromedia software ced061d520 coldfusion mx 6.1 ent upgrade,,2778.0
dn2:1444,mcafee total protection 2007 for small business adv. w/1yr gold maintenance 5-,,215.5
dn2:1445,microsoft t73-00091 molpc visio std sa,,168.03
dn2:1446,emc securid appl mnt - ent/ ext 23mo per u 40005-50k - app0050000ee23,,18.0
dn2:1447,sos aggregation company 100800101 - vw - gti racer - topware interactive - win 95 98 me nt 2000 xp vista,,25.97
dn2:1448,vivendi-universal games inc - 72305 - world of warcraft 60 day prepaid,,27.99
dn2:1449,panda software gatdef performa anti-spam mod 10-25 1yr - a1pgdpcasa-edu,,17.0
dn2:1450,emc auth mgr mnt entupg/std 9m per/u 255-500u - aut0000500us9,,14.0
dn2:1451,oem internet security suite 2007 3-user single pack,,32.85
dn2:1452,diskeeper 2007 professional,,46.95
dn2:1453,hallmark half-fold matte prem. blank greeting cards(20 pack) (paper),,10.99
dn2:1454,sea scene: living underwater worlds,,19.55
dn2:1455,autodesk psg 12911-010008-1600a,autodesk psg,58.97
dn2:1456,panda software truprevent corporate 2006 501-1k 2yr - b2prse6f,,21.0
dn2:1457,autodesk 34006-010008-160 raster design 2006 essentials,autodesk,52.99
dn2:1458,gods: lands of infinity - spec,,16.99
dn2:1459,global marketing partners icopydvds2 ultra by digital wunders,,79.9
dn2:1460,hp procurve mobility manager - ( v. 1.0 ) - license and media,,1537.06
dn2:1461,nikon capture nx software,,149.99
dn2:1462,microsoft office and windows training professional,,29.99
dn2:1463,emc securid appl mnt - ent/ std 12mo per u 755-1k - app0001000es12,,20.0
dn2:1464,elite beat agents ds,,27.63
dn2:1465,prosoft 27100 tunetech for ipod by prosoft 0794038271005,,51.11
dn2:1466,reel deal casino quest (win 95 98 me 2000 xp),,19.95
dn2:1467,encore inc - 10669 - hoyle backgammon,,7.17
dn2:1468,hewlett packard 213076-b26 secure path v4.0c win wkgp ed 1 lic/cd,,1888.39
dn2:1469,equilibrium debabelizer pro 6 0 win 1 u windows xp,,382.9
dn2:1470,rob klopfenstein toby keith yamaha - 505244 - toby keith - unleashed - smart pianosoft,,14.86
dn2:1471,borland hdb0006wwcs180 upg delphi 2006 prof nmd f/del v3 2005 pro cd,,453.71
dn2:1472,cisco 870 series-ios advanced ip services - cisco systems - s870aisk9-12404t=,,
dn2:1473,digital video& audio prod book,,27.5
dn2:1474,panda software upg to gatdef performa 8200 2k0 1yr - uabpgdpcavo-gov,,12.0
dn2:1475,microsoft w87-02380 office sbe 2007 win32,,400.34
dn2:1476,eidos interactive 40022 tomb raider: legend ds 788687400220,,19.8
dn2:1477,microsoft windows vista home basic upgrade (pc),,99.99
dn2:1478,computer associates etrarm31oem30 ez armor oem v 3.130 pack,,528.0
dn2:1479,adobe 42050106 acrobat distiller svr v6-cd sun 100u,adobe,5399.99
dn2:1480,computrace lojack for laptops - 1 year license (win 2000 xp),,49.95
dn2:1481,learn2 training for microsoft powerpoint (win 95 98 me nt 2000 xp),,9.99
dn2:1482,brain play preschool - 1st grade,,25.99
dn2:1483,symantec 11859201 be sys recovery 7.0 win sbs ed media cd m/l,,31.98
dn2:1484,panda software ent sec 2006 w/ truprevent 5k+ 2yr - b2pesa6j-edu,,27.0
dn2:1485,isi researchsoft 5331 upgrade endnote x1 5u wkstn win - plus $10 off w/ ebillme *free shipping*,,397.0
dn2:1486,emc securid appl mnt - ent/ std 9mo per u 2505-3500 - app0003500es9,,16.0
dn2:1487,backup exec 10d win adv disk v10.1 e/f/g/s/i/j/c/k full pk,,309.99
dn2:1488,crystal reports xi professional edition - complete package,,537.57
dn2:1489,emc securid appl mnt - ent/ std 17mo per u 2k5-25k - app0025000es17,,16.0
dn2:1490,ca - retail etrpp81oem30a,ca - retail,490.74
dn2:1491,masque publishing 10226 classic game trio win 95 98 me nt 2000 xp/mac 8.6-9.xclassic x v10.1 or higher,masque publishing,28.06
dn2:1492,sos aggregation company - 100800104 - buku karkuro - topware interactive,,15.95
dn2:1493,fleetwood mac yamaha - 503620 - fleetwood mac - rumours - smart pianosoft,,14.86
dn2:1494,panda software govt entsec truprevent 10-25u 2yr - ub2pesapra-gov,,44.0
dn2:1495,watchguard wg3900 high availability for firebox ii uk,,
dn2:1496,norton internet security 2008 10 user,,199.99
dn2:1497,autodesk 46206-051462-h010 inv pro 08 com legacy slm sub req dvd,,3621.61
dn2:1498,isi researchsoft 6201 reference manager 11 single user edition 0787731062117,,164.58
dn2:1499,intuit inc 299529 qb prem mfg & whlesle 07 (intuit inc 299529),,335.99
dn2:1500,emedia rock guitar method (win 95 98 me nt 2000 xp/mac 8.0),,39.15
dn2:1501,borland cpb0007wwfs190 c++builder 2007 pro dvd new user,,866.31
dn2:1502,rick vito - 320535 - rick vito - complete guide to slide guitar,,14.86
dn2:1503,emc securid appl mnt - entupg /ext 22mo per u 1005-150 - app0001500ue22,,17.0
dn2:1504,scansoft textbridge pro v.11,,68.99
dn2:1505,computer associates babwbr1151s05 bab r11.5 sp1 dro win m/l cd,,431.16
dn2:1506,ulysses against the son of hercules (mv),,10.95
dn2:1507,win 2003 ter svr cal 5pk microsoft r19-00846,,762.95
dn2:1508,microsoft ov l/sa win comp clst ed 1yr/acqy3 add prd - 73l-00098,,369.0
dn2:1509,smart steps - 4th grade (jc),,11.95
dn2:1510,hp proliant essentials server migration pack - license,,1837.2
dn2:1511,iremember 2.0 - intriguing development,,32.99
dn2:1512,symantec backup exec system recovery server edition business pack - ( v. 7.0 ) - complete package + 1 year basic maintenance - 1 user - cd - win - multi,,
dn2:1513,turbo c pro ed - codegear - tsb1310wwfs180,,
dn2:1514,crystal reports xi developer edition - business objects - w-1rd-e-wx-00,,
dn2:1515,total training for advanced flash 8 - action script,,99.99
dn2:1516,knowledge adventure 20033 jumpstart reading with karaoke,knowledge adventure,19.99
dn2:1517,getting started with sas/af(r) and frames,,11.66
dn2:1518,home bartending - 101 shooters,,9.75
dn2:1519,access 2000 vb for applications fundamentals - microsoft press - 0-7356-0592-0,,
dn2:1520,monarch std (v9.0) retail box - datawatch - fpm32c090-a01,,
dn2:1521,diskeeper 2007 administrator win up 1-pk - diskeeper corporation - 121771,,
dn2:1522,adobe 38018944dm tlp flashpaper 2 win esd1,,22.37
dn2:1523,beginner's guitar course vol. 1,,19.95
dn2:1524,adobe dreamweaver cs3 upgrade windows,,236.74
dn2:1525,10000 drink recipe - snap,,8.95
dn2:1526,marine aquarium + sharks (win 98 me 2000 xp),,9.95
dn2:1527,encore inc 28453 midway arcade treasures win 98 me 2000 xp,encore inc,19.38
dn2:1528,pearson education book: the photoshop cs2 book for digital photographers photoshop software,,44.95
dn2:1529,microsoft ho2-00003 data analyzer 2002 - complete package - 1 user,microsoft,154.99
dn2:1530,visio developing solutions - microsoft press - 0-7356-1353-2,,
dn2:1531,homespun - 641604 - norman blake's guitar techniques - dvd 1: songs instrumentals and styles,,22.13
dn2:1532,edimensional g-pad pro for playstation (playstation ii),,29.95
dn2:1533,prosafe vpn client software single user - netgear inc. - vpn01l,,
dn2:1534,freddi fish 2 - case of haunted schl hse,,7.5
dn2:1535,adobe 38000655,adobe,157.34
dn2:1536,east west bosendorfer 290,,175.97
dn2:1537,emc reinstate fee 250u base svr - reinstate-b-250,,2660.0
dn2:1538,mom standard ops mgmt lic 2005 english mlp 5 oml,,889.99
dn2:1539,kaplan sat/act/psat express,,9.99
dn2:1540,symantec symantec pcanywhere 12 0 host remote,,99.9
dn2:1541,emc securid appl mnt - entupg /std 8mo per u 105-150 - app0000150us8,,14.0
dn2:1542,emc securid appl mnt - entupg /ext 20mo per u 10-25 - app0000025ue20,,23.0
dn2:1543,internet security suite 2007 home protection pack xl box,,61.06
dn2:1544,emedia essential bass guitar dvd,,16.95
dn2:1545,microsoft office and windows training (win 98 me nt 2000 xp),,29.95
dn2:1546,hallmark card studio 2006,,29.36
dn2:1547,sunburst t02918 voyage of the mimi 020626029186,,205.98
dn2:1548,epson s020089 compatible color ink cartridge,,2.99
dn2:1549,emc keon cert auth mnt 9x5 per/u 800001-900000u - kcamnt-900000,,13.0
dn2:1550,larry carlton hal leonard - 320412 - larry carlton,,14.86
dn2:1551,symantec 10224076 sam for sgs 2.0.1-cd media pack,symantec,17.99
dn2:1552,passwords plus ( v. 1.0 ) - complete package,,28.5
dn2:1553,encore 10025 hoyle card games for pc,encore,10.0
dn2:1554,epson s041886 story teller 8 x 10 20 pages,,32.91
dn2:1555,adobe photoshop cs3 (v10.0) mac - adobe - 13102488,,
dn2:1556,emc auth mgr mnt ent/std9x5 13m per/u 1505-2000u - aut0002000es13,,19.0
dn2:1557,adobe flash cs3 (v9.0) pro win up from flash pro-basic - adobe - 38039489,,
dn2:1558,apple apple mac os x server 10 4 7 10 client,,499.0
dn2:1559,zoo tycoon for windows,,25.99
dn2:1560,panda software upg to cltshld 2006 trupr ev cltshld 51-100 1yr - ub1cs6c-gov,,12.0
dn2:1561,emedia eg04025 intermediate guitar method - complete package,emedia,53.99
dn2:1562,emc auth mgr mnt ent/ext 8m per/u 155-250u - aut0000250ee8,,24.0
dn2:1563,time money & fractions grades 1-2 workbook & cd-rom,,12.99
dn2:1564,norton systemworks 2007 premier up - symantec - 10930721,,
dn2:1565,destineer inc 10307 - age of mythology (mac 8.6-9.x (classic) x v10.1 or higher),,17.97
dn2:1566,emedia eg03014 bass method os x,emedia,53.99
dn2:1567,panda software ae gatedef 8100 antispam mod 251-500u 3yr - b3pgdbase-edu,,18.0
dn2:1568,microsoft h22-00301 gov open sa project svr w9x nt,,1995.12
dn2:1569,upgr:op6 pro 100 to op7 pro 100,,98.99
dn2:1570,ca olp bps midsize bus win r2 base+50u lic 2y entmnt - cabpmsnaen200c5,,5788.0
dn2:1571,total training for adobe creative suite 3 design premium,,279.95
dn2:1572,vmware infrastructure enterprise edition - product upgrade license,,5173.98
dn2:1573,quark inc qrkxppsptversion7 ugdsingleuser mac/win 122217,quark inc,604.5
dn2:1574,storageworks enterprise backup solution + tivoli storage manager - complete package ( 2 months ) - 1 user - evaluation - cd - win solaris tru64 - english,,
dn2:1575,sony online entertainment inc 41032 everquest: titanium win 2000 xp,sony online entertainment inc,23.09
dn2:1576,nuance communications inc. upgrade to dragon naturallyspeaking v8 legal solutions from professional v6 and up (govt) olp - a590a-sf2-8.0,,314.0
dn2:1577,ghost recon gold edition (dvd-rom),,20.95
dn2:1578,upg conn sec shell 2007 5u,,29.99
dn2:1579,trend micro nlp scanmail domino add upg 2001-5ku - smua0007,,19.0
dn2:1580,emc auth mgr mnt entupg/ext 10m per/u 30-50u - aut0000050ue10,,17.0
dn2:1581,got game entertainment - exclusive - 00050 - scratches: directors cut,,15.58
dn2:1582,language guide for nuvi 350,,79.95
dn2:1583,ibm/lotus bj0dsml tiv stor mgr v5.3.0 mp ml md pk,,259.49
dn2:1584,csdc x3mac x3: reunion - virtual programming ltd. mac 10.4 or later ub,csdc,42.6
dn2:1585,emc auth mgr mnt base 9x5 22m per/u 3505-5000 u - aut0005000bs22,,18.0
dn2:1586,dramatica pro 4 for pc,,249.99
dn2:1587,emc auth mgr mnt base 24x7 24m per/u 155-250u - aut0000250be24,,38.0
dn2:1588,warlords iii - darklords rising,,11.95
dn2:1589,autocad 2007 coursewarecustomizing the interface,,39.69
dn2:1590,backup exec (v11d) for windows servers advanced open file option - symantec - 10,,
dn2:1591,panda software clientshield 2006 w/ truprevent 5-25 1yr - b1cs6a-gov,,37.0
dn2:1592,windows sbs cal 2003 20-clt addpak device cal - microsoft - t74-00003,,
dn2:1593,sonicwall 01-ssc-2574,sonicwall,561.65
dn2:1594,avid technology inc. 70102024701 - software avid liquid chrome xe,,840.97
dn2:1595,microsoft 164-04052,microsoft,90.24
dn2:1596,eagle games egl 150 tournament poker - no limit texas hold'em,eagle games,7.95
dn2:1597,phillip keveren shannon grama - 501926 - alfred's basic piano course for children lesson book 1b disk,,23.59
dn2:1598,panda software govt truprevent corp 2001-3ku 2yr - b2prseh-gov,,16.0
dn2:1599,retrospect 7.5 prof win upg only pz24a0075,emc,54.68
dn2:1600,hp control twr pk 1blade p-class lic - 412957-b21,,176.0
dn2:1601,symantec 11281445 - antivirus v.10.2 business pack - complete product - antivirus - 100 user - complete product - standard - pc- free shipping,,2798.97
dn2:1602,microsoft windows vista business - 32-bit oem,,149.99
dn2:1603,iriscard pro,,174.99
dn2:1604,panda software ae bus sec ex truprevent 3001-5ku 3yr - b3pbsepri-edu,,28.0
dn2:1605,coreldraw graphics suite x3 upgrade windows,,184.5
dn2:1606,the stevie wonder collection,,34.95
dn2:1607,absolute software - lfl-n2-48 - computrace lojack for laptops - 4 year license,,105.68
dn2:1608,emc securid appl mnt - ent/ ext 7mo per u 1k5-15k - app0015000ee7,,15.0
dn2:1609,autodesk psg 34006-010008-1600a,autodesk psg,49.67
dn2:1610,symantec 11105975 - backup exec 11d for windows servers business pack bundle - w/ continuous protection server - complete package + 1 year essential support - 1 server - buying programs : business pack - cd - win - multi,,600.97
dn2:1611,microsoft 392-02322 ae frontpage 2003,,87.99
dn2:1612,autodesk 20610-090000-9331 a-cad mch 06 cg frm a-cad lt2004-06 addseat sub re,,2900.26
dn2:1613,nintendo ntrpawie hotel dusk: room 215 ds - nintendo ds software,,28.99
dn2:1614,topics entertainment 40248 instant immersion spanish audio book audio book,topics entertainment,23.61
dn2:1615,destineer inc 10328 scrabble mac 10.3.8 or later,destineer inc,28.16
dn2:1616,avanquest pdf-xp5-0020 expert pdf pro 5 20 user pack uk,,
dn2:1617,emc auth mgr mnt entupg/ext 15m per/u 505-750u - aut0000750ue15,,16.0
dn2:1618,viva media llc 00257 - my sim aquarium - win 2000 xp vista,,19.97
dn2:1619,ibm vmware gsx svr/vin to infra 3 starter upg - 4817v28,,25.0
dn2:1620,sony playstation gretzky nhl 2006 psp - 98627,sony,39.95
dn2:1621,cakewalk 10-cwgp3.00-90c - guitar tracks pro 3.0 (3 win 00/xp cd),,68.97
dn2:1622,sonicwall 01-ssc-6779 sonicwall email transfer mailfrontier 25u 1svr,,160.72
dn2:1623,media convergence server 7835-h2 hw/ sw callmanager 5.1 - cisco systems - mcs783,,
dn2:1624,instant immersion italian audio (audio book),,19.95
dn2:1625,adobe systems inc 13102124 adobe photoshop cs 2 mac os x v.10.2.8 to 10.3,adobe systems inc,788.63
dn2:1626,myinvoices & estimates deluxe,,39.99
dn2:1627,rosetta stone vietnamese level 1 homeschool edition cd-rom,,179.99
dn2:1628,destineer inc 10316 - destineer atari arcade classics - action/adventure - mac,,17.97
dn2:1629,avery dennison 5695 cd/dvd design kit- lables jewel - case inserts applicator & software,,26.0
dn2:1630,emc securid appl mnt - base/ ext 15mo per u 2005-2500 - app0002500be15,,19.0
dn2:1631,equisys premium support zetafax 2007 - technical support - 1 year,,286.2
dn2:1632,wasp 633808550059 wasptime rfid clock only no software wasp clock 3100 - rf proximity reader - ethernet 0633808550059,,473.25
dn2:1633,adobe after effects (v7.0) pro mac up pro-pro - adobe - 12070227,,
dn2:1634,adobe 09951404 solution expert annu all,adobe,233.99
dn2:1635,sega 68008 phantasy star universe x360 010086680089,,29.33
dn2:1636,adobe creative suite (v3.0) design premium mac - adobe - 19500009,,
dn2:1637,nuance communications 6309a-g03-11.0,nuance communications,302.11
dn2:1638,listen for ipod - magnetic time (win 2000 xp),,39.99
dn2:1639,watchguard wg017091 fb x 3 port & high avail upg,,
dn2:1640,encore 28008 cold zero,encore,21.99
dn2:1641,mcsa/mcse self-paced training kit (exams 70-292 and 70-296) upg. your,,39.95
dn2:1642,britannica deluxe 2008,,26.5
dn2:1643,word mac 2004 - microsoft - d48-00487,,
dn2:1644,microsoft r39-00292 open win svr 2003 ext conn,,1863.78
dn2:1645,sunburst t02849 fraction attract site mac,,102.0
dn2:1646,fogware publishing - 10356 - high school us history 2 - foreign policy & reform,,6.84
dn2:1647,emc ext mnt upg mellonb pro-rated 8m qty 10700 - mell-aut0015000be8,,13.0
dn2:1648,topics entertainment topics entertainment play electric guitar deluxe windows,,39.9
dn2:1649,hewlett packard vmware virtualcenter mgt svr lic sw [non-returnable],,5265.02
dn2:1650,hp t1935aa 0aa mfp dss3.0 secure workflow ltu for 4100/9000mfp 50lic in,,
dn2:1651,buzby; breakin all the rules hermie and freinds- digital pr,,15.99
dn2:1652,adobe systems inc - 29180248 - adobe photoshop elements 5.0/premiere elements 3.0,,139.51
dn2:1653,emc auth mgr mnt entupg/std 18m per/u 50005-100000u - aut0100000us18,,13.0
dn2:1654,cisco csa-b100-srvr-k9 cisco security server agent win + sol 100 agentbundle cisco security server agent - license - 100 agents - win solaris 0746320832586,,55288.67
dn2:1655,cisco pgw2200 includes redundnt,,55706.95
dn2:1656,cisco pgw2200 includes redundnt,,55706.95
dn2:1657,37510 novabackup professional edition - ( v. 7.5 ) - upgrade license - 1 user - win,,25.06
dn2:1658,raz26e mcafee preventsys risk analyzer - media - volume - win - english,,13.95
dn2:1659,851-1v150-mk-us netiq xmp modules - ( v. 1.5 ) - media - win,,22.67
dn2:1660,24p8231 ibm fastt flashcopy option - w/ volumecopy - license - 1 server,,18097.05
dn2:1661,54020543hs adobe acrobat 3d - ( v. 8 ) - version upgrade license - 1 user - gov - tlp - lev,,229.61
dn2:1662,12031 novanet media/client server - ( v. 10 ) - license - 3 additional servers - linux,,484.94
dn2:1663,o67-1-eneudvd7 systran office translator english-european language pack - ( v. 6 ) - complete p,,207.66
dn2:1664,10759333 symantec backup exec 11d for windows servers central admin server option - compl,,1219.72
dn2:1665,babwbr1151s04 brightstor arcserve backup serverless backup option for windows w/sp1 - ( v. 11.,,1031.41
dn2:1666,ma-3880-2006 imail server plus 2006 - upgrade license + 1 year service agreement - 1000 users,,1765.86
dn2:1667,10821919 symantec ghost solution suite - ( v. 2.0 ) - media - cd - win,,16.99
dn2:1668,rl296aa red hat enterprise linux ws - ( v. 4 update 4 ) - license - 1 workstation,,211.74
dn2:1669,19250096dg adobe photoshop lightroom - ( v. 1.0 ) - media - gov - tlp - cd - win mac - uni,,19.23
dn2:1670,413115-b21 hp proliant essentials lights out 100i advanced pack - license - 1 server - linu,,206.63
dn2:1671,r18-00144 microsoft windows server - license & software assurance - 1 cal - open business,,41.58
dn2:1672,hbmpi776305m1200u hostexplorer 2007 - upgrade package - 5 users - cd - win,,217.08
dn2:1673,wd-7000-0900 service agreement - ws_ftp professional software development kit technical suppo,,268.13
dn2:1674,cd269-ar1p= cisco ios enterprise/snasw plus - complete package - cd,,2150.98
dn2:1675,4px-00078 microsoft system center essentials 2007 - license - 20 clients - win - english,,379.43
dn2:1676,st. bernard software open file mgr v9.x elic most 100svr w/1yr sub - ofm-s1y-50100,,62553.0
dn2:1677,1460 vcom systemsuite professional - ( v. 7 ) - complete package - 1 user - cd - win,,36.93
dn2:1678,10547845 symantec mail security for smtp with antivirus - ( v. 5.0 ) - complete package -,,118.03
dn2:1679,serverlock manager - 100 servers,,56543.88
dn2:1680,32179 kid pix deluxe home edition - ( v. 4 ) - complete package - 1 user - cd - win m,,14.51
dn2:1681,633808344023 wasp mobileinventory combo pack with spt1550 - ( v. 3 ) - complete package - 5 u,,1194.17
dn2:1682,microsoft ov l/sa prj ext conn ul 3yr/acqyr1 - t76-01189,,56493.0
dn2:1683,t3586a hp storageworks secure path for linux workgroup edition - ( v. 3.0c ) - license,,65395.24
dn2:1684,11105070 symantec antivirus for network attached storage - ( v. 4.3 ) - media - cd - linu,,17.45
dn2:1685,01-ssc-6740 sonicwall email protection subscription - subscription license ( 2 years ) + sof,,771.92
dn2:1686,689-00971 microsoft autoroute 2007 - media - volume - dvd - win - english - europe,,21.17
dn2:1687,23102459dg adobe photoshop cs3 - ( v. 10 ) - media - gov - tlp - download - win - worldwide,,21.28
dn2:1688,20100 punch! 5 in 1 home design - complete package - 1 user - cd - win - english,,34.26
dn2:1689,avanquest usa 1461 system suit 7 professional,avanquest usa,44.99
dn2:1690,98741h mobile phonetools - ( v. 4.0 ) - complete package - 1 user - cd - win,,18.59
dn2:1691,9912231 novanet san media server plug-in - maintenance ( 1 year ) - 3 servers - win,,339.06
dn2:1692,pc anywhere (v12.0) host/ remote up - symantec - 10552372-in,,
dn2:1693,22002170 adobe acrobat standard - ( v. 8.0 ) - complete package - 1 user - cd - win - can,,295.25
dn2:1694,j8990a hp procurve mobility manager - ( v. 1.0 ) - license and media - 1 user - win,,1525.72
dn2:1695,master server-upg,,174.99
dn2:1696,22r4254 ibm vmware esx host kit - license - 1 server,,925.94
dn2:1697,ws6-eng-l-ap vmware workstation - ( v. 6 ) - license - 1 user - edu - linux - english,,129.71
dn2:1698,emc securid appl mnt - base/ ext 20mo per u 15005-20k - app0020000be20,,17.0
dn2:1699,cd26xm-ch= cisco ios ip/fw/ids - complete package - cd,,360.82
dn2:1700,cadktpr10u150 ca desktop protection suite - ( v. 1.5 ) - complete package - 10 additional user,,424.93
dn2:1701,chet baker - deep in a dream,,24.95
dn2:1702,t07-00449 microsoft business solutions crm sales standard - software assurance - 1 user -,,335.47
dn2:1703,92707 tun plus 2005 - version upgrade license - 1 user - win,,66.09
dn2:1704,nuance communications inc. dragon naturallyspeaking preferred edition 1-yr technical support olp - a109a-gf6-8.0,,27.0
dn2:1705,01-ssc-7513 sonicwall email anti-virus mcafee and sonicwall time zero - subscription license,,10319.39
dn2:1706,92708 tun plus 2005 - version upgrade license - 1 additional user - win,,66.09
dn2:1707,firebox x550e gateway antivirus intrusion prevention service 1yr - watchguard -,,
dn2:1708,12302 novanet library expansion option - upgrade license - 1 server - linux win nw,,333.31
dn2:1709,atari 26162 crusader kings mb,,21.99
dn2:1710,cwlms-2.6-ur-k9 ciscoworks lan management solution large enterprise package - ( v. 2.6 ) - licen,,17718.45
dn2:1711,11997634 symantec backup exec system recovery desktop edition business pack - ( v. 7.0 ),,52.96
dn2:1712,10759328 symantec backup exec 11d for windows servers agent for db2 on windows servers -,,644.84
dn2:1713,bhe3dus installanywhere enterprise edition - ( v. 8 ) - product upgrade license + 1 year,,4746.16
dn2:1714,activision 75283 shrek smash n crash gc 047875752832,,15.9
dn2:1715,h22-01722 microsoft office project server 2007 - media - volume - cd - win - english,,23.48
dn2:1716,01-ssc-6780 sonicwall email security transition from mailfrontier - license - 1 server 50 u,,519.03
dn2:1717,norton internet security (v3.0) mac - symantec - 10069614-in,,
dn2:1718,29500244 adobe creative suite 3 design premium - product upgrade package - 1 user - upgra,,1687.48
dn2:1719,solid chips 2book set,,201.2
dn2:1720,01-ssc-6781 sonicwall email security transition from mailfrontier - license - 1 server 250,,875.91
dn2:1721,masque 10192 slots from bally gaming,masque,18.99
dn2:1722,130-00360 microsoft visual studio team edition 2005 for software architects - complete pac,,5121.98
dn2:1723,microsoft 394-00416 opens exch svr exconn l/sa qual,,22575.14
dn2:1724,bablur1150s06 brightstor arcserve backup enterprise option for advantage ingres for linux - (,,632.18
dn2:1725,hgw hallmark card studio 2005 deluxe - complete package - 1 user - cd - win,,47.43
dn2:1726,business objects crystal reports xi,,459.99
dn2:1727,121744 diskeeper 2007 pro premier edition - complete package - 5 workstations - dvd - w,,426.58
dn2:1728,f89-00346 microsoft internet security and acceleration server enterprise edition - license,,537.72
dn2:1729,sierrahome hse hallmark card studio special edition win 98 me 2000 xp,sierrahome,19.26
dn2:1730,633808550578 wasp time pro magstripe solution - ( v. 5 ) - complete package - 5 administrator,,930.14
dn2:1731,10224341 symantec gateway security client-to-gateway vpn - license and media - 10 additio,,223.96
dn2:1732,wg3605 watchguard mobile user vpn - complete package - 5 users - cd - win - english - t,,290.68
dn2:1733,sunburst t04156 every child a reader netwk 046442532334,,484.04
dn2:1734,pd8w10p perfectdisk professional - ( v. 8.0 ) - license - 10 workstations - win,,274.72
dn2:1735,garmin bluechart mediterranean southeast,,299.0
dn2:1736,td824ll/a filemaker mobile - ( v. 8 ) - complete package - 1 user - cd - win mac palm os,,66.15
dn2:1737,rsa security securid software authenticator - license - sd820-8-60-12-500,,32.0
dn2:1738,edbuua61c emc dantz annual support & maintenance - emc replistor smb edition technical sup,,349.37
dn2:1739,cookn vegetarian,,19.99
dn2:1740,symantec backup exec 11d for windows servers agent for lotus domino server - complete package,,772.14
dn2:1741,05090 registry repair 2005 - complete package - 1 user - cd - win,,24.59
dn2:1742,11273 hasbro family game collection 2006 - complete package - 1 user - pc - cd - win,,14.51
dn2:1743,fb7-00576 microsoft encarta premium 2007 - media - volume - cd - win - french,,23.53
dn2:1744,sr2116010 safenet softremote vpn client - license - 5 users - win,,184.57
dn2:1745,hidden expedition: titanic,,15.5
dn2:1746,c8d-00006 microsoft dynamics crm small business edition - ( v. 3.0 ) - license - 20 user c,,9654.16
dn2:1747,27510889 adobe indesign cs3 - ( v. 5 ) - product upgrade package - 1 user - upgrade from,,214.55
dn2:1748,cd72-ak9= cisco ios enterprise ipsec 3des - complete package - cd,,4837.39
dn2:1749,microsoft h32-00034 sps extrnlconnnonemplyengl&s c 805529073074,,55420.56
dn2:1750,t4396a hp storageworks application recovery manager online backup - license - 1 server,,1215.87
dn2:1751,cd362-chk9= cisco ios ip/fw/ids plus ipsec 3des - complete package - cd,,3060.9
dn2:1752,cd72-ar1k9= cisco ios enterprise/snasw ipsec 3des - complete package - cd,,10576.76
dn2:1753,6809a-g03-11.0 scansoft paperport - ( v. 11 ) - complete package - 5 users - win - english,,421.17
dn2:1754,910443-004-g onweb web-to-host - ( v. 5.1 ) - upgrade license - 1 user - volume - level g ( 3,,60.44
dn2:1755,e84-00294 microsoft internet security and acceleration server - license & software assuran,,1821.09
dn2:1756,eqzfn07-220 zetafax additional lines for fax or sms - license - unlimited additional fax lin,,1412.69
dn2:1757,765205-011793 beyond contacts - ( v. 3.0 ) - license - 10 users - win palm os,,279.08
dn2:1758,eqzfn07-231 zetafax - license - 5 additional users - win,,499.17
dn2:1759,bu24a600000 emc insignia retrospect desktop - ( v. 6.1 ) - upgrade package - 2 clients - cd,,51.85
dn2:1760,164-04052 microsoft office publisher 2007 - version upgrade package - 1 pc - cd - win - en,,88.8
dn2:1761,microsoft t07-00336 ae open crm l/sa ste std usr qual,,399.91
dn2:1762,exmpi550001m1200p exceed 2007 - license + 1 year maintenance - 1 user - win,,535.08
dn2:1763,microsoft e32-00575 - sql server 2005 developer edition x64 - complete product - dbms - 1 developer(s) - complete product - standard - english - pc,,43.97
dn2:1764,babnbr1111s05 brightstor arcserve backup tape library option for netware w/sp1 - ( v. 11.1 ) -,,643.42
dn2:1765,dragon naturally speaking (v9.0) preferred wireless edition - nuance - a109x-wn4,,
dn2:1766,11888479 symantec control compliance suite - ( v. 8.5 ) - media - symantec buying program,,16.84
dn2:1767,firewall feature set complete package,,506.58
dn2:1768,24p8070 ibm fastt storage manager vmware host kit - complete package - 1 user,,712.67
dn2:1769,gods and generals,,14.88
dn2:1770,42050142 adobe acrobat distiller server - ( v. 6.0 ) - complete package - unlimited users,,15689.75
dn2:1771,microspot interiors (mac 10.2 or later),,99.95
dn2:1772,e17883d symantec backup exec for netware servers open file option - ( v. 9.2 ) - complet,,460.7
dn2:1773,procurve vpn client software unlimited client licenses,,2598.96
dn2:1774,01-ssc-7309 sonicwall cfs standard edition for sonicwall pro 1260/2040/3060/4060 - subscript,,2124.92
dn2:1775,pop up oxford spanish / english dict,,13.95
dn2:1776,10731 the print shop 22 pro publisher deluxe - complete package - 1 user - win,,84.13
dn2:1777,c7s-00024 windows live onecare - ( v. 1.5 ) - complete package - 3 pcs - cd - win - englis,,38.64
dn2:1778,299530 quickbooks premier nonprofit edition 2007 - complete package - 1 user - cd - win,,344.58
dn2:1779,af071ml ibm websphere business integration server foundation for developers - ( v. 5.1 ),,851.65
dn2:1780,pantone gps206 - reference library,,907.97
dn2:1781,bm02jml ibm websphere host integration solution for intranet for iseries - ( v. 4.1 ) -,,307.42
dn2:1782,ibm fastt storage partitions - upgrade licence - 64 storage partitions - upgrade from 16 storage partitions,,
dn2:1783,u84-00101 microsoft windows server 2003 for small business - license - 5 device cals - ope,,303.9
dn2:1784,nsa-rsm-10d enterasys netsight atlas router services manager - license - 10 devices - win s,,826.36
dn2:1785,adobe 42050142 acrobat distiller 6 lnx ret cd u/l lnx,,14967.47
dn2:1786,01-ssc-6669 sonicwall email protection subscription - subscription license ( 1 year ) + dyna,,434.84
dn2:1787,alfred's basic piano library for children - level 2 disk,,26.0
dn2:1788,bb0lgml ibm db2 everyplace database edition - ( v. 8.2.0 ) - media - cd - linux win pa,,108.95
dn2:1789,eesk1017 emc insignia eroom smb edition - ( v. 7.3 ) - complete package - 10 users - cd -,,950.92
dn2:1790,delphi 2007 pro - codegear - hdb0007wwfs190,,
dn2:1791,fw-6900-2006 ws_ftp professional 2006 - license + 1 year service agreement - 5 users - win -,,264.58
dn2:1792,encore tlc dr seuss reading learning system 2008,,17.9
dn2:1793,e17886d symantec backup exec for netware servers san shared storage option - ( v. 9.2 ),,654.28
dn2:1794,4817t02 vmware infrastructure standard - ( v. 3 ) - full subscription ( 3 years ) - 2 so,,1448.42
dn2:1795,amherst media book: digital darkroom guide with photoshop photoshop software,,29.95
dn2:1796,rfipsc2-1 ipsec vpn client - license - 1 user,,57.2
dn2:1797,29300183dm adobe creative suite 3 design standard - media - tlp tlp nonprofit - download -,,20.97
dn2:1798,s65-00393 microsoft virtual pc for mac - ( v. 7.0 ) - w/ windows 2000 - complete package -,,238.48
dn2:1799,70009 nero ultra edition enhanced - ( v. 7 ) - complete package - 1 user - cd - win,,87.76
dn2:1800,panda software active scan pro esd 1yr - bpasp12m,,22.0
dn2:1801,exmpi556001m1200p exceed powersuite 2007 - complete package + 1 year maintenance - 1 user - win,,525.45
dn2:1802,panda software upg to gatdef performa 8200 4k0 1yr - uabpgdpcavs-edu,,12.0
dn2:1803,cd374-ch= cisco ios ip/fw/ids - complete package - cd,,1072.9
dn2:1804,emc deployment mgr per/u 151-250 - webexp-00250,,4027.0
dn2:1805,4817l06 vmware consolidated backup - ( v. 3 ) - limited subscription ( 1 year ) - 2 sock,,45.47
dn2:1806,namco 15022 moto gp psp - sony psp software,,36.99
dn2:1807,122-00411 microsoft visual studio 2005 team edition for software testers - complete packag,,2184.73
dn2:1808,19300109 adobe creative suite 3 design standard - product upgrade package - 1 user - upgr,,424.74
dn2:1809,panda software enterprisecure truprevent 101-250u 3yr - ub3prpesad,,73.0
dn2:1810,432778-b21 scai software development toolkit - subscription license renewal ( 1 year ) - 1,,595.04
dn2:1811,ma265zm/a final cut express hd - ( v. 3.5 ) - media - volume - dvd - mac - multi-country,,12.98
dn2:1812,allume systems moa-w40-dem-r,allume systems,43.13
dn2:1813,11105972 symantec backup exec 11d for windows small business server agent for windows sys,,320.66
dn2:1814,emc auth mgr mnt base 24x7 8m per/u 40005-50000u - aut0050000be8,,13.0
dn2:1815,b21-00800 microsoft mappoint 2006 - complete package - 1 pc - cd - win - english,,288.48
dn2:1816,microsoft winvista bus upsa 1y acq y3 ent w/visent - 66j-01685,,144.0
dn2:1817,thq 36118 - danny phantom: urban jungle - action/adventure game - nintendo ds,,20.97
dn2:1818,cd364-ahk9= cisco ios enterprise/firewall/ids plus ipsec 3des - complete package - cd,,3290.22
dn2:1819,124-00458 microsoft visual studio team edition 2005 for software developers - complete pac,,5159.29
dn2:1820,19700045 adobe creative suite 3 web premium - complete package - 1 user - cd - mac - univ,,1691.87
dn2:1821,thq 36123 drake & josh ds 785138361239,,28.75
dn2:1822,mz24a0075 emc insignia retrospect multi server - ( v. 7.5 ) - upgrade package - unlimited,,502.04
dn2:1823,hewlett packard 302127-b21 prol essentials rdp v1.x 1u flex lic min qty 5,,119.73
dn2:1824,1950824l1 technical support - maintenance - 1 year - english,,401.18
dn2:1825,50411 spy sweeper with antivirus - complete package - 3 users - win,,38.91
dn2:1826,wg017322 watchguard gateway antivirus/intrusion prevention service - subscription license,,2758.34
dn2:1827,panda software clientshield 2006 3001-5k 2yr - b2cs6si-gov,,21.0
dn2:1828,t07-00450 microsoft business solutions crm suite module - software assurance - 1 user - op,,659.71
dn2:1829,ccl-4096 raritan commandcenter secure gateway appliance - license - 4096 additional nodes,,21823.11
dn2:1830,5325301935 snap enterprise data replicator - license - 1 additional server - linux unix w,,4401.41
dn2:1831,ca blapdskapoem30 oem arcserve backup v11.1 win 30u for laptops and desktops 0757943274004,,518.81
dn2:1832,sp32i570305m1200u connectivity secure shell 2007 - upgrade package - 5 users - cd - win,,34.22
dn2:1833,clickart 950000 - premier image pack (dvd-rom),,48.95
dn2:1834,sage (ptree) - vernfp2007rt - premium accounting for nonprofits 2007,,590.35
dn2:1835,543-03927 microsoft office outlook 2007 - media - volume - cd - win - english,,23.33
dn2:1836,the beginners bible: noah's ark activity center: activity center,,9.95
dn2:1837,aust-0150-005 employee appraiser deluxe - ( v. 5.0 ) - complete package - 1 user - download -,,231.81
dn2:1838,j2300-ipsec-ltu juniper networks ipsec license for j2300 - license - 1 device,,339.0
dn2:1839,sp32i570001m1100p connectivity secure shell 2006 - complete package + 1 year maintenance - 1 user,,74.76
dn2:1840,xbox games: sega 64031,,12.0
dn2:1841,c8a-00066 microsoft dynamics crm professional - ( v. 3.0 ) - product upgrade license - 20,,9676.92
dn2:1842,01-ssc-7494 sonicwall email protection subscription - subscription license ( 2 years ) + dyn,,12690.0
dn2:1843,38038983 adobe robohelp server - ( v. 6.0 ) - upgrade package - 1 user - cd - win - inter,,1070.64
dn2:1844,emc ju10a0075 emc retrospect 7.5 disk to disk windows emc insignia retrospect disk-to-disk - ( v. 7.5 ) - complete package - 1 server - cd - win 0093156011006,,266.92
dn2:1845,902453-006-g rumba unix-hp edition - ( v. 7.3 ) - upgrade license - 1 user - volume - level g,,93.66
dn2:1846,ra-3000 fluke reporteranalyzer - license - 3000 interfaces,,376765.44
dn2:1847,01-ssc-3363 sonicwall global management system standard edition - license - 10 nodes - win,,1835.31
dn2:1848,vbc-00002 microsoft softgrid for terminal services - ( v. 4.1 ) - license - 20 user cals -,,419.8
dn2:1849,633808920357 wasp mobileinventory network edition with wdt3200 - ( v. 3 ) - complete package,,2097.24
dn2:1850,pc treasures pct50130 sft elite suite deluxe 2007 vista compatible (pc treasures pct50130),,24.99
dn2:1851,cd374-esk9= cisco ios enterprise services - complete package - cd,,1430.53
dn2:1852,22101180 adobe acrobat capture page pack - license - 100000 pages - win,,1113.53
dn2:1853,81499 marvel ultimate alliance - complete package - 1 user - sony playstation 3,,64.8
dn2:1854,p72-00473 microsoft windows server enterprise edition - license & software assurance - 1 u,,3282.33
dn2:1855,29180162 adobe photoshop elements 4.0 plus adobe premiere elements 2.0 - complete package,,138.28
dn2:1856,38000773 macromedia director mx 2004 - complete package - 1 user - cd - win mac - univer,,1285.07
dn2:1857,quarkcopydesk ( v. 3.5 ) - version upgrade license,,56.77
dn2:1858,a209s-gd4-9.0 dragon naturallyspeaking professional - ( v. 9 ) - complete package - 1 user - c,,786.91
dn2:1859,2013001000122 details - ( v. 3.0 ) - complete package - 1 user - cd - win - english,,290.21
dn2:1860,singing coach unlimited - electronic learning products,,82.5
dn2:1861,433691-b21 hp proliant essentials power regulation manager - license - 1 server - win,,88.56
dn2:1862,pcnf0040 pc-cillin internet security 2007 - complete package - 3 users - federal - win,,29.02
dn2:1863,nuance dragon naturallyspeaking v.9.0 professional - upgrade,,212.62
dn2:1864,wg017310 webblocker - subscription license ( 1 year ) - 1 appliance,,624.36
dn2:1865,macrovision is1200eue - installshield express edition - ( v. 12.0 ) - version upgrade package - 1 user - upgrade from 4.x or later - cd - win - english,,232.97
dn2:1866,bjmt art explosion photo objects 150000 - complete package - 1 user - dvd - mac,,43.22
dn2:1867,83076 smarterm enterprise suite - ( v. 12.1 ) - upgrade license - 1 user - win,,146.42
dn2:1868,633808255022 wasp bar code fontware professional+ - complete package - 10 users - cd - win -,,242.8
dn2:1869,4817t23 vmware virtual desktop infrastructure - full subscription ( 3 years ) - 100 ente,,10914.69
dn2:1870,ap9009 powerchute plus - license and media - 1 user - cd - win,,63.86
dn2:1871,mike dowling homespun - 641634 - swing guitar - rhythm's where it's at!,,22.13
dn2:1872,print explosion deluxe 3.0: mac,,49.99
dn2:1873,432797-b21 altair pbs pro - license + 1 year support - 1 processor 2 cores - linux,,187.96
dn2:1874,knowledge adventure 785105 jumpstart explore-gr1-3 add on,,12.99
dn2:1875,t3840aa hp openview storage mirroring advanced server - ( v. 4.4.1 ) - license - 10 host,,42560.23
dn2:1876,fl37-p-k2= cisco ios ipsec 3des - product upgrade license - upgrade from cisco ios plus,,1488.8
dn2:1877,adobe software 22070152 after effects 6.5 pbupgrd,,507.0
dn2:1878,fl72-h= cisco ios rsm firewall - upgrade license - english,,4099.5
dn2:1879,rhf0211us red hat enterprise linux as premium support - red hat enterprise linux as for am,,53937.1
dn2:1880,adobe systems 27910468 adobe framemaker v.7.2 - complete product - desktop publishing - 1 user - complete product - standard - english - pc plus $10 off w/ ebillme *free shipping*,,881.0
dn2:1881,38039295dm adobe flash cs3 professional - ( v. 9 ) - media - tlp tlp nonprofit - dvd - mac,,18.88
dn2:1882,disney learning 1st-2nd grade win,,13.61
dn2:1883,46503 novanet-web - competitive upgrade license - 10 users - win,,1135.97
dn2:1884,ze4-00004 microsoft xbox live gold subscription card - subscription license ( 3 months ) -,,22.5
dn2:1885,01-ssc-7544 sonicwall email anti-virus kaspersky and sonicwall time zero - subscription lice,,9712.66
dn2:1886,n106788 veritas sitestor - ( v. 1.2 ) - media and documentation set - cd - linux win s,,68.02
dn2:1887,splashid windows mobile software for pocket pc,,29.95
dn2:1888,xsr-18xx-vpn-fw enterasys operating system base/vpn/firewall - upgrade package - 1 router - cd,,1131.29
dn2:1889,cd269-b= cisco ios ip/ipx/appletalk - complete package - cd,,291.21
dn2:1890,kutoka interactive 61208 mia's math adventure: just in time!,kutoka interactive,24.99
dn2:1891,bt00hna ibm rational robot - ( v. 6.0.0 ) - media - cd - win - english,,108.95
dn2:1892,emc auth mgr mnt base 9x5 21m per/u 2005-2500u - aut0002500bs21,,20.0
dn2:1893,babnbr1110s06 brightstor arcserve backup san option for netware - ( v. 11.1 ) - complete packa,,1038.22
dn2:1894,pafgpcmv01000p0rtpen pcmover - complete package - 1 user - cd - win,,39.14
dn2:1895,hummingbird ltd mampi665000m1100p,hummingbird ltd,175.96
dn2:1896,11105108 sygate enterprise protection - ( v. 5.1 ) - media - cd - win - english,,16.09
dn2:1897,standard anti-virus 100 users w/ 1 yr service agreement,,374.99
dn2:1898,4817l05 vmware drs - ( v. 2 ) - limited subscription ( 1 year ) - 2 sockets - win,,193.15
dn2:1899,norton systemworks 2007 premier 5-user - symantec - 10930722,,
dn2:1900,633808441159 wasp mobileinventory network edition - ( v. 3 ) - product upgrade package - 5 us,,522.73
dn2:1901,vp-wf04-00s1 kofax virtualrescan plus upgrade kit - ( v. 4.0 ) - complete package - 1 user,,879.93
dn2:1902,edelbrock 91140 thermocouple compression fitting for qwikdata,,28.39
dn2:1903,1-57408-058-x suretrak project manager - ( v. 3.0 ) - complete package - 1 user - cd - win,,436.71
dn2:1904,exmpi555300m1200u exceed 3d 2007 - upgrade package - 1 user - cd - win,,137.35
dn2:1905,symantec 10517904 - client security v.3.1 business pack - complete product - internet security - 50 user(s) - complete product - standard - pc- free shipping,,1895.97
dn2:1906,paper art volume 2: gift wrapping,,6.95
dn2:1907,633808390006 wasp mobileasset desktop edition - complete package - 1 user 1 device - win pa,,398.92
dn2:1908,01-ssc-6046 sonicwall csm update service - subscription license ( 3 years ) - 25 users,,811.53
dn2:1909,garmin bluechart micro sd xpc023r new zealand,,123.18
dn2:1910,m009a-l00-4.0 scansoft pdf create! - ( v. 4.0 ) - complete package - 1 user - cd - win - engli,,43.21
dn2:1911,ipswitch md-7330-2006 std av 1000u rnwl,,1267.29
dn2:1912,01-ssc-7172 sonicwall cfs standard edition for totalsecure 10/25 series - subscription licen,,300.54
dn2:1913,microsoft windows services for netware - ( v. 5.0 ) - complete package,,138.17
dn2:1914,babwur1151s31 brightstor arcserve backup for windows agent for mac os xw/sp1 - ( v. 11.5 ) -,,194.34
dn2:1915,p17130 adaptive server enterprise - ( v. 11.9 ) - license - 1 concurrent user - win - e,,288.57
dn2:1916,oscar hernandez - 320505 - salsa piano,,18.5
dn2:1917,cadtprnaen150 ca desktop protection suite - ( v. 1.5 ) - complete package - 5 users - win - en,,298.13
dn2:1918,webroot software inc - 31250 - spy sweeper spanish,,24.81
dn2:1919,910620-000 rumba web-to-host for as/400 - ( v. 4.2 ) - license - 1 processor - tier p30 - s,,13275.05
dn2:1920,sql server std 2005 5-clt x64 - microsoft - 228-04013,,
dn2:1921,4817v09 vmware infrastructure enterprise - ( v. 3 ) - product upgrade license - 2 socket,,4488.17
dn2:1922,omnioutliner professional 3.0 for mac,,69.99
dn2:1923,633808106058 wasp bar code labeler - complete package - 1 user - win,,37.91
dn2:1924,o-generator - learning to compose,,79.95
dn2:1925,a01-00017 microsoft office publisher 2003 - w/ microsoft digital image pro 9 - complete pa,,218.19
dn2:1926,ibm software lotus shrinkwrap ae7ntna,ibm software lotus shrinkwrap,102.23
dn2:1927,microsoft molpc isa svr ent ed 2006 25cpu lic 200pt - f89-01407,,65644.0
dn2:1928,231327-b22 hp storageworks secure path for netware workgroup edition - ( v. 3.0c ) - licens,,65395.24
dn2:1929,4817v32 vmware infrastructure enterprise - ( v. 3 ) - license - 1 blade server - 28 sock,,66031.32
dn2:1930,01-ssc-6997 sonicwall client/server anti-virus suite - subscription license ( 3 years ) - 10,,64740.21
dn2:1931,csa-b100-srvr-k9 cisco security server agent - license - 100 agents - win solaris,,64566.91
dn2:1932,cisco security server agent (windows and solaris) 100-agent bundle,,64821.43
dn2:1933,microsoft 394-00258 exchsrvrextrncon lic/sa c 400p 805529357631,,67678.14
dn2:1934,231319-b26 hp storageworks secure path for windows workgroup edition - ( v. 4.0c ) - licens,,66453.59
dn2:1935,t3558a hp storageworks secure path for hp-ux workgroup edition - ( v. 3.0c ) - complete,,66453.82
dn2:1936,sonicwall gms 1000n-incremental lic upg,,62920.89
dn2:1937,t2507ba hp openview network node manager advanced edition - ( v. 7.5 ) - complete packag,,63333.28
dn2:1938,1000pk multi pack instant pdf 4.0,,63359.99
dn2:1939,ibm totalstorage ds4800 model 84 - hard drive array,,60514.95
dn2:1940,ibm totalstorage ds4800 model 84 - hard drive array,,60514.95
dn2:1941,nft1100 netflow tracker - license - 100 devices - linux win solaris,,60376.91
dn2:1942,01-ssc-3377 sonicwall comprehensive gms 24x7 support - sonicwall gms standard edition licens,,60374.4
dn2:1943,hewlett packard 231319-b26 secure path v4.0c for windows workgroup ed 50u lics & media 0808736757386,,60190.54
dn2:1944,hewlett packard t3558a secure path hp-ux we 50 lic/cd kit 0829160172255,,60190.75
dn2:1945,nnm ae 5000 7.51 win-s/w ltu,,59742.89
dn2:1946,jboss subscription service platinum - jboss portal - technical support,,57978.95
dn2:1947,jboss subscription service platinum - jboss portal - technical support,,57978.95
dn2:1948,check point eventia analyzer 100 devices - cpmp-eva-100,,59177.0
dn2:1949,sonicwall 01-ssc-6997 3yr snwl client/server anti-virus 1000u sonicwall client/server anti-virus suite - subscription license ( 3 years ) - 1000 users 0758479069973,,58683.36
dn2:1950,sonicwall 01-ssc-6997 3yr snwl client/server anti-virus 1000u sonicwall client/server anti-virus suite - subscription license ( 3 years ) - 1000 users 0758479069973,,58683.36
dn2:1951,media made easy volume 3,,24.9
dn2:1952,individual software pmm-ss4 - professor teaches office super set - win 2000 xp vista,,33.97
dn2:1953,family tree maker 11 collector's edition,,34.9
dn2:1954,freeverse software 4015 big bang board games,freeverse software,18.99
dn2:1955,individual software prm-rce resumemaker career edition,individual software,34.99
dn2:1956,topics presents:dinosaurs,,12.9
dn2:1957,individual software qne-t15 typing quick & easy 15.0,individual software,24.99
dn2:1958,instant home design 3.0,,15.9
dn2:1959,clifford musical memory games,,12.9
dn2:1960,encore software 10590 - adventure workshop preschool 1st grade 7th ed sb cs by riverdeep,,17.97
dn2:1961,avery c32015 quick & clean business cards 250gsm matt card for use with...,,
dn2:1962,avery designpro 5 software for use with all avery printable products each,,
dn2:1963,encore software 10941 - scooby-doo frights camera mystery sb cs by riverdeep,,17.97
dn2:1964,avery c32040 business card kit containing 10 sheets of c32016 business cards...,,
dn2:1965,enfocus software pp7.0-sg-001 - pitstop pro 7.0,,558.97
dn2:1966,avery c32011 quick & clean business cards 200gsm card for use with mono...,,
dn2:1967,encore software 10731 - the print shop 22 pro publisherdeluxe sb cs by the print shop,,81.97
dn2:1968,encore software 10871 - family tree maker version 16 deluxe sb cs by family tree maker,,57.97
dn2:1969,apple ilife 06,,70.47
dn2:1970,encore software 11581 - monopoly deluxe edition by hasbro,,17.97
dn2:1971,avery c32028 quick & clean business cards 220gsm glossy card for use with...,,
dn2:1972,encore software 11041 - the print shop elements: labels& logos sb cs by the print shop,,17.97
dn2:1973,encore software 10467 - clickart 950k dvd 2006 by broderbund,,25.97
dn2:1974,avery c32096 quick & clean business cards manufactured from 250gsm linen...,,
dn2:1975,encore software 12431 - adventure workshop 8 4th-6th,,17.97
dn2:1976,mavis beacon teaches typing 16 deluxe,,34.9
dn2:1977,enfocus software ip4.0-sg-001 - instantpdf 4.0 single full,,211.97
dn2:1978,x-oom internet movies 2,,22.9
dn2:1979,encore software 13911 - 3d home architect home & landscape deluxe suite version 9,,33.97
dn2:1980,my first bible stories (jc),,9.9
dn2:1981,encore software 10114 - adventure workshop 1st-3rd grade 7th ed sb cs by riverdeep,,17.97
dn2:1982,spyware x-terminator,,24.9
dn2:1983,encore software 13891 - tlc millies math learning system 2008,,17.97
dn2:1984,avery c32016 quick & clean business cards 220gsm card for use with colour...,,
dn2:1985,encore software 10931 - the print shop design suite proed sb cs by the print shop,,105.97
dn2:1986,recover lost data,,29.9
dn2:1987,encore software 10612 - creating keepsakes scrapbook designer deluxe v.3 sb cs,,17.97
dn2:1988,the printshop pro publisher v22 deluxe dvd-rom,,69.9
dn2:1989,encore software 14111 - jeopardy! deluxe,,17.97
dn2:1990,form workshop 1200,,12.9
dn2:1991,punch software 10603 - concepts 3d cad design,,247.97
dn2:1992,imsi turbocad designer 11,,12.9
dn2:1993,encore software 13921 - 3d home architect home design deluxe version 9,,25.97
dn2:1994,high school success deluxe 2006,,7.9
dn2:1995,encore software 10561 - marine aquarium & goldfish screen saver by,,17.97
dn2:1996,dragon tales learn and fly with dragons,,17.9
dn2:1997,jumpstart kindergarten (jc),,9.9
dn2:1998,encore software 11273 - hasbro family collection 2006 sb cs by hasbro,,17.97
dn2:1999,the printshop v22 deluxe,,29.9
dn2:2000,encore software 10652 - web.com site builder & hosting suite sb by web.com,,41.97
dn2:2001,xoom movie clone 3 gold,,22.9
dn2:2002,enfocus software pp7.0-ug-001 - pitstop pro 7.0 upgr - 6.x or higher,,171.97
dn2:2003,scrapbook designer platinum,,17.9
dn2:2004,encore software 10076 - mavis beacon typing 17 standardby broderbund,,17.97
dn2:2005,reader rabbit 1st grade,,17.9
dn2:2006,encore software 10118 - adventure workshop 4th-6th grade 7th ed sb cs by riverdeep,,17.97
dn2:2007,the big mix,,36.9
dn2:2008,enfocus software ss4.0-ug-001 - upg pitstop server 4.0 single from 3.x,,677.97
dn2:2009,elementary school success deluxe 2006,,15.9
dn2:2010,encore software 13931 - 3d home architect landscape design deluxe version 9,,25.97
dn2:2011,instant immersion language lab deluxe edition,,14.9
dn2:2012,encore software 10991 - pc tools spyware doctor 2007 sbcs by pc tools,,25.97
dn2:2013,reader rabbit playtime for baby & toddler,,9.9
dn2:2014,punch software 10602 - concepts 2d cad design,,38.97
dn2:2015,clipart & more 250000 (jc),,9.9
dn2:2016,encore software 11941 - the print shop zoom,,17.97
dn2:2017,lavasoft ad-aware plus edition,,24.9
dn2:2018,enfocus software pp7.0-u1-001 - pitstop pro 7.0 upgr - 5.x or below,,257.97
dn2:2019,resume writer deluxe,,12.9
dn2:2020,encore software 13791 - super granny 3,,17.97
dn2:2021,topics entertainment reference success deluxe 2006,,22.9
dn2:2022,encore software 12421 - adventure workshop 8 1st-3rd,,17.97
dn2:2023,national geographic: forces of nature,,12.9
dn2:2024,encore software 11431 - axis & allies collectors edition sb cs by hasbro,,17.97
dn2:2025,math success deluxe 2006,,12.9
dn2:2026,encore software 11031 - calendar creator platinum sb csby riverdeep,,25.97
dn2:2027,national geographic redshift planetarium,,17.9
dn2:2028,encore software 14131 - wheel of fortune deluxe,,17.97
dn2:2029,music made easy guitar,,9.9
dn2:2030,encore software 13781 - westward,,17.97
dn2:2031,instant home design 1 (jc),,12.9
dn2:2032,encore software 11141 - fate sb cs by wild games,,17.97
dn2:2033,web shop platinum,,36.9
dn2:2034,punch software 10604 - concepts unlimited cad design,,912.97
dn2:2035,magix pictures to cd & dvd,,14.9
dn2:2036,encore software 13881 - tlc dr seuss reading learning system 2008,,17.97
dn2:2037,e-jay sound selection 2,,22.9
dn2:2038,encore software 13871 - tlc reader rabbit 1st grade learning system 2008,,17.97
dn2:2039,clifford thinking,,12.9
dn2:2040,encore software 11231 - hoyle bridge club sb cs by us playing cards,,25.97
dn2:2041,mastercook deluxe low carb edition,,17.9
dn2:2042,encore software 10691 - the print shop 22 sb cs by the print shop,,25.97
dn2:2043,high impact email marketing 3.0,,12.9
dn2:2044,encore software 10861 - family tree maker version 16 collectors edition sb cs,,81.97
dn2:2045,encore software 10119 - adventure workshop 4th-6th grade 7th edition - win xp,,18.97
dn2:2046,i spy spooky mansion deluxe i spy book and mini-cd,,17.9
dn2:2047,encore software 11611 - scrabble with bonus clue sb cs by hasbro,,17.97
dn2:2048,kids power fun for little ones,,15.9
dn2:2049,topics presents: museums of world,,12.9
dn2:2050,encore software 11191 - scrabble sb cs by hasbro,,17.97
dn2:2051,boost xp,,15.9
dn2:2052,individual software pmm-bp6 - business planmaker professional 2007 - win 98 me 2000 xp,,33.97
dn2:2053,jumpstart phonics (jc),,9.9
dn2:2054,trudys time & place house,,9.9
dn2:2055,sage software acts2005rt act! 7.0 2005,sage software,225.99
dn2:2056,the printshop 20,,19.9
dn2:2057,motu digital performer dp5 software music production software,,319.95
dn2:2058,teach yourself to sing,,9.9
dn2:2059,personal imagemanager,,22.9
dn2:2060,adobe production premium cs3 software suite for windows professional editing software,,1698.95
dn2:2061,matchbox cross town heros,,14.9
dn2:2062,h&r block taxcut premium federal software for mac and windows tax & finance software,,18.95
dn2:2063,sibelius g7 software for guitarists music production software,,113.5
dn2:2064,nero nero 7 ultra edition enhanced cd/dvd burning software for windows authoring software,,79.99
dn2:2065,apple mac os x v10.4 tiger software - single user apple & mac software,,114.0
dn2:2066,middle school math & science,,12.9
dn2:2067,ableton live 6 software - educational discount (additional license) music production software,,215.0
dn2:2068,kids power fun for kids,,15.9
dn2:2069,make finale 2006 software music production software,,424.95
dn2:2070,i copy dvds 2 ultra edition,,29.9
dn2:2071,onone software inc. pfb-10211 - pro digital frame bundle 1u,,92.97
dn2:2072,custom land designer 3d 7.0,,12.9
dn2:2073,encore software 10990 - pc tools spyware doctor 2007 - win 98 me 2000 xp,,26.97
dn2:2074,drive washer 2005,,24.99
dn2:2075,ableton live 6 software - educational discount music production software,,299.0
dn2:2076,movies on psp,,15.9
dn2:2077,steinberg wavelab studio 6 audio editing software - competitive crossgrade music production software,,199.95
dn2:2078,mavis beacon 16,,17.9
dn2:2079,bias peak le 5 software music production software,,99.0
dn2:2080,phonics success deluxe 2006,,22.9
dn2:2081,treasure mathstorm,,9.9
dn2:2082,the land before time: preschool adventure,,12.9
dn2:2083,mp3 radio recorder for ipod,,22.9
dn2:2084,marine aquarium & goldfish screen saver by encore software,,19.99
dn2:2085,tycoon pack ages 8 & up,,15.9
dn2:2086,system mechanic 6 professional,,36.9
dn2:2087,ableton live 6 software - upgrade to live 6 for owners of live 5 music production software,,219.0
dn2:2088,instant immersion translator deluxe 2.0,,22.9
dn2:2089,individual software prm-r12 resumemaker professional 12.0,individual software,29.99
dn2:2090,zone alarm pro 5,,12.9
dn2:2091,intuit quicken home and business 2007 software for windows tax & finance software,,89.95
dn2:2092,instant play electric guitar express (jc),,12.9
dn2:2093,vitec multimedia dvd toolbox-2 toolbox2 software authoring software,,394.95
dn2:2094,web page designer gold,,36.9
dn2:2095,pg music band in a box software for windows music production software,,74.95
dn2:2096,i spy treasure hunt with i spy book and mini-cd,,17.9
dn2:2097,media 100 cinestream editing & streaming software consumer video editing software,,49.95
dn2:2098,adobe after effects professional 7 software for windows effects software,,999.0
dn2:2099,topics presents: ancient civilizations,,12.9
dn2:2100,steinberg cubase 4 software music production software,,799.99
dn2:2101,simple movie maker,,12.9
dn2:2102,jumpstart 1st grade (jc),,9.9
dn2:2103,autodesk autodesk combustion 4 motion graphics software compositing software,,994.95
dn2:2104,instant landscape design 3.0,,17.9
dn2:2105,symantec norton internet security 3.0 software for macintosh apple & mac software,,89.95
dn2:2106,acid music studio 6,,59.95
dn2:2107,autodesk combustion 4.0 compositing software - win compositing software,,889.0
dn2:2108,microsoft microsoft office pro 2004 software suite - mac apple & mac software,,498.95
dn2:2109,the sims expansion collection vol 1,,8.72
dn2:2110,cakewalk sonar 6 studio edition software music production software,,279.95
dn2:2111,cisco 837 router ios ip/fw/plus 3des - cisco systems - s837chpk9-12410=,,
dn2:2112,sibelius compass music composition teaching software music production software,,119.95
dn2:2113,the city of prague philharmonic peter deneff yamaha - 504168 - the godfather trilogy - smart pianosoft,,18.5
dn2:2114,power production storyboard quick 5 software for mac and windows animation software,,299.0
dn2:2115,corel ulead dvd moviefactory 6 software for windows authoring software,,49.95
dn2:2116,resco explorer 2007 for pocketpc windows mobile software for pocket pc,,29.95
dn2:2117,bias deck 3.5 le digital audio recording software music production software,,69.95
dn2:2118,adobe after effects professional 7.0 software effects software,,998.95
dn2:2119,panda software gatdef performa web flt mod 2001-3k 3yr - a3pgdpbwfh-gov,,15.0
dn2:2120,microsoft u02-00024 open sa biztalk hipaa accltr nt 1p,,2335.47
dn2:2121,corel ulead videostudio 11 video editing and dvd authoring software for windows authoring software,,89.95
dn2:2122,steinberg sequel music software music production software,,99.99
dn2:2123,make printmusic 2006 software music production software,,75.95
dn2:2124,symantec media 11105095,symantec media,19.2
dn2:2125,sibelius auralia 2 software music production software,,113.5
dn2:2126,apple xsan san data storage consolidation and file sharing software apple & mac software,,999.0
dn2:2127,iparrot portuguese/english phrase translator software for ipod ipod software,,16.95
dn2:2128,pinnacle studio ultimate v11 video editing software for windows consumer video editing software,,129.95
dn2:2129,emc securid appl mnt - ent/ ext 22mo per u 3505-5k - app0005000ee22,,24.0
dn2:2130,sibelius sibelius 4 software music production software,,449.95
dn2:2131,adobe production studio premium software suite video software bundles,,1698.95
dn2:2132,crystal-graphics crystal 3d impact! pro animation software,,99.95
dn2:2133,cakewalk sonar 6 producers edition software music production software,,459.95
dn2:2134,steinberg wavelab studio 6 audio editing software music production software,,299.95
dn2:2135,adobe premiere pro 2.0 software professional editing software,,848.95
dn2:2136,adobe captivate 2 software for windows presentation software,,598.95
dn2:2137,microsoft t74-00086 win sbs cal 2003 20 user c sa 805529573505,,848.0
dn2:2138,h&r block taxcut home and business with state e-file efile and sage act! 8 - win tax & finance software,,73.95
dn2:2139,isi researchsoft 5229 endnote 9 academic (schools faculty & non-academics),isi researchsoft,98.99
dn2:2140,cakewalk sonar 5 producer edition music production software,,379.95
dn2:2141,microsoft office 2004 software suite oem - mac apple & mac software,,239.95
dn2:2142,ableton live 6 software music production software,,499.0
dn2:2143,enfocus software ss4.0-sg-001 - enfocus pitstop server v.4.0 - license - 1 user - standard - license - pc mac- free shipping,,2453.97
dn2:2144,absolute software lfl-n2-36 - computrace lojack for laptops - 3 year license (win 2000 xp),,85.97
dn2:2145,me too software 800001 - i copy dvds 2 (win 98 me 2000 xp),,43.97
dn2:2146,red mile entertainment 124 - aircraft power pack for ms flight simulator - win 98 me nt 2000 xp,,27.97
dn2:2147,cakewalk sonar 5 producer edition - competative upgrade music production software,,299.0
dn2:2148,black magic woman and other songs recorded by santana,,34.95
dn2:2149,nova development rgw-n10 winway resume deluxe 11.0,nova development,349.99
dn2:2150,symantec 11976505 symc backup exec sro 11d win system recovery option ml portfolio mpk,,30.24
dn2:2151,sudoku puzzle addict: unlimited edition (win 98 me 2000 xp) from global software publ na,,7.93
dn2:2152,panda software filesecure2006 26-50 1yr - b1fs6sb-gov,,22.0
dn2:2153,symantec media n18648h,symantec media,37.37
dn2:2154,rosetta stone indonesian level 1 homeschool edition cd-rom,,179.99
dn2:2155,symantec mail security (v5.0) for smtp with premium antispam 25-user - symantec,,
dn2:2156,now software nuw45e1k now up-to-date & contact for windows,now software,114.99
dn2:2157,symantec n190198 - storage exec 5.5 for windows - documentation kit,,34.97
dn2:2158,monarch std (v9.0) network starter 4-user rtl box - datawatch - fpm32c090-a04n,,
dn2:2159,topics entertainment 80542 instant immersion french 2.0 781735805428,,18.2
dn2:2160,laplink software pafgpcmv01000p0rtpen - laplink pcmover - complete product - desktop management - 2 computer(s) - complete product - standard - english - pc,,39.97
dn2:2161,1yr 24x7 gold support 1000u sup sw ud adv hw rep,,10589.99
dn2:2162,freeverse software 4001 northland,freeverse software,19.99
dn2:2163,sunburst technology t03660 - sunburst learn about life science: plants - lab pack - complete product - educational - 10 user - complete product - standard - pc mac,,114.97
dn2:2164,individual software prm-xw3 professor teaches excel & word,individual software,24.99
dn2:2165,enfocus ss3.5-ug-001 pitstop server v. 3.5 upgrade package - 1 server for windows and mac,enfocus,471.99
dn2:2166,serious magic visual communicator 2 web presentation software (windows) presentation software,,189.95
dn2:2167,smart-sound sonicfire pro 4 corporate edition - windows xp audio software for video,,448.95
dn2:2168,smart-sound sonicfire pro 4 corporate edition - mac os x audio software for video,,448.95
dn2:2169,steinberg cubase studio 4 software - competitive crossgrade music production software,,199.99
dn2:2170,eovia carrara 4 pro software - mac/win animation software,,569.0
dn2:2171,sybex book: raw 101: better images with photoshop and photoshop elements photoshop software,,24.95
dn2:2172,smart-sound sonicfire pro 4 mega bundle - mac os x audio software for video,,798.95
dn2:2173,mediapilot kit,,29.99
dn2:2174,power production power production storyboard artist software animation software,,498.95
dn2:2175,smart-sound sonicfire pro 4 - mac os x audio software for video,,198.95
dn2:2176,autodesk 52711-051462-h326 ais 11 comm cg from a-cad m 2005 dvd,,1614.24
dn2:2177,serious magic ultra master sets library 1 effects software,,339.95
dn2:2178,final-draft final draft 7 screen writing software - mac/win screen writing software,,249.95
dn2:2179,datapilot universal pro kit (win 2000 xp vista/mac 10.3.8 or later),,79.95
dn2:2180,steinberg cubase studio 4 software - educational discount music production software,,179.95
dn2:2181,cakewalk sonar 5 studio edition music production software,,229.95
dn2:2182,windows sbs premium 2003 r2 upgrade cd/dvd 5clt - microsoft - t75-01256,,
dn2:2183,avocent dsv3-sw dsview3 portfilio b 1 hub 1 spoke 5 usr software dsview - ( v. 3 ) - license - 5 users 1 hub 1 spoke - win 0636430024974,,3969.58
dn2:2184,apple mac os x server tiger - unlimited apple & mac software,,998.95
dn2:2185,panda software truprevent corporate 2006 5-25 1yr - b1prse6a,,25.0
dn2:2186,microsoft excel 2004 spreadsheet software - mac apple & mac software,,228.95
dn2:2187,laplink software pafglle104000p0rtpen - laplink everywhere v.4.0 retail edition remote management - complete product - remote management - complete product - pc,,39.97
dn2:2188,native instruments traktor dj studio 3 dj rig update from traktor dj studio 1 and 2 music production software,,99.0
dn2:2189,omniform (v5.0) premium with 20 filler lic - nuance - 8609x-w00-5.0,,
dn2:2190,webroot software inc 28310 - child safe 3-pc - win 2000 xp vista,,16.97
dn2:2191,emc securid appl mnt - entupg /ext 10mo per u 40005-50 - app0050000ue10,,13.0
dn2:2192,webroot software inc 50210 - spy sweeper w/antivirus family edition (mass merchant) - win 2000 xp,,41.97
dn2:2193,webroot software inc 50410 - spy sweeper w/antivirus family edition (small box) - win 2000 xp,,41.97
dn2:2194,individual software prm-xw3 professor teaches excel & word,individual software,24.99
dn2:2195,freeverse software 006 active lancer,freeverse software,18.99
dn2:2196,interscan viruswall 25 user - trend micro - vwscwwe6xybupn-25,,
dn2:2197,individual software jce-wn5 professor teaches windows j/c,individual software,9.99
dn2:2198,individual software prm-wn5 professor teaches windows xp,individual software,24.99
dn2:2199,emc cz24h6175 emc retrospect 7.5 client 5pk windows emc insignia retrospect clients - ( v. 7.5 ) - upgrade package - 5 clients - cd - win 0093156011419,,47.26
dn2:2200,bias peak pro 5 software music production software,,499.0
dn2:2201,adobe 22101251dg glp acrobat capture v3 win cd set,,20.13
dn2:2202,encore software 10599 - encore registry mechanic v.5.1 - complete product - utility - 1 user(s) - complete product - standard - pc,,25.97
dn2:2203,abacus software s546 usa extreme landscapes for fs2004 and fs2002 - 3cd set,abacus software,28.99
dn2:2204,encore software 12391 - encore math advantage 2008 - educational - pc,,33.97
dn2:2205,emc securid appl mnt - base/ ext 14mo per u 505-750 - app0000750be14,,23.0
dn2:2206,encore software 10450 - encore high school advantage v.2007 - complete product - training/wbt - 1 user - complete product - standard - pc,,25.97
dn2:2207,encore software 12021 - encore cool tools for xp - utility - pc,,17.97
dn2:2208,encore software 10610 - encore creating keepsakes scrapbook designer platinum - complete product - creativity application - 1 user - complete product - standard - pc,,33.97
dn2:2209,encore software 10038 - encore the print shop v.21.0 deluxe - print management - pc,,41.97
dn2:2210,guild 2: pirates of the seas,,23.99
dn2:2211,ahead software 70115 - nero 7 ultra edition enhanced mini pc & home entrmnt soln,,83.97
dn2:2212,encore software 11181 - encore monopoly here & now - board game - pc,,17.97
dn2:2213,upg crystal reports 11 pro french,,264.99
dn2:2214,apple/emagic logic pro 7.2 software upgrade music production software,,259.95
dn2:2215,encore software 12361 - encore elementary advantage 2008 - training/wbt - pc,,33.97
dn2:2216,apple/emagic logic pro 7.2 software music production software,,999.0
dn2:2217,adobe audition 2.0 audio production software - educational discount audio software for video,,148.95
dn2:2218,panda software ae gatedef 8050 antispm mod 5001-7500 3yr - b3pgdaasj-edu,,14.0
dn2:2219,native instruments traktor dj studio 3 - software based dj rig music production software,,199.0
dn2:2220,expression blend cd/dvd edu-english - microsoft - phj-00040,,
dn2:2221,make finale 2007 software - educational discount music production software,,289.95
dn2:2222,panda software ae clientshield truprev 2001-3ku 3yr - b3csprh-edu,,24.0
dn2:2223,nikon image authentication software other software,,499.95
dn2:2224,ventura 10 dvd,,662.5
dn2:2225,emc securid appl mnt - base/ std 6mo per u 1505-2k - app0002000bs6,,14.0
dn2:2226,intuit quickbooks simple start edition 2007 software for windows tax & finance software,,83.95
dn2:2227,intuit quickbooks pro 2007 software for windows tax & finance software,,179.95
dn2:2228,mp3 maker 12 deluxe: windows,,29.99
dn2:2229,emc auth mgr mnt base 24x7 10m per/u 7505-10000u - aut0010000be10,,15.0
dn2:2230,ik multimedia groovemaker 2.5 live-remixing liveremixing software music production software,,59.95
dn2:2231,checkpoint zonelabs cpzl-media1-zap-wf,checkpoint zonelabs,26.13
dn2:2232,bling software limited - 05013 - 123 movies 2 ipod w/ av cables umd size,,26.14
dn2:2233,corel intervideo windvd 8 gold software for windows authoring software,,49.95
dn2:2234,symantec 11105054 sym web sec win 3.0 media cd en,,17.49
dn2:2235,avid xpress pro hd video editing software - academic - win and mac professional editing software,,295.0
dn2:2236,instant immersion italian platinum (win 95 98 me nt 2000 xp),,129.99
dn2:2237,pinnacle mobile media organizer software for windows ipod software,,39.95
dn2:2238,adobe acrobat (v8.0) pro win up from std - adobe - 22020452,,
dn2:2239,microsoft powerpoint 2004 software - mac apple & mac software,,228.95
dn2:2240,autodesk maya 8.5 complete 3d animation software - slm animation software,,1989.95
dn2:2241,h&r block taxcut premium federal and state software for windows - usb tax & finance software,,29.95
dn2:2242,the sage group plc act! prem f/web 2005 upg assr 2pts lvl b 25-149pts - actua70wb6qb,,114.0
dn2:2243,final-draft final draft av 2.5 screenwriting software - mac/win screen writing software,,199.95
dn2:2244,digidesign pro tools hd 7.3 software upgrade music production software,,199.0
dn2:2245,adobe 61028030dg glp pdf gen ps-distiller lnx cd clp tlp 7.2,,20.0
dn2:2246,lynda 02384 - .com - final cut pro 5 beyond the basics (5 macosx dvd),,63.97
dn2:2247,make finale allegro software music production software,,164.95
dn2:2248,victory multimedia swolf6r submitwolf v6.0 9x/me/nt/2k/xp - by trellian llc *free shipping*,,145.0
dn2:2249,final-draft scriptwriter's suite 2.5 screenwriting software - mac/win screen writing software,,279.95
dn2:2250,intuit quicken premier 2007 software for windows tax & finance software,,73.95
dn2:2251,freeverse software 5003 bumpercar 2.0 mac web browser,freeverse software,28.99
dn2:2252,steinberg wavelab studio 6 audio editing software - educational discount music production software,,149.95
dn2:2253,designing forms with microsoft office infopath 2007,,36.39
dn2:2254,make finale 2007 software music production software,,429.95
dn2:2255,arcserve bkup protection suite exch r11.5 upg-v prod only,,2249.99
dn2:2256,mackie tracktion 3 project bundle music production software,,99.99
dn2:2257,adobe 22011152 audition2 win retail ue 1u,,296.2
dn2:2258,encore software 10478 - encore printmaster v.17.0 gold - complete product - creativity application - 1 user(s) - complete product - standard - pc,,17.97
dn2:2259,encore software 10546 - encore tlc star flyers 2nd grade learning system 2007 - complete product - educational - 1 user - complete product - standard - pc mac,,17.97
dn2:2260,encore software 10647 - encore math advantage 2007 - complete product - educational - 1 user - complete product - standard - pc,,17.97
dn2:2261,symantec antivirus (v10.2) sbs for workstations/ network servers 5-user - symant,,
dn2:2262,encore software 12441 - encore spongebob squarepants typing fun - time management,,17.97
dn2:2263,sco operations unixware v.7.1.4 - license - da400-uw00w-7.1.4,,75.0
dn2:2264,encore software 12371 - encore middle school advantage 2008 - training/wbt - pc,,33.97
dn2:2265,preston reed homespun video - 641054 - the guitar of preston reed,,29.4
dn2:2266,encore software 12491 - encore kissing canines - screen saver,,17.97
dn2:2267,panda software webadmin 101-250u 1yr - b1aspwad,,37.0
dn2:2268,encore software 460001 - the big box of art 410000 95/98/me/nt4/w2k/xp (win 95 98 me nt 2000 xp),,17.97
dn2:2269,citrix sys mw73htc1000 metaframe conf mgr 3.0-media kit,citrix sys,45.99
dn2:2270,onone software inc. gfn-42001 - genuine fractals print pro v.4.1 with nik sharpener pro 2.0 - license - standard - license - pc mac,,320.97
dn2:2271,1998 sourcebase cd-rom,,69.95
dn2:2272,encore software 10566 - encore hoyle card games 2005 - complete product - sports game - 1 user - complete product - standard - pc,,17.97
dn2:2273,encore software 12411 - encore adventure workshop preschool-1st grade 8th edition - educational - pc,,17.97
dn2:2274,encore software 10374 - encore professor fuji's sudoku deluxe - complete product - educational game - 1 user(s) - complete product - standard - pc,,17.97
dn2:2275,vpn manager 10 fireboxes - watchguard - wg4010,,
dn2:2276,encore software 10033 - encore the print shop v.21.0 - complete product - print management - 1 user(s) - complete product - standard - pc,,25.97
dn2:2277,encore software 10476 - encore home and business lawyer 2006 deluxe - complete product - legal reference - 1 user - complete product - standard - pc,,17.97
dn2:2278,encore software 10593 - encore tlc clue finders math learning system 2007 - complete product - educational - 1 user - complete product - standard - pc mac,,17.97
dn2:2279,encore software 12511 - encore alien disco safari - action/adventure - pc,,17.97
dn2:2280,encore software 10676 - encore hoyle casino 2007 - complete product - puzzle game - 1 user - complete product - standard - pc,,17.97
dn2:2281,sibelius sibelius 4 software - educational discount music production software,,249.95
dn2:2282,microsoft 059-03871 molpc word sa,,111.78
dn2:2283,masque 10194 slots from bally gaming pc,masque,18.99
dn2:2284,intuit quicken deluxe 2007 software for windows tax & finance software,,54.95
dn2:2285,panda software bus sec 2006 w/ truprevent 251-500 3yr - b3pbsa6e-gov,,48.0
dn2:2286,steinberg cubase 4 software - competitive crossgrade music production software,,399.99
dn2:2287,donny hathaway yamaha - 503770 - a donny hathaway collection - smart pianosoft,,14.86
dn2:2288,encore software 10485 - encore printmaster v.17.0 platinum - complete product - creativity application - 1 user - complete product - standard - pc,,33.97
dn2:2289,computer associates mdlweb99000352 model web publisher 3.52,computer associates,835.99
dn2:2290,encore software 25005 - encore marine aquarium v.2.0 - complete product - screen saver - 1 user(s) - complete product - standard - pc mac,,18.97
dn2:2291,emc keon web passport per/u 40001-50000u - kwp-500000,,18.0
dn2:2292,sibelius groovy music teaching software music production software,,59.95
dn2:2293,roxio easy media creator 9 suite software for windows authoring software,,98.95
dn2:2294,emc auth mgr mnt ent/ext 21m per/u 200005-500000 - aut0500000ee21,,15.0
dn2:2295,freeverse software 4024 - freeverse robin hood - the legend of sherwood - strategy game - mac,,26.97
dn2:2296,3mds network operations managerdiy annual subscptn 101 500u,,144.63
dn2:2297,sibelius photoscore professional scanning software music production software,,179.95
dn2:2298,corel intervideo dvd copy 5 platinum software for windows authoring software,,49.95
dn2:2299,sunburst to6090 key skills for math: subtracti,,47.99
dn2:2300,intuit quicken basic 2007 software for windows tax & finance software,,29.95
dn2:2301,emc securid appl mnt - base/ std 8mo per u 2505-3500 - app0003500bs8,,15.0
dn2:2302,student home learning system,,109.99
dn2:2303,corel intervideo dvd copy 5 express software for windows authoring software,,29.95
dn2:2304,power production power production storyboard artist v4.2 software animation software,,749.0
dn2:2305,adobe premiere elements 3.0,,89.99
dn2:2306,steinberg cubase 4 software - educational discount music production software,,349.95
dn2:2307,solid gold,,29.95
dn2:2308,freeverse software 4015 big bang board games,freeverse software,18.99
dn2:2309,individual software pro-tsm hanes t-shirt maker deluxe,individual software,24.99
dn2:2310,onone software inc. mpr-40212,onone software inc.,66.27
dn2:2311,make songwriter software music production software,,37.95
dn2:2312,freeverse software 010 wingnuts 2 - raina's revenge,freeverse software,23.95
dn2:2313,business objects t-59j-e-56-wx crystal rpt 11 report essentials cbt,,178.49
dn2:2314,freeverse software 4024 robin hood: the legend of sheerwood,freeverse software,28.99
dn2:2315,systran - boxed b67-1-enwdvd7,systran - boxed,401.8
dn2:2316,panda software filesecure2006 w/ truprevent 1001-2k 2yr - b2fs6g-gov,,20.0
dn2:2317,ringtone media studio 2.0 (bil,,14.99
dn2:2318,cisco ciscoworks v.6.1 for windows - upgrade - cww-6.1-win-mr,,225.0
dn2:2319,individual software jce-wn5 professor teaches windows j/c,individual software,9.99
dn2:2320,office mac 2004 - microsoft - 731-01002,,
dn2:2321,individual software prm-wn5 professor teaches windows xp,individual software,24.99
dn2:2322,firebox x550e gateway antivirus intrusion prevention service 1yr - watchguard -,,
dn2:2323,freeverse software 005 solace,freeverse software,18.99
dn2:2324,aspyr media 10900 star wars battlefront mac,aspyr media,39.99
dn2:2325,freeverse software 006 active lancer,freeverse software,18.99
dn2:2326,yamaha - 501253 - sue downs - sue's noodles,,22.13
dn2:2327,windows vista business sp - microsoft - 66j-00063,,
dn2:2328,punch software 17100 punch! super home suite,punch software,45.99
dn2:2329,flyboys squadron mac,,24.99
dn2:2330,microsoft student with encarta premium 2008 - complete package,,43.6
dn2:2331,software cinema dvd-rom: dvdrom: the painted portrait for photographers (training) photoshop software,,124.95
dn2:2332,phillip keveren - 501056 - hollywood volume 1,,23.59
dn2:2333,synercard 962011004 asure id express software and quick 754563863694,,498.57
dn2:2334,webroot software inc 17210 - window washer - win 98 me 2000 xp,,25.97
dn2:2335,ca iss2007lec10 ca internet sec ste 2007 w/warranty xl box ecommerce 10u 0757943317589,,153.86
dn2:2336,webroot software inc 28410 - child safe - win 98 me 2000 xp vista,,34.97
dn2:2337,panda software ae gatedef 8050 av mod 1001-2ku 1yr - b1pgdaavg-edu,,16.0
dn2:2338,csdc jc212 spanish 1-2-3 - on hand software,csdc,9.99
dn2:2339,computer associates ca server protection r3.1 base & 5u spa [non-returnable],,628.82
dn2:2340,panda software dominosecure 101-250 1yr - b1ds6d,,22.0
dn2:2341,panda software gatdef performa anti-mal ware mod 251-500 1yr - a1pgdpbave-gov,,20.0
dn2:2342,onone software ele-10211 - on1 essentials v.1.0 for photoshop elements - complete product - graphics/designing - 1 user - complete product - standard - english - pc mac,,50.97
dn2:2343,microsoft windows vista ultimate upgrade,,239.95
dn2:2344,sony media software cinescore soundtrack creation software audio software for video,,179.95
dn2:2345,software cinema dvd rom: how to wow - best of photoshop cs2 (training) photoshop software,,124.95
dn2:2346,onone software pps-30212 - on1 plug-in suite v.3.0 for adobe photoshop - upgrade - image collection/editing/archive - pc mac intel-based mac,,274.97
dn2:2347,symantec pcanywhere 11.0 - windows,,19.99
dn2:2348,punch software 86100 - prof home design platinum v10 sb - win 98 me nt 2000 xp,,84.97
dn2:2349,avanquest pdf-xp5-0005 expert pdf pro 5 5 user pack uk,,
dn2:2350,software cinema dvd-rom: dvdrom: photoshop cs2 combo set with extras (training) photoshop software,,299.0
dn2:2351,sonicwall comprehensive gateway security for tz 150 series 25 node - sonicwall -,,
dn2:2352,emc auth mgr mnt ent/ext 17m per/u 2505-3500 u - aut0003500ee17,,22.0
dn2:2353,sound studio 3 for mac,,79.99
dn2:2354,individual software prm-r12 resumemaker professional 12.0,individual software,29.99
dn2:2355,emc auth mgr mnt base 24x7 2m per/u 30-50u - aut0000050be2,,15.0
dn2:2356,encore software 32179 - encore kid pix deluxe 4 home edition - complete product - graphics/designing - 1 user(s) - complete product - standard - pc mac,,17.97
dn2:2357,panda software gatdef performa anti-spam mod 2001-3k 1yr - a1pgdpcash-gov,,14.0
dn2:2358,knowledge adventure inc. - 20223 - jumpstart world 1st grade - mini box,,16.93
dn2:2359,bling software limited 873172050209 - safekeeper plus - win 2000 xp,,35.97
dn2:2360,t-shirt factory deluxe 3.0,,27.99
dn2:2361,beginning web matrix starter kit-microsoft - microsoft press - 0-7356-1856-9,,
dn2:2362,century software tt-5 - century tinyterm v.4.2x - complete product - emulation - 5 user(s) - complete product - standard - pc,,395.97
dn2:2363,outlook 2007 edu - microsoft - 543-03865,,
dn2:2364,onone software inc. mpr-40212 - on1 mask pro v.4.0 - upgrade - graphics/designing - 1 user - upgrade package - standard - pc mac,,66.97
dn2:2365,mindjet inc. mm7m - mindjet mindmanager 7 mac single user w/wmedia,,112.97
dn2:2366,quark 119700 quarkxpress 6.5 mac,quark,736.99
dn2:2367,cisco csa-b250-dtop-k9 cisco security desktop agent win + sol 250 agent bundle cisco security desktop agent - license - 250 agents 0746320832500,,10267.54
dn2:2368,intuit inc 284216 qckbks prem nonprofit ed 2005,,404.0
dn2:2369,adobe soundbooth cs3 audio editing software - windows music production software,,198.95
dn2:2370,intuit quickbooks customer manager 2.5 for windows tax & finance software,,79.95
dn2:2371,word mac 2004 upgrade - microsoft - d48-00488,,
dn2:2372,century software ttpl-1 - century tinyterm plus v.4.0 - complete product - connectivity/data acess - 1 user(s) complete product - standard - english - pc,,188.97
dn2:2373,nuance communications inc. - m009a-l00-4.0 - pdf create v4 english,,46.42
dn2:2374,onone software inc. gpp-55212 - upg genuine fractals print pro 5 1u,,66.97
dn2:2375,aec software 2073001000122 - aec details v.3.0 - complete product - project management/version control - 1 user(s) - complete product - academic - english - pc,,89.97
dn2:2376,microsoft b21-00806 ae mappoint 2006 cd,,50.39
dn2:2377,onone software inc. gfs-50212 - on1 genuine fractals v.5.0 - upgrade - image editing - 1 user - pc mac intel-based mac,,66.97
dn2:2378,onone software inc. pfp-30002 - photoframe v.3.0 pro - upgrade - image editing - 1 user(s) - version upgrade - standard - pc mac,,66.97
dn2:2379,aec software 10101090220000101 - aec fasttrack schedule v.9.0 - complete product - project management/version control - 1 user(s) - complete product - standard - mac,,348.97
dn2:2380,punch software 13100 - punch! ultimate deck & landscape - complete product - creativity application - 1 user(s) - complete product - standard - pc,,29.97
dn2:2381,onone software inc. ppi-12005 - pro photo essentials plug in suite & iview mediapro 3,,450.97
dn2:2382,visual c .net step by step - microsoft press - 0-7356-1289-7,,
dn2:2383,holdan edius nx express for hdv - realtime dv / hdv video production,,1232.58
dn2:2384,century software tt-1 - century tinyterm v.4.3x - emulation - 1 user(s) - english french german spanish italian polish portuguese - pc,,120.97
dn2:2385,symantec 10725608 - norton internet security 2007 - internet security - 1 user(s) - pc,,64.97
dn2:2386,hewlett packard ba154aa dp open file agent win 5wkst ltu,,320.44
dn2:2387,encore 10023 hoyle mahjongg for pc,encore,6.99
dn2:2388,corel corporation ptr9engpcma ae painter ix win/mac,,89.99
dn2:2389,sat act & psat 2007 platinum,,29.85
dn2:2390,cakewalk sonar home studio 6 software music production software,,99.0
dn2:2391,office pro 2007 upgrade - microsoft - 269-10294,,
dn2:2392,netopia sw2510p,netopia,586.77
dn2:2393,autodesk maya 8.5 unlimited 3d animation software - slm animation software,,6998.5
dn2:2394,iolo technologies ds3e25,iolo technologies,336.3
dn2:2395,instant immers french dlx 2,,27.57
dn2:2396,cakewalk project5 version 2 software music production software,,199.0
dn2:2397,adobe premiere elements 3 and photoshop elements 5 software for windows consumer video editing software,,149.95
dn2:2398,macrovision corporation consumer s/w update 4.0 tier 3 rnwl 5k-9999 - up04003j,,3159.0
dn2:2399,cakewalk sonar home studio 6 xl software music production software,,159.0
dn2:2400,nova development bsw business plan writer deluxe 8.0,nova development,94.99
dn2:2401,individual software jce-th6 total 3d home deluxe j/c,individual software,9.99
dn2:2402,freeverse software 4012 3d bridge deluxe (retail box) for mac,freeverse software,18.99
dn2:2403,emc auth mgr mnt base 9x5 23m per/u 7505-10000u - aut0010000bs23,,17.0
dn2:2404,topics entertainment cs-50613 snap! 8 player poker 5 pack,,18.99
dn2:2405,microsoft r18-00908 windows server 2003 client access license 20-pack (per user),microsoft,688.99
dn2:2406,individual software prm-rce resumemaker career edition,individual software,34.99
dn2:2407,individual software qne-t15 typing quick & easy 15.0,individual software,24.99
dn2:2408,corel intervideo windvd 8 platinum software for windows authoring software,,69.95
dn2:2409,microsoft powerpoint mac 2004 version upgrade,,89.99
dn2:2410,brocade comm 4100 secure fabric os w/2yr sw sup - br-3900sec-02-t,,9534.0
dn2:2411,native instruments traktor dj studio 3 - software based dj rig music production software,,124.5
dn2:2412,corel ulead videostudio 11 plus software for win - educational license authoring software,,89.95
dn2:2413,ik multimedia groovemaker le live-remixing liveremixing software music production software,,29.99
dn2:2414,anti-spyware 3.0 win normal 1u - new,,24.99
dn2:2415,adobe after effects cs3 professional software for windows effects software,,998.95
dn2:2416,antivirus 2007 win uk - ca - av2007dgbp01e,,
dn2:2417,emc securid appl mnt - ent/ ext 23mo per u 5005-7500 - app0007500ee23,,23.0
dn2:2418,panda software gatdef performa anti-mal ware mod 3001-5k 2yr - a2pgdpaavi-edu,,18.0
dn2:2419,h&r block taxcut home and business with state and e-file efile software for windows tax & finance software,,73.95
dn2:2420,intuit quickbooks premier professional services edition 2007 software - win tax & finance software,,349.95
dn2:2421,emc securid appl mnt - ent/ std 5mo per u 30005-40k - app0040000es5,,13.0
dn2:2422,h&r block taxcut premium federal and state with e-file efile software - mac/win tax & finance software,,54.95
dn2:2423,vitec multimedia mpeg toolbox-2 toolbox2 software authoring software,,149.95
dn2:2424,zetafax 10u tech support annual technical support pack,,109.99
dn2:2425,individual software prm-ss3 - professor teaches office super set (mass merchant box) (win 98 me 2000 xp),,27.97
dn2:2426,individual software pmm-ss3 - professor teaches office super set (small box) (win 98 me 2000 xp),,27.97
dn2:2427,ik multimedia ez-mixer ezmixer software music production software,,29.99
dn2:2428,emc insignia retrospect server client - ( v. 7.5 ) - complete package,,181.97
dn2:2429,encore software 11770 - risk ii - win 95 98,,7.69
dn2:2430,encore software 10565 - hoyle card games 2007 - win 98 me 2000 xp,,18.97
dn2:2431,encore software 11230 - hoyle bridge club - win 2000 xp,,26.97
dn2:2432,encore software 11960 - hoyle casino 3d - win 98 me 2000 xp,,7.69
dn2:2433,encore software 11190 - scrabble - win 98 me 2000 xp,,18.97
dn2:2434,encore software 10741 - the print shop 22 deluxe sb cs by the print shop,,42.97
dn2:2435,encore software 13790 - super granny 3 - win 98 me 2000 xp vista,,18.97
dn2:2436,encore software 10072 - mavis beacon typing 17 deluxe by broderbund,,33.97
dn2:2437,encore software 12510 - alien disco safari - win xp vista,,18.97
dn2:2438,encore software 11620 - axis & allies - win 98 me 2000 xp,,7.69
dn2:2439,encore software 10463 - clickart fonts (2006) by encore,,17.97
dn2:2440,encore software 13840 - defcon: global nuclear domination game - win 98 me 2000 xp vista,,18.97
dn2:2441,encore software 10279 - sharks 2.0 (win 95 98 me 2000 xp/mac 10.1 or higher),,18.97
dn2:2442,encore software 10675 - hoyle casino 2007 - win 98 me 2000 xp,,18.97
dn2:2443,encore software 10662 - hoyle jewels: swap & drop - win 98 me 2000 xp,,7.69
dn2:2444,encore software 14120 - jeopardy jc - win 98 me 2000 xp,,7.69
dn2:2445,encore software 11272 - hasbro: family collection (2006) - win 98 me 2000 xp,,18.97
dn2:2446,encore software 10313 - professor fujis sudoku (win 98 me 2000 xp),,8.27
dn2:2447,mobi-cam 70008 monitoring and notification software,mobi-cam,89.69
dn2:2448,encore software 11182 - monopoly here & now - win 98 me 2000 xp,,18.97
dn2:2449,encore software 10393 - network now! pro by encore,,33.97
dn2:2450,encore software 11253 - brain food games: cranium collection 2006 sb cs by encore,,17.97
dn2:2451,encore software 10569 - hoyle puzzle games 2007 - win 98 me 2000 xp,,18.97
dn2:2452,encore software 11050 - hoyle 4-pack 2006 - win 98 me 2000 xp,,18.97
dn2:2453,encore software 14110 - jeopardy! deluxe - win 2000 xp vista,,18.97
dn2:2454,encore software 11930 - hoyle south beach solitaire - win 98 me 2000 xp,,7.69
dn2:2455,encore software 10671 - hoyle kids games - win 98 me 2000 xp,,7.69
dn2:2456,encore software 11192 - scrabble champion edition - win 98 me 2000 xp,,18.97
dn2:2457,encore software 10636 - 3d home architect landscape v.8by,,25.97
dn2:2458,encore software 10673 - hoyle casino 2007 - win 98 me 2000 xp,,18.97
dn2:2459,encore software 33041 - country varmint hunter - win 98 me 2000 xp,,8.44
dn2:2460,encore software 11861 - jewels of cleopatra - win xp vista,,18.97
dn2:2461,encore software 11430 - axis & allies collectors edition - win 98 me 2000 xp,,18.97
dn2:2462,encore software 10655 - hoyle bridge - win 98 me 2000 xp,,7.69
dn2:2463,encore software 33027 - hoyle texas holdem (win 98 me 2000 xp),,8.44
dn2:2464,encore software 10149 - chicken hunter license to grill (win 98 me 2000 xp),,7.69
dn2:2465,encore software 10760 - chicken hunter wanted - win 98 me 2000 xp,,7.69
dn2:2466,encore software 10027 - hoyle board games (win 98 me 2000 xp),,7.47
dn2:2467,encore software 10032 - the print shop 21 essentials by broderbund,,17.97
dn2:2468,encore software 11052 - hoyle: classic collection 2006 - win 98 me 2000 xp,,18.97
dn2:2469,encore software 11180 - monopoly here & now - win 98 me 2000 xp,,18.97
dn2:2470,encore software 10444 - elementary school advantage 2007 sb cs by encore,,25.97
dn2:2471,global marketing partners mcid - global marketing magicard id professional software - educational software - complete product,,210.97
dn2:2472,the sky 6 professional edition - astronomy software,,189.95
dn2:2473,computer associates babwbr1151s33 - brightstor arcserve backup client for vss software snap-shot v.11.5 for windows with service pack 1 - add-on - backup & recovery - 1 server(s) - complete product - standard - multilingual - pc,,799.97
dn2:2474,turtle-beach used wave 2-0 20 software for windows software & plug ins,,19.95
dn2:2475,spectrasonics sample dvd: ethno techno sage xpander sounds for software,,98.95
dn2:2476,east west propack for garageband av production software,,152.96
dn2:2477,final-draft final draft 7.0 with syd fields workshop bundle screen writing software,,247.95
dn2:2478,digidesign music production toolkit music production software,,495.0
dn2:2479,microsoft word 2004 upgrade for mac os x apple & mac software,,108.95
dn2:2480,qp card qp colorkit 1 color management software,,99.95
dn2:2481,corel ulead dvd workshop 2 authoring software,,299.95
dn2:2482,adobe audition 2.0 software pro audio digital editing environment for windows upgrade version.,,122.95
dn2:2483,madison media software asams7000 - sony creative software acid music studio v.7.0 - music editing/composing - pc,,44.97
dn2:2484,madison media software ssda3000 - sony sound effects series vol 1 through 10,,370.97
dn2:2485,adobe photoshop cs3 extended software full version for windows,,969.0
dn2:2486,phase one capture-one pro dslr raw image editing software for macintosh & windows.,,399.95
dn2:2487,encore software 10282 - sharks 2.0 (win 95 98 me 2000 xp/mac 10.1 or higher),,18.97
dn2:2488,filemover software utility,,21.1
dn2:2489,pcmover software utility,,39.96
dn2:2490,sony creative software vegas43;dvd v.7.0 complete product,,420.55
dn2:2491,olympus pro studio capture software,,149.99
dn2:2492,sony creative software sound forge audio studio v.8.0 complete product,,55.29
dn2:2493,sony creative software sound forge audio studio v.8.0 complete product,,46.47
dn2:2494,avid xpress pro video editing software for mac and windows professional editing software,,1449.0
dn2:2495,smart-sound sonicfire pro 4 mega bundle - windows xp audio software for video,,798.95
dn2:2496,stationery design studio (win 98 me 2000 xp),,19.99
dn2:2497,sony vegas 6 video editing software professional editing software,,99.0
dn2:2498,redshift 5 (national geographic presents) (win 98 me 2000 xp),,39.99
dn2:2499,pc-cillin internet security 2007 3-user (win me 2000 xp),,49.95
dn2:2500,behringer ucg102 guitar link guitar-to-usb guitartousb interface usb interfaces & software,,39.99
dn2:2501,classics the: the piano (audio book),,29.95
dn2:2502,onone software pxe-11433 pxl smartscale elect 1-user english mac/win,onone software,158.99
dn2:2503,aquarium 3-in-one limited edition (win 95 98 me 2000 xp/mac 10.1 or higher),,19.95
dn2:2504,component software: beyond object-oriented programming by clemens szyperski,,59.99
dn2:2505,viacad 2d/3d (win 2000 xp vista),,99.95
dn2:2506,statistical methods in software engineering: reliability and risk 9780387988238,,99.0
dn2:2507,agile software development quality assurance,,148.5
dn2:2508,software reliability and testing by hoang pham 9780818668524,,38.95
dn2:2509,reel deal casino championship edition (win 98 me nt 2000 xp),,19.95
dn2:2510,software engineering and computer games by rudy vb rucker 9780201767919,,76.6
dn2:2511,printmaster gold v 17.0 (win 98 me 2000 xp),,19.95
dn2:2512,bringing design to software: expanding software development to include design,,44.54
dn2:2513,restricted area (win 98 me 2000 xp),,19.99
dn2:2514,testing in software development 9780521337861,,24.99
dn2:2515,merriam-webster english dictionary (win 2000 xp/mac 10.3.8 or later),,9.99
dn2:2516,software engineering measurement and analysis by steven strauss 9780849319303,,89.95
dn2:2517,cute ftp (win 95 98 me nt 2000 xp),,39.99
dn2:2518,systematic software testing by rick d. craig 9781580535083,,73.5
dn2:2519,software requirements by karl eugene wiegers 9780735618794,,24.03
dn2:2520,modeling software with finite state machines: a practical approach,,89.95
dn2:2521,software requirements specification design and implementation 9780849319921,,79.95
dn2:2522,cms products dt-sftw - bounceback data transfer software - license & media - migration - 1 user(s) - license & media - standard - pc,,8.53
dn2:2523,software test automation: effective use of test execution tools,,47.74
dn2:2524,software requirements using the unified process: a practical approach,,44.99
dn2:2525,software engineering with reusable components by j. sametinger 9783540626954,,92.0
dn2:2526,microsoft 121-00324 - visual studio team suite 2005 with msdn premium subscriptions - complete product - software development - standard - 1 user(s) - complete product - english - pc- free shipping,,10015.97
dn2:2527,sage software acts2005rt act! 7.0 2005,sage software,225.99
dn2:2528,intervideo windvd 8 platinum (pc),,59.99
dn2:2529,b + w portrait & family digital filter set plug-in software filters for photoshop for macintosh & windows,,59.95
dn2:2530,managing the change: software configuration & change management by michael haug,,64.95
dn2:2531,system software: an introduction to systems programming by leland l. beck,,111.6
dn2:2532,onone software ice-10770 intellihance pro 4.1 mac/win (buy now and get free cs3 compatibility upgrades),onone software,158.99
dn2:2533,lessons learned in software testing by cem kaner 9780471081128,,24.26
dn2:2534,aec software 1018001000132 fasttrack schedule 8 pda,aec software,85.99
dn2:2535,getting results from software development teams,,27.35
dn2:2536,software product line engineering; a family-based software development process,,49.95
dn2:2537,software testing,,28.69
dn2:2538,software measurement and estimation: a practical approach,,73.54
dn2:2539,software architectures and component technology 9780792375760,,205.0
dn2:2540,function point analysis: measurement practices for successful software projects,,54.44
dn2:2541,visual modeling with rational software architect and uml,,42.56
dn2:2542,sony creative software vegas43;dvd production suite v.7.0 complete product,,262.82
dn2:2543,onone software mpr-40212 mask pro 4.0 upgrade (buy now and get free cs3 compatibility upgrades),onone software,69.99
dn2:2544,d-link vpn client software (5-user license) - ds-605 ds-605,,173.99
dn2:2545,d-link vpn client software (1-user license) - ds-601 ds-601,,42.99
dn2:2546,kaspersky anti-virus 6.0 (pc),,59.99
dn2:2547,abacus software s482 scenic railway add-on for pc,abacus software,24.99
dn2:2548,abacus software s461 train sim modeller for pc,abacus software,32.99
dn2:2549,abacus software 1557555117 flight deck iii for pc,abacus software,28.99
dn2:2550,microsoft 122-00411 - visual studio 2005 team edition for software testers with msdn premium subscription renewal - complete product - programming tool - standard - 1 user(s) - complete product - english - pc- free shipping,,2069.97
dn2:2551,apple xsan 1.4 san data storage consolidation and file sharing software apple & mac software,,999.0
dn2:2552,canopus let's edit - video editing software - win consumer video editing software,,99.95
dn2:2553,iparrot spanish/english phrase translator software for ipod ipod software,,19.95
dn2:2554,pinnacle studio plus v11 video editing software for windows consumer video editing software,,99.95
dn2:2555,pinnacle studio v11 video editing software for windows consumer video editing software,,49.95
dn2:2556,iparrot thai/english phrase translator software for ipod ipod software,,19.95
dn2:2557,sony vegas7.0+dvd editing software with sound forge 8 for windows professional editing software,,549.95
dn2:2558,palmspring software 523 oxford american desk dictionary,palmspring software,24.2
dn2:2559,evaluating software architectures: methods and case studies by paul clements,,64.99
dn2:2560,abacus software s515 flight simulation sea plane adventures pc,abacus software,28.99
dn2:2561,abacus software s fs commuter pilot - pc,abacus software,28.99
dn2:2562,ce software 4501eu01up35 quickeys 5.0 upgrade from 3.x,ce software,41.5
dn2:2563,abacus software 5563 abacus 5563 - private pilot ii,abacus software,28.99
dn2:2564,abacus software s532 military aircraft collection for pc,abacus software,18.99
dn2:2565,abacus software s546 usa extreme landscapes for fs2004 and fs2002 - 3cd set,abacus software,28.99
dn2:2566,abacus software s513 fligth simulation whirly birds adventures pc,abacus software,28.99
dn2:2567,ce software 4501eu01up40 quickeys 5.0 upgrade from 4.0,ce software,35.95
dn2:2568,ce software 4x30eu01up20 quickeys x3 upgrade from 2.0,ce software,29.95
dn2:2569,global software a1055 i love the usa,global software,11.99
dn2:2570,abacus software 5562 chopper havoc for pc,abacus software,28.99
dn2:2571,abacus software s568 vietnam carrier ops,abacus software,28.99
dn2:2572,abacus software s552 fs fighter pilot for fs2004 and fs2002,abacus software,28.99
dn2:2573,abacus software ss69 corporate pilot 2,abacus software,28.99
dn2:2574,practical software estimation: function point methods for insourced and,,39.59
dn2:2575,estimating software-intensive systems: projects products and processes,,59.99
dn2:2576,essential software architecture,,53.41
dn2:2577,the engineering of software: a technical guide for the individual by dick hamlet,,100.6
dn2:2578,fundamentals of software engineering by carlo ghezzi 9780133056990,,107.0
dn2:2579,software management approaches: project management estimation and life cycle,,64.95
dn2:2580,multimedia software engineering by shi-kuo chang 9780792377368,,171.0
dn2:2581,software engineering using the upedu by pierre n. robillard 9780201754544,,92.2
dn2:2582,non-functional requirements in software engineering by lawrence chung,,258.0
dn2:2583,how to break software: a practical guide to testing with cdrom 9780201796193,,37.1
dn2:2584,practical software reuse by michel ezran 9781852335021,,63.95
dn2:2585,software architect bootcamp by raphael malveau 9780131412279,,49.99
dn2:2586,advances in machine learning applications in software engineering,,94.95
dn2:2587,peer reviews in software: a practical guide by karl eugene wiegers,,44.54
dn2:2588,punch software 90500 home design studio - mac,punch software,135.99
dn2:2589,the build master: microsoft's software configuration management best practices,,39.59
dn2:2590,datanav: the alpha and omega of software,,22.94
dn2:2591,documenting software architectures: views and beyond by paul clements,,74.99
dn2:2592,agile software development ecosystems: problems practices and principles,,49.99
dn2:2593,applied statistics for software managers by katrina maxwell 9780130417893,,54.99
dn2:2594,making the software business case by reifer donald j. 9780201728873,,34.64
dn2:2595,scaling software agility: best practices for large enterprises,,42.56
dn2:2596,software project secrets: software project secrets: software projects fail?,,39.99
dn2:2597,experimentation in software engineering: an introduction by claes wohlin,,177.0
dn2:2598,cleanroom software engineering: technology and process,,49.95
dn2:2599,software architecture: organization principles and patterns by david dikel,,62.5
dn2:2600,more about software requirements: thorny issues and practical advice,,17.99
dn2:2601,improving software quality: an insider's guide to tqm by lowell jay arthur,,90.0
dn2:2602,architecture-centric software project management: a practical guide,,39.59
dn2:2603,practical software maintenance: best practices for managing your software,,90.0
dn2:2604,software paradigms by stephen h. kaisler 9780471483472,,99.95
dn2:2605,ontologies for software engineering and software technology,,99.0
dn2:2606,software product lines: practices and patterns by paul clements 9780201703320,,64.99
dn2:2607,freeverse software 006 active lancer,freeverse software,18.99
dn2:2608,freeverse software 010 wingnuts 2 - raina's revenge,freeverse software,23.95
dn2:2609,freeverse software 4015 big bang board games,freeverse software,18.99
dn2:2610,individual software pro-tsm hanes t-shirt maker deluxe,individual software,24.99
dn2:2611,individual software prm-xw3 professor teaches excel & word,individual software,24.99
dn2:2612,freeverse software 4024 robin hood: the legend of sheerwood,freeverse software,28.99
dn2:2613,building secure software: how to avoid security problems the right way,,59.99
dn2:2614,psp(sm): a self-improvement process for software engineers,,54.99
dn2:2615,design for trustworthy software: tools techniques and methodology of,,58.99
dn2:2616,individual software jce-th6 total 3d home deluxe j/c,individual software,9.99
dn2:2617,individual software jce-wn5 professor teaches windows j/c,individual software,9.99
dn2:2618,vitec multimedia mpeg-cut-machine mpegcutmachine hardware and software bundle authoring software,,999.0
dn2:2619,lumiquest ultra image plug-in software for photoshop 6.0 and higher with fuji s2 pro and similar fuji digital cameras for windows & macintosh,,63.95
dn2:2620,motu dp5 software music production software,,499.95
dn2:2621,jumpstart advanced 3rd grade (pc/mac) knowledge adventure,,19.99
dn2:2622,m-audio pro tools m-powered mpowered 7.3 software music production software,,249.0
dn2:2623,pinnacle mobile media converter software for windows ipod software,,29.95
dn2:2624,freeverse software 4001 northland,freeverse software,19.99
dn2:2625,individual software prm-rce resumemaker career edition,individual software,34.99
dn2:2626,freeverse software 4012 3d bridge deluxe (retail box) for mac,freeverse software,18.99
dn2:2627,lumiquest ultra image plug-in software for photoshop 6.0 and higher with kodak pro 14n and other digital cameras for windows & macintosh,,59.95
dn2:2628,avid liquid 7.0 - professional video editing software for windows professional editing software,,439.95
dn2:2629,global software a2649m2h - rainbow fish & the whale - win 95 98 me xp/mac 8.6-9.x (classic) x v10.1 or higher,,8.79
dn2:2630,global software a0447jch - dk smart steps 2nd grade - win 95 98 me 2000 xp vista,,9.08
dn2:2631,tlc arthur's kindergarten learning system (pc) encore,,19.95
dn2:2632,zonealarm antivirus 2007 (pc) zonelabs,,29.99
dn2:2633,sony acid music studio (pc),,69.99
dn2:2634,middle school advantage premier edition (15 cd set),,24.95
dn2:2635,chainz,,7.95
dn2:2636,big oil: build an oil empire,,8.95
dn2:2637,global software a8658jch - smart steps kinder - win 95 98 me 2000 xp vista,,9.08
dn2:2638,global software a8641jch - dk smart steps first grade - win 95 98 me 2000 xp vista,,9.08
dn2:2639,global software a2663m2h - amazing animals w/zoofari games - win 95 98 me xp/mac 8.6-9.x (classic) x v10.1 or higher,,8.79
dn2:2640,global software a1826m2w - dk amazing animals 1.1 - win 95 98 2000 xp vista,,9.08
dn2:2641,global software a7163jcw - kakuro puzzle addict unlimited edition - dvd movie,,8.79
dn2:2642,global software a9716jcw - crossword addict - win 95 98 me 2000 xp,,8.79
dn2:2643,global software a2991m2w - sudoku puzzle addict (win 98 me 2000 xp),,8.79
dn2:2644,global software a0454jch - dk smart steps 3rd grade - win 95 98 me 2000 xp vista,,9.08
dn2:2645,global software a4124m2h - dk exotic animals africa - win 95 98 2000 xp,,9.08
dn2:2646,simply put software llc de905-s - data elminator (win 95 98 me nt 2000 xp),,34.97
dn2:2647,steinberg nuendo 3 - educational edition music production software,,999.99
dn2:2648,nik software color efex pro 2.0 complete edition for nikon capture 4 plug-in software for macintosh & windows,,169.95
dn2:2649,adobe dv rack 2.0 hd software for windows professional editing software,,499.0
dn2:2650,grass valley edius 4 pro video editing software professional editing software,,449.95
dn2:2651,datavideo ppt-100 ppt100 powerpoint to dv vga to dv-25 video converter software presentation software,,194.95
dn2:2652,line 6 toneport kb37 interface and software bundle usb interfaces & software,,299.99
dn2:2653,mackie tracktion 3 ultimate bundle music production software,,249.99
dn2:2654,simply put software llc gs905-s - gotta sing (win 95 98 me nt 2000 xp/mac 10.0 or higher),,34.97
dn2:2655,pearson education book: the adobe photoshop lightroom book photoshop software,,39.95
dn2:2656,ca anti-spyware 2007,,24.99
dn2:2657,steinberg nuendo 3 music production software,,1999.99
dn2:2658,visual studio pro 2005 upgrade (pc) microsoft,,549.0
dn2:2659,instant immersion spanish deluxe 2.0 topics,,39.99
dn2:2660,magellan mapsend lakes usa south,,99.95
dn2:2661,onone software mpr-40212 mask pro 4.0 upgrade (buy now and get free cs3 compatibility upgrades),onone software,69.99
dn2:2662,adobe premiere elements 3 (pc),,99.99
dn2:2663,individual software resumemaker professional ultimate,,39.99
dn2:2664,ejay dj mix station 3 digital leisure,,29.99
dn2:2665,laplink software 4371 - ringtone media studio,,22.97
dn2:2666,sony creative software sf9006 - sound forge 9 boxed upgrade sound editing s/w,,127.97
dn2:2667,webroot spy sweeper spanish edition (pc),,29.99
dn2:2668,fujifilm hyper utility software hs-v3 hsv3 other software,,109.95
dn2:2669,mcafee virusscan plus 2007 (pc),,39.99
dn2:2670,microsoft word 2007 upgrade (pc),,109.95
dn2:2671,mobile media converter (pc) pinnacle,,24.99
dn2:2672,autodesk 3ds max 9 - 3d animation software for windows animation software,,3494.5
dn2:2673,microsoft excel 2007 (pc),,229.95
dn2:2674,avid avid xpress pro hd real-time realtime video editing software + avid mojo hardware professional editing software,,1999.0
dn2:2675,panda internet security 2007 panda software,,49.99
dn2:2676,proprompter pocket pc teleprompter software prppppcs5 software for teleprompters,,94.95
dn2:2677,cosmi talking math for kids,,4.99
dn2:2678,readiris pro 11 corporate edition for pc,,349.99
dn2:2679,avid liquid pro 7.0 video editing hardware/software bundle for windows professional editing software,,899.0
dn2:2680,cosmi imusictools (pc),,19.99
dn2:2681,mavis beacon teaches typing 17 standard (pc/mac) encore,,19.99
dn2:2682,migo xp to vista easy-sync suite (pc) stomp,,29.99
dn2:2683,pearson education book-dvd: bookdvd: apple pro training series: shake 3 photoshop software,,44.95
dn2:2684,microsoft office accounting professional 2007 (pc),,229.95
dn2:2685,books by you (pc/mac) knowledge adventure,,19.99
dn2:2686,adventure workshop 1st-3rd grade. 8th edition (pc) encore,,19.95
dn2:2687,microsoft money 2007 home and business (pc),,89.99
dn2:2688,perfect attorney premium (pc) cosmi,,29.99
dn2:2689,photo explosion deluxe 3.0 nova,,49.99
dn2:2690,print workshop 2007 (pc) valusoft,,19.99
dn2:2691,ringtone media studio (pc) avanquest,,19.99
dn2:2692,roxio recordnow 9 music lab (pc),,29.99
dn2:2693,microsoft office visio standard 2007 (pc),,249.95
dn2:2694,microsoft onenote 2007 upgrade (pc),,79.95
dn2:2695,elementary school english - literature basics (pc/mac) fogware,,9.99
dn2:2696,instant immersion spanish 2.0 topics,,19.99
dn2:2697,microsoft windows xp professional edition (upgrade),,199.99
dn2:2698,sony media manager for psp (98598),,24.99
dn2:2699,national geographic photo gallery topics,,9.95
dn2:2700,fun for kids featuring disney - preschool to kindergarten topics,,29.99
dn2:2701,stopzilla! 4.0 (pc) roxio,,29.99
dn2:2702,magix music maker 12 deluxe (pc) magix entertainment,,59.99
dn2:2703,middle school success deluxe 2008 (pc/mac) topics,,49.99
dn2:2704,microsoft money 2007 premium (pc),,79.99
dn2:2705,jumpstart advanced 1st grade knowledge adventure,,19.99
dn2:2706,mcafee internet security suite 2007 3-user (pc),,89.99
dn2:2707,zonealarm internet security suite 2007 (pc) zonelabs,,49.99
dn2:2708,microsoft onenote 2007 (pc),,99.95
dn2:2709,susteen data pilot universal essentials,,59.99
dn2:2710,elementary school space - the universe (pc/mac) fogware,,9.99
dn2:2711,magix movie edit pro 12 (pc) magix entertainment,,49.99
dn2:2712,vegas + dvd sony,,899.99
dn2:2713,podmaxx '07 eb carlson,,29.99
dn2:2714,human body 360 megasystems,,29.99
dn2:2715,magix webradio recorder (pc) magix entertainment,,24.99
dn2:2716,school zone flash action alphabet/numbers 1-100 (pc & mac) (08410),,9.59
dn2:2717,microsoft office outlook 2007,,109.95
dn2:2718,printshop home & office labels,,8.95
dn2:2719,bodyworks 6.0 25-user building site license,,89.95
dn2:2720,virtual labs: light,,5.49
dn2:2721,pressure pop!,,8.95
dn2:2722,aec software 1018001000132 fasttrack schedule 8 pda,aec software,85.99
dn2:2723,essential business tools 2.0,,9.95
dn2:2724,abacus software s fs commuter pilot - pc,abacus software,28.99
dn2:2725,let's make stickers,,8.95
dn2:2726,abacus software 1557555117 flight deck iii for pc,abacus software,28.99
dn2:2727,backyard skateboarding,,7.95
dn2:2728,steinberg studio case 2 music production system - educational discount music production software,,164.95
dn2:2729,print perfect business cards dvd (pc) cosmi,,29.99
dn2:2730,fujifilm hyper utility software hs-v3 hsv3 upgrade other software,,59.95
dn2:2731,musical adventure - vivaldi,,5.95
dn2:2732,cluefinders 3rd grade adventures with adapt,,9.95
dn2:2733,ce software 4x30eu01up20 quickeys x3 upgrade from 2.0,ce software,29.95
dn2:2734,abacus software s513 fligth simulation whirly birds adventures pc,abacus software,28.99
dn2:2735,ce software 4501eu01up35 quickeys 5.0 upgrade from 3.x,ce software,41.5
dn2:2736,rayman 10th anniversary collection,,8.95
dn2:2737,abacus software s568 vietnam carrier ops,abacus software,28.99
dn2:2738,spanish before you know it deluxe,,10.95
dn2:2739,abacus software s532 military aircraft collection for pc,abacus software,18.99
dn2:2740,scansoft pdf converter 4,,37.95
dn2:2741,abacus software 5562 chopper havoc for pc,abacus software,28.99
dn2:2742,er - the game,,9.95
dn2:2743,abacus software 5563 abacus 5563 - private pilot ii,abacus software,28.99
dn2:2744,high school - world history (pc/mac) fogware,,9.99
dn2:2745,abacus software s546 usa extreme landscapes for fs2004 and fs2002 - 3cd set,abacus software,28.99
dn2:2746,jumpstart advanced 2nd grade (pc/mac) knowledge adventure,,19.99
dn2:2747,abacus software ss69 corporate pilot 2,abacus software,28.99
dn2:2748,abacus software s461 train sim modeller for pc,abacus software,32.99
dn2:2749,abacus software s482 scenic railway add-on for pc,abacus software,24.99
dn2:2750,iolo system mechanic 7 professional (pc),,69.99
dn2:2751,abacus software s515 flight simulation sea plane adventures pc,abacus software,28.99
dn2:2752,sony photo go,,24.99
dn2:2753,ce software 4501eu01up40 quickeys 5.0 upgrade from 4.0,ce software,35.95
dn2:2754,freeverse software 5003 bumpercar 2.0 mac web browser,freeverse software,28.99
dn2:2755,bias peak pro xt 5 software bundle music production software,,999.0
dn2:2756,abacus software s552 fs fighter pilot for fs2004 and fs2002,abacus software,28.99
dn2:2757,panasonic wv-as20 wvas20 network management software cctv software,,399.95
dn2:2758,canon vk-16 vk16 version 1.1 network video recording software software & accessories,,1000.0
dn2:2759,freeverse software 010 wingnuts 2 - raina's revenge,freeverse software,23.95
dn2:2760,class on demand photoshop cs fast track training dvd photoshop software,,79.95
dn2:2761,encore software 10538 - adventure workshop preschool 7 by the learning company,,17.97
dn2:2762,encore software 10881 - family tree maker version 16 standard sb cs by family tree maker,,42.97
dn2:2763,onone software inc. gfs-50211 - genuine fractals 5 full 1u,,148.97
dn2:2764,encore software 10466 - clickart 1.2 million dvd 2006 by broderbund,,41.97
dn2:2765,crayola first ladies costume maker,,9.95
dn2:2766,britannica quiz show,,8.95
dn2:2767,quickstart pc cleaner xp,,8.95
dn2:2768,mortgage master,,8.95
dn2:2769,pokemon team turbo,,7.95
dn2:2770,superstart! spelling bee,,8.95
dn2:2771,blue's clues preschool,,7.95
dn2:2772,reader rabbit learn to read with phonics! preschool & kindergarten,,12.95
dn2:2773,mickey's toddler - with active leveling advantage!,,8.95
dn2:2774,south park chef's luv shack,,6.95
dn2:2775,tank battle,,8.95
dn2:2776,lego island 2: the brickster's revenge,,9.95
dn2:2777,spanish vocabulary builder,,6.95
dn2:2778,magix audio cleaning lab 10,,16.95
dn2:2779,home budget for dummies,,10.95
dn2:2780,quickstudy us government,,8.95
dn2:2781,encyclopedia of our living oceans,,8.95
dn2:2782,zonealarm wireless security 2005,,9.95
dn2:2783,thief ii: the metal age,,8.95
dn2:2784,student dictionary,,8.95
dn2:2785,microsoft windows vista business full version,,249.95
dn2:2786,home & landscape design center,,8.49
dn2:2787,professor teaches windows xp home & pro,,12.49
dn2:2788,clifford the big red dog - reading pack,,19.95
dn2:2789,ultimate pinball,,6.95
dn2:2790,wacky farm,,8.95
dn2:2791,thinkin' things toony the loon's lagoon,,8.95
dn2:2792,state standards - grade 6,,9.49
dn2:2793,superstart! science arcade,,8.95
dn2:2794,mighty math number heroes,,9.95
dn2:2795,madeline rainy day activities,,9.95
dn2:2796,rainbow fish and the whale,,6.95
dn2:2797,treasure galaxy 5-user lab pack for mac,,22.95
dn2:2798,thinkin' things galactic brain benders,,8.95
dn2:2799,namco museum 50th anniversary,,16.95
dn2:2800,season ticket football 2003,,9.95
dn2:2801,luxor,,12.95
dn2:2802,quickstart photo montage studio,,9.95
dn2:2803,tonka raceway,,7.95
dn2:2804,scene it - the dvd game: movie edition with bonus warner bros. television game pack,,24.95
dn2:2805,educator's choice phonics excelerator,,4.95
dn2:2806,fisher-price rescue heroes: hurricane havoc,,8.95
dn2:2807,adventure inlay,,9.95
dn2:2808,reader rabbit kindergarten special 2-cd edition,,12.95
dn2:2809,encyclopedia britannica profiles: dinosaurs!,,8.95
dn2:2810,printmaster platinum 16,,19.95
dn2:2811,police quest compilation,,18.95
dn2:2812,elementary advantage 2007,,12.95
dn2:2813,elementary school success deluxe 2006,,12.95
dn2:2814,tonka town,,7.95
dn2:2815,startopia,,14.95
dn2:2816,easy home massage - dvd,,10.95
dn2:2817,super solvers - spellbound! ! - school edition for mac,,17.95
dn2:2818,1001 essential letters,,6.95
dn2:2819,fallout collection (dvd-rom),,24.49
dn2:2820,clifford the big red dog - thinking adventures,,8.95
dn2:2821,easy drums,,12.95
dn2:2822,instant immersion 33 languages,topics entertainment,43.99
dn2:2823,speak & learn! dutch,,14.95
dn2:2824,orgchart professional 1.3,,39.95
dn2:2825,norton antivirus 2007 - 3 user pack,,49.95
dn2:2826,encyclopedia britannica 2007 ready reference,,8.95
dn2:2827,let's explore mars,,8.95
dn2:2828,qb customer manager 2.5,,76.75
dn2:2829,adobe acrobat professional 7,,350.0
dn2:2830,wacky bird hunter,,8.95
dn2:2831,treasure mountain,,8.95
dn2:2832,tonka search & rescue 2,,7.95
dn2:2833,reader rabbit reading learning system 2007,,12.95
dn2:2834,instant immersion japanese 2.0,,22.43
dn2:2835,qb pos 6.0 basic rtailrs hw/sw,,1272.08
dn2:2836,procoder 3,,438.07
dn2:2837,vegas7 + dvd upgrade,,226.56
dn2:2838,ti interactive student version,,63.02
dn2:2839,instant immers german dlux 2.0,,36.11
dn2:2840,my maillist & addressbook,,7.69
dn2:2841,instant immers italian dlux 2.,,36.11
dn2:2842,edius pro 4,,599.97
dn2:2843,studio ultimate version 11,,129.1
dn2:2844,instant immers japanese dlx 2.,,36.11
dn2:2845,sibelius sibelius 5 software music production software,,449.95
dn2:2846,individual software business planmaker pro 2008 (pc),,39.99
dn2:2847,punch software 90500 home design studio - mac,punch software,135.99
dn2:2848,microsoft office visio standard 2007 upgrade (pc),,129.95
dn2:2849,sibelius sibelius 5 software - educational discount music production software,,248.95
dn2:2850,microsoft mappoint 2006 with gps locator (pc),,349.99
dn2:2851,weekly reader preparing for kindergarten 2008 (pc/mac) fogware,,19.99
dn2:2852,transfer my dvd avanquest usa,,29.95
dn2:2853,quickbooks pro 2007 3 user,,409.52
dn2:2854,quickbooks pro 2007 win,,192.26
dn2:2855,webroot software inc 66210 - spy sweeper (mass merchant) (win 98 me 2000 xp),,25.97
dn2:2856,hoyle game collection - 4 game pack,,14.95
dn2:2857,csi: crime scene investigation,,10.95
dn2:2858,hoyle card games,,9.95
dn2:2859,encore software 10548 - encore tlc zoombinis 3rd grade learning system 2007 - complete product - educational - 1 user - complete product - standard - pc mac,,17.97
dn2:2860,cluefinders 3rd grade adventures: mystery of mathra,,10.95
dn2:2861,aec software 10101090120000101 - aec fasttrack schedule v.9.0 - complete product - project management/version control - 1 user - complete product - standard - pc,,348.97
dn2:2862,state standards - grade 8,,9.49
dn2:2863,instant home cooking,,9.95
dn2:2864,ghostsurf 2006 platinum,,14.95
dn2:2865,personal record keeper 5.0,,8.95
dn2:2866,encore software 13851 - tlc blues clues preschool learning system 2008,,17.97
dn2:2867,instant immersion italian 2.0,topics entertainment,20.99
dn2:2868,let's learn about time & date,,8.95
dn2:2869,encore software 10891 - family tree maker version 16 essential sb cs,,25.97
dn2:2870,mother goose - interactive storybook,,8.95
dn2:2871,star wars episode iii activity center,,10.95
dn2:2872,calendar creator 10,,8.95
dn2:2873,resumemaker premier,,12.95
dn2:2874,punch software 90500 home design studio - mac,punch software,135.99
dn2:2875,print workshop 2006 limited edition + 800000+ images,,7.95
dn2:2876,living trust builder,,8.95
dn2:2877,sega smash pack 2,,8.95
dn2:2878,resume maker professional 12,,17.95
dn2:2879,jaws unleashed,,7.95
dn2:2880,math learning system 2007,,15.95
dn2:2881,quickbooks pro 2007 3 user,intuit,398.99
dn2:2882,zoboomafoo animal logic with workbook combo,,9.95
dn2:2883,prison tycoon,,8.95
dn2:2884,post mortem,,7.49
dn2:2885,backyard soccer mls edition,,8.95
dn2:2886,easy outdoor gardening,,8.95
dn2:2887,who wants to be a millionaire sports edition,,8.95
dn2:2888,zipmagic personal edition,,8.95
dn2:2889,backyard basketball & backyard hockey double pack,,9.95
dn2:2890,super solvers - mission think - 25 user site license,,79.95
dn2:2891,20 gb hard drive for xbox 360,,99.99
dn2:2892,namco hometech me & my katamari,,26.55
dn2:2893,abacus software flight deck 4,,24.99
dn2:2894,socrates media personal legal forms & agreements,,26.99
dn2:2895,adobe dreamweaver cs3 - complete package - 1 user - academic - cd - windows,,189.0
dn2:2896,adsl modem brg eth brtr-1pt 10bt 1adsl 8m rs232,,111.95
dn2:2897,downloadable dark messiah might and magic + download protection,,29.99
dn2:2898,quickbooks(r) pro 2003,,299.77
dn2:2899,wincleaner(tm) complete pc care,,69.99
dn2:2900,webroot(r) spy sweeper(tm) 2006,,29.99
dn2:2901,sony playstation 2: justice league heroes,,29.99
dn2:2902,sony playstation 2: street fighter alpha anthology,,29.99
dn2:2903,windows vista ultimate - upgrade,,259.0
dn2:2904,mylabels premium,,29.99
dn2:2905,quickbooks(r) premier: accountant edition 2007,,399.99
dn2:2906,ultimate fonts,,19.99
dn2:2907,systemsuite 6(tm) professional mini,,49.99
dn2:2908,nintendo gamecube: sonic riders,,19.99
dn2:2909,microsoft(r) word 2007,,109.99
dn2:2910,quickbooks(r) pro 2007,,179.99
dn2:2911,microsoft(r) windows vista(tm) home basic,,99.99
dn2:2912,adobe(r) photoshop(r) cs windows full version,,590.92
dn2:2913,f-secure internet security 2007 - 3 pcs (global marketing partners),,63.35
dn2:2914,20' classic instrument cable (pw-cgt-20),,14.39
dn2:2915,virusbarrier x4 10.4 for mac-10 users (vbx4-10u),,316.75
dn2:2916,cf scan card 5m with adapter type ii cf withclass1laser barcode scanner (is5031-622),,393.59
dn2:2917,transfer my dvd (6601),,28.75
dn2:2918,family tree maker version 16 deluxe (10870),,57.59
dn2:2919,instant architect design suite (00ids510cc),,28.79
dn2:2920,axis network camera 213 ptz - digital video camera ( 0220-004 ) (0220-004),,1420.79
dn2:2921,media studio for psp standard editon (800060),,47.99
dn2:2922,geometry (win/mac) (jewel case) (10158),,9.59
dn2:2923,total 3d home deluxe (jewel case) (jce-th6),,9.59
dn2:2924,microsoft windows server 2003 client additional license for devices - 5 pack (823930),,158.39
dn2:2925,cross stitch design studio (jewel case) (8006),,9.59
dn2:2926,studio plus version 11,pinnacle systems,90.99
dn2:2927,lock on - modern air combat,,7.49
dn2:2928,math missions: the race to spectacle city arcade (grades k-2),,8.49
dn2:2929,world of wild cats,,8.95
dn2:2930,disney's buzz lightyear 2nd grade,,8.95
dn2:2931,ultimate puzzle collection,,9.95
dn2:2932,delorme earthmate gps lt-20 with street atlas 2007 usa/canada (ae-7738-203),,67.19
dn2:2933,poetry fiction and drama (win/mac) (jewel case) (10172),,9.59
dn2:2934,route 66 mobile 7 - usa/cdn for windows mobile 5 (usa-7100-wms),,143.04
dn2:2935,xbox: scarface: the world is yours,,39.99
dn2:2936,nintendo ds: yoshis island ds (game guide),,14.99
dn2:2937,goldmine(r) standard edition 6.7,,199.99
dn2:2938,nintendo wii: call of duty 3,,19.99
dn2:2939,g-pak organizer case for nintendo ds lite gaming console - pink,,19.99
dn2:2940,microsoft(r) windows vista(tm) business,,199.99
dn2:2941,world of rainbow fish (a9839m2h),,19.19
dn2:2942,xbox live 1600 points,,19.99
dn2:2943,webroot(r) window washer(tm) 5.0,,28.99
dn2:2944,xl-5130 - sewing machine,,129.95
dn2:2945,spanish advantage 2007,,28.99
dn2:2946,quickbooks(r) credit card processing kit 2007,,39.99
dn2:2947,quicken(r) premier 2007,,79.99
dn2:2948,gamelink vga a/v kit for xbox 360,,49.99
dn2:2949,photostudio(r) expressions 2.0,,29.99
dn2:2950,colorvision spydertv pro,,599.99
dn2:2951,adobe dreamweaver cs3 - complete package - 1 user - academic - cd - mac,,189.0
dn2:2952,family tree maker deluxe 11.2,,69.97
dn2:2953,broderbund ultimate print and craft suite,,49.99
dn2:2954,mcafee virusscan 8.0,,49.99
dn2:2955,abbyy fine reader 5.0 pro mac,,128.95
dn2:2956,kiplingers home & business attorney,,29.99
dn2:2957,zonealarm(r) internet security suite,,49.99
dn2:2958,palo alto business plan pro 2007,,83.99
dn2:2959,delorme street atlas usa 2004,,49.97
dn2:2960,konami of america yu-gi-oh: capsule mon - playstation 2,,8.27
dn2:2961,ibm(r) viavoice(r) standard edition 10,,49.99
dn2:2962,nintendo gamecube: sonic heroes,,19.95
dn2:2963,computer associates etrust antivirus r8 - multilanguage - 1 user,,49.99
dn2:2964,graphics software,,99.92
dn2:2965,mymaillist deluxe,,49.99
dn2:2966,act! 2007,,199.99
dn2:2967,photoshow deluxe,,39.92
dn2:2968,software,,153.99
dn2:2969,wheel of fortune(r),,19.99
dn2:2970,business planmaker deluxe,,49.99
dn2:2971,vhs to dvd 3.0 deluxe,,99.99
dn2:2972,oxford english/spanish dictionary expansion sd/mmc card for palm os(r) and pocket pc,,49.99
dn2:2973,microsoft(r) windows(r) xp professional edition with sp2,,199.99
dn2:2974,adobe creative suite 3 (cs3) design suite standard upgrade (upsell) - mac,,859.96
dn2:2975,business plan pro(r) 2004,,99.87
dn2:2976,versacheck(r) 2003 platinum,,89.99
dn2:2977,adobe flash cs3 professional - complete package - 1 user - academic - cd - windows,,229.0
dn2:2978,motorola surfboard sbg900 wireless cable modem gateway - wireless router,,112.95
dn2:2979,adobe(r) photoshop(r) album 1.0,,49.88
dn2:2980,software,,46.99
dn2:2981,norton antivirus 2004,,49.99
dn2:2982,konami of america silent hill experience the,,7.08
dn2:2983,starcraft ghost,,49.99
dn2:2984,microsoft(r) project standard 2007,,599.95
dn2:2985,ghostsurf professional utilities software,,29.92
dn2:2986,xbox 360: crackdown,,59.99
dn2:2987,socrates media contractors library software,,43.99
dn2:2988,microsoft(r) powerpoint(r) 2002 upgrade,,108.87
dn2:2989,act!(r) 2005 5-user pack,,999.99
dn2:2990,turbosketch(tm) studio,,89.99
dn2:2991,quicken(r) rental property manager 2.0,,99.99
dn2:2992,versacheck(r) 2003 personal premier,,29.99
dn2:2993,the print shop(r) elements: labels logos & more,,19.99
dn2:2994,macbackup,,29.99
dn2:2995,xbox 360: guitar hero 2 bundle,,89.99
dn2:2996,microsoft(r) money 2004 standard,,29.99
dn2:2997,photostamps(r) business edition,,49.99
dn2:2998,quark quarkxpress 7 upgrade for mac & windows,,244.99
dn2:2999,corel(r) snapfire(tm) plus,,39.99
dn2:3000,microsoft office onenote 2007 - complete package - 1 pc - cd - win - english,,78.99
dn2:3001,adobe creative suite 3 web standard - complete package - academic - cd - mac,,369.0
dn2:3002,math success(tm) deluxe 2007,,49.99
dn2:3003,microsoft(r) mappoint(r) 2006,,249.99
dn2:3004,symantec(tm) norton systemworks(tm) premier 2006,,99.99
dn2:3005,marine aquarium & goldfish aquarium,,19.99
dn2:3006,versacheck(r) gold 2005,,59.97
dn2:3007,microsoft(r) project standard 2007,,349.95
dn2:3008,roxio(r) easy media creator(r) 9 suite,,99.99
dn2:3009,calendar creator 10,,30.92
dn2:3010,xbox 360: forza motorsport 2,,59.99
dn2:3011,xbox 360: call of action 3 - gold edition,,59.99
dn2:3012,microsoft(r) office ultimate 2007,,539.95
dn2:3013,quicken(r) 2004 basic,,29.99
dn2:3014,alsoft disk warrior v/5 cd,,107.95
dn2:3015,avery(r) designpro(tm) deluxe version 5.0,,39.99
dn2:3016,xbox: halo 2,,29.95
dn2:3017,microsoft(r) project 2002,,329.99
dn2:3018,microsoft(r) picture it! photo premium 9.0,,49.92
dn2:3019,xbox 360 faceplate - hotrod,,16.99
dn2:3020,family tree maker 16 collectors edition,,99.99
dn2:3021,slideshow expressions(tm),,19.99
dn2:3022,professor(r) teaches office 2003,,29.97
dn2:3023,screenblast acid 4.0,,69.97
dn2:3024,mcafee personal firewall plus,,39.97
dn2:3025,software,,621.99
dn2:3026,adobe photoshop elements 5.0 plus adobe premiere elements 3.0 ??? with teacher resource center cd,,104.99
dn2:3027,system mechanic(r) 5 professional,,69.95
dn2:3028,microsoft(r) money 2007 deluxe,,49.99
dn2:3029,findex.com quickverse bible study 2007 mobile deluxe,,24.99
dn2:3030,sony playstation 2: karaoke revolution: american idol bundle,,49.99
dn2:3031,anytime(tm) organizer 11,,29.99
dn2:3032,pc tools spyware doctor 2007,,29.99
dn2:3033,microsoft(r) expression web 1.0,,299.95
dn2:3034,jumpstart(r) advanced 1st grade,,19.99
dn2:3035,ibm(r) viavoice(r) advanced edition 10,,78.95
dn2:3036,xbox 360: gears of war,,59.99
dn2:3037,documents to go premium 7.0,,49.99
dn2:3038,microsoft(r) picture it! digital image pro 9.0,,99.87
