entity_id,title,manufacturer,price,source_A_id,source_B_id
DN2-00001,clickart 950 000 - premier image pack (dvd-rom),broderbund,48.95,0,1833
DN2-00002,noah's ark activity center (jewel case ages 3-8),victory multimedia,9.95,2,1836
DN2-00003,peachtree by sage premium accounting for nonprofits 2007,sage software,599.99,3,1834
DN2-00004,singing coach unlimited,carry-a-tune technologies,99.99,4,1860
DN2-00005,adobe after effects professional 6.5 upgrade from standard to professional,adobe,499.99,6,1877
DN2-00006,mia's math adventure: just in time,kutoka,19.99,8,1890
DN2-00007,disney's 1st & 2nd grade bundle (pixar 1st grade secret keys and aladdin reading quest),disney,14.99,9,1882
DN2-00008,paper art: gift wrapping,arc media inc.,6.95,10,1906
DN2-00009,spy sweeper spanish,webroot software,29.95,13,1918
DN2-00010,omnioutliner professional 3.0,csdc,69.95,15,1922
DN2-00011,upg sgms 1000 incremental node,sonic systems inc.,62920.89,17,1936
DN2-00012,the human body,topics entertainment,19.99,18,1192
DN2-00013,school zone pencil-pal software big phonics (cd-rom & book),school zone interactive,17.9,19,1213
DN2-00014,millie's math house ages 3-7 (win/mac),ibm (aap misc parts),9.9,20,1217
DN2-00015,world book encyclopedia 2006,topics entertainment,19.99,21,1403
DN2-00016,musicalis guitar workshop,global software publishing,9.99,22,1404
DN2-00017,the printshop 20 professional publisher,broderbund,69.99,23,1406
DN2-00018,data protection suite,stomp inc,69.99,24,1408
DN2-00019,kids power fun for girls,topics entertainment,19.99,25,1413
DN2-00020,adobe premiere pro cs3 upgrade,adobe,299,26,371
DN2-00021,i copy dvds 2 professional edition,me too software,69.99,27,1415
DN2-00022,gen-x media made easy vol. 3,gen-x,49.95,28,1951
DN2-00023,family tree maker 11.2 collector's edition,encore,109.95,29,1953
DN2-00024,adobe fireworks cs3 [mac],adobe,299,30,426
DN2-00025,dinosaurs,topics entertainment,19.99,31,1956
DN2-00026,instant home design 3.0 [lb],topics entertainment,19.99,32,1958
DN2-00027,x-oom internet movies 2,x-oom,22.9,33,1978
DN2-00028,form workshop 1200,valusoft,29.99,34,1990
DN2-00029,the print shop pro publisher 22 deluxe [dvd],encore,99.99,35,1988
DN2-00030,stomp inc recover lost data 2005,stomp inc,39.95,36,1986
DN2-00031,my first bible stories,dorling kindersley multimedia (dk),29.95,37,1980
DN2-00032,the big mix (mac),aladdin,59.99,38,2007
DN2-00033,x-oom movie clone 3 gold,x-oom,22.9,39,2001
DN2-00034,the print shop 22 deluxe,encore,49.99,40,1999
DN2-00035,imsi turbocad designer v.11,imsi,39.99,41,1992
DN2-00036,lavasoft ad-aware plus edition,tri synergy,29.99,42,2017
DN2-00037,instant immersion language lab deluxe edition,topics entertainment,14.9,44,2011
DN2-00038,elementary school success deluxe 2006,topics entertainment,49.99,45,2009
DN2-00039,national geographic presents: redshift planetarium,topics entertainment,29.99,46,2027
DN2-00040,math success deluxe 2006,topics entertainment,49.99,47,2025
DN2-00041,national geographic presents: forces of nature,topics entertainment,29.99,48,2023
DN2-00042,reference success deluxe 2006,topics entertainment,49.95,49,2021
DN2-00043,clifford the big red dog - thinking adventures,scholastic,9.99,50,2039
DN2-00044,mastercook deluxe low carb,valusoft,14.99,51,2041
DN2-00045,boomerang webshop platinum,boomerang,36.9,53,2033
DN2-00046,allume boost xp for windows,smith micro software,29.99,54,2051
DN2-00047,kids power fun for little ones,topics entertainment,19.99,56,2048
DN2-00048,museums of the world,topics entertainment,19.99,57,2049
DN2-00049,matchbox cross-town heroes,thq,19.99,58,2061
DN2-00050,studyworks! teaching pro: middle school math & science (win/mac),global software publishing,29.99,59,2066
DN2-00051,trudy's time and place house ages 3-6,ibm,9.9,60,2054
DN2-00052,personal image manager,smith micro software,29.99,61,2059
DN2-00053,stomp inc drive washer,stomp inc,24.99,62,2074
DN2-00054,movies on psp,x-oom,15.9,63,2076
DN2-00055,kids power fun for kids,topics entertainment,19.99,64,2068
DN2-00056,custom landdesigner 3d design 7.0,sierra on-line,12.9,65,2072
DN2-00057,freddi fish 2: the haunted schoolhouse,humongous entertainment,29.95,66,1534
DN2-00058,mom standard ops mgmt lic 2005 english mlp 5 oml,microsoft,889.99,68,1538
DN2-00059,eastwest bsendorfer 290 grand piano virtual instrument,eastwest,199.95,69,1536
DN2-00060,midway arcade treasures (jewel case),encore software,9.99,72,1527
DN2-00061,snap! 10 000 drink recipies (jewel case),topics entertainment,4.99,73,1525
DN2-00062,mac os x server v10.4.7 10-client,apple,499,74,1558
DN2-00063,age of mythology (mac),macsoft,19.99,77,1565
DN2-00064,emedia intermediate guitar method os x,emedia,59.99,78,1561
DN2-00065,kaplan sat/act/psat express,topics entertainment,9.99,80,1539
DN2-00066,passwords plus 1.0,dataviz,29.99,81,1552
DN2-00067,emedia essential bass guitar,emedia,19.95,82,1544
DN2-00068,scratches: directors cut,got game,19.99,83,1581
DN2-00069,x3: reunion - virtual programming ltd.,csdc,39.95,84,1584
DN2-00070,emedia bass method win/mac,emedia,59.99,86,1566
DN2-00071,microsoft licenses project svr sa govt (h2200301),microsoft licenses,3601.4,87,1568
DN2-00072,total training for adobe creative suite 3: design premium bundle,total training,299.99,88,1571
DN2-00073,everquest: titanium,sony creative software,19.95,89,1575
DN2-00074,iriscard pro business card scanner,iris,199.99,91,1603
DN2-00075,computrace lojack for laptops - 4 year subscription,absolute software,119.99,92,1607
DN2-00076,warlords 3 (jewel case),red orb entertainment,11.95,94,1588
DN2-00077,autocad 2007 courseware customizing the interface,autodesk psg,47.95,95,1589
DN2-00078,tournament poker 2005,eagle games,20.99,97,1596
DN2-00079,cold zero: no mercy,encore software,19.99,98,1640
DN2-00080,listen for ipod - magnetic time,sos aggregation company,39.99,99,1638
DN2-00081,atari arcade classics (mac),macsoft,19.99,101,1628
DN2-00082,my sim aquarium,viva media,19.99,103,1618
DN2-00083,scrabble,destineer,24.99,104,1615
DN2-00084,instant immersion spanish (audio book),topics entertainment,23.61,105,1614
DN2-00085,cisco security server agent for windows and solaris - license - 100 agents - win solaris ( csa-b100-srvr-k9 ),cisco systems - enterprise,64821.43,106,1932
DN2-00086,photoshop elements 5 and premiere elements 3 bundle win minibox (29180248),adobe,242.62,107,1652
DN2-00087,buzby breakin' all the rules hermie and friends,digital praise,19.99,108,1651
DN2-00088,instant immersion french 2.0,topics entertainment,29.99,109,2159
DN2-00089,instant play electric guitar deluxe,topics entertainment,39.99,111,1648
DN2-00090,foreign policy & reform (win/mac) (jewel case),fogware publishing,9.99,112,1646
DN2-00091,microsoft licenses win svr 2003 ext conn lic (r3900292),microsoft licenses,3371.85,113,1644
DN2-00092,quickbooks pos: pro multistore 6.0,intuit inc.,1399.95,114,7
DN2-00093,encyclopedia britannica deluxe 2008 win/mac,avanquest,29.95,115,1642
DN2-00094,cook'n vegetarian,dvo enterprises,19.99,116,1739
DN2-00095,hidden expedition: titanic,activision,19.99,117,1745
DN2-00096,crystal reports xi professional edition,business objects,495,118,1726
DN2-00097,sierra hallmark card studio special edition ( windows ),nova development,19.26,119,1729
DN2-00098,crusader kings,atari,19.99,120,1709
DN2-00099,microsoft licenses exch. srvr extrn conn sa eng (39400416),microsoft licenses,42166.22,121,1723
DN2-00100,watchguard serverlock manager (100 servers),watchguard technologies inc,14995,122,1679
DN2-00101,master server-upg,novastor corporation,174.99,123,1695
DN2-00102,tlc dr. seuss reading learning system 2008,encore,19.99,124,1792
DN2-00103,oxford spanish dictionary,oxford university press,19.95,126,1775
DN2-00104,pantone reference library,pantone inc.,1623.06,127,1780
DN2-00105,procurve vpn client software unlimited client licenses,hewlett packard,2598.96,128,1773
DN2-00106,microsoft licenses sps extrnlconnnonemplyenglands c (h3200034),microsoft licenses,101515.55,130,1749
DN2-00107,microspot interiors,microspot ltd.,99.95,131,1771
DN2-00108,adobe acrobat distiller svr v6-cd linux u/u ( 42050142 ),adobe systems,14967.47,143,1785
DN2-00109,gods: lands of infinity - special edition,strategy first,29.99,161,1458
DN2-00110,icopydvds2 ultra by digital wunders,global marketing partners,89.99,162,1459
DN2-00111,hallmark blank greeting cards half-fold matte premium 20 count,nova development,12.99,163,1453
DN2-00112,sea scene: living underwater worlds (jewel case),valusoft,9.99,164,1454
DN2-00113,equilibrium debabelizer pro 6.0 - 1 user,equilibrium,599.99,166,1469
DN2-00114,autodesk discreet combustion 4 ( windows ),autodesk,889,168,2107
DN2-00115,reel deal casino quest,phantom efx,19.99,169,1466
DN2-00116,microsoft licenses word mac 10.0 eng govt (d4800369),microsoft licenses,349.83,171,1439
DN2-00117,diskeeper 2007 professional single lic pack,diskeeper corporation,79.21,175,1452
DN2-00118,instant immersion japanese (audio book),topics entertainment,19.95,176,1442
DN2-00119,world of warcraft 60 day pre-paid time card,blizzard entertainment,29.99,177,1448
DN2-00120,smart steps 4th grade,dorling kindersley multimedia (dk),29.95,178,1509
DN2-00121,ca arcserve bkup r11.5 win dro sp1 prod only,computer associates,431.16,179,1505
DN2-00122,textbridge pro 11,nuance communications inc.,79.99,180,1504
DN2-00123,emedia rock guitar method,emedia,39.99,181,1500
DN2-00124,home bartending - 101 shooters,arc media inc.,19.95,182,1518
DN2-00125,jumpstart reading with karaoke,knowledge adventure,29.99,183,1516
DN2-00126,iremember digital scrapbooking 2.0,intriguing development,39.95,185,1511
DN2-00127,learn2 training for microsoft powerpoint,topics entertainment - software (consignment),9.99,186,1481
DN2-00128,adobe acrobat distiller svr v6-cd sun 100u ( 42050106 ),adobe,9104.19,187,1479
DN2-00129,tomb raider: legend,eidos interactive,19.99,188,1476
DN2-00130,buku karkuro,topware interactive,19.99,192,1492
DN2-00131,backup exec 10d win adv disk v10.1 lic only (e180518),symantec corporation.,983.34,193,1487
DN2-00132,netmanage upg rumba unix-hp edition level ( 902453-007-c ),netmanage,147.73,199,65
DN2-00133,crystal reports 11 professional full product french,business objects,909.66,207,1488
DN2-00134,adobe illustrator cs3 upgrade from freehand [mac],adobe,199,216,483
DN2-00135,microsoft powerpoint 2004 (mac),microsoft,229.99,225,2239
DN2-00136,dora the explorer: dora's world adventures,activision,19.99,245,144
DN2-00137,microsoft windows small business server cal 2003 license pack 20 client addpack device,microsoft software,,248,1592
DN2-00138,adobe after effects professional 7.0,adobe,999,250,2098
DN2-00139,procurve mobility manager 1.0 is a plug-in module for procurve manager plus 2.0,hewlett packard,1537.06,261,1460
DN2-00140,hp sp linux we 50 lic/cd 3.0c ( t3586a ),hewlett packard (consumables),69216.95,262,1099
DN2-00141,adobe photoshop cs3 extended [mac],adobe,999,264,262
DN2-00142,adobe indesign cs3 [mac],adobe,699,265,330
DN2-00143,intervideo dvd copy 5 platinum,corel,49.99,266,2298
DN2-00144,adobe photoshop elements 5.0/premier elements 3.0 [lb],adobe,149.99,267,2397
DN2-00145,world of rainbow fish,global software publishing,19.99,268,2941
DN2-00146,adobe audition 2.0,adobe,349,272,2257
DN2-00147,quickbooks credit card processing kit 3.0,intuit,39.95,273,8
DN2-00148,instant immersion italian 2.0,topics entertainment,29.99,274,2867
DN2-00149,instant immersion 33 languages,topics entertainment,49.99,276,2822
DN2-00150,the printshop 20,broderbund,29.99,279,2056
DN2-00151,sibelius 5 educational edition,sibelius software ltd.,329,284,2849
DN2-00152,weekly reader preparing for kindergarten,fogware publishing,19.99,285,2851
DN2-00153,my maillist & addressbook,mysoftware company,19.95,286,2840
DN2-00154,sibelius 5 professional edition,sibelius software ltd.,599,287,2845
DN2-00155,fisher-price rescue heroes: lava landslide,knowledge adventure,8.95,304,2806
DN2-00156,virusbarrier x4 10.4 for mac-10 users,intego,329.95,308,2915
DN2-00157,family tree maker version 16 deluxe,encore,69.95,309,2918
DN2-00158,instant architect design suite,imsi design,29.99,310,2919
DN2-00159,axis network camera 213 ptz - digital video camera ( 0220-004 ),axis communication inc.,1420.79,311,2920
DN2-00160,norton antivirus 2007,symantec,39.99,312,573
DN2-00161,f-secure internet security 2007 - 3 pcs,global marketing partners,79.99,316,2913
DN2-00162,poetry fiction and drama (win/mac) (jewel case),fogware publishing,9.99,319,2933
DN2-00163,quicken 2007 premier,intuit,79.95,320,2250
DN2-00164,route 66 mobile 7 - usa/cdn for windows mobile 5,csdc,149,321,2934
DN2-00165,adobe premiere pro 2.0,adobe,849,322,2135
DN2-00166,geometry (win/mac) (jewel case),fogware publishing,9.99,323,2922
DN2-00167,reader rabbit preschool,the learning company,29.99,324,1416
DN2-00168,cross stitch design studio (jewel case),m and r technologies,9.99,325,2925
DN2-00169,spy sweeper [lb],webroot software,29.99,332,2855
DN2-00170,adobe after effects 7.0 professional (mac),adobe,999,333,2118
DN2-00171,transfer my dvd,avanquest,29.95,334,2852
DN2-00172,tlc zoombinis 3rd grade lrng sys 2007 sb cs by riverdeep ( 10548 ),encore software inc,17.97,335,2859
DN2-00173,mcafee internet security suite 2007 - 3 users,mcafee,89.99,346,2706
DN2-00174,jumpstart advanced 1st grade v2.0,knowledge adventure,19.99,347,2705
DN2-00175,microsoft office & windows training,topics entertainment,29.99,348,1545
DN2-00176,middle school success deluxe 2008,topics entertainment,49.99,349,2703
DN2-00177,adobe creative suite cs3 design standard upsell [mac],adobe,899,350,908
DN2-00178,is3 stopzilla 4.0 [stop spyware pop-ups id theft],roxio,29.95,351,2701
DN2-00179,pc vegas dvd,sony pictures home entertainment,899.99,352,2712
DN2-00180,zonealarm internet security suite,zone labs,49.99,354,2707
DN2-00181,ringtone media studio 2,laplink,19.95,355,2691
DN2-00182,print workshop 2007,valusoft,19.99,356,2690
DN2-00183,perfect attorney premium,cosmi corporation,39.99,357,2688
DN2-00184,adventure workshop 1st-3rd grade 8th edition,encore,19.99,358,2686
DN2-00185,fun for kids: preschool - kindergarten featuring disney,topics entertainment,29.99,359,2700
DN2-00186,national geographic photo gallery (jewel case),topics entertainment,9.99,361,2699
DN2-00187,sony psp media manager,sony computer entertainment,24.99,362,2698
DN2-00188,adobe premiere elements 3.0 [lb],adobe,99.99,363,2305
DN2-00189,english - literature basics (win/mac) (jewel case),fogware publishing,9.99,364,2695
DN2-00190,riverdeep arthur's kindergarten,riverdeep,19.95,365,2631
DN2-00191,jumpstart advanced 3rd grade v2.0,knowledge adventure,19.99,367,2621
DN2-00192,cosmi talking math & more for kids (windows),cosmi,4.99,368,2677
DN2-00193,microsoft powerpoint 2004 upgrade (mac),microsoft,109.99,369,2409
DN2-00194,readiris pro 11 corporate edition,iris inc.,399.99,370,2678
DN2-00195,magellan mapsend lakes (usa south),magellan,114.66,371,2660
DN2-00196,mcafee virusscan plus 2007,mcafee,39.99,372,2669
DN2-00197,reel deal casino championship edition,phantom efx,19.99,373,2509
DN2-00198,printmaster gold v 17.0,nova development,19.95,374,2511
DN2-00199,aquarium 3-in-one collection (win/mac),encore software,19.99,376,2503
DN2-00200,cute ftp,tri synergy,39.99,377,2517
DN2-00201,kaspersky anti-virus 6.0,kaspersky lab,59.95,378,2546
DN2-00202,restricted area,whiptail,19.99,379,2513
DN2-00203,merriam-webster's dictionary (win/mac) (jewel case),fogware publishing,9.99,381,2515
DN2-00204,instant immersion japanese 2.0,topics entertainment,19.99,387,2834
DN2-00205,jumpstart advanced 2nd grade v2.0,knowledge adventure,19.99,392,2746
DN2-00206,cosmi rom07524 print perfect business cards dvd,cosmi,29.99,402,2729
DN2-00207,podmaxx '07,bling,29.99,409,2713
DN2-00208,adobe creative suite cs3 web premium upsell [mac],adobe,1399,410,181
DN2-00209,human body 360,megasystems,29.99,411,2714
DN2-00210,web radio recorder,magix entertainment,24.99,412,2715
DN2-00211,student home learning system for pc/mac,fogware publishing,139.99,418,2302
DN2-00212,3mds network operations manager diy annual subscptn 101 500u,3m,144.63,419,2296
DN2-00213,hoyle card games 2007,encore software,29.99,423,2272
DN2-00214,ca arcserve bkup protection suite exch r11.5 upgrade prod only,computer associates,2249.99,424,2255
DN2-00215,the guild 2 - pirates of the seas,dreamcatcher interactive,29.99,427,2210
DN2-00216,child safe 3-pc,webroot software,39.95,428,2190
DN2-00217,microsoft windows server 2003 client additional license for devices - 5 pack,microsoft,209,429,2924
DN2-00218,mediapilot kit,susteen,39.95,431,2173
DN2-00219,upgrade pitstop server 3.5 1u win 2k/xp & mac os 10.2.8,enfocus software,499,432,2165
DN2-00220,sudoku puzzle addict: unlimited edition,global software publ na,7.93,434,2151
DN2-00221,aircraft power pack for ms flight simulator,red mile,29.99,435,2146
DN2-00222,winway resume deluxe 11.0 network 10,nova development,349.99,436,2149
DN2-00223,researchsoft endnote 9 student edition for students [old version],isi researchsoft,109.99,438,2139
DN2-00224,sony acid music studio,sony pictures digital entertainment,69.99,439,2106
DN2-00225,jumpstart 1st grade,knowledge adventure,9.9,442,2102
DN2-00226,instant landscaping 3.0 [lb],topics entertainment,19.99,443,2104
DN2-00227,topics presents: ancient civilizations (4 cd set),topics entertainment,29.99,444,2099
DN2-00228,simple movie maker,topics entertainment,19.99,445,2101
DN2-00229,instant play electric guitar (jewel box),topics entertainment,6.99,446,2092
DN2-00230,boomerang webpage designer gold,boomerang,36.9,447,2094
DN2-00231,x-oom mp3 radio recorder ( windows ),x-oom,22.9,448,2083
DN2-00232,adobe after effects cs3,adobe,999,450,2415
DN2-00233,phonics success deluxe 2006 (large box),topics entertainment,49.99,451,2080
DN2-00234,land before time: preschool,brighter minds media inc.,9.99,452,2082
DN2-00235,brainfood games cranium collection 2006,encore software,19.99,453,2450
DN2-00236,clickart fonts (2006) by encore,encore software,19.99,454,2439
DN2-00237,national geographic presents: redshift 5 planetarium software,topics entertainment,39.99,455,2498
DN2-00238,stationery design studio,summit software,19.99,456,2496
DN2-00239,anti-spyware 3.0 win normal 1u - new,trend micro,48.91,457,2414
DN2-00240,snap! 8 player poker 5 pack,topics entertainment,29.06,458,2404
DN2-00241,alien disco safari,encore,19.99,459,2437
DN2-00242,emc retrospect 7.5 svr 1-client windows,dantz,249,460,2428
DN2-00243,ae painter v9 win/mac box,corel corp,166.19,462,2388
DN2-00244,adobe creative suite cs3 web standard upgrade [mac],adobe,399,463,428
DN2-00245,treasure mathstorm,the learning company,29.99,466,2081
DN2-00246,ae mappoint 2006 cd,microsoft corp,49.95,467,2376
DN2-00247,ov data protector open file 5-wk v.9 ltu incl ltu for 5 win nt/2000/xp workstati,hewlett packard,320.44,469,2386
DN2-00248,pro photo essentials plug in suite & iview mediapro 3,onone software,499.95,470,2381
DN2-00249,mindjet mindmanager 7 mac single license,mindjet,129,474,2365
DN2-00250,sound studio 3: record edit add effects to audio (mac),freeverse software,79.99,476,2353
DN2-00251,jumpstart world 1st grade,knowledge adventure,19.99,477,2358
DN2-00252,art explosion t-shirt factory deluxe 3.0,nova development,29.99,478,2360
DN2-00253,window washer,webroot software inc,25.97,479,2334
DN2-00254,child safe,webroot software,39.95,480,2336
DN2-00255,adobe premiere elements 3.0,adobe,161.73,481,2662
DN2-00256,on hand spanish 1-2-3 ( windows ),on hand software,9.99,482,2338
DN2-00257,crystal reports 11 reporting essentials trng cbt,business objects,199.99,484,2313
DN2-00258,star wars battlefront (mac),aspyr media,39.99,485,2324
DN2-00259,flyboys squadron mac,ientertainment,29.99,486,2329
DN2-00260,microsoft visual studio professional 2005 upgrade,microsoft software,549,487,2658
DN2-00261,hollywood volume 1,yamaha,31.95,488,2332
DN2-00262,webobjects 5.2,apple,699.95,491,801
DN2-00263,serious magic ultra2 master sets library 2 ( windows ),serious magic,276.5,492,2177
DN2-00264,microsoft windows vista business 32-bit for system builders,microsoft,179.99,493,1602
DN2-00265,microsoft data analyzer 2002,microsoft,179,494,1529
DN2-00266,mavis beacon typing 17 deluxe by broderbund,encore software,39.99,495,2436
DN2-00267,symantec pcanywhere 12.0 host only,symantec,169.65,496,1540
DN2-00268,the printshop business card maker (jewel case),riverdeep - learning company,9.99,497,299
DN2-00269,microsoft digital image suite plus [lb],microsoft software,129.95,498,799
DN2-00270,hallmark card studio 2006,sierra home,29.99,500,1546
DN2-00271,adobe audition 2.0 upgrade,adobe,129,501,2482
DN2-00272,norton internet security mac 3.0 [antivirus firewall privacy controls iclean],symantec,99.95,502,2105
DN2-00273,corel wordperfect office 12 standard upgrade,corel,149.99,503,380
DN2-00274,raster design 2006 essentials,autodesk psg,59.95,504,1457
DN2-00275,acrobat professional 8 mac upsell standard-professional,adobe,273,505,167
DN2-00276,services for netware 5.0,microsoft,149,506,1913
DN2-00277,reader rabbit learning system 1st grade,encore software,29.99,507,2005
DN2-00278,microsoft windows xp professional upgrade with sp2,microsoft software,199.99,509,2697
DN2-00279,mavis beacon typing 17 (win/mac),encore software,19.99,510,2004
DN2-00280,instant immersion spanish deluxe 2.0,topics entertainment,49.99,512,2659
DN2-00281,adobe creative suite cs3 design premium upgrade [mac],adobe,599,513,884
DN2-00282,adobe photoshop cs3 [mac],adobe,649,514,970
DN2-00283,microsoft student with encarta premium 2008 dvd,microsoft,49.95,516,2330
DN2-00284,microsoft sql server developer edition 2005 cd/dvd,microsoft software,49.95,518,1763
DN2-00285,microsoft visio standard 2007,microsoft,259.95,519,2693
DN2-00286,apple final cut express hd 3.5 (mac),apple computer,299,521,932
DN2-00287,corel painter x win/mac,corel,429,522,236
DN2-00288,quickbooks simple start 2007,intuit,99.95,524,2226
DN2-00289,zoo tycoon 2: marine mania expansion,microsoft,19.99,525,1559
DN2-00290,learning company kid pix deluxe 4,encore software,19.99,526,2356
DN2-00291,microsoft windows server 2003 client additional license for users-5 pack,microsoft,809,527,2405
DN2-00292,imsi resume writer deluxe [lb],imsi design,19.95,530,2019
DN2-00293,apple .mac 4.0 online service,apple,99.95,532,886
DN2-00294,apple iwork '06 (mac dvd),apple,79,533,978
DN2-00295,learning quickbooks 2007,intuit,39.95,534,0
DN2-00296,ulead videostudio 11 plus,corel,129.99,535,5
DN2-00297,microsoft onenote 2007,microsoft,99.95,536,2708
DN2-00298,apple ilife '06 (mac dvd) [older version],apple computer,79,537,221
DN2-00299,adobe photoshop cs3 upgrade [mac],adobe,199,538,370
DN2-00300,microsoft windows xp home edition full version with sp2,microsoft,199,539,285
DN2-00301,microsoft outlook 2007,microsoft,109.95,541,2717
DN2-00302,quickbooks pro 2007 small business financial software,intuit,199.95,542,2227
DN2-00303,corel snapfire plus [ignite photo fun],corel,39.99,546,538
DN2-00304,instant immersion german deluxe 2.0,topics entertainment,39.99,548,2839
DN2-00305,scooby doo glowing bug man (jewel case),encore software,9.99,549,542
DN2-00306,instant immersion italian deluxe 2.0,topics entertainment,49.99,550,2841
DN2-00307,adobe creative suite cs3 production premium,adobe,1699,551,2060
DN2-00308,instant immersion spanish 2.0,topics entertainment,29.99,552,2696
DN2-00309,adobe dreamweaver cs3 [mac],adobe,399,553,325
DN2-00310,quicken 2007 basic,intuit,29.95,555,2300
DN2-00311,adobe dreamweaver cs3 upgrade [mac],adobe,199,556,942
DN2-00312,h&r block taxcut 2006 premium federal,h&r block,19.99,558,2062
DN2-00313,adobe creative suite cs3 web premium [mac],adobe,1599,559,323
DN2-00314,apple garageband jam pack: symphony orchestra,apple,99,560,356
DN2-00315,h&r block taxcut 2006 home & business + state,h&r block,79.99,561,2419
DN2-00316,dv rack 2 win retail ue1u,adobe,908.69,562,2649
DN2-00317,professor teaches windows xp,individual software,19.99,564,787
DN2-00318,microsoft visio standard 2007 version upgrade,microsoft,129.95,565,2848
DN2-00319,adobe dreamweaver cs3 upgrade,adobe,199,566,1524
DN2-00320,coreldraw graphics suite x3 upgrade,corel,179,567,1605
DN2-00321,microsoft mappoint 2006 with gps,microsoft,349,568,2850
DN2-00322,quicken 2007 home & business,intuit,89.95,571,2091
DN2-00323,microsoft office excel 2007,microsoft,229.95,572,2673
DN2-00324,h&r block taxcut 2006 premium federal + state + efile,h&r block,59.99,573,2422
DN2-00325,quickbooks premier edition 2007 - 5 user multi-pack,intuit,1499.95,574,263
DN2-00326,hoyle board games,encore,9.99,575,2466
DN2-00327,apple garageband jam pack: remix tools,apple,99,576,455
DN2-00328,roxio popcorn 2 (mac),roxio,49.95,577,148
DN2-00329,intervideo windvd 8 platinum,corel,69.99,579,2408
DN2-00330,quickbooks premier professional services edition 2007,intuit,399.95,580,2420
DN2-00331,microsoft word 2007 version upgrade,microsoft,109.95,581,2670
DN2-00332,adobe creative suite cs3 design standard [mac],adobe,1199,582,554
DN2-00333,quicken 2007 deluxe,intuit,59.95,583,2284
DN2-00334,apple garageband jam pack: world music,apple,99,584,315
DN2-00335,apple iwork '06 family pack (mac dvd) [older version],apple,99,585,264
DN2-00336,adobe after effects cs3 upgrade,adobe,299,586,256
DN2-00337,adobe indesign cs3 upgrade [mac],adobe,199,587,150
DN2-00338,corel wordperfect office x3 professional edition,corel,399.99,588,602
DN2-00339,flash remoting 1 alp ret eng cd 1u,adobe,1657.06,589,653
DN2-00340,swat 4: special weapons and tactics,vivendi universal,19.99,590,821
DN2-00341,apple .mac 4.0 online service family pack,apple,179.95,594,513
DN2-00342,jumpstart kindergarten,knowledge adventure,19.99,595,1997
DN2-00343,adobe creative suite cs3 design standard upgrade [mac],adobe,399,596,934
DN2-00344,apple aperture 1.5,apple,299,597,258
DN2-00345,microsoft word 2004 (mac),microsoft,229.99,598,981
DN2-00346,microsoft office 2004 professional (mac),microsoft,499.99,599,2108
DN2-00347,broderbund print shop 21 deluxe,encore software,49.99,600,1410
DN2-00348,adobe creative suite cs3 web premium upgrade [mac],adobe,499,601,528
DN2-00349,mavis beacon teaches typing deluxe 16,broderbund,39.99,603,1976
DN2-00350,corel ventura 10 dvd,corel,699,605,2224
DN2-00351,adobe creative suite cs3 design standard upgrade,adobe,399,608,367
DN2-00352,microsoft windows vista home basic upgrade [dvd],microsoft,99.95,609,1477
DN2-00353,norton antivirus mac 10.0 (mac),symantec,69.95,610,213
DN2-00354,pop-up stopper professional,panicware,29.99,611,290
DN2-00355,ideasoft photo clip art 10 000,nova development,7.81,612,289
DN2-00356,adobe premiere pro cs3,adobe,799,613,189
DN2-00357,entertainment partners budgeting (mac),entertainment partners,699,614,288
DN2-00358,emedia intermediate guitar method win/mac,emedia,59.99,615,287
DN2-00359,super collapse 3,mumbo jumbo,19.99,616,296
DN2-00360,timbuktu remote control softwre 2 licenses for windows & mac,netopia,199.99,617,295
DN2-00361,apple final cut studio 2 upgrade from final cut studio (mac),apple,499,618,293
DN2-00362,steinberg halion symphonic orchestra virtual instrument (academic version),steinberg,374.99,619,291
DN2-00363,delorme topo usa mapping software 6.0 west region,delorme,49.95,621,275
DN2-00364,soho labels & envelopes - chronos l.c.,chronos,29.99,622,274
DN2-00365,stopzilla 4.0,roxio,47.33,623,273
DN2-00366,h&r block taxcut 2006 premium federal + state with usb 256m flashdrive,h&r block,39.99,624,2241
DN2-00367,microsoft windows xp professional full version with sp2,microsoft,299.99,625,272
DN2-00368,sportsman's double play,masque,17.55,626,280
DN2-00369,phase one capture one pro win/mac,phase one,499,627,279
DN2-00370,family tree maker version 16 essentials,encore,29.95,628,278
DN2-00371,mavis beacon teaches typing deluxe v17,encore software,39.99,629,276
DN2-00372,mah jong quest,united developers,22.99,630,324
DN2-00373,apple final cut studio 2 upgrade from final cut pro (mac),apple,699,631,326
DN2-00374,cosmic blobs: lab rat edition (win & mac),solidworks corporation,39.99,632,321
DN2-00375,alsoft diskwarrior: mac univeral binary,alsoft,89.99,633,322
DN2-00376,sims 2 nightlife expansion pack,aspyr media,34.99,634,332
DN2-00377,adobe flash pro cs3 [mac],adobe,699,635,351
DN2-00378,40 years of the avengers,git corp,49.99,636,334
DN2-00379,microspot macdraft pe (mac),microspot ltd.,99.95,637,329
DN2-00380,microsoft virtual pc for mac 7.0 with windows xp home,microsoft,219.99,638,331
DN2-00381,instant immersion german audio,topics entertainment,12.05,639,306
DN2-00382,readiris pro 11 corporate edition (mac),iris,499.95,640,310
DN2-00383,internet security barrier x4 antispam edition,intego inc,71.75,641,304
DN2-00384,mcafee total protection 2007 - 3 users,mcafee,99.99,642,305
DN2-00385,vuvideo anywhere for your ipod,abacus software,29.95,644,316
DN2-00386,quickverse mac bible study 2007 white box,findex,59.95,645,317
DN2-00387,3d home architect home design deluxe version 9,encore,29.99,646,312
DN2-00388,acrobat professional 8 (windows),adobe,273,647,313
DN2-00389,wanted: a wild western adventure,dreamcatcher interactive,29.99,649,228
DN2-00390,emedia guitar basics,emedia music,16.64,650,233
DN2-00391,webexpress,ingram micro,69.99,651,229
DN2-00392,more brain games,csdc,9.99,652,237
DN2-00393,usa/world extreme landscapes bundle,abacus,39.95,653,234
DN2-00394,macdrive 7,mediafour corporation,49.95,656,240
DN2-00395,snap! hair styler studio,topics entertainment,4.99,657,210
DN2-00396,riding academy: jump & ride,viva media,19.99,659,217
DN2-00397,toysight gold for isight: includes 15 games (mac),freeverse software,29.99,660,211
DN2-00398,ford racing 2 (mac),feral interactive,19.99,661,219
DN2-00399,printmaster gold v 17.0,encore software,19.99,662,218
DN2-00400,gorilla 4 standard,jungle software,299,663,223
DN2-00401,sonic mega collection plus,sega of america inc.,19.99,664,222
DN2-00402,scholastic brain play: pre-kindergarten - 1st grade,topics entertainment,19.99,665,1482
DN2-00403,bryce 6,re:launch,109.95,666,254
DN2-00404,school zone flash action -- addition/subtraction (windows/macintosh),school zone,12.99,667,255
DN2-00405,art explosion 600 000 images,nova development,79.99,668,257
DN2-00406,mcsa/mcse self-paced training kit (exams 70-292 & 70-296) - upgrading your certi,microsoft,70,670,1641
DN2-00407,instant immersion german v2.0 (pc & mac),topics entertainment,29.99,671,259
DN2-00408,datapilot cell phone data transfer suite universal,susteen,79.99,673,265
DN2-00409,hospital tycoon for pc,warner new media,29.99,674,266
DN2-00410,mozy 3.0,simply put software llc,43.3,675,271
DN2-00411,math advantage 2008,encore,39.99,676,242
DN2-00412,route 66 route canada (french),csdc,35.98,677,243
DN2-00413,the sims 2: open for business expansion pack,aspyr media,34.99,678,245
DN2-00414,lego star wars (dvd) (mac),aspyr media,29.99,679,247
DN2-00415,grisoft avg anti-virus & anti-spyware - 2 year subscription,grisoft,39.95,680,248
DN2-00416,phase one capture one le,phase one,76.99,681,249
DN2-00417,family tree maker version 16 collectors edition,encore software,85.07,682,250
DN2-00418,sims 2 university expansion pack,aspyr media,34.99,683,251
DN2-00419,dk amazing animals 1.1,global software publishing,9.99,684,2640
DN2-00420,sunset boulevard,yamaha,31.95,685,424
DN2-00421,kakuro puzzle addict unlimited edition,global software publishing,9.99,686,2641
DN2-00422,eovia carrara 5 pro,eovia,445.3,687,420
DN2-00423,global software smart steps 1st grade ( windows macintosh ),global software,9.08,688,2638
DN2-00424,wild photo effects (jewel case),on hand software,9.99,689,417
DN2-00425,amazing animals with zoofari games (win/mac),global software,8.79,690,2639
DN2-00426,morpheus photo animation suite,smith micro software inc.,49.99,691,413
DN2-00427,scrapbook for windows,abacus,26.14,692,414
DN2-00428,sims complete,aspyr media,49.99,693,411
DN2-00429,airline tycoon deluxe,topware interactive,19.99,694,410
DN2-00430,intellimover transfer your pc deluxe,nova development,69.99,695,409
DN2-00431,dk exotic animals africa,global software publishing,9.99,696,2645
DN2-00432,ilisten with headset microphone 1.7,csdc,149.99,697,406
DN2-00433,world of warcraft expansion: burning crusade,blizzard entertainment,39.99,699,404
DN2-00434,sudoku puzzle addict,global software publishing north america inc,6.99,700,2643
DN2-00435,alliance future combat,strategy first,19.99,701,403
DN2-00436,dk smart steps 3rd grade,global software publishing,9.99,702,2644
DN2-00437,marine aquarium 2.0 (mac),encore,19.99,703,401
DN2-00438,family tree maker 2008 platinum,encore,99.95,704,402
DN2-00439,spongebob squarepants typing 2008 win/mac,encore software,19.95,705,400
DN2-00440,call of duty deluxe (mac) (dvd),aspyr media,39.99,706,397
DN2-00441,gsp crossword addict,global software publishing north america inc,9.99,707,2642
DN2-00442,mike garson jazzical suite,yamaha,34.95,708,398
DN2-00443,avid liquid pro,avid technology,1942.6,709,2679
DN2-00444,learn to play chess with fritz & chesster 2 (mac),viva media,29.99,710,449
DN2-00445,land before time: kindergarten,brighter minds media inc.,9.99,711,448
DN2-00446,3ds max 9 com new slm,autodesk m & e box,3495,713,2672
DN2-00447,backpack journalist,honest technology,79.99,714,445
DN2-00448,steinberg nuendo 3 digital audio software,steinberg,2499,715,2657
DN2-00449,learn2 training for microsoft excel,topics entertainment - software (consignment),9.99,716,439
DN2-00450,simply put software gotta sing ( windows/macintosh ),simply put software,34.97,717,2654
DN2-00451,omniweb 5.0,omni group,29.99,718,438
DN2-00452,simply put software data eliminator,simply put software,34.97,719,2646
DN2-00453,ibm viavoice advanced v.10,nuance communications inc.,57.54,720,437
DN2-00454,f/a-18 operation iraqi freedom,graphics simulations corporation,39.99,723,434
DN2-00455,instant immersion italian platinum,topics entertainment,129.99,724,2236
DN2-00456,civilization iv warlords (mac),aspyr media,29.99,725,430
DN2-00457,clickart 1.2 million dvd 2006 by broderbund,encore software,49.99,726,2764
DN2-00458,middle school success essentials,topics entertainment,29.99,727,433
DN2-00459,adventure workshop preschool (jewel case),encore software,29.99,728,2761
DN2-00460,print shop 22 deluxe,encore,49.99,731,431
DN2-00461,iris readiris pro 11.0 (mac),i.r.i.s.,129.95,732,423
DN2-00462,chessmaster 9000 (mac),feral interactive,39.99,733,425
DN2-00463,star wars empire at war (intel only macs),aspyr media,49.99,735,355
DN2-00464,mariner calc speadsheet (mac),mariner software,59.99,737,359
DN2-00465,diner dash (pc & mac),brighter minds,14.99,738,349
DN2-00466,marketcircle daylite v3.0 (mac),csdc,149,739,348
DN2-00467,lego star wars ii: the original trilogy for mac,feral interactive,39.99,740,352
DN2-00468,rollercoaster tycoon 3: soaked,aspyr media,19.99,741,350
DN2-00469,microspot interiors (mac),microspot ltd.,99.95,743,341
DN2-00470,project x project management software,marware,199.95,744,346
DN2-00471,age of empires iii,destineer,49.99,745,345
DN2-00472,microsoft office & windows training professional,topics entertainment,49.95,746,1462
DN2-00473,internet cleanup 3.0,aladdin systems,29.99,747,338
DN2-00474,micromat protogo,micromat,109.99,748,336
DN2-00475,44 years of the fantastic four,git corp,49.99,749,340
DN2-00476,rise of nations: gold (mac),macsoft,49.99,750,339
DN2-00477,circus ponies-notebook 2.0 mac os,csdc,49.95,751,390
DN2-00478,humorous greeting card factory,nova development,29.99,752,392
DN2-00479,panda software antivirus & firewall 2008 - windows,panda software,31.53,753,396
DN2-00480,microsoft visual studio team edition for software testers 2005 w/msdn premium renewal,microsoft software,2309,754,2550
DN2-00481,i transfer dvds 2 ipod edition (win/mac),me too software,29.99,755,395
DN2-00482,station access collection,sony creative software,29.99,756,385
DN2-00483,agatha christie: and then there were none,dreamcatcher interactive,29.99,757,386
DN2-00484,brothers in arms: road to hill 30 (dvd-rom),ubi soft,19.99,759,388
DN2-00485,command and conquer generals deluxe dvd-rom (mac),aspyr media,59.99,760,378
DN2-00486,battlefield 1942: deluxe edition,electronic arts,29.99,761,381
DN2-00487,power director 3,avanquest publishing usa inc.,79.95,762,383
DN2-00488,cosmi rom03558 print perfect clip art deluxe,cosmi,6.99,763,384
DN2-00489,adobe illustrator cs3 [mac],adobe,599,765,463
DN2-00490,micromat techtool pro 4 (mac),micromat,99.99,769,375
DN2-00491,varmint hunter (jewel case),encore,9.99,770,2459
DN2-00492,hoyle casino 2007,encore,19.95,771,2458
DN2-00493,3d home architect landscape v.8 by encore software,encore software,39.99,772,2457
DN2-00494,hoyle backgammon jc,encore,7.99,773,1467
DN2-00495,microsoft excel 2004 (mac),microsoft,229.99,774,2186
DN2-00496,pc hoyle bridge,encore software,9.99,775,2462
DN2-00497,corel dvd moviefactory 6.0,corel,49.99,776,2115
DN2-00498,axis & allies collector's edition,encore,19.99,777,2461
DN2-00499,jewels of cleopatra,encore software,19.95,778,2460
DN2-00500,jeopardy! deluxe,encore,19.99,779,2453
DN2-00501,hoyle 4-pack 2006,encore software,19.95,780,2452
DN2-00502,hoyle puzzle & board games,encore software,19.95,781,2451
DN2-00503,hoyle mahjongg (jewel case),encore,9.99,782,2387
DN2-00504,scrabble champion edition,encore,19.95,783,2456
DN2-00505,hoyle kids' games jc,encore,9.99,784,2455
DN2-00506,cyberchase adventures: carnival chaos and casablanca quest,brighter minds media inc.,19.99,785,490
DN2-00507,hoyle south beach solitaire,encore,9.99,786,2454
DN2-00508,monopoly 3,encore,9.99,787,704
DN2-00509,ca arcserve bkup r11.5 win client vss software snap-shot- prod only,computer associates,799.97,788,2473
DN2-00510,ulead videostudio 11,corel,89.99,789,2121
DN2-00511,hoyle solitaire (jewel case),encore,9.99,791,666
DN2-00512,hp dss software - ( v. 4.0 ) - complete package ( t1936aa ua0 ),hewlett packard (consumables),630.36,792,795
DN2-00513,ulead systems dvd workshop 2,ulead systems,494.99,794,2481
DN2-00514,final draft 7/syd field's screenwriting workshop dvd bundle,final draft,249.99,795,2477
DN2-00515,adobe creative suite cs3 master collection [mac],adobe,2499,796,941
DN2-00516,digidesign music production toolkit (pro tools le),digidesign,495,797,2478
DN2-00517,hoyle texas hold 'em poker (jewel case),encore,9.99,798,2463
DN2-00518,chicken hunter: license to grill - the great poultry race,encore,9.99,799,2464
DN2-00519,media studio for psp standard editon,encore software,29.99,800,2921
DN2-00520,3d home architect landscape designer v8,encore software,29.99,801,532
DN2-00521,hoyle: classic collection 2006,encore,19.99,802,2468
DN2-00522,monopoly here & now,encore,19.95,803,2469
DN2-00523,chicken hunter wanted jc,encore,9.99,804,2465
DN2-00524,notetaker 1.5,aquaminds,69.99,806,335
DN2-00525,business plan writer deluxe 8.0 2005,nova development,99.99,807,2400
DN2-00526,microsoft visual studio team suite 2005 with msdn premium (cd & dvd),microsoft,10949,809,2526
DN2-00527,canopus 77010158100 let's edit,canopus,99,811,2552
DN2-00528,mavis beacon 17 standard,encore software,19.95,812,2681
DN2-00529,riverdeep adventure workshop 4th-6th grade 8th edition,riverdeep,17.1,813,686
DN2-00530,adventure workshop preschool-1st grade 8th edition,encore,19.99,814,184
DN2-00531,sharks 2.0 (pc & mac),e b c marketing,19.99,815,2487
DN2-00532,microsoft word 2004 upgrade (mac),microsoft,109.99,816,2479
DN2-00533,vegas 6 for pc,sony pictures home entertainment,599.99,817,2497
DN2-00534,m-audio pro tools m-powered 7.3 m-audio compatible world-class production software,m-audio,299.99,819,2622
DN2-00535,pinnacle mobile media converter,pinnacle,29.99,820,2623
DN2-00536,avid liquid vs 7 software,avid technology,888.75,821,2628
DN2-00537,acad corel painter x pc/mac,corel,155.22,822,956
DN2-00538,rainbow fish and the whale (win/mac),global software publishing,9.99,823,2629
DN2-00539,global software smart steps 2nd grade ( windows macintosh ),global software,9.08,824,2630
DN2-00540,punch! viacad 2d/3d,punch! software,99,825,2505
DN2-00541,handmark oxford american desk dictionary and thesaurus,handmark inc.,24.2,827,2558
DN2-00542,i love the usa,global software publishing,9.99,828,2569
DN2-00543,adobe photoshop cs3 extended upgrade [mac],adobe,349,829,893
DN2-00544,computrace lojack for laptops - 3 year license (mac),absolute software,99.95,830,459
DN2-00545,adobe photoshop cs3 extended,adobe,999,831,2485
DN2-00546,digital video and audio production book for vegas 7+dvd,sony pictures digital entertainment,49.35,832,1473
DN2-00547,now up-to-date & contact v5.0 (mac),now software,109.99,836,955
DN2-00548,iplaymusic beginner guitar lessons for the mac and ipod,iplaymusic,49.99,837,179
DN2-00549,discrete drums: vol.1,sony media software,59.95,838,421
DN2-00550,safekeeper plus,bling software,35.97,840,2359
DN2-00551,punch! professional home design platinum v10,punch! software,99,843,2348
DN2-00552,cinescore professional soundtrack edition,sony pictures digital entertainment,249.95,844,2344
DN2-00553,onone essentials for adobe photoshop elements,onone software,59.95,845,2342
DN2-00554,bookkeeper 2008,individual software,39.99,846,190
DN2-00555,micromat podlock (mac),micromat,69,847,188
DN2-00556,videostudio 11 plus,corel,89.95,848,2412
DN2-00557,cakewalk sonar home studio 6 xl,cakewalk,209,849,2399
DN2-00558,microsoft onenote 2007 upgrade,microsoft,79.95,850,2694
DN2-00559,onone software intellihance pro 4.1,onone software,159.99,851,794
DN2-00560,apple ilife '06 family pack (mac dvd) [older version],apple computer,99,852,227
DN2-00561,creating keepsakes scrapbook designer version 2 platinum,riverdeep - learning company,39.99,853,2003
DN2-00562,cakewalk project5 version 2,cakewalk,259,854,2396
DN2-00563,cubase se3 educational edition,steinberg,145.73,855,207
DN2-00564,vocabulary puzzles grade 1,school zone,14.95,856,206
DN2-00565,cakewalk sonar home studio 6,cakewalk,139,857,2390
DN2-00566,system care professional,avanquest,49.95,858,202
DN2-00567,punch! ultimate deck and landscape,punch! software,29,859,2380
DN2-00568,live bingo,imagination international corp,10.86,860,200
DN2-00569,upgrade crystal reports 11 pro french,business objects,479.78,861,2213
DN2-00570,tiny term emulator v4.3x,century software,219.63,862,2384
DN2-00571,apple garageband jam pack: rhythm section,apple,99,863,979
DN2-00572,peachtree by sage premium accounting for manufacturing 2007 multi user (up to 5 users),sage software,1199.99,866,198
DN2-00573,century software - tinyterm plus v.4.0 - complete product,century software,188.97,867,2372
DN2-00574,adobe soundbooth cs3 [mac],adobe,199,868,171
DN2-00575,timbuktu remote control softwre 1 license for mac os,netopia,97.99,869,194
DN2-00576,poser figure artist,efrontier,99.99,870,193
DN2-00577,sony sound forge 9 boxed upgrade,sony media,232.05,871,2666
DN2-00578,super granny 3,encore software,19.99,872,2435
DN2-00579,the print shop 22 deluxe sb cs by the print shop,encore software,49.95,873,2434
DN2-00580,marine aquarium + sharks,encore software,9.95,874,1526
DN2-00581,adobe creative suite cs3 production premium,adobe,1699,875,912
DN2-00582,checkmark multiledger,checkmark software,399,876,118
DN2-00583,ipswitch inc ws ftp pro 9 sdk w/ ws ftp pro ( wd-1000-0900 ),ipswitch inc,395,877,119
DN2-00584,123 movies 2 ipod w/ av cables umd size,bling,29.99,878,2232
DN2-00585,hoyle bridge club,encore,29.95,879,2431
DN2-00586,scrabble champion edition,encore,19.95,881,2433
DN2-00587,ilisten (mac),macspeech inc.,99.99,883,152
DN2-00588,adobe premiere pro cs3,adobe,799,884,791
DN2-00589,starship troopers/first to fight bundle,destineer,19.95,885,155
DN2-00590,art text,belight software,49.95,886,156
DN2-00591,hoyle card games 2007,encore software,19.99,887,2430
DN2-00592,reel deal slots mystic forest,phantom efx,19.95,888,158
DN2-00593,adobe creative suite cs3 production premium upsell,adobe,1199,889,450
DN2-00594,risk ii jc,encore,9.99,890,2429
DN2-00595,onone genuine fractals 5 - full 1u,onone software,159.95,891,2763
DN2-00596,partition commander 10,avanquest,49.95,893,149
DN2-00597,sony sound effects series vol 1 through 10,sony pictures digital entertainment,370.97,894,2484
DN2-00598,mavis beacon teaches typing 17 standard,encore software,19.99,895,973
DN2-00599,vault360 combo,navarre (software),29.95,896,151
DN2-00600,efrontier anime studio pro (win/mac),efrontier,199.99,897,165
DN2-00601,monopoly here & now,encore,19.95,898,2448
DN2-00602,hoyle card games (jewel case),encore software,9.99,899,1553
DN2-00603,gorilla 4 pro,jungle software,399,900,164
DN2-00604,oxford world encyclopedia,tri synergy,19.99,901,168
DN2-00605,obscure,dreamcatcher interactive,19.99,903,166
DN2-00606,network now! pro by encore,encore software,39.99,904,2449
DN2-00607,starry night galaxy explorer (pc & mac),imaginova,9.99,905,160
DN2-00608,hasbro classic collection ( 2006 ),encore,19.99,906,2445
DN2-00609,allegro 2005,makemusic!,199.99,907,157
DN2-00610,professor fuji's sudoku (jewel case),encore software,9.99,908,2446
DN2-00611,elementary advantage 2008,encore software,33.89,909,162
DN2-00612,recam remote monitoring software,mobi technologies inc.,129,910,2447
DN2-00613,the little mermaid/beauty and the beast,yamaha,34.95,912,176
DN2-00614,sharks 2.0,encore software,19.95,913,2441
DN2-00615,adobe illustrator cs3 upgrade [mac],adobe,199,914,175
DN2-00616,hoyle casino (2007),encore,19.99,915,2442
DN2-00617,instant play guitar deluxe v2.,topics entertainment,39.48,916,178
DN2-00618,pc hoyle jewels: swap & drop it,encore software,9.99,917,2443
DN2-00619,gorilla 4 student,jungle software,199,918,177
DN2-00620,jeopardy,encore,9.99,919,2444
DN2-00621,your desktop post office for pc,stamps.com,14.99,920,170
DN2-00622,adobe contribute cs3 [mac],adobe,149,921,888
DN2-00623,dance 6,digital leisure inc.,39.95,922,169
DN2-00624,registry mechanic 5.x pc system repair,pc tools,29.95,923,174
DN2-00625,axis & allies (jewel case),encore,9.99,924,2438
DN2-00626,panda antivirus 2007,panda software,29.95,925,172
DN2-00627,corel dvd moviefactory 6.0 plus,corel,79.99,926,609
DN2-00628,defcon,encore,18.97,927,2440
DN2-00629,typing instructor deluxe (jewel case),individual software,9.99,929,866
DN2-00630,bias peak pro 5 ( macintosh ),bias,599,930,2200
DN2-00631,freestyle street basketball,sierra online,19.99,931,867
DN2-00632,webroot spy sweeper with antivirus family edition - 3 pcs,webroot software,49.95,932,2193
DN2-00633,my guitar,emedia,29.95,933,869
DN2-00634,rome total war gold edition,sega of america inc.,19.99,934,871
DN2-00635,registry mechanic by encore software,encore software,46.52,935,2202
DN2-00636,classification & ecology (win/mac) (jewel case),fogware publishing,9.99,936,878
DN2-00637,the print shop 21 deluxe by broderbund,encore software,41.97,937,2209
DN2-00638,britannica deluxe,avanquest software,29.95,938,880
DN2-00639,creating keepsakes scrapbook platinum v.3 sb cs by riverdeep,encore software,39.99,939,2208
DN2-00640,leave the lights on (mac),aspyr media,9.99,940,881
DN2-00641,apple logic pro 7.2 upgrade,apple,299,941,2214
DN2-00642,microspot macdraft professional (mac),microspot ltd.,349.99,942,882
DN2-00643,nero 7 ultra edition enhanced,nero inc.,99.99,943,2211
DN2-00644,digital vault,stompsoft inc.,29.99,944,841
DN2-00645,audition 2 win ed ue 1u,adobe education box,149,945,2217
DN2-00646,turbocad mac 3d for mac,imsi,249.99,946,842
DN2-00647,apple logic pro 7.2 retail,apple,999,947,2216
DN2-00648,peachtree by sage premium accounting 2007 - accountants' edition,sage software,499.99,948,848
DN2-00649,onone plug-in suite 3 for adobe photoshop,onone software,399.95,949,550
DN2-00650,stompsoft digital file shredder pro,stompsoft inc.,24.99,950,852
DN2-00651,make music finale 2008 academic,emedia,350,951,2221
DN2-00652,vegas movie studiodvd+8 plat,sony media,129.95,952,9
DN2-00653,gods & heroes: rome rising,sony online entertainment,49.99,953,859
DN2-00654,synet pc sharing kit(w/17ft usb ext.cable),synet electronics inc.,26.14,954,860
DN2-00655,math 2,school zone,9.99,955,862
DN2-00656,pinnacle mobile media organizer,pinnacle,49.99,956,2237
DN2-00657,mavis beacon teaches typing 16,broderbund,19.99,958,2078
DN2-00658,intervideo windvd 8 gold,intervideo,49.99,959,2233
DN2-00659,talk now! learn afrikaans - beginning level,eurotalk,29.99,960,828
DN2-00660,computrace lojack for laptops: 3 year subscription,absolute software,99.99,961,2144
DN2-00661,instant immersion ingles audio deluxe,topics entertainment,17.55,962,827
DN2-00662,i copy dvd's 2,me too software,49.99,963,2145
DN2-00663,computrace lojack for laptops: 1 year subscription,absolute software,49.99,964,1480
DN2-00664,sony vegas movie studio + dvd 8 platinum edition,sony media,129.95,965,831
DN2-00665,computrace lojack for laptops - 1 year license (mac),absolute software,49.95,966,971
DN2-00666,iaudioize - magnetic time for pc and mac,sos aggregation,39.99,967,829
DN2-00667,safekeeper plus,bling,39.99,968,834
DN2-00668,didi & ditto: kindergarten win/mac,kutoka,19.99,969,833
DN2-00669,logic express 7,apple computer,299,970,977
DN2-00670,travelogue 360: paris,aspyr media,29.99,971,840
DN2-00671,instant immersion italian v2.0 (large box),topics entertainment,29.99,972,836
DN2-00672,power on now up to date & contact windows,power on software,129.99,973,2156
DN2-00673,cook'n low fat,dvo enterprises,19.99,974,812
DN2-00674,serious magic visual communicator 2.0 web,serious magic,199.99,975,2166
DN2-00675,cubase 4 competitive crossgrade,steinberg (yamaha),549.99,977,2169
DN2-00676,casual games pack,egames,19.99,978,816
DN2-00677,eovia carrara 4 pro win/mac,eovia corporation,599.99,979,2170
DN2-00678,i spy fantasy v.2 with i spy book & mini cd,topics entertainment,29.99,980,813
DN2-00679,power production storyboard artist 4,power production,498.95,981,2174
DN2-00680,instant immersion spanish audio deluxe,topics entertainment,39.95,982,823
DN2-00681,final draft 7 professional scriptwriting win/mac,final draft,289.99,983,2178
DN2-00682,quickbooks customer manager 2.5,intuit,79.95,984,2370
DN2-00683,irispen express translator,iris,149.99,985,819
DN2-00684,apple remote desktop 3 unlim managed systems,apple,499,986,382
DN2-00685,time money & fractions grades 1-2,school zone,9.99,987,826
DN2-00686,spy sweeper w/antivirus family edition,webroot software,49.95,990,2192
DN2-00687,dance praise with dance pad (win/mac),digital praise,39.99,991,825
DN2-00688,printmaster 17 platinum by encore software,encore software,39.99,992,2288
DN2-00689,genuine fractals genuine fractals print pro 1u,onone software,299.95,993,793
DN2-00690,logic pro 6,apple,999.99,994,797
DN2-00691,professor teaches excel & word,individual software,19.99,995,786
DN2-00692,sibelius 4 educational edition,sibelius software ltd.,329,996,2281
DN2-00693,terror strike,encore,19.95,997,788
DN2-00694,wisdom of the bible - holy land edition,hip interactive,29.99,998,806
DN2-00695,norton internet security 2008 10 user,symantec,199.99,999,1496
DN2-00696,test and improve your memory (dvd box),tri synergy,29.99,1000,808
DN2-00697,roxio easy media creator 9,roxio,99.95,1001,2293
DN2-00698,logic pro 6 upgrade from logic platinum/gold 5&6,apple,199.99,1002,798
DN2-00699,reel deal slots 2.0 for pc,phantom efx,9.99,1003,804
DN2-00700,marine aquarium 2.0 (pc & mac),encore,29.99,1004,2290
DN2-00701,elementary advantage 2008,encore,39.99,1005,767
DN2-00702,finale songwriter 2007,finale,49.95,1006,2311
DN2-00703,math success deluxe 2007,topics entertainment,39.99,1007,772
DN2-00704,wheel of fortune deluxe,encore,19.99,1009,765
DN2-00705,elementary school advantage 2007,encore software,29.99,1011,766
DN2-00706,resumemaker professional 12.0,individual software,29.99,1012,783
DN2-00707,panda internet security 2007 3-user,panda software,69.95,1013,785
DN2-00708,aquarium 3 in 1 collection - limited edition for win/mac,encore software,19.99,1014,778
DN2-00709,punch super home suite 3.0,punch! software,49.99,1015,2328
DN2-00710,e-mu em8669 modern symphonic orchestra,e-mu,499.99,1016,782
DN2-00711,final draft scriptwriter's suite [final draft 7 & final draft av2],final draft,349.99,1017,2249
DN2-00712,q*bert,encore,9.99,1018,759
DN2-00713,makemusic finale 2007 win/mac,emedia,600,1019,2254
DN2-00714,westward,encore software,19.99,1020,758
DN2-00715,final draft av 2.5 win/mac,final draft,199.99,1021,2243
DN2-00716,singleclick network now! pro,encore software,39.99,1022,757
DN2-00717,finale allegro 2007,finale,199.95,1023,2247
DN2-00718,pc professor fuji's kakuro,encore software,9.99,1024,756
DN2-00719,marine aquarium 2.5 virtual undersea paradise win/mac,encore software,19.99,1025,764
DN2-00720,riverdeep spongebob squarepants typing fun,riverdeep,17.97,1026,2262
DN2-00721,brain food games: cranium collection 2006,encore,19.95,1027,763
DN2-00722,brain food games: cranium collection 2006,encore,19.95,1028,762
DN2-00723,printmaster 17 gold by encore software,encore software,30.66,1029,2258
DN2-00724,who wants to be a millionaire?,encore,9.95,1030,760
DN2-00725,fate,encore,19.99,1032,751
DN2-00726,genuine fractals print pro 4.1 sharpener pro 2.0,onone software,320.97,1033,2270
DN2-00727,monopoly tycoon,encore,9.99,1034,749
DN2-00728,hoyle puzzle & board games 2007,encore software,19.99,1035,747
DN2-00729,jackpot tycoon (jewel case),encore,9.99,1036,748
DN2-00730,riverdeep kissing canines,riverdeep,17.97,1037,2266
DN2-00731,game of life jc,encore,9.99,1038,742
DN2-00732,monopoly platinum edition,encore,19.99,1039,755
DN2-00733,home & business lawyer dlx 2006 by broderbund,encore software,17.97,1040,2277
DN2-00734,middle school advantage 2008,encore,39.99,1041,754
DN2-00735,tlc clue finders math learning system sb by riverdeep,encore software,19.99,1042,2278
DN2-00736,high school advantage 2008,encore,39.99,1044,753
DN2-00737,professor fujis sudoku deluxe by encore,encore software,19.99,1045,2274
DN2-00738,high school advantage 2007,encore software,29.95,1046,752
DN2-00739,the print shop 21 standard by broderbund,encore software,25.97,1047,2276
DN2-00740,pitstop pro 7.0 upgr - 6.x or higher,enfocus software,199,1049,2002
DN2-00741,web.com site builder & hosting suite sb by web.com,encore software,49.99,1051,2000
DN2-00742,pc tools spyware doctor 2007 sb cs by pc tools,encore software,29.99,1053,2012
DN2-00743,adventure workshop 4th-6th grade 7th ed sb cs by riverdeep,encore software,19.99,1055,2006
DN2-00744,the print shop design suite pro ed sb cs by the print shop,encore software,199.99,1057,1985
DN2-00745,evergirl,thq,14.99,1058,12
DN2-00746,the print shop elements: labels & logos sb cs by the print shop,encore software,17.97,1059,1972
DN2-00747,hasbro family game collection 2006,encore software,19.99,1060,1998
DN2-00748,marine aquarium & goldfish screen saver by encore software,encore software,17.97,1063,1995
DN2-00749,backyard sports - backyard basketball and backyard football,humongous entertainment,19.99,1064,974
DN2-00750,family tree maker version 16 collectors edition sb cs,encore software,99.99,1065,2044
DN2-00751,modeless liquid ledger personal finance software (mac),csdc,79.99,1066,975
DN2-00752,the print shop 22 sb cs by the print shop,encore software,25.97,1067,2042
DN2-00753,3d home architect home v.8 by encore software,encore software,39.99,1069,736
DN2-00754,tropico 2: pirate cove (mac),destineer inc,29.99,1070,980
DN2-00755,adventure workshop 4th-6th grade 7th edition,encore software,19.99,1071,2045
DN2-00756,stuffit deluxe v 10.0 (mac),smith micro software,79.99,1072,964
DN2-00757,pitstop pro 7.0 upgr - 5.x or below,enfocus software,299,1073,2018
DN2-00758,nova greeting card factory (mac),nova development,49.99,1074,967
DN2-00759,riverdeep the print shop zoom dvd,riverdeep,17.97,1075,2016
DN2-00760,burning monkey solitaire 4.0,freeverse software,24.95,1076,969
DN2-00761,calendar creator platinum sb cs by riverdeep,encore software,29.99,1077,2026
DN2-00762,captain america the complete comic collection win/mac,git corp,49.95,1078,972
DN2-00763,suitcase fusion 1u box,extensis,99.99,1079,959
DN2-00764,e-mu em8685 beat garden x emulator x2/proteus x2 soundset,e-mu,129.99,1080,1345
DN2-00765,the sims 2 (mac),aspyr media,49.99,1081,957
DN2-00766,call of duty 2 dvd-rom (mac),aspyr media,49.99,1083,962
DN2-00767,final cut express 2.0 upgrade,apple computer,99.99,1084,1381
DN2-00768,detto move2mac usb,detto technologies inc,71.31,1085,960
DN2-00769,allume aquazone seven seas deluxe,allume,38.89,1086,952
DN2-00770,apple remote desktop 2.2 10 client (old version),apple,299,1087,1326
DN2-00771,spy sweeper with antivirus/child safe,webroot software,39.95,1088,1335
DN2-00772,rollercoaster tycoon 3 (mac),aspyr media,49.99,1089,951
DN2-00773,webroot spysweeper antispyware - 3 user,webroot software,39.99,1090,761
DN2-00774,steinberg cubase studio 4,steinberg,499.99,1092,1342
DN2-00775,john deere: busy days in deerfield valley,destineer publishing,19.99,1093,953
DN2-00776,genuine fractals print pro 5 1u,onone software,299.95,1094,1409
DN2-00777,punch! master landscape & home design,punch! software,59.99,1096,774
DN2-00778,pitstop pro 7.0,enfocus software,699,1098,1965
DN2-00779,3d bridge deluxe (mac),freeverse software,24.99,1099,950
DN2-00780,halo (mac),macsoft,29.99,1100,949
DN2-00781,the print shop 22 pro publisher deluxe sb cs by the print shop,encore software,99.95,1101,1967
DN2-00782,apple final cut studio 2 (mac),apple,1299,1102,493
DN2-00783,railroad tycoon 3 (mac),macsoft,19.99,1103,937
DN2-00784,logic express 7.2 upgrade from logic ?express 6,apple computer (direct),99,1104,936
DN2-00785,webroot spy sweeper antispyware 5.x,webroot software,29.95,1105,1391
DN2-00786,punch! master landscape professional & home design v 10.0,punch! software,69.95,1106,784
DN2-00787,aquazone bass edition,smith micro software,19.99,1107,940
DN2-00788,dk rainbow fish most beautiful fish in the ocean,encore,9.99,1108,1401
DN2-00789,adobe creative suite cs3 master collection upsell,adobe,1999,1109,938
DN2-00790,apple remote desktop 3 10 managed systems,apple,299,1110,702
DN2-00791,caillou ready for school (pc & mac),brighter minds media inc.,19.99,1111,930
DN2-00792,totally spies: zombie jamboree (win/mac),brighter minds media inc.,9.95,1112,931
DN2-00793,apple xsan (mac),apple,999,1113,2126
DN2-00794,business card composer (mac),belight software,39.99,1114,928
DN2-00795,emedia print music 2006 win/mac,makemusic!,69.99,1115,2123
DN2-00796,adobe solution expert support,adobe,299,1116,1634
DN2-00797,totally spies: total swamp romp (pc & mac),brighter minds media inc.,19.99,1117,929
DN2-00798,steinberg sequel (pc or mac) music creation & performance software,steinberg,129,1118,2122
DN2-00799,miraizon cinematize 2 (mac),miraizon,69.99,1119,926
DN2-00800,bias deck le 3.5 macintosh cd,bias,99,1120,2117
DN2-00801,power production storyboard quick,power production,299,1122,2114
DN2-00802,civilization iv dvd-rom (mac),aspyr media,49.99,1123,923
DN2-00803,apple shake 4.1 visual effects (mac),apple computer,499,1124,303
DN2-00804,comic book library,marvel,49.99,1125,924
DN2-00805,taxcut home & bus +state + sage includes act 8.0 & peachtree 2007,h&r block,73.95,1126,2138
DN2-00806,mediafour macdrive 6 for windows,mediafour corporation,49.99,1127,921
DN2-00807,wavelab studio 6,steinberg media technologies,399.99,1128,2134
DN2-00808,net ad creator,laughing bird,39.99,1129,922
DN2-00809,cakewalk sonar 6 producer ed,cakewalk,799,1130,2133
DN2-00810,appleworks 6.2.9,apple,79,1132,919
DN2-00811,adobe captivate 2.0,adobe,1083.95,1133,2136
DN2-00812,play music together mac,iplaymusic,39.99,1135,920
DN2-00813,microsoft office 2004 standard (mac),microsoft,399.99,1136,895
DN2-00814,swift publisher for mac,global marketing partners,39.99,1137,917
DN2-00815,zoo tycoon 2 (mac),destineer,39.99,1138,918
DN2-00816,sibelius 4 professional edition,sibelius software ltd.,599.99,1139,2130
DN2-00817,burning monkey mahjongg (mac),freeverse software,24.99,1140,911
DN2-00818,40 years of the x-men,git corp,49.99,1141,915
DN2-00819,pc tools spyware doctor 2007,encore,29.95,1142,2073
DN2-00820,drive genius by prosoft engineering inc,global marketing partners,129,1144,907
DN2-00821,finale 2006 (pc & mac),emedia,600,1145,2069
DN2-00822,istopmotion,navarre,39.95,1146,905
DN2-00823,pro digital frame bundle 1u,onone software,99.95,1147,2071
DN2-00824,internet cleanup 4.0 mac os 10.4 or higher,smith micro software,29.99,1148,904
DN2-00825,burning monkey solitaire 2005 edition,freeverse software,24.99,1149,903
DN2-00826,nero 7 ultra edition enhanced pc & home entrmnt soln,neso usa,99.99,1150,2064
DN2-00827,apple mac os x tiger 10.4.6 (mac dvd),apple computer,129,1151,440
DN2-00828,motu digital performer 5 digital audio software competitive upgrade (mac only),motu,395,1153,2057
DN2-00829,g7 kontakt edition,sibelius software ltd.,99.99,1155,2063
DN2-00830,chronos stickybrain 3.0 (mac),chronos l.c.,34.99,1156,899
DN2-00831,cakewalk sonar 6 studio,cakewalk,369,1157,2110
DN2-00832,micromat techtool protege with firewire device,micromat,219.99,1158,898
DN2-00833,sibelius compass,sibelius software ltd.,159.99,1159,2112
DN2-00834,steinberg cubase 4 digital audio software,steinberg,999.99,1161,2100
DN2-00835,stuffit deluxe 11,aladdin systems,79.99,1162,896
DN2-00836,amazing spider-man complete comic book collection win/mac,git corp,49.99,1164,890
DN2-00837,adobe indesign cs3 upgrade from pagemaker [mac],adobe,199,1165,914
DN2-00838,apple mac os x tiger 10.4.6 family pack (mac),apple computer,199,1166,916
DN2-00839,valuesoft tune transfer for ipod - software for windows xp,valuesoft,29.95,1167,889
DN2-00840,microsoft office student and teacher edition 2004 macintosh,microsoft,149.99,1168,933
DN2-00841,band in a box 2007,pg music inc.,99,1169,2095
DN2-00842,microspot x-rip (mac),microspot ltd,349.99,1170,887
DN2-00843,bias peak le 5,bias,129,1171,2079
DN2-00844,the logo creator (mac),laughing bird,39.99,1172,885
DN2-00845,onone software pxl smartscale ( windows and macintosh ),onone software,189.99,1173,792
DN2-00846,sims 2 pets expansion pack,aspyr media,34.99,1174,883
DN2-00847,iview mediapro 2.5,global marketing,199.99,1175,559
DN2-00848,3d home architect landscape design deluxe version 9,encore,29.99,1176,558
DN2-00849,adobe creative suite cs3 web standard [mac],adobe,999,1177,562
DN2-00850,clickart 1.2 million 2006 dvd,encore software,42.27,1178,561
DN2-00851,photoframe pro 3.0 1u,onone software,148.97,1179,1007
DN2-00852,pc tutor learn windows vista & office 2007,nova development,29.99,1180,567
DN2-00853,punch! professional home design,punch! software,89.99,1181,1009
DN2-00854,sims 2 glamour life stuff pack,aspyr media,24.99,1182,563
DN2-00855,mask pro 4.0 1u,onone software,159.95,1184,1010
DN2-00856,roxio toast 8 titanium,roxio,99.95,1185,569
DN2-00857,home design architect series 3000 v10.0,punch! software,149.95,1186,1011
DN2-00858,individual small business advantage deluxe 2006,individual,49.99,1187,572
DN2-00859,dreamweaver cs3 9 mac ed 1u,adobe education box,199,1190,576
DN2-00860,true crime streets of la (mac),aspyr media,19.99,1191,575
DN2-00861,caillou magical adventures,brighter minds media inc.,19.99,1193,580
DN2-00862,corefx three level,core learning,59.95,1194,586
DN2-00863,micromat diskstudio ( mac),micromat,99,1196,533
DN2-00864,contentbarrier x4 10.4 - single user (mac),intego,49.99,1197,534
DN2-00865,stuffit deluxe 11,aladdin systems,49.99,1198,535
DN2-00866,tune tools for ipod (win/mac),valusoft,19.99,1199,537
DN2-00867,flash action phonics made easy,school zone,14.99,1200,539
DN2-00868,kaplan sat/act/psat gold 2007 win/mac,topics entertainment,29.99,1201,541
DN2-00869,enteractive fps creator ( windows ),enteractive inc.,44.58,1202,543
DN2-00870,math success deluxe 2008,topics entertainment,49.99,1203,544
DN2-00871,money home & business 2007 win32 eng na mini box us only cd,microsoft,139.43,1204,2687
DN2-00872,multiplication and division grades 3-4,school zone,9.99,1205,545
DN2-00873,macbackup,macware,29.99,1207,546
DN2-00874,civil air patrol: search & rescue,abacus,29.99,1209,551
DN2-00875,atlantis quest,got game,19.99,1211,555
DN2-00876,guild wars nightfall,ncsoft,49.99,1213,556
DN2-00877,montage (mac),mariner software,149.95,1214,557
DN2-00878,giggles computer funtime for baby - shapes (win/mac),navarre (software),24.95,1215,502
DN2-00879,sony acid pro 6 professional music workstation,sony pictures digital entertainment,499.95,1216,1063
DN2-00880,calculation skills v1 add & sub - basic - core learning,sos aggregation company,15.91,1217,501
DN2-00881,sony super duper music looper,sony media software,19.99,1218,1065
DN2-00882,learn to play chess with fritz and chesster (mac),viva media,29.99,1219,498
DN2-00883,adobe photoshop cs2 advanced techniques by julieanne kost,software cinema,159.95,1220,1060
DN2-00884,quickverse mac bible study 2007 gold box,findex,349.95,1221,497
DN2-00885,sound forge 9.0,sony media,399.96,1223,1062
DN2-00886,audio success suite edition:sales success,topics entertainment,19.95,1224,511
DN2-00887,logic express 6,apple,299.99,1225,1319
DN2-00888,photoshop elements 4 edu mac 1u,adobe education box,69,1226,506
DN2-00889,pc cakewalk guitar tracks pro 3,cakewalk,149.99,1227,1322
DN2-00890,dvo cook'n deluxe 6.0 - ultimate recipe organizer,dvo enterprises,39.99,1228,507
DN2-00891,sound forge audio studio 9,sony media,69.59,1229,1066
DN2-00892,close quarters conflict,groove media,19.99,1230,503
DN2-00893,upgrade acid pro 6 boxed,sony pictures digital entertainment,305.18,1231,1067
DN2-00894,quicken legal business pro 2007,nolo press,79.99,1232,520
DN2-00895,peachtree by sage premium accounting 2007,sage software,499.99,1233,1045
DN2-00896,prey,aspyr media,39.99,1234,515
DN2-00897,peachtree by sage pro accounting 2007,sage software,169.99,1235,1047
DN2-00898,gsp greatest moments of our time,global software publishing north america inc,9.99,1236,516
DN2-00899,peachtree by sage complete accounting 2007,sage software,269.99,1237,1041
DN2-00900,audio success series: winning strategies,topics entertainment,31.06,1238,514
DN2-00901,american idol extreme music creator,sony media,49.95,1239,1044
DN2-00902,window washer,navarre (software),29.95,1240,1058
DN2-00903,emedia piano and keyboard method volume 1,emedia,59.99,1241,531
DN2-00904,adobe photoshop cs2 fundamental techniques by julieanne kost,software cinema,159.95,1243,1059
DN2-00905,reel deal casino shuffle master edition,phantom efx,19.99,1244,529
DN2-00906,john deere: welcome to merriweather farm,global software publishing,19.99,1245,524
DN2-00907,sony acid pro 5,sony,399.95,1246,1057
DN2-00908,galaxy of games 5000,2k games,19.99,1247,458
DN2-00909,total 3d home & landscape design suite version 9,individual software,39.99,1248,460
DN2-00910,punch! home design architectura series 18,punch! software,129.99,1249,1026
DN2-00911,print shop 22 pro publisher deluxe,encore,99.99,1250,454
DN2-00912,hijack2,navarre (software),39.95,1251,1024
DN2-00913,intervideo dvd copy 5 express,corel,29.99,1252,2303
DN2-00914,adobe flash pro cs3 upgrade [mac],adobe,199,1253,191
DN2-00915,photoedit 2 (mac),macware,29.99,1254,456
DN2-00916,punch! professional home design suite,punch! software,69.99,1255,1022
DN2-00917,3 great games for guys,dreamcatcher interactive,29.99,1256,468
DN2-00918,sony sound forge audio studio 8,sony pictures digital entertainment,69.99,1257,1040
DN2-00919,acid music studio 7,sony media,78.95,1259,1039
DN2-00920,punch 5 in 1 home design,punch! software,39.99,1260,775
DN2-00921,xtreme photostory on cd and dvd 6,magix entertainment,29.99,1261,464
DN2-00922,punch! home design architectural series 18,punch! software,129.99,1263,1030
DN2-00923,adobe soundbooth cs3,adobe,199,1264,2369
DN2-00924,wingnuts 2 (mac),freeverse software,29.99,1265,484
DN2-00925,punch! super home suite,punch! software,49.99,1266,1014
DN2-00926,quickverse bible premier suite,individual software,39.99,1267,489
DN2-00927,palo alto marketing plan pro 9.0,palo alto software,179,1268,1013
DN2-00928,easy video editor 2.0 by honest technology,global marketing partners,50.88,1269,475
DN2-00929,palo alto business plan pro premier 2007,palo alto software,199,1270,1012
DN2-00930,national parks: enhanced scenery add-on for microsoft flight simulator 2002 & 2000,abacus,19.99,1271,480
DN2-00931,palo alto business plan pro 2007,palo alto software,99.95,1272,547
DN2-00932,adobe after effects cs3,adobe,999,1273,354
DN2-00933,namo webeditor 2006,namo,99.99,1274,494
DN2-00934,punch! master landscape & home design,punch! software,99.99,1275,1021
DN2-00935,black & white platinum pack (mac),feral interactive,29.99,1276,495
DN2-00936,webroot desktop firewall,webroot software,29.99,1277,1020
DN2-00937,punch! 5 in 1 home design,punch! software,39.99,1278,1017
DN2-00938,city of heroes good vs. evil edition,nc soft,29.99,1279,491
DN2-00939,business card factory deluxe 3.0,nova development,29.99,1280,492
DN2-00940,punch! home design architectural series 4000 v10,punch! software,199.99,1281,1015
DN2-00941,big tiny little a tiny little christmas,yamaha,34.95,1282,696
DN2-00942,systemsuite 8 professional,individual software,49.99,1284,695
DN2-00943,jumpstart 4th-6th grade v 2.0 b43,knowledge adventure,19.99,1285,698
DN2-00944,pcdefense,avanquest software,29.95,1286,697
DN2-00945,starry night astronomy screensaver win/mac,imaginova,19.99,1287,687
DN2-00946,quickverse sermon builder 4.0,findex.com inc,69.95,1288,684
DN2-00947,ultra sudoku/ultra kakuro,abacus,29.95,1289,693
DN2-00948,snap! spelling (jewel case),topics entertainment,19.95,1290,692
DN2-00949,acad vegas movie studio +dvd 8 platinum,sony pictures digital entertainment,81.97,1291,732
DN2-00950,scrabble with bonus clue,encore,19.99,1293,740
DN2-00951,scrabble complete (jewel case),encore,9.99,1294,738
DN2-00952,piano wizard premier software & stickers & midi cable,re:launch,149.95,1295,707
DN2-00953,emedia guitarpro 5 win/mac,emedia,59.99,1297,700
DN2-00954,spycatcher 2007for pc,avanquest,19.99,1298,711
DN2-00955,intuit quicken home inventory manager - windows,intuit,34.95,1299,708
DN2-00956,academy award winners,yamaha,31.95,1300,657
DN2-00957,ca antivirus 2007,computer associates,39.95,1301,658
DN2-00958,zonealarm pro firewall,zone labs,39.99,1302,659
DN2-00959,sales skills 2.0 ages 10+,victory multimedia,19.95,1303,660
DN2-00960,brain builder,core learning,19.95,1304,647
DN2-00961,return to castle wolfenstein (mac),aspyr media,29.99,1305,649
DN2-00962,solitaire antics deluxe,masque publishing,8.46,1306,651
DN2-00963,aircraft collector's second edition,abacus,19.95,1307,654
DN2-00964,findex quickverse bible study 2007 bible-suite,findex,24.89,1308,674
DN2-00965,video patrol 5.0 by honest technology,global marketing partners,50.86,1310,678
DN2-00966,snap! kakuro,topics entertainment,4.99,1311,680
DN2-00967,instant immersion american sign language win/mac,topics entertainment,9.99,1312,682
DN2-00968,simple slide show,topics entertainment,19.99,1314,667
DN2-00969,street atlas usa 2007 plus dvd,delorme,59.95,1316,672
DN2-00970,jumpstart world 2nd grade,knowledge adventure,19.99,1317,673
DN2-00971,great invasions,strategy first,39.99,1318,638
DN2-00972,web graphics creator,sos aggregation company,39.95,1319,635
DN2-00973,instant immersion translator deluxe 2.0,topics entertainment,49.99,1320,2088
DN2-00974,onone essentials for adobe photoshop elements version 2 - full,onone software,59.95,1321,634
DN2-00975,funny faces deluxe,fogware publishing,19.99,1322,633
DN2-00976,emedia blues guitar legends,emedia,29.94,1323,627
DN2-00977,age of empires iii: the warchiefs expansion pack (mac),destineer,34.95,1324,624
DN2-00978,guitar tool - worship edition,midisoft corporation,43.36,1326,623
DN2-00979,delorme topo usa mapping software 6.0 east region,delorme,49.95,1327,620
DN2-00980,nero 8 ultra edition,nero inc.,99.95,1328,646
DN2-00981,weekly reader mastering high school 2008,fogware publishing,29.99,1329,645
DN2-00982,northstar for pc/mac,true north technology inc.,99.99,1330,644
DN2-00983,make music allegro 2007 labpack - 5 user,makemusic!,375,1331,643
DN2-00984,instant immersion hawaiian audio,topics entertainment,12.05,1332,642
DN2-00985,power translator 11 premium,language engineering co llc,79.99,1333,641
DN2-00986,liquid ledger personal finance,csdc,79.99,1334,640
DN2-00987,sportsman's double play,masque publishing,19.95,1335,639
DN2-00988,jumpstart advanced preschool v2.0,knowledge adventure,19.99,1336,599
DN2-00989,visual thesaurus the - thinkmap inc.,csdc,39.95,1337,600
DN2-00990,phonics success essentials: grades 7-9,topics education,19.99,1338,594
DN2-00991,cook'n cd recipe cards,dvo enterprises,19.99,1339,596
DN2-00992,adobe creative suite cs3 web standard upsell [mac],adobe,799,1340,253
DN2-00993,train sim modeler design studio,abacus,39.99,1341,591
DN2-00994,learn to play keyboard (jewel case),alfred publishing,9.99,1342,592
DN2-00995,ufo afterlight,topware interactive,39.99,1343,587
DN2-00996,instant immersion italian deluxe v2.0 (large box),topics entertainment,29.99,1344,616
DN2-00997,enemy territory: quake wars,aspyr media,49.99,1345,589
DN2-00998,weekly reader mastering elementary/middle school math learning,fogware publishing,19.99,1346,612
DN2-00999,sentinel: descendants in time,dreamcatcher interactive,19.99,1347,619
DN2-01000,photostory on cd & dvd 5,magix entertainment,19.99,1348,610
DN2-01001,flash remoting 1 alp ret eng cd 2u,adobe,3314.09,1349,611
DN2-01002,shapes,school zone,9.99,1350,605
DN2-01003,dragon naturally speaking standard v9,nuance communications inc.,99.99,1351,606
DN2-01004,mediarecover,aladdin systems,29.99,1352,601
DN2-01005,photo explosion 3.0,nova development,29.99,1353,604
DN2-01006,ca international - arcserve lap/desktop oem 30pk,computer associates,,1,
DN2-01007,emc retrospect 7.5 disk to disk windows,dantz,,5,
DN2-01008,acad upgrade dragon naturallyspeaking pro solution 9.0 (a289a-fd7-9.0),nuance academic,399.54,7,
DN2-01009,nfs maestro solo 2006 1u,hummingbird communications,309.56,11,
DN2-01010,microsoft sql server standard edition 2005 64 bit cd/dvd 5 client,microsoft,1849,12,
DN2-01011,domino designer/developer v5.0,lotus development,95,14,
DN2-01012,compaq comp. secure path v3.0c-netware wrkgrp 50 lic ( 231327-b22 ),compaq computer,,16,
DN2-01013,clip art and more 250 000 (jewel case),imsi design,,43,
DN2-01014,instant home design (jewel case),topics entertainment,9.99,52,
DN2-01015,jumpstart learning games phonics (pc & mac),knowledge adventure,9.99,55,
DN2-01016,netgear vpn01l vpn client software,netgear,89.99,67,
DN2-01017,diskeepeer 2007 admin upgrade sngl lic pack,diskeeper corporation,200,70,
DN2-01018,monarch v9.0 1u .,datawatch,699,71,
DN2-01019,epson storyteller photo book creator - 8 x 10 (20 pages),epson,29.99,75,
DN2-01020,adobe acrobat capture 3.0 ( 22101258 ),adobe,299.99,76,
DN2-01021,ca internet security suite 2007 - 3 user,computer associates,69.95,79,
DN2-01022,write brothers dramatica pro win/mac,write brothers,269.99,85,
DN2-01023,emc retrospect 7.5 professional for windows upgrade,dantz,,90,
DN2-01024,microsoft office frontpage 2003 ( academic version ) ( windows ),microsoft,159.98,93,
DN2-01025,sonicwall internet upgrade (50-node),sonicwall,,96,
DN2-01026,textbridge pro 11 5u license xp,nuance communications inc.,,100,
DN2-01027,myinvoices & estimates deluxe,avanquest software,39.95,102,
DN2-01028,hp digital sending secure - license - 50 users - std,hewlett packard,,110,
DN2-01029,compaq comp. rapid deployment pk-flexible lic kit ( 302127-b21 ),compaq computer,,125,
DN2-01030,oxford spanish dictionary,tri synergy,19.99,129,
DN2-01031,upgrade emc retrospect 7.5 multi server windows only,dantz,,132,
DN2-01032,snap enterprise data replicator advanced license for 10000 series,adaptec,,133,
DN2-01033,employee appraiser 5.0 deluxe mailer,global marketing,394.6,134,
DN2-01034,microsoft crm professional cal 3.0 product upgrade license pack user cal,microsoft software,9980,135,
DN2-01035,upgrade robohelp server 6 win ue 1u,adobe,3609.98,136,
DN2-01036,netmanage rumba unix-hp edition - ( v. 7.3 ) - upgrade license ( 902453-006 ),netmanage,,137,
DN2-01037,sonicwall gms standard edition 10 node license,sonicwall,,138,
DN2-01038,adobe creative suite cs3 design premium upsell [mac],adobe,1599,139,
DN2-01039,retrospect 6.0 desktop mac upgrade,dantz,59.99,140,
DN2-01040,exceed 2007 with 1yr mnt 1u,hummingbird communications,650,141,
DN2-01041,ca brightstor arcserve backup r11.1 for netware tape library option - service pack,computer associates,,142,
DN2-01042,backup exec netware open file v9.2 e/g full package product,veritas,695,144,
DN2-01043,microsoft virtual pc for mac 7.0 with windows 2000,microsoft,249.99,145,
DN2-01044,microsoft mappoint 2006 standard edition,microsoft,299,146,
DN2-01045,red hat entprse linux as 3 amd ( rhf0211us ),red hat software,,147,
DN2-01046,ca arcserve bkup r11.1/nw stor area netw (san) opt prod only,computer associates,,148,
DN2-01047,enterasys vpn & firewall code upgrade ( xsr-18xx-vpn-fw ),cabletron systems,1928.07,149,
DN2-01048,suretrak project manager 3.0,primavera systems,499,150,
DN2-01049,vrs4.0 plus scsi workgroup scanning 5 & 6,fujitsu imaging,,151,
DN2-01050,pdf create! 4.0 retail,nuance communications inc.,49.99,152,
DN2-01051,upgrade 3d for exceed 2007 1u,hummingbird communications,,153,
DN2-01052,cisco 3745 ser ios ent ( cd374-esk9= ),cisco systems - enterprise,2814.33,154,
DN2-01053,softgrid cal for ts 4.1 english mlp 20 user cal,microsoft,,155,
DN2-01054,details 3.0,aec software,304.99,156,
DN2-01055,adobe photoshop elements 4.0 plus adobe premiere elements 2.0 - complete package - 1 user - cd ( mini-box ) - win - canadian french ( 29180162 ),adobe systems inc,,157,
DN2-01056,photo objects 150 000 for macintosh,nova development,49.99,158,
DN2-01057,insight pwr mgr no media 1ltu,hewlett packard,,159,
DN2-01058,fontware pro+,informatics,,160,
DN2-01059,hp storageworks secure path for windows workgroup edition - ( v. 4.0c ) - license ( 213076-b26 ),hewlett packard,,165,
DN2-01060,prosoft tunetech for ipod (mac),prosoft engineering,74.99,167,
DN2-01061,espro + interpretair s/w,fluke networks,5750.6,170,
DN2-01062,ca arcserve bkup r11.5 win agent mac os x - upgrade prod only,computer associates,,172,
DN2-01063,netmanage rumba web to host as400 ed v4.2 ( 910620-000 ),netmanage,,173,
DN2-01064,1pk internet sec ste 2007 oem,ca - oem,,174,
DN2-01065,crystal reports xi developer,business objects,595,184,
DN2-01066,upgrade delphi 2006 pro named fr delphi v3-2005 pro - cd,borland international,,189,
DN2-01067,isi researchsoft reference manager 11 - single user,isi researchsoft,299.99,190,
DN2-01068,high availability requires two livesecurity firesboxes,watchguard technologies inc,1995,191,
DN2-01069,procurve manager plus upgrade-,hewlett packard,,194,
DN2-01070,world of warcraft,blizzard entertainment,19.99,195,
DN2-01071,world of warcraft pc,vivendi,35.7,196,
DN2-01072,sonicwall global vpn client - license ( 01-ssc-5310 ),sonic systems inc.,,197,
DN2-01073,scansoft paperport professional 11 - 5 user license,nuance communications inc.,949.99,198,
DN2-01074,upg serverlock for solaris gold,watchguard technologies inc,,200,
DN2-01075,backup exec netware remote agt win/netware svr v9.2 e/g,veritas,295,201,
DN2-01076,the computrace lojack for laptops computer tracking and loss control solution by,lenovo,,202,
DN2-01077,lotus dev. mqseries link for r/3-v1.2 cd sol ( 04l1671 ),lotus development corp,,203,
DN2-01078,cisco ios enterprise services - complete package ( cd28-esk9= ),cisco systems - enterprise,,204,
DN2-01079,nortel contivity stateful firewall license - standard - 1 switch,nortel,,205,
DN2-01080,hp data protector exp bu svr cmp upgrade ltu,hewlett packard,,206,
DN2-01081,wasp bar code - wasp bar code labeler - complete package - 3 users - std - cd -,wasp technologies,,208,
DN2-01082,ibm rational clearcase lt - ( v. 6.0.0 ) - media - vol - passport passport adva,ibm,,209,
DN2-01083,upgrade terminal emulation software 2006 with media 1u,esker,,210,
DN2-01084,microsoft entertainment pack ce,microsoft,49.5,211,
DN2-01085,diskeeper 2007 pro premier 10-lic pack,diskeeper corporation,1372.21,212,
DN2-01086,netmanage rumba web as/400 edition ( 910523-002 ),netmanage,,213,
DN2-01087,watchguard 1yr subs firebox x5 webblocker ( wg017196 ),watchguard technologies inc,159.9,214,
DN2-01088,netmanage rumba web to host as400 ed v4.2 ( 910623-000 ),netmanage,,215,
DN2-01089,cisco syst. minor release:requires existing ( cww-6.1-win-mr ),cisco systems - enterprise,,217,
DN2-01090,microsoft upg win small business svr cal ( t74-01215 ),microsoft corporation,330.14,218,
DN2-01091,ca brightstor arcserve backup r11.1 for netware upgrade from arcserve 7 for netware,computer associates,,219,
DN2-01092,mobileinventory additional mobile license,wasp technologies,,220,
DN2-01093,watchguard license wg vpn upgrade from 4 to 10 (wg4110),watchguard license,2098.55,221,
DN2-01094,pinnacle studio plus titanium edition v10.5,pinnacle,69.99,222,
DN2-01095,symantec client security 3.1 with groupware protection business pack 50 user,symantec,3732,223,
DN2-01096,netmanage rumba web as/400 edition ( 910584-001 ),netmanage,,224,
DN2-01097,refviz v2 mac single user,isi researchsoft,299.95,226,
DN2-01098,e frontier manga studio debut 3.0 (single user),curious labs inc.,49.99,227,
DN2-01099,microsoft licenses win svr 2003 device cal l/sa (r1800144),microsoft licenses,74.59,228,
DN2-01100,vcomm system suite professional 7,avanquest,49.95,229,
DN2-01101,ca arcserve bkup r11.5 win svrless bkup opt sp1- prod only,computer associates,,230,
DN2-01102,red hat enterprise linux ws - ( v. 4 update 4 ) - license - 1 workstation ( rl296aa ),hewlett packard,,231,
DN2-01103,printshop home & office labels,broderbund,19.95,232,
DN2-01104,photo explosion deluxe 3.0,nova development,49.99,233,
DN2-01105,ntrack anti-theft by synet electronics,global marketing partners,,234,
DN2-01106,pdf converter professional v4 - english,nuance communications inc.,99.99,235,
DN2-01107,readiris pro 11,global marketing partners,129.99,236,
DN2-01108,persoft upg smarterm office v12.1 ( 73098 ),persoft,,237,
DN2-01109,ca brightstor arcserve backup r11.5 for enterprise option for advantage ingres for,computer associates,,238,
DN2-01110,designcad v 17,imsi,29.95,239,
DN2-01111,lotus dev. ws bus int monitor v4.2.4-multi plat mp eng ( af04mna ),lotus development corp,,240,
DN2-01112,left behind: ilumina edition,tyndale house,29.99,241,
DN2-01113,lotus dev. ibm db2 net search extender - ( v. 8.2 ) - media ( bb0kyna ),lotus development corp,,242,
DN2-01114,money premium 2007 win32 eng na mini box us only cd,microsoft,118.46,243,
DN2-01115,microsoft visual studio team edition for software developers 2005 with msdn premium,microsoft,5479,244,
DN2-01116,microsoft licenses isa server lic/sa olp c (e8400294),microsoft licenses,3210.4,246,
DN2-01117,netmanage onweb web-to-host - ( v. 5.1 ) - upgrade license ( 910443-004 ),netmanage,,247,
DN2-01118,scansoft paperport 11 - 5 user license,nuance communications inc.,474.99,249,
DN2-01119,microsoft crm small business ed cal 3.0 license pack user cal,microsoft software,9929,251,
DN2-01120,stompsoft registry repair,stompsoft inc.,29.99,252,
DN2-01121,filemaker mobile 8 for palm os and pocket pc,filemaker,69,253,
DN2-01122,watchguard mobile user vpn 5 user bundle ( wg3605 ),watchguard technologies inc,,254,
DN2-01123,diskeeper 2007 pro premier 5-lic pack,diskeeper corporation,736.66,255,
DN2-01124,hallmark card studio 2005 deluxe,sierra home,49.99,256,
DN2-01125,ca brightstor arcserve backup r11.5 for enterprise option for advantage ingres for,computer associates,,257,
DN2-01126,microsoft visual studio team edition for software architect 2005 with msdn premium,microsoft,5479,258,
DN2-01127,library expansion option-upg,novastor corporation,,259,
DN2-01128,cisco 2600xm ser ios ip/fw/ids ( cd26xm-ch= ),cisco systems - enterprise,,260,
DN2-01129,symantec mail security for smtp 5.0 smb av cd 5u gov,symantec,,263,
DN2-01130,microsoft publisher with digital imaging 2003 [old version],microsoft,209.99,269,
DN2-01131,adobe acrobat 7.0 professional,adobe,449.99,270,
DN2-01132,microsoft office small business 2007,microsoft software,735.33,271,
DN2-01133,easy drums (jewel case),arcmedia,9.99,275,
DN2-01134,super solvers - spellbound! ! - school edition for mac,learning company,49.95,277,
DN2-01135,snap! 1 001 letters (jewel case),topics entertainment,19.95,278,
DN2-01136,startopia,eidos interactive,39.95,280,
DN2-01137,easy home massage - dvd,selectmedia entertainment,19.95,281,
DN2-01138,elementary success deluxe 2006 (dw dvd),topics entertainment,49.99,282,
DN2-01139,tonka town (jewel case),atari,9.99,283,
DN2-01140,tonka search & rescue 2,infogrames,,288,
DN2-01141,professional training for vegas 7 and dvd architect 4 sw,sony pictures digital entertainment,249.95,289,
DN2-01142,talk now! learn dutch,eurotalk interactive,29.95,290,
DN2-01143,wacky bird hunter,selectsoft publishing,19.95,291,
DN2-01144,namco museum 50th anniversary collection,namco video games,19.99,292,
DN2-01145,treasure galaxy 5-user lab pack for mac,learning company,149.95,293,
DN2-01146,dk rainbow fish most beautiful fish,dk,9.99,294,
DN2-01147,madeline rainy day activities,encore software,19.95,295,
DN2-01148,mighty math number heroes,edmark,29.95,296,
DN2-01149,superstart! science arcade,selectsoft publishing,24.95,297,
DN2-01150,state standards - grade 6,topics entertainment,29.95,298,
DN2-01151,wacky farm,casual arcade,19.95,299,
DN2-01152,police quest compilation,vivendi games,19.99,300,
DN2-01153,broderbund printmaster platinum 16.0,encore software,39.99,301,
DN2-01154,encyclopedia britannica profiles: dinosaurs (jewel case),atari,9.99,302,
DN2-01155,real arcade: adventure inlay,activision,29.95,303,
DN2-01156,tonka raceway - xp compatible (jewel case),hasbro interactive,29.95,305,
DN2-01157,quickstart photo montage studio,selectsoft publishing,19.95,306,
DN2-01158,season ticket football 2003,atari,19.99,307,
DN2-01159,backyard soccer (mls edition),humongous sports,,313,
DN2-01160,zipmagic personal edition,allume systems,19.95,314,
DN2-01161,super solvers - mission t.h.i.n.k - 25 user site license,learning company,399.95,315,
DN2-01162,disney 2nd grade active leveling advantage w buzz (jewel case) ages 6-8,disney interactive,9.99,317,
DN2-01163,ultimate puzzle games,valusoft,19.99,318,
DN2-01164,math missions: the race to spectacle city arcade (grades k-2),scholastic,29.95,326,
DN2-01165,world of wild cats,arc media inc.,19.95,327,
DN2-01166,state standards - grade 8,topics entertainment,29.95,328,
DN2-01167,cluefinders 3rd grade adventures: mystery of mathra,learning company,,329,
DN2-01168,ghostsurf platinum 2006 [lb],avanquest publishing usa inc.,39.99,330,
DN2-01169,instant home cooking (jewel case),topics entertainment,9.99,331,
DN2-01170,csi: crime scene investigation,ubi soft,19.99,336,
DN2-01171,jaws,majesco entertainment,19.99,337,
DN2-01172,sega smash pack 2,activision,19.95,338,
DN2-01173,post mortem,dreamcatcher interactive,29.99,339,
DN2-01174,zoboomafoo animal logic cd/workbook combo,brighter minds media inc.,14.99,340,
DN2-01175,mother goose - interactive storybook,encore software,19.95,341,
DN2-01176,let's learn about time & date,selectsoft publishing,19.95,342,
DN2-01177,living trust builder,jian inc.,19.95,343,
DN2-01178,ubi soft star wars activity center ( windows ),ubi soft,29.99,344,
DN2-01179,portfolio media kit be syst recovery 7.0 win small business ed,symantec,50,345,
DN2-01180,the universe (win/mac) (jewel case),fogware publishing,9.99,353,
DN2-01181,adobe creative suite cs3 web standard upsell,adobe,799,360,
DN2-01182,big oil: build an oil empire,tri synergy,19.99,366,
DN2-01183,pc cillin internet sec 2007 lics large box 3u,trend micro,49.95,375,
DN2-01184,adobe production studio premium,adobe,1699,380,
DN2-01185,lego island 2: the brickster's revenge (xp compatible version),lego media,,382,
DN2-01186,tank battle,casual arcade,19.95,383,
DN2-01187,quickstudy u.s. government,selectsoft publishing,19.95,384,
DN2-01188,home budget for dummies,atari,,385,
DN2-01189,zonealarm wireless security,encore software,29.99,386,
DN2-01190,encyclopedia of our living oceans,dk multimedia,19.95,388,
DN2-01191,ultimate pinball (jewel case),valusoft,9.99,389,
DN2-01192,clifford reading pack (dvd box),scholastic,19.99,390,
DN2-01193,microsoft visual studio test agent 2005 cd 1 processor license,microsoft software,5099,391,
DN2-01194,world history (win/mac) (jewel case),fogware publishing,9.99,393,
DN2-01195,quickbooks premier non-profit edition 2005,intuit inc.,499.95,394,
DN2-01196,quickstart pc cleaner xp,selectsoft publishing,19.95,395,
DN2-01197,crayola first ladies costume maker,encore software,19.95,396,
DN2-01198,arcmedia spelling bee (windows/macintosh),arcmedia,24.95,397,
DN2-01199,pokemon team turbo (jewel case),valusoft,9.99,398,
DN2-01200,south park chef's luv shack,acclaim,39.95,399,
DN2-01201,blues clues preschool,humongous entertainment,,400,
DN2-01202,backyard skateboarding,atari,,401,
DN2-01203,vivaldi's musical adventure pod,fogware publishing,9.95,403,
DN2-01204,cluefinders 3rd grade,the learning company,,404,
DN2-01205,rayman 10th anniversary collection,ubi soft,19.99,405,
DN2-01206,before you know it - deluxe spanish edition for pc/mac,encore software,29.99,406,
DN2-01207,pdf converter 4,nuance,49.95,407,
DN2-01208,er,vivendi universal,19.99,408,
DN2-01209,bodyworks 6.0 25-user building site license,learning company,399.95,413,
DN2-01210,virtual labs: light,edmark,19.95,414,
DN2-01211,pressure pop!,selectsoft publishing,19.95,415,
DN2-01212,essential business tools 2.0,valusoft,19.99,416,
DN2-01213,let's make stickers,global software publishing,19.95,417,
DN2-01214,model web publisher 3.5.2 .,computer associates international,,420,
DN2-01215,microsoft licenses word olp c (05903871),microsoft licenses,205.73,421,
DN2-01216,vpn manager five to ten firebox,watchguard technologies inc,1995,422,
DN2-01217,victorymul submitwolf version 6.0 ( swolf6r ),victory multimedia,149.99,425,
DN2-01218,zonealarm anti-spyware,zone labs,29.99,426,
DN2-01219,cell phone software solution,susteen,113.1,430,
DN2-01220,media kit storage foundation basic lnx v4.1 cpu vol-4 file sys-4,veritas,,433,
DN2-01221,sym clt security 3.1 scs media cd en,symantec - media,28,437,
DN2-01222,microsoft licenses biztalk hipaa std. sa only (u0200024),microsoft licenses,4215.77,440,
DN2-01223,microsoft windows small business server premium 2003 r2 upgrade cd/dvd 5 client,microsoft,709,441,
DN2-01224,zonealarm firewall pro 5 (free upgrade to new version),zone labs,,449,
DN2-01225,kaplan sat/act/psat platinum 2007 win/mac,topics entertainment,49.99,461,
DN2-01226,timbuktu remote control softwre 10 licenses for windows,netopia,,464,
DN2-01227,sat act and psat 2007 platinum,topics entertainment,58.5,465,
DN2-01228,cisco security desktop agent ( csa-b250-dtop-k9 ),cisco systems (ciscopro),,468,
DN2-01229,microsoft asp net web matrix,microsoft,30,471,
DN2-01230,tinyterm v4.x 5u windows terminal emulation (tt-5),century software,705.21,472,
DN2-01231,ae outlook 2007 win32,microsoft corp,,473,
DN2-01232,sonicwall comprehensive gateway security suite - 1 year upgrade plan ( 01-ssc-5845 ),sonic systems inc.,,475,
DN2-01233,pcanywhere 11.0 host only cd-rom xp 98 nt w2k me,symantec,,483,
DN2-01234,microsoft productivity pack for windows mobile,microsoft,29.99,489,
DN2-01235,adobe encore dvd 2.0,adobe,349,490,
DN2-01236,symc backup exec sbs prm 11d win small business server,symantec,885.83,499,
DN2-01237,microsoft publisher 2007 version upgrade,microsoft,99.95,508,
DN2-01238,microsoft windows vista ultimate upgrade [dvd],microsoft,259.95,511,
DN2-01239,microsoft office 2004 standard upgrade (mac),microsoft,239.99,515,
DN2-01240,quickbooks premier nonprofit edition 2007,intuit,399.95,517,
DN2-01241,microsoft windows vista ultimate full version [dvd],microsoft,399.95,520,
DN2-01242,cadopia 6 standard edition by cadopia,global marketing partners,295,523,
DN2-01243,quickbooks pro 2007 for mac (mac),intuit,199.95,528,
DN2-01244,upgrade freehand 11 maceng cd 1u,adobe,274.95,529,
DN2-01245,microsoft windows live onecare 1.5 online pc care subscription [12 months],microsoft,49.95,531,
DN2-01246,microsoft flight simulator x deluxe dvd,microsoft,49.95,540,
DN2-01247,adobe acrobat capture 100 000 page pack,adobe,1514.99,543,
DN2-01248,windows vista business spanish full version [dvd],microsoft,329.95,544,
DN2-01249,symc backup exec sbs aws 11d win sbs agent for windows systems,symantec,447.74,545,
DN2-01250,adobe indesign cs3 upgrade from pagemaker,adobe,199,547,
DN2-01251,symc backup exec aofo 11d win advanced open file option,symantec,769.49,554,
DN2-01252,macromedia director 10 mx 2004,adobe,2171.7,557,
DN2-01253,exchange svr ent 2007 x64 eng dvd 25 clt,microsoft,11318.25,563,
DN2-01254,millionaire sports edition (jewel case),disney interactive,9.99,569,
DN2-01255,cluefinders 3rd grade adventures: mystery of mathra,the learning company,24.99,570,
DN2-01256,microsoft windows vista business full version [dvd],microsoft,299.95,578,
DN2-01257,adobe creative suite cs3 design premium [mac],adobe,1799,591,
DN2-01258,adobe pagemaker v7.0.2 cd mac-upg ( 17530402 ),adobe,138.45,592,
DN2-01259,instant immersion french deluxe 2.0,topics entertainment,49.99,593,
DN2-01260,quicken 2007 for mac,intuit,69.95,602,
DN2-01261,quickbooks premier manufacturer and wholesale edition 2007,intuit,399.95,604,
DN2-01262,math missions: the amazing arcade adventure grades 3-5,scholastic,19.99,606,
DN2-01263,microsoft works suite 2006,microsoft,99,607,
DN2-01264,reader rabbit kindergarten version 1.1,the learning company,9.99,620,
DN2-01265,symantec gateway security 300 series 10 ( 10224341 ),symantec,349,643,
DN2-01266,art (dvd) (pc & mac),fogware publishing,29.99,648,
DN2-01267,adobe cs3 design standard macosx dvd,adobe,399,654,
DN2-01268,microsoft windows terminal server 2003 client additional license for users- 5 user,microsoft,669,655,
DN2-01269,photo go,sony media software,24.95,658,
DN2-01270,lightroom 1 mlp retail ue 1u,adobe,299,669,
DN2-01271,x-plane deluxe including 7 double layer dvds (mac),navarre (software),59.95,672,
DN2-01272,professional home design suite platinum,punch! software,99.95,698,
DN2-01273,best of card games (jewel case),on hand software,9.99,712,
DN2-01274,firstedge v 2.0 (mac),myob us,99.95,721,
DN2-01275,doom 3 (dvd) (mac),aspyr media,39.99,722,
DN2-01276,adobe creative suite cs3 production premium upgrade,adobe,799,729,
DN2-01277,adobe photoshop cs2 (mac) [old version],adobe,649,730,
DN2-01278,illustrator cs3 13 mac ed 1u,adobe education box,199,734,
DN2-01279,acrobat pro 8 mac ed 1u cd,adobe education box,159,736,
DN2-01280,retrospect 6.0 desktop mac,dantz,99.99,742,
DN2-01281,unreal tournament 2004 ( dvd-rom ),atari,29.99,758,
DN2-01282,e frontier poser 6 collector's edition with volume 1 figure pack (mac),curious labs inc.,279.99,764,
DN2-01283,microsoft office mac 2004 english 3pk dsp ( 731-01163 ),microsoft corporation,,766,
DN2-01284,adobe software acrobat pro upgrd pro-pro mac (adbcd01798mc),adobe software,273,767,
DN2-01285,quake 4 (mac),aspyr media,39.99,768,
DN2-01286,zero-g pro pack for garageband (appleloops),zero-g,169.95,790,
DN2-01287,calendar creator 10,broderbund,29.99,793,
DN2-01288,extensis smartscale 1-user ( pxe-11433 ),extensis corporation,,805,
DN2-01289,extensis intellihance pro 4.x win/mac,extensis corporation,199.99,808,
DN2-01290,macjournal v4 (mac),csdc,39.95,810,
DN2-01291,motu digital performer 5 digital audio software (mac only),motu,795,818,
DN2-01292,vegas 7 + dvd/soundforge8bundl,sony media,722,826,
DN2-01293,studio movieboard plus pci hardware,pinnacle,251.55,833,
DN2-01294,10 outlet metal split surge,fellowes,,834,
DN2-01295,kensington contour pro 17 notebook carrying case (62340),kensington,89.99,835,
DN2-01296,vpn client software 5 users,d-link systems inc.,,839,
DN2-01297,hp c7130b color laserjet 5550 500-sheet input tray,hewlett packard,,841,
DN2-01298,kensington contour pro xbrace notebook carrying case (62236),kensington technology group,,842,
DN2-01299,bingo dvd tv game,imagination international,17.99,864,
DN2-01300,quickbooks point-of-sale pro with hardware bundle 6.0,intuit,1749.95,865,
DN2-01301,microsoft oem 3pk xp home edition sp2 ( n09-01624 ),microsoft corporation,,880,
DN2-01302,instant immersion japanese deluxe 2.0,topics entertainment,39.99,882,
DN2-01303,sims 2 seasons expansion pack,aspyr media,34.99,892,
DN2-01304,adobe creative suite cs3 master collection upgrade [mac],adobe,1399,902,
DN2-01305,sudoku unlimited + crossword addict 2cd set,global software publishing north america inc,19.99,911,
DN2-01306,symc backup exec sbs std 11d win small business server standard,symantec,811.21,928,
DN2-01307,gmp data rescue - license ( 24300 ),global marketing partners,349,957,
DN2-01308,best of slots 2 (jewel case),masque publishing,9.99,976,
DN2-01309,mac os x server v10.4.7 unlimited client,apple,999,988,
DN2-01310,reader rabbit playtime for baby and toddler,the learning company,19.99,989,
DN2-01311,language lab german,topics entertainment,39.99,1008,
DN2-01312,neuratron photoscore professional 4,sibelius software ltd.,199.99,1010,
DN2-01313,encore the big box of art 410 000 ( 460001 ),encore software,19.99,1031,
DN2-01314,reader rabbit learn to read phonics pre kindergarten,the learning company,9.99,1043,
DN2-01315,quarkxpress 7 for mac/win .,quark,1289.42,1048,
DN2-01316,quarkxpress 7 ( windows & macintosh ),quark,899,1050,
DN2-01317,datawatch monarch v7 ntwk-starter cd most 8u ( fpm32c070-a08n ),datawatch,,1052,
DN2-01318,lotus dev. ibm informix online personal edition - media ( bb0d4na ),lotus development corp,,1054,
DN2-01319,ares rising,interplay,69.95,1056,
DN2-01320,wasp barcode fontware w/add-ins,informatics,195,1061,
DN2-01321,windows xp pro nx7400 o/s,hewlett packard,,1062,
DN2-01322,portfolio 8 stand-alone 1-usr boxed,extensis,,1068,
DN2-01323,soundtrack 1.2,apple,199.99,1082,
DN2-01324,poser 7 win 2000 xp mac os 10.4 & up,aladdin systems,199.99,1091,
DN2-01325,history (dvd) (pc & mac),fogware publishing,,1095,
DN2-01326,zend studio 5.1 (win/mac),zend technologies inc.,299,1097,
DN2-01327,adobe cs3 design premium macosx dvd,adobe,599,1121,
DN2-01328,iomega nas 400e expansion chassis 1tb 1u,iomega,2699,1131,
DN2-01329,crystal 3d impact! pro 1.25 (jewel case),crystalgraphics,79,1134,
DN2-01330,x-plane v8 (mac),graphics simulations corporation,49.99,1143,
DN2-01331,faxstf pro mac os 10.3.9 or above,aladdin systems,49.99,1152,
DN2-01332,spring cleaning 9.0 for mac os 10.4 & above,aladdin systems,49.99,1154,
DN2-01333,print explosion deluxe 3.0 (mac),nova development,49.99,1160,
DN2-01334,symc ghost solution suite 2.0 media,symantec,35.57,1163,
DN2-01335,mcafee virusscan plus - 3 user,mcafee,59.99,1183,
DN2-01336,finale 2007 academic (win/mac),emedia,350,1188,
DN2-01337,quickbooks point-of-sale basic 6.0,intuit,799.95,1189,
DN2-01338,learn english (win/mac) (jewel case),fogware publishing,9.99,1192,
DN2-01339,space (dvd) (pc & mac),fogware publishing,29.99,1195,
DN2-01340,microsoft digital image suite 2006 plus pinnacle studio 10.0,microsoft,99.95,1206,
DN2-01341,stubbs the zombie in rebel without a pulse (dvd) (mac),aspyr media,9.99,1208,
DN2-01342,the movies (mac),feral interactive,49.95,1210,
DN2-01343,ulead videostudio 10,corel,69.99,1212,
DN2-01344,adobe framemaker 7.2 (windows),adobe,1445.9,1222,
DN2-01345,adobe acrobat standard 8.0,adobe,449.99,1242,
DN2-01346,places (pc & mac),fogware publishing,29.99,1258,
DN2-01347,anime studio 5 win 98/me 2000/xp mac os 10.4 & up,aladdin systems,49.99,1262,
DN2-01348,small business server 2003 20u cal addpak user,microsoft,,1283,
DN2-01349,bitdefender antivirus 10.0 [2 year subscription for 2 pcs],global marketing partners,39.95,1292,
DN2-01350,microsoft visual studio professional w/msdn professional 2005 renewal,microsoft software,799,1296,
DN2-01351,treasure mountain! (jewel case) ages 5-9 for win/mac,riverdeep,9.99,1309,
DN2-01352,adobe creative suite cs3 design premium upsell,adobe,1599,1313,
DN2-01353,printmaster platinum v 17.0,encore software,39.99,1315,
DN2-01354,adobe creative suite cs3 web standard,adobe,999,1325,
DN2-01355,superstart! fun with reading & writing!,,8.49,,1
DN2-01356,qb pos 6.0 basic software,intuit,637.99,,2
DN2-01357,math missions: the amazing arcade adventure (grades 3-5),,12.95,,3
DN2-01358,production prem cs3 mac upgrad,adobe software,805.99,,4
DN2-01359,edius pro 4,canopus/grass valley,585.99,,6
DN2-01360,qb pos 6.0 pro solution hw/sw,intuit,1474.99,,10
DN2-01361,ares rising,,29.95,,11
DN2-01362,cd384-aisk9= cisco ios advanced ip services - complete package - cd,,2068.26,,13
DN2-01363,633808063023 wasp bar code fontware - complete package - 10 users - cd - win - english,,154.6,,14
DN2-01364,0202-034 axis camera station - license - 1 additional user,,95.12,,15
DN2-01365,eu063av aba microsoft windows xp professional - license and media - 1 user - cto - english -,,137.09,,16
DN2-01366,bb0gyna ibm informix dynamic server enterprise edition - ( v. 9.4 ) - media - cd - linux,,195.53,,17
DN2-01367,eqzfn07-201 zetafax business edition - license - 5 users - win,,499.17,,18
DN2-01368,633808390266 wasp mobileasset professional edition combo pack with spt 1800 - ( v. 5 ) - comp,,2021.99,,19
DN2-01369,wg017449 watchguard firebox x5500e utm software suite - subscription license ( 1 year ) +,,3715.48,,20
DN2-01370,11k2990 international printing for mysap.com - complete package - 1 client - cd - englis,,149.43,,21
DN2-01371,5325302018 snap enterprise data replicator - license - 1 server - linux unix win,,663.22,,22
DN2-01372,38039440dm adobe flash cs3 professional - ( v. 9 ) - media - tlp tlp nonprofit - dvd - win,,18.88,,23
DN2-01373,11105106 symantec bindview policy manager - ( v. 1.0 ) - media - cd - win - english,,16.09,,24
DN2-01374,25510587 adobe after effects cs3 professional - complete package - 1 user - dvd - win - c,,1054.23,,25
DN2-01375,wg017127 watchguard gateway antivirus for e-mail - maintenance ( 1 year ) - 1 device - wi,,751.44,,26
DN2-01376,did0480p-m311 plasmon additional maintenance 24x7 - plasmon diamond technical support - consul,,1562.06,,27
DN2-01377,633808035020 wasp nest ccd suite business edition - complete package - 1 user - cd - win,,179.03,,28
DN2-01378,711-00072 microsoft entertainment pocketpak 2004 productivity pack - complete package - 1,,29.93,,29
DN2-01379,01-ssc-6993 sonicwall client/server anti-virus suite - subscription license ( 3 years ) - 50,,3992.98,,30
DN2-01380,buvsag-00000 ulead videostudio 10 - complete package - 1 user - win - english,,61.94,,31
DN2-01381,s71-00009 perfect dark zero - complete package - 1 user - microsoft xbox 360 - dvd - engli,,34.38,,32
DN2-01382,c6q-00002 microsoft digital image suite plus - complete package - 1 pc - cd-rom (mini box),,93.33,,33
DN2-01383,ma166z/a ilife '06 - complete package - 1 user - dvd - mac,,72.74,,34
DN2-01384,s45es-12225sg= cisco ios enterprise services - ( v. 12.2(25)sg ) - complete package,,7022.74,,35
DN2-01385,t74-00004 microsoft windows small business server 2003 - license - 20 additional user cals,,1834.4,,36
DN2-01386,122103 quarkxpress - ( v. 7 ) - complete package - 1 user - cd - win mac,,742.21,,37
DN2-01387,dsv3-swa dsview - ( v. 3 ) - license - 5 users 1 hub - win,,2426.1,,38
DN2-01388,366125-002 hp care pack software technical support - vmware virtualcenter 1 node 2 process,,1589.95,,39
DN2-01389,378517z lenovo thinkvantage imageultra builder (non-lenovo systems) - ( v. 3.0 ) - licen,,17.21,,40
DN2-01390,fpm32c070-a08n monarch standard edition - ( v. 7.0 ) - complete package - 8 users - cd - win,,3640.84,,41
DN2-01391,910519-004 rumba as/400 edition - ( v. 7.4 ) - upgrade license - 1 processor - tier p10 - c,,3223.26,,42
DN2-01392,10568 hoyle puzzle & board games 2005 - complete package - 1 user - pc - cd - win,,14.51,,43
DN2-01393,dm0016009 contivity stateful firewall - license - 1 switch - english,,371.5,,44
DN2-01394,22030094 adobe encore dvd - ( v. 2.0 ) - complete package - 1 user - dvd - win - universa,,377.61,,45
DN2-01395,5325302020 snap enterprise data replicator advanced - license - 1 server - linux unix win,,1320.64,,46
DN2-01396,b11-01215 microsoft works suite 2006 - license and media - 1 user - cd - win - english - u,,94.08,,47
DN2-01397,bb117ac hp storageworks data protector express backup server - product upgrade package -,,459.3,,48
DN2-01398,w-1rp-f-wx-00 crystal reports xi professional edition - complete package - 1 user - win - fren,,538.5,,49
DN2-01399,633808105020 wasp bar code labeler - complete package - 3 users - cd - win - english,,195.77,,50
DN2-01400,01-ssc-7316 sonicwall cfs premium gov/ed edition for sonicwall pro 4100 - subscription licen,,2565.08,,51
DN2-01401,11105093 symantec web security for microsoft isa server 2004 - ( v. 5.0 ) - media - cd -,,16.09,,52
DN2-01402,395-03824 microsoft exchange server 2007 enterprise edition - complete package - 1 server,,6594.2,,53
DN2-01403,rl294aa red hat enterprise linux ws - ( v. 3 update 8 ) - license - 1 user,,215.57,,54
DN2-01404,808-1v500-mk-us directory and resource administrator - ( v. 5.0 ) - media - win - english - unit,,75.48,,55
DN2-01405,22799 vsi-fax - upgrade license - 8 additional ports - linux unix win,,2181.91,,56
DN2-01406,e17887d symantec backup exec for netware servers remote agent for windows or netware ser,,197.65,,57
DN2-01407,b7305pa supportpack for hp openview manager for microsoft exchange server 2.0 premium -,,85.85,,58
DN2-01408,40y9223 computrace lojack for laptops - subscription package ( 4 years ) - 1 notebook -,,125.97,,59
DN2-01409,04l1671 ibm websphere mq link for r/3 - ( v. 1.2 ) - complete package - 1 server - cd -,,12567.39,,60
DN2-01410,cd28-esk9= cisco ios enterprise services - complete package - cd,,1001.38,,61
DN2-01411,23500195dm adobe incopy cs3 - ( v. 5.0 ) - media - tlp tlp nonprofit - dvd - win - univers,,18.88,,62
DN2-01412,01-ssc-5310 sonicwall global vpn client - license - 1 user - win,,43.85,,63
DN2-01413,f309a-g03-11.0 scansoft paperport professional - ( v. 11 ) - complete package - 5 users - win -,,841.55,,64
DN2-01414,wg7569 watchguard livesecurity service gold - watchguard serverlock for solaris technic,,2279.02,,66
DN2-01415,j8779a hp procurve manager plus - ( v. 2.0 ) - upgrade license - unlimited devices - wi,,2270.06,,67
DN2-01416,15510669dm adobe after effects cs3 professional - ( v. 8 ) - media - tlp tlp nonprofit - d,,18.88,,68
DN2-01417,mtp07emb3rua mcafee total protection 2007 - complete package - 3 users - cd ( mini-box ) - wi,,86.94,,69
DN2-01418,29270077 adobe creative suite 3 web standard - product upgrade package - 1 user - upgrade,,843.15,,70
DN2-01419,29270055 adobe creative suite 3 web standard - complete package - 1 user - cd - win - uni,,1056.98,,71
DN2-01420,evyu7517 emc insignia visualsrm smb edition - ( v. 1.7 ) - media - cd - win,,3.29,,72
DN2-01421,cabprenaen150 ca business protection suite for microsoft small business server premium edition,,666.65,,73
DN2-01422,38040048dm vlog it! - ( v. 2.5 ) - media - tlp tlp nonprofit - download - win - worldwide,,20.97,,74
DN2-01423,19600061dm adobe creative suite 3 production premium - media - tlp - download - mac - world,,20.97,,75
DN2-01424,72212 world of warcraft - complete package - 1 user - pc - cd - win mac,,24.8,,76
DN2-01425,dja-00892 microsoft system center essentials 2007 - license - 1 server - win - english,,93.25,,77
DN2-01426,fpxmlc020-a01 vortexml - ( v. 2 ) - complete package - 1 user - cd - win,,363.63,,78
DN2-01427,eete7717 emc insignia eroom smb edition - ( v. 7.3 ) - media and documentation set - cd -,,37.24,,79
DN2-01428,5325301873 snap appliance snap care - snap enterprise data replicator technical support - c,,377.06,,80
DN2-01429,910584-001 rumba as/400 edition - ( v. 7.2 ) - upgrade package - 1 processor - tier p60 - c,,26759.24,,81
DN2-01430,10517940 symantec client security with groupware protection business pack - ( v. 3.1 ) -,,3323.92,,82
DN2-01431,01-ssc-7524 sonicwall email anti-virus mcafee and sonicwall time zero - subscription license,,14568.97,,83
DN2-01432,22798 vsi-fax - license - 8 additional ports - linux unix win,,5189.82,,84
DN2-01433,22790 vsi-fax - license - unlimited clients - linux unix win,,4275.71,,85
DN2-01434,10527687 symantec on-demand protection - ( v. 2.6 ) - media - elite forecast elite commi,,16.98,,86
DN2-01435,msd-w30-de-r manga studio debut - ( v. 3.0 ) - complete package - 1 user - cd - win,,41.74,,87
DN2-01436,9002 refviz - ( v. 2 ) - complete package - 1 user - mac,,160.88,,88
DN2-01437,298881 quickbooks customer manager - ( v. 2.5 ) - complete package - 1 user - cd - win,,69.38,,89
DN2-01438,633808344078 wasp mobileinventory combo pack - w/ spt1550 - license - 1 additional mobile dev,,409.56,,90
DN2-01439,19280016dm adobe creative suite 3 master collection - media - tlp tlp nonprofit - dvd - ma,,18.88,,91
DN2-01440,babnur1111s01 brightstor arcserve backup for netware w/sp1 - ( v. 11.1 ) - version upgrade pac,,379.23,,92
DN2-01441,01-ssc-7520 sonicwall email anti-virus mcafee and sonicwall time zero - subscription license,,1306.68,,93
DN2-01442,210100533 pinnacle studio plus titanium edition - ( v. 10.5 ) - complete package - 1 user,,67.47,,94
DN2-01443,wg4110 watchguard vpn manager - upgrade package - 10 nodes - cd - win - english,,1235.07,,95
DN2-01444,910623-000 rumba web-to-host for as/400 - ( v. 4.2 ) - license - 1 processor - tier p60 - s,,29578.09,,96
DN2-01445,01-ssc-6959 sonicwall enforced client anti-virus and anti-spyware - subscription license ( 2,,10693.51,,97
DN2-01446,389449-b21 pgi server compiler suite - license - 2 users - linux,,4269.47,,98
DN2-01447,19500220 adobe creative suite 3 design premium - product upgrade package - 1 user - upgra,,1687.48,,99
DN2-01448,269-10040 microsoft office professional edition 2003 service pack - ( v. 2 ) - media - vol,,23.53,,100
DN2-01449,01-ssc-6791 sonicwall email protection subscription - subscription license ( 2 years ) + dyn,,1234.09,,101
DN2-01450,5325301871 snap appliance snap care - snap enterprise data replicator technical support - c,,377.06,,102
DN2-01451,fpmdps070-a02a monarch data pump - ( v. 7.0 ) - license - 2 additional processors - win,,6998.48,,103
DN2-01452,9am-00014 microsoft flight simulator x deluxe edition - complete package - 1 user - pc - d,,42.79,,104
DN2-01453,wg017196 watchguard webblocker - subscription license ( 1 year ) - 1 device - win,,92.8,,105
DN2-01454,4817n24 vmware virtualcenter management server - ( v. 2 ) - limited subscription ( 5 yea,,2383.02,,106
DN2-01455,24100 punch! 5 in 1 home design - complete package - 1 user - cd - win,,36.28,,107
DN2-01456,11105947 symantec backup exec 11d for windows small business server standard - w/ continu,,479.12,,108
DN2-01457,t5321a hp storageworks storage mirroring for aio edition - license - 1 host - win,,1834.26,,109
DN2-01458,12000-0611 cadopia standard - ( v. 6 ) - complete package - 1 user - cd - win,,235.17,,110
DN2-01459,t74-01215 microsoft windows small business server 2003 - version upgrade license - 5 addit,,186.73,,111
DN2-01460,22774 vsi-fax - ( v. 6 ) - complete package - 1 server - cd - linux,,1573.45,,112
DN2-01461,01-ssc-5670 sonicwall cfs standard edition for sonicwall pro 4100 - subscription license ( 1,,857.38,,113
DN2-01462,29p4453 ibm distributed computing environment - ( v. 3.2 ) - complete package - 1 user,,4160.59,,114
DN2-01463,j4300-ipsec-ltu juniper networks ipsec license for j4300 - license - 1 device,,840,,115
DN2-01464,17911 window washer - license and media - 1 user - cd - win,,21.41,,116
DN2-01465,activision 81935 spiderman 3 ps2,activision,39.1,,117
DN2-01466,nbcn1005 netbotz central - license - 5 nodes - win,,749.01,,120
DN2-01467,cww-6.1-win-mr ciscoworks for windows - ( v. 6.1 ) - version upgrade package - 1 user - upgrade,,213.09,,121
DN2-01468,sbqb7r quicken legal business pro 2007 - complete package - 1 user - win,,69.16,,122
DN2-01469,62000046dg adobe acrobat 3d - ( v. 1.0 ) - media - gov nact - tlp - cd - win - universal e,,19.11,,123
DN2-01470,123-00001 microsoft visual studio 2005 team test load agent - complete package - 1 process,,4792.85,,124
DN2-01471,eq771av aba microsoft windows xp professional - license and media - 1 user - cto - english -,,137.09,,125
DN2-01472,92722 tun plus 2006 - competitive upgrade license and media - 1 user - win,,166.15,,126
DN2-01473,ma888z/a final cut studio - ( v. 2 ) - version upgrade package - 1 seat - dvd - mac,,460.7,,127
DN2-01474,bt00nna ibm rational clearcase lt - ( v. 6.0.0 ) - media - cd - win hp-ux solaris - en,,108.95,,128
DN2-01475,910523-002 rumba as/400 edition - ( v. 7.2 ) - upgrade package - 1 processor - tier p50 - c,,20069.43,,129
DN2-01476,ba0f8ml ibm websphere mq - ( v. 6.0.1 ) - media - cd - linux unix win - multi,,143.01,,130
DN2-01477,pix-sw-sc-50= cisco pix software security contexts - license - 50 additional users,,17721.99,,131
DN2-01478,wg017285 watchguard spamblocker - subscription license renewal ( 1 year ) - 1 appliance,,1335.25,,132
DN2-01479,ua037-ux00w-5.3 netraverse merge server version - ( v. 5.3 ) - version upgrade license - 1 serve,,803.32,,133
DN2-01480,10759458 symantec backup exec 11d for windows small business server premium - w/ continuo,,520.31,,134
DN2-01481,121745 diskeeper 2007 pro premier edition - complete package - 10 workstations - dvd -,,787.56,,135
DN2-01482,01-ssc-6639 sonicwall email compliance subscription - subscription license ( 1 year ) - 1 se,,176.38,,136
DN2-01483,f1q-00302 microsoft visual studio 2005 professional edition - upgrade package + msdn profe,,757.74,,137
DN2-01484,01-ssc-7491 sonicwall email protection subscription - subscription license ( 2 years ) + dyn,,1542.62,,138
DN2-01485,01-ssc-6011 sonicwall update service for sonicwall content security manager 2100 cf - mainte,,5781.25,,139
DN2-01486,10759354 symantec backup exec 11d for windows small business server agent for windows sys,,260.63,,140
DN2-01487,money prem 2007 cd minibox,microsoft,63.99,,141
DN2-01488,ovolab phlink [phlinkv3],,149,,142
DN2-01489,wizoo wizooverb w5 5.1 surround sound room emulator,,399.99,,143
DN2-01490,nate lapointe grateful dead cherry lane music grateful dead legendary licks - a step-by-step breakdown of grateful dead's guitar styles and techniques,,18.5,,145
DN2-01491,sims 2 season expansion pack,,37.99,,146
DN2-01492,fifth dimension shannon grama yamaha the 5th dimension - greatest hits on earth - smart pianosoft,,14.86,,147
DN2-01493,sylvia woods teach yourself to play the folk harp,,40.3,,153
DN2-01494,andrew lloyd webber yamaha andrew lloyd webber - cats - smart pianosoft 2-disk set,,22.13,,154
DN2-01495,kevin burke homespun learn to play irish fiddle lesson one - polkas jigs and slides,,22.13,,159
DN2-01496,global software publ na sudoku,,4.82,,161
DN2-01497,yamaha carole king - tapestry - smart pianosoft,,14.86,,163
DN2-01498,cindy blackman rittor music multiplicity: cindy blackman's drum world - vhs video,,18.5,,173
DN2-01499,sos aggregation company vw - gti racer - topware interactive,,8.44,,180
DN2-01500,onone software qx-tools pro 7 - upgrade,,69.17,,182
DN2-01501,robert thies cecilia tsan yamaha sonatas for cello - (for cd-compatible modules),,29.4,,183
DN2-01502,judy garland yamaha judy garland - the best of the capitol masters: the london sessions - smart pianosoft,,22.13,,185
DN2-01503,hal leonard corporation basic guitar & string set up - starter series dvd,,6.14,,186
DN2-01504,judy collins steve bach yamaha judy collins - judith - smart pianosoft,,14.86,,187
DN2-01505,strategy first inc. culpa innata,,37.82,,192
DN2-01506,topics entertainment instant immersion spanish advanced audio,,12.05,,195
DN2-01507,happy traum homespun fingerstyle arrangements for hymns spirituals and sacred songs - dvd one,,22.13,,196
DN2-01508,vivendi blizzard world of warcraft,,24.99,,197
DN2-01509,fred sokolow hal leonard corporation fretboard roadmaps - instructional dvd for guitar,,12.68,,199
DN2-01510,emc insignia retrospect workgroup 6,,349.99,,201
DN2-01511,punch software pro home design suite,,61.8,,203
DN2-01512,brent mills yamaha selections from a chorus line,,25.77,,204
DN2-01513,victory multimedia wordweb deluxe,,16.42,,205
DN2-01514,sony media software photo go (with $5 mir),,19.66,,208
DN2-01515,hal leonard musicmaker,,22.13,,209
DN2-01516,david grier homespun video bluegrass guitar,,22.13,,212
DN2-01517,rob mullins yamaha welcome to planetmullins! - pianosoft plus audio,,29.4,,214
DN2-01518,adobe premiere pro cs3 academic,,339.99,,215
DN2-01519,yamaha theme from sabrina (piano solo) - (for xg-compatible modules),,6.14,,216
DN2-01520,whitney houston tad sisler yamaha whitney houston - smart pianosoft,,14.86,,220
DN2-01521,tom kolb star licks modes for the lead guitarist,,7.6,,224
DN2-01522,checkmark multiledger 6.0,,299.99,,225
DN2-01523,simply magazine finance your business,,3.1,,226
DN2-01524,fogware hyb art dvd,,21.99,,230
DN2-01525,yamaha the hits of elton john,,25.77,,231
DN2-01526,roy book binder homespun blues by the book - two-dvd set,,36.67,,232
DN2-01527,star licks playing in the style of the fender telecaster greats,,14.86,,235
DN2-01528,microsoft windows vista ultimate retail no open box returns,,399.99,,238
DN2-01529,encore inc registry mechanic 6.0,,25.49,,239
DN2-01530,adobe cs3 design standard academic,,385.99,,241
DN2-01531,pete huttlinger john denver homespun video learn to play the songs of john denver - dvd,,22.13,,244
DN2-01532,rosemary clooney yamaha rosemary clooney - white christmas - smart pianosoft,,18.5,,246
DN2-01533,paul mehling django reinhardt homespun learn to play django-style gypsy jazz guitar - dvd one - rhythm,,22.13,,252
DN2-01534,x-plane 8 dlx mac os x graphic sim,,56.99,,260
DN2-01535,peter erskine trio hudson music peter erskine trio - live at jazz baltica,,14.86,,261
DN2-01536,ca internet security suite plus 2008 w/$10000 warranty,,92.2,,267
DN2-01537,hal leonard rachmaninoff piano concerto no. 2 in c minor op. 18,,25.77,,268
DN2-01538,the richard friedman trio motown hits - *(for the tg-100)*,,25.77,,269
DN2-01539,berlitz french premier language learning,,39.99,,270
DN2-01540,steve finger steve finger songs of gershwin porter & rodgers - ez play today,,22.13,,277
DN2-01541,bob florence quartet yamaha bob florence quartet - (for cd-compatible modules),,29.4,,281
DN2-01542,lynyrd skynyrd yamaha lynyrd skynyrd - all-time greatest hits - smart pianosoft,,14.86,,282
DN2-01543,myob accountedge 2007,,281.99,,283
DN2-01544,yamaha piano la carte,,22.13,,284
DN2-01545,yamaha bread best of bread - smart pianosoft,,14.86,,286
DN2-01546,steely dan mike garson yamaha steely dan - pretzel logic - smart pianosoft,,14.86,,292
DN2-01547,richard friedman richard friedman the best of elton john - ez play today,,22.13,,294
DN2-01548,entertainment partners ep budgeting for film academic,,164.99,,297
DN2-01549,yamaha james taylor james taylor - greatest hits - smart pianosoft,,14.86,,298
DN2-01550,jorma kaukonen homespun the electric guitar of jorma kaukonen - blues rock & roll and beyond,,22.13,,300
DN2-01551,larry cohn neil diamond yamaha neil diamond - the christmas album - smart pianosoft,,14.86,,301
DN2-01552,hal leonard best of classic themes 2,,25.77,,302
DN2-01553,amy grant yamaha amy grant - the collection - smart pianosoft,,14.86,,307
DN2-01554,adobe cs3 after effects academic,,329.99,,308
DN2-01555,sos aggregation company shrink my tunes - z group,,31.57,,309
DN2-01556,sibelius sibelius photoscore professional 4,,145.7,,311
DN2-01557,vorton technologies kool karaoke,,18.5,,314
DN2-01558,aspyr star wars battlefront mac os x,,45.99,,318
DN2-01559,yamaha eagles - hotel california - smart pianosoft,,14.86,,319
DN2-01560,mike garson screen themes '93,,25.77,,320
DN2-01561,powerhouse migo for ipod for windows,,71.99,,327
DN2-01562,quark xpress 7 (no returns),,714.99,,328
DN2-01563,heroes of might and magic v,,47.99,,333
DN2-01564,adobe cs3 master collection academic,,939.99,,337
DN2-01565,filemaker server 8 advanced,,2335,,342
DN2-01566,emc insignia retrospect desktop 6 upgrade,,49.99,,343
DN2-01567,emc insignia retrospect desktop 6.x,,89.99,,344
DN2-01568,myob premier accounting for small business 2007-windows,,289.99,,347
DN2-01569,adobe cs3 master collection upsell from cs2,,1437.99,,353
DN2-01570,adobe illustrator cs3 for mac academic,,199.99,,357
DN2-01571,avanquest encyclopedia britannica 2006,,29,,358
DN2-01572,adobe photoshop lightroom,,264.99,,360
DN2-01573,adobe acrobat v8.0 professional for mac academic,,159.99,,361
DN2-01574,filemaker pro 8.5 upgrade,,169.99,,362
DN2-01575,emc insignia retrospect server 6,,555.99,,363
DN2-01576,filemaker pro 8.5 5-user pack,,1149,,364
DN2-01577,allume poser 6 for mac,,169.99,,365
DN2-01578,adobe acrobat v8.0 professional for mac upgrade,,145.99,,366
DN2-01579,adobe cs3 design premium upsell,,1639.99,,368
DN2-01580,aspyr simcity 4 deluxe,,53.99,,369
DN2-01581,symantec norton anti-virus 10 mac 5 user pack,,189.99,,372
DN2-01582,aspyr quake iv,,45.99,,373
DN2-01583,microsoft windows xp home edition sp2 oem,,95.99,,374
DN2-01584,filemaker pro 8.5 academic,,145.99,,376
DN2-01585,filemaker server 8 option pack,,1399,,377
DN2-01586,i spy mystery by topics entertainment,,23.99,,379
DN2-01587,atari unreal tournament 2004: dvd edition (pc) game,,9.99,,387
DN2-01588,danny gill modern rock guitar soloing,,11.23,,389
DN2-01589,yamaha moulin rouge - music from baz luhrmann's film smart pianosoft,,25.77,,391
DN2-01590,filemaker pro 8.5 advanced upgrade,,279.99,,393
DN2-01591,max levinson virtuoso software max levinson - chopin and brahms,,25.77,,394
DN2-01592,mariner macjournal 4 journal blog podcast software,,38.99,,399
DN2-01593,the kinks yamaha the kinks greatest hits - smart pianosoft,,18.5,,405
DN2-01594,curtis brengle yamaha neil sedaka laughter in the rain: the best of neil sedaka 1974-1980 - smart pianosoft,,22.13,,407
DN2-01595,kd lang tony bennett mike garson yamaha tony bennett & kd lang - a wonderful world - smart pianosoft,,14.86,,408
DN2-01596,magix entertainment corp. xtreme photostory on cd and dvd 6,,26.14,,412
DN2-01597,dreamcatcher interactive mark the,,26.14,,415
DN2-01598,tommy igoe hudson music getting started on drums,,18.5,,416
DN2-01599,iolo technologies llc drivescrubber 3,,23.69,,418
DN2-01600,digital leisure inc mad dog 2: the lost gold,,15.27,,419
DN2-01601,topics entertainment instant immersion japanese crash course,,6.56,,422
DN2-01602,tony iommi tony iommi,,14.86,,427
DN2-01603,everett greene sue downs yamaha it's easy being greene! - pianosoft plus audio,,29.4,,429
DN2-01604,aspyr doom iii,,45.99,,432
DN2-01605,hal leonard cathal mcconnell teaches pennywhistle,,14.86,,435
DN2-01606,myob firstedge,,99.99,,436
DN2-01607,sos aggregation company onbidder - win your ebay auctions - z group,,23.76,,441
DN2-01608,adobe photoshop cs3 extended for mac academic,,295.99,,442
DN2-01609,bobby joe holman play harmonica pack,,18.5,,443
DN2-01610,csdc best of card games j/c - on hand software,,7.17,,444
DN2-01611,adobe cs3 flash professional academic,,239.99,,446
DN2-01612,stephen webber berklee press turntable technique - the art of the dj - dvd,,18.5,,447
DN2-01613,steve kaufman homespun bluegrass guitar solos that every parking lot picker should know (series 4),,51.21,,451
DN2-01614,pam tillis yamaha pam tillis - super hits - smart pianosoft,,14.86,,452
DN2-01615,david gray mike garson yamaha david gray - a new day at midnight - smart pianosoft,,14.86,,453
DN2-01616,ilumina expansion series: left behind on cd-rom,,0.5,,457
DN2-01617,tune 1000 bee gees songs made famous by the bee gees,,18.5,,461
DN2-01618,red mile entertainment world war ii dvd trivia challenge,,18.77,,462
DN2-01619,allume anime studio 5,,44.99,,465
DN2-01620,hal leonard club mix,,19.23,,466
DN2-01621,filemaker pro 8.5,,285.99,,467
DN2-01622,fogware hyb places dvd,,21.99,,469
DN2-01623,matt glaser homespun video swingin' jazz violin - homespun level 3,,22.13,,470
DN2-01624,arti funaro electric guitar effects six cassette,,36.67,,471
DN2-01625,mike garson yamaha james taylor james taylor - sweet baby james - smart pianosoft,,14.86,,472
DN2-01626,myob accounting plus/accountedge additional u,,145.99,,473
DN2-01627,yamaha into the woods - original cast recording smart pianosoft,,22.13,,474
DN2-01628,roger mcguinn homespun roger mcguinn's guide to home recording on a computer - basic set-up and advice,,14.86,,476
DN2-01629,nat king cole yamaha the unforgettable nat king cole - smart pianosoft,,22.13,,477
DN2-01630,punch software pro platinum v 12.0,,87.61,,478
DN2-01631,steve bach yamaha now that's what i call music! - vol. 10 - smart pianosoft,,18.5,,479
DN2-01632,steve kaufman homespun the art of guitar crosspicking,,22.13,,481
DN2-01633,diana ross the supremes yamaha the best of diana ross & the supremes - smart pianosoft,,14.86,,482
DN2-01634,tony trischka bill keith homespun the advanced banjo workshop (banjo) - book/cd package,,43.94,,485
DN2-01635,mat gurman star licks blues rock guitar soloing,,11.23,,486
DN2-01636,happy traum homespun fingerstyle arrangements for hymns spirituals and sacred songs - dvd two,,22.13,,487
DN2-01637,filemaker pro 8.5 advanced,,455.99,,488
DN2-01638,charles-louis hanon phillip keveren hanon exercises,,17.81,,496
DN2-01639,kenny kosek homespun video learning bluegrass fiddle - 2-dvd set,,36.67,,499
DN2-01640,matt glaser homespun tools for musicianship - learning and developing musical skills,,27.62,,500
DN2-01641,filemaker server 8,,929.99,,504
DN2-01642,happy traum homespun video the blues bag - 2-video set,,36.67,,505
DN2-01643,filemaker mobile 8,,65.99,,508
DN2-01644,dan rodowicz yamaha i'll be seeing you - jazz gems - (for xg-compatible modules),,25.77,,509
DN2-01645,thomas zink chuck mangione yamaha chuck mangione - feels so good - smart pianosoft,,14.86,,510
DN2-01646,craig knudsen phillip keveren classic gems 2,,25.77,,512
DN2-01647,phillip keveren phillip keveren disney's pocahontas - ez play today,,25.77,,517
DN2-01648,horacio hernandez hudson music horacio hernandez - live at the modern drummer festival 2000,,18.5,,518
DN2-01649,anita o'day yamaha anita o'day's finest hour - smart pianosoft,,18.5,,519
DN2-01650,john jackson homespun video the fingerpicking blues of john jackson,,22.13,,521
DN2-01651,various artists view video cuba mia - portrait of an all-woman orchestra,,14.86,,522
DN2-01652,frederic hand homespun classical guitar - dvd,,22.13,,523
DN2-01653,mike dowling homespun swing guitar - improvising hot lead solos,,29.4,,525
DN2-01654,yamaha julio iglesias julio iglesias - my life: the greatest hits (2-disc set) - smart pianosoft,,33.04,,526
DN2-01655,johann sebastian bach devine entertainment corporation bach's fight for freedom - dvd,,14.89,,527
DN2-01656,adobe acrobat v8.0 professional for mac,,405.99,,530
DN2-01657,blair aaronson donny osmond yamaha donny osmond - this is the moment - smart pianosoft,,14.86,,536
DN2-01658,michael thompson star licks beginning acoustic guitar,,11.23,,540
DN2-01659,hudson music snare drum basics - vhs video,,11.23,,548
DN2-01660,aspyr stubbs the zombie,,35.99,,549
DN2-01661,feral interactive the movies,,47.99,,552
DN2-01662,david bowie yamaha the best of david bowie: 1974-1979 - smart pianosoft,,18.5,,553
DN2-01663,alfred publishing inc teach yourself to play guitar,,13.32,,560
DN2-01664,adobe fireworks cs3 academic,,99.99,,564
DN2-01665,yamaha vision of love - hits of mariah carey - (for xg-compatible modules),,25.77,,565
DN2-01666,it's about time products learn the switch to mac,,28.99,,566
DN2-01667,topics entertainment instant play keyboard v2.0,,17.55,,568
DN2-01668,mcafee inc mcafee virusscan plus sub 1:1 3u mb en,,56.38,,570
DN2-01669,makemusic finale 2007 academic create edit and print sheet music,,269,,571
DN2-01670,laurence juber homespun video adventures in fingerstyle guitar - video one,,22.13,,574
DN2-01671,alan pasqua yamaha have yourself an alan pasqua christmas,,29.4,,577
DN2-01672,emc insignia retrospect server 6.0 for mac upgrade,,285.99,,578
DN2-01673,imagination international corp pirates of the carribean,,21.26,,579
DN2-01674,fogware publishing esl - learn english,,6.84,,581
DN2-01675,fogware hyb space dvd,,21.99,,582
DN2-01676,bruce molsky homespun video southern old-time fiddle tour - dvd,,22.13,,583
DN2-01677,yamaha christmas around the piano - intermediate,,25.77,,584
DN2-01678,various artists hudson music classic drum solos and drum battles - volume 2 - vhs video,,18.5,,585
DN2-01679,isong classical guitar standards - vol. 1 - isong cd-rom,,18.5,,588
DN2-01680,jim brickman yamaha jim brickman - winter peace,,25.77,,590
DN2-01681,luther vandross yamaha luther vandross - greatest hits - smart pianosoft,,18.5,,593
DN2-01682,global creative group various vj world visuals starter pack - backgrounds & dancers,,18.5,,595
DN2-01683,global marketing partners homepage maker 5 - bhv,,26.14,,597
DN2-01684,troy stetina hal leonard corporation beginning rock lead guitar - learn to play rock leads!,,11.23,,598
DN2-01685,tony trischka homespun video bluegrass banjo tunes & techniques,,22.13,,603
DN2-01686,thom bresh merle travis homespun the real merle travis guitar - like father like son,,22.13,,607
DN2-01687,amy grant brent mills yamaha amy grant - smart pianosoft,,14.86,,608
DN2-01688,neil diamond the neil diamond collection,,22.13,,613
DN2-01689,marcy marxer cathy fink homespun video making and playing homemade instruments,,14.86,,614
DN2-01690,garson/nyberg mike garson frank sinatra collection - my way,,25.77,,615
DN2-01691,donald fagen homespun donald fagen - concepts for jazz/rock piano - dvd,,22.13,,617
DN2-01692,bobby owsinski backbeat books setting up your surround studio - dvd plus dvd-rom extras,,36.67,,618
DN2-01693,yamaha godspell - original off-off-broadway cast recording smart pianosoft,,18.5,,621
DN2-01694,topics entertainment audio success-leadership,,31.06,,622
DN2-01695,hal leonard clavinova pops lesson - all levels,,25.77,,625
DN2-01696,charlie christian view video solo flight: the genius of charlie christian,,14.86,,626
DN2-01697,bob hoban homespun learning rock 'n' roll piano,,22.13,,628
DN2-01698,yamaha boot scootin' boogie - (for xg-compatible modules),,6.14,,629
DN2-01699,christine stevens hal leonard the art and heart of drum circles,,18.5,,630
DN2-01700,hal leonard how to play autoharp book cd homespun,,14.86,,631
DN2-01701,alan pasqua yamaha alan pasqua - latin jazz - (for cd-compatible modules),,29.4,,632
DN2-01702,hal leonard stage and screen,,25.77,,636
DN2-01703,anne murray yamaha anne murray - the best ... so far - smart pianosoft,,18.5,,637
DN2-01704,global marketing partners dvd player 3.0 - honest technology,,16.92,,648
DN2-01705,lisa stansfield tune 1000 songs made famous by lisa stansfield,,18.5,,650
DN2-01706,tony rice homespun new acoustic guitar - book/6-cd pack,,43.94,,652
DN2-01707,jason nyberg the beatles yamaha sgt. pepper's lonely hearts club band,,25.77,,655
DN2-01708,magellan mapsend topo for the united states for magellan map 330 series,,29.99,,656
DN2-01709,tri synergy inc i love kittens,,16.01,,661
DN2-01710,sara davis buechner george gershwin - warsaw concerto/ second rhapsody,,25.77,,662
DN2-01711,tdk buddy rich jazz icons: buddy rich live in '78,,14.86,,663
DN2-01712,diana krall yamaha diana krall - the look of love - smart pianosoft,,14.86,,664
DN2-01713,hal leonard motown - 50 classic hits for piano/vocal/guitar,,14.86,,665
DN2-01714,larry cohn yamaha anastacia - freak of nature - smart pianosoft,,14.86,,668
DN2-01715,print master platinum v17,,29.9,,669
DN2-01716,muriel anderson homespun video muriel anderson's all star guitar night,,18.5,,670
DN2-01717,school house rock! math rock,,9.9,,671
DN2-01718,stevie ray vaughan hal leonard corporation stevie ray vaughan's greatest hits - signature licks dvd,,14.86,,675
DN2-01719,sade yamaha sade - diamond life - smart pianosoft,,14.86,,676
DN2-01720,ron carter herbie hancock billy cobham view video herbie hancock trio - hurricane!,,14.86,,677
DN2-01721,various hal leonard left hand bass techniques,,14.86,,679
DN2-01722,dr. john (mac rebennack) homespun dr. john teaches new orleans piano - dvd one,,22.13,,681
DN2-01723,bob brozman homespun video hot guitar techniques - 2-video set,,51.21,,683
DN2-01724,sue downs yamaha it will be a blue christmas without sue - (for use with the disklavier with cd feature),,29.4,,685
DN2-01725,jim beloff homespun the joy of uke - vol. 1 & 2 dvd set,,36.67,,688
DN2-01726,catfish keith homespun video dynamic country blues guitar - homespun level 4,,22.13,,689
DN2-01727,buddy rich hudson music buddy rich - live at the 1982 montreal jazz festival - dvd,,22.13,,690
DN2-01728,buster b. jones homespun video buster b. jones in concert,,14.86,,691
DN2-01729,petula clark yamaha downtown: the greatest hits of petula clark - smart pianosoft,,14.86,,694
DN2-01730,mike garson the burt bacharach songbook,,25.77,,699
DN2-01731,steve kaufman homespun flatpicking banjo tunes - a guitarist's guide to hot soloing,,22.13,,701
DN2-01732,g kenny yamaha kenny g - paradise - smart pianosoft,,14.86,,703
DN2-01733,tony verderosa hal leonard corporation vfx volume 1 - live electronic music - live remixing,,14.86,,705
DN2-01734,the coasters yamaha the very best of the coasters - smart pianosoft,,18.5,,706
DN2-01735,yamaha company - smart pianosoft,,18.5,,709
DN2-01736,danny morris berklee press essential rock grooves for bass - berklee workshop series,,14.86,,710
DN2-01737,global marketing partners antivirus v.10 - bit defender,,31.96,,712
DN2-01738,thomas zink miles davis yamaha porgy and bess - a miles davis tribute - (for cd-compatible modules),,29.4,,713
DN2-01739,633808390341 wasp mobileinventory desktop edition with wdt2200 & wpl305 - complete package -,,1434.55,,714
DN2-01740,bb0kyna ibm db2 net search extender - ( v. 8.2 ) - media - cd - linux unix win - engli,,108.95,,715
DN2-01741,00dexx17cc01 designcad - ( v. 17 ) - complete package - 1 user - cd - win,,25.54,,716
DN2-01742,wg017262 watchguard fireware pro - license - 1 device,,502.76,,717
DN2-01743,af04mna ibm websphere business integration monitor - ( v. 4.2.4 ) - media - cd - unix w,,108.95,,718
DN2-01744,73098 smarterm office - ( v. 12.1 ) - upgrade license and media - 1 user - cd - win -,,85.89,,719
DN2-01745,01-ssc-6991 sonicwall client/server anti-virus suite - subscription license ( 3 years ) - 10,,863.87,,720
DN2-01746,711-00011 microsoft entertainment pack - ( v. 2.0 ) - complete package - 1 user - pc - cd,,23.57,,721
DN2-01747,bqcpd flexnet installshield premier edition 2008 - complete package + 1 year bronze ma,,4617.11,,722
DN2-01748,bablbr1150s06 brightstor arcserve backup enterprise option for advantage ingres for linux - (,,842.73,,723
DN2-01749,ibm software lotus shrinkwrap ah09qml ibm lotus easysync pro 4.1 for win multilingual u retail,ibm software lotus shrinkwrap,76.42,,724
DN2-01750,aa7-00013 shadowrun - complete package - 1 user - microsoft xbox 360 - dvd,,57.98,,725
DN2-01751,22101258 adobe acrobat capture - ( v. 3.0 ) - license - 1 user 20000 pages - win - engli,,268.2,,726
DN2-01752,m109a-g00-4.0 scansoft pdf converter professional - ( v. 4.0 ) - complete package - 1 user - w,,87.79,,727
DN2-01753,individual software emm-tk3 - typing instructor for kids 3 - dvd movie,,17.97,,728
DN2-01754,lfl-n2-12 computrace lojack for laptops - subscription package ( 1 year ) - 1 notebook ( m,,39.95,,729
DN2-01755,38039926 adobe fireworks cs3 - complete package - 1 user - cd - mac - universal english,,322.08,,730
DN2-01756,acdpe400bxgv/ed-en acdsee photo editor - complete package - 1 user - edu gov ( mini-box ) - win,,36.6,,731
DN2-01757,bqcxd installshield 2008 professional edition - complete package + 1 year silver maint,,2549.59,,733
DN2-01758,cardfive premier software with internal database photo on field keyfive,,466.12,,734
DN2-01759,usoa289 iris readiris pro - ( v. 11 ) - complete package - 1 user - win,,110.07,,735
DN2-01760,9dj-00002 microsoft xbox live arcade unplugged volume 1 - complete package - 1 user - micr,,20.78,,737
DN2-01761,prw photo explosion deluxe - ( v. 3.0 ) - complete package - 1 user - cd - win,,47.6,,739
DN2-01762,snt-040 ntracker - complete package - 1 user - win,,26.59,,741
DN2-01763,436753-b21 hp insight control data center edition flexible quantity license rdp upgrade - l,,137.13,,743
DN2-01764,cd372-c= cisco ios ip - complete package - cd,,218.41,,744
DN2-01765,sup-040c synet pc sharing kit - w/ usb cable 5.18 m complete package - 1 user - win,,26.59,,745
DN2-01766,lmpcgs12mulpc coreldraw graphics suite - ( v. 12 ) - media - 1 user - cd - win - multi-lingual,,22.59,,746
DN2-01767,amherst media book: photo salvage with adobe photoshop photoshop software,,29.95,,750
DN2-01768,datapilot is an advanced cell phone sync software solution that allows endusers to manage their contact information access the internet and check emails while on the go.,,25.53,,768
DN2-01769,microsoft uea-00033 - visual studio 2005 team edition for database professionals with msdn premium subscription renewal - complete product - software development - standard - 1 user - complete product - pc- free shipping,,2072.97,,769
DN2-01770,avery dennison 5239 - designpro deluxe v.5.0 software for microsoft windows with sample pack - complete product - desktop publishing - 1 user(s) - complete product - standard,,29.97,,770
DN2-01771,apple software m9301z/b soundtrack v1.2,apple software,199,,771
DN2-01772,individual software qne-t15 typing quick & easy 15.0,individual software,24.99,,773
DN2-01773,individual software prm-wn5 professor teaches windows xp,individual software,24.99,,776
DN2-01774,freeverse software 5003 bumpercar 2.0 mac web browser,freeverse software,28.99,,777
DN2-01775,peachtree software vernfp2008rt - sage peachtree premium accounting 2008 for nonprofits - financial management - pc,,540.97,,779
DN2-01776,peachtree software vernfpm2008rt - sage peachtree premium accounting 2008 for nonprofits multiple user - financial management - pc- free shipping,,1075.97,,780
DN2-01777,thomson delmar learning book and cd-rom: cdrom: exploring photoshop photoshop software,,42.95,,781
DN2-01778,cisco nac appliance server (clean access server) software (250 users),,8650.31,,789
DN2-01779,single pack cardscan software version 8.0,,123.04,,790
DN2-01780,nik software color efex pro 2.0 select and iview mediapro 3 plug in software for windows and macintosh,,199.95,,796
DN2-01781,topics entertainment 40206 - instant immersion german lab (software/audiobook/workbook) - win 98 me 2000 xp/mac os 9 or x,,34.97,,800
DN2-01782,5pack cardscan software version 8.0,,515.62,,802
DN2-01783,wiley publications book: photoshop cs for dummies photoshop software,,24.95,,803
DN2-01784,topics entertainment in their own words - wwii (audiobook),,14.56,,805
DN2-01785,doug boduch metallica cherry lane music metallica - guitar legendary licks 1988-1997 - a step-by-step breakdown of metallica's guitar styles and techniques,,18.5,,807
DN2-01786,roy book binder homespun blues by the book - dvd 2,,22.13,,809
DN2-01787,masque publishing best of slots ii,,8.46,,810
DN2-01788,david kreisberg yamaha the fantasticks - original broadway cast - smart pianosoft,,18.5,,811
DN2-01789,various artists hudson music classic solos and drum battles - vol. 2 - dvd,,22.13,,814
DN2-01790,marty stuart yamaha the best of marty stuart: the millennium collection - smart pianosoft,,14.86,,815
DN2-01791,tomo fujita berklee press rittor music and hal leonard accelerate your guitar playing - exercises and tips to make you better - faster,,18.5,,817
DN2-01792,rory block homespun video the guitar of rory block - video two,,29.4,,818
DN2-01793,individual software typing instructor for kids,,19.99,,820
DN2-01794,individual software professor teaches microsoft office 2007,,29.99,,822
DN2-01795,individual software anytime organizer deluxe 10,,27.99,,824
DN2-01796,individual software professor teaches excel and word,,42.99,,830
DN2-01797,josh white homespun video the guitar of josh white,,22.13,,832
DN2-01798,david holt homespun clawhammer banjo 2 - repertoire and technique,,22.13,,835
DN2-01799,view video antonio carlos jobim antonio carlos jobim -an all-star tribute,,14.86,,837
DN2-01800,daniel abrams play piano by ear - level 1,,36.67,,838
DN2-01801,john jab'o starks clyde stubblefield rittor music clyde stubblefield & john jab'o starks - soul of the funky drummers - vhs video,,22.13,,839
DN2-01802,individual software professor teaches windows vista,,19.99,,843
DN2-01803,jason nyberg yamaha various grease - original movie soundtrack - smart pianosoft,,18.5,,844
DN2-01804,mike dowling homespun swing guitar,,36.67,,845
DN2-01805,harry belafonte rhapsody films robert altman's jazz '34 - vhs video,,14.86,,846
DN2-01806,hewlett packard pn680a - hp remote graphics software for an hp system - maintenance ( 1 year ) - 1 seat - linux win hp-ux,,202.97,,847
DN2-01807,sunburst technology t02473 - sunburst a to zap! network license - complete product - educational software - 1 server unlimited user - complete product - academic - mac pc,,488.97,,849
DN2-01808,yamaha disney's greatest - vol. 2 - smart pianosoft,,22.13,,850
DN2-01809,steve james homespun video blues/roots guitar - fingerpicking and slide from the delta to new orleans,,22.13,,851
DN2-01810,scholar's library: logos bible software 3 on dvd-rom,,472.46,,853
DN2-01811,yamaha america america's greatest hits history - smart pianosoft,,14.86,,854
DN2-01812,view video giuseppe verdi verdi - the king of melody,,14.86,,855
DN2-01813,nashville bluegrass band homespun video vocal harmony workshop,,22.13,,856
DN2-01814,laurence juber homespun video the fingerstyle artistry of laurence juber - 2-dvd set,,36.67,,857
DN2-01815,daniel gilbert beth marlis musicians institute press guitar soloing - the contemporary guide to improvisation,,14.86,,858
DN2-01816,artie traum happy traum homespun video easy steps to blues guitar jamming,,22.13,,861
DN2-01817,bryan pezzone classic americana,,23.59,,863
DN2-01818,greg koch lynyrd skynyrd hal leonard lynyrd skynyrd - signature licks dvd,,14.86,,864
DN2-01819,prosoft engineering data rescue universal license,,236.34,,865
DN2-01820,tamir hendelman yamaha disney's beauty and the beast - broadway cast recording - smart pianosoft,,22.13,,868
DN2-01821,topics entertainment classics the: the piano,,20,,870
DN2-01822,yamaha the turtles - 20 greatest hits - smart pianosoft,,18.5,,872
DN2-01823,hal leonard best of classic themes 1 elementary docxg clavinova dsk/pkg,,25.77,,873
DN2-01824,jackson browne yamaha jackson browne - lawyers in love - smart pianosoft,,14.86,,874
DN2-01825,homespun norman blake's guitar techniques - dvd 2: ten stellar songs and instrumentals,,22.13,,875
DN2-01826,sara davis buechner johannes brahms yamaha buechner plays brahms,,25.77,,876
DN2-01827,bob dylan bob dylan - isong cd-rom (jewel case-sized edition),,18.5,,877
DN2-01828,dan rodowicz dan rodowicz love songs of the 90s - ez play today,,25.77,,879
DN2-01829,intuit quicken 2007 macintosh,,69.99,,891
DN2-01830,legion arena,,37.99,,892
DN2-01831,adobe lightroom version 1 for windows and mac academic,,99.99,,894
DN2-01832,nova print explosion deluxe 3.0,,46.99,,897
DN2-01833,allume spring cleaning 9.0,,45.99,,900
DN2-01834,allume smith micro faxstf pro,,44.99,,901
DN2-01835,adobe cs3 production premium academic,,569.99,,902
DN2-01836,microsoft office 2004 std upgrade,,219.99,,906
DN2-01837,graphic sim x-plane 8,,47.99,,909
DN2-01838,quark xpress 7 upgrade (no returns),,239.99,,910
DN2-01839,intuit quickbooks pro 2007 for mac,,185.99,,913
DN2-01840,emc insignia retrospect workgroup 6 upgrade,,162.99,,925
DN2-01841,adobe cs3 design premium academic,,575.99,,927
DN2-01842,leister reunion 9.0 - genealogy software,,89.99,,935
DN2-01843,adobe soundbooth cs3 academic,,95.99,,939
DN2-01844,adobe pagemaker 7.0 for mac version upgrade,,79.99,,943
DN2-01845,zend studio 5.1 php integrated development environment,,249,,944
DN2-01846,ableton live 6 audio production software academic,,299.99,,945
DN2-01847,fogware hyb history dvd,,21.99,,946
DN2-01848,microsoft windows vista business retail no open box returns,,299.99,,947
DN2-01849,adobe cs3 web premium academic,,479.99,,948
DN2-01850,allume poser 7,,179.99,,954
DN2-01851,boohbah zone by brighter minds,,19.99,,958
DN2-01852,adobe cs3 web standard academic,,389.99,,961
DN2-01853,ubi soft myst v: end of ages limited edition,,59.99,,963
DN2-01854,filemaker server 8 advanced upgrade (from server 7 advanced),,699.99,,965
DN2-01855,makemusic finale educator solutions bundle finale 2007 smartmusic 9.0,,299,,966
DN2-01856,adobe indesign cs3 for mac academic,,192.99,,968
DN2-01857,extensis portfolio 8,,195.99,,976
DN2-01858,filemaker server 8 upgrade (from server 7),,279.99,,982
DN2-01859,spyware x-terminator 2005,,29.99,,983
DN2-01860,microsoft(r) money 2007 premium,,69.99,,984
DN2-01861,nintendo gamecube: sonic adventure dx,,19.95,,985
DN2-01862,elibrium webshop platinum,,77.33,,986
DN2-01863,emc deployment mgr per/u 40001-50000u - webexp-50000,,80382,,987
DN2-01864,emc deployment mgr per/u 30001-40000u - webexp-40000,,80382,,988
DN2-01865,pinnacle studio ultimate version 11,,129.98,,989
DN2-01866,microsoft academic microsoft office project 2003 professional,,176.99,,990
DN2-01867,activision inc. guitar hero 2 game and bundle,,67.99,,991
DN2-01868,sony psp: cabelas dangerous hunts,,29.95,,992
DN2-01869,microsoft(r) office standard 2007,,399.99,,993
DN2-01870,microsoft windows server 2003 terminal server cals 20-pack (per device),,2429.99,,994
DN2-01871,microsoft rise of nations: rise of legends for pc,,16.99,,995
DN2-01872,sony playstation 2: the grim adventures of bill and mandy,,19.99,,996
DN2-01873,microsoft office basic edition 2003 - license and media,,124.95,,997
DN2-01874,aspyr media sid meiers civilization iv - mac,,44.99,,998
DN2-01875,quickbooks(r) premier: contractor edition 2007,,399.99,,999
DN2-01876,adobe creative suite 3 (cs3) web standard 3 windows - upsell from dreamweaver or flash,,799,,1000
DN2-01877,nintendo gamecube: major league baseball 2k6,,19.99,,1001
DN2-01878,3000 truetype(r) fonts,,29.99,,1002
DN2-01879,sony playstation 2 need for speed carbon collectors edition,,29.99,,1003
DN2-01880,xbox: lego star wars,,19.95,,1004
DN2-01881,photostamps(r),,19.99,,1005
DN2-01882,wedding fonts,,14.99,,1006
DN2-01883,copilot navigator 9,,59.99,,1008
DN2-01884,peachtree(r) premium accounting 2007,,499.99,,1016
DN2-01885,quickbooks(r) pro 2007 edition 3-user,,499.99,,1018
DN2-01886,corel(r) wordperfect(r) office x3: home edition,,99.99,,1019
DN2-01887,freeverse software 4001 - freeverse northland - strategy game - mac,,18.97,,1023
DN2-01888,freeverse software 4015 - freeverse big bang board games - educational game - mac,,22.97,,1025
DN2-01889,ibm websphere development studio client advanced edition for iseries - ( v. 7.0 ) - media,,108.95,,1027
DN2-01890,individual software edm-tk1 - typing instructor for kids usa (win 98 me nt 2000 xp),,17.97,,1028
DN2-01891,agatha christie: and then there were none,,29.99,,1029
DN2-01892,freeverse software 005 solace,freeverse software,18.99,,1031
DN2-01893,versacheck(r) corporate 2005,,129.99,,1032
DN2-01894,versacheck(r) payroll,,79.99,,1033
DN2-01895,berlitz(r) spanish premier,,39.99,,1034
DN2-01896,freeverse software 005 solace,freeverse software,18.99,,1035
DN2-01897,individual software prm-rce - resumemaker career editions win (win 98 me nt 2000 xp),,33.97,,1036
DN2-01898,nintendo gamecube: avatar: the last airbender,,29.99,,1037
DN2-01899,power translator(tm) 11 premium,,79.99,,1038
DN2-01900,ibm websphere portal enable for iseries - ( v. 4.1 ) - complete package,,81262.95,,1042
DN2-01901,nintendo wii: the bigs,,49.99,,1043
DN2-01902,network magic(tm),,29.99,,1046
DN2-01903,emc deployment mgr per/u 10001-15000u - webexp-15000,,80382,,1048
DN2-01904,quickbooks(r) point of sale 2007: basic retail management 6.0 bundle,,1499.99,,1049
DN2-01905,emc deployment mgr per/u 20001-25000u - webexp-25000,,80382,,1050
DN2-01906,software,,112.95,,1051
DN2-01907,nintendo gamecube: the legend of zelda: twilight princess,,49.99,,1052
DN2-01908,nero mix cd recording software,,41.42,,1053
DN2-01909,microsoft(r) excel 2007,,109.99,,1054
DN2-01910,ibm websphere portal enable for iseries - ( v. 4.1 ) - complete package,,82676.95,,1055
DN2-01911,sony playstation 3: spider-man 3,,59.99,,1056
DN2-01912,sudoku for kids,,9.99,,1061
DN2-01913,tournament poker - no limit texas holdem,,19.99,,1064
DN2-01914,enterasys custom sku q13799 only - q13799,,70081,,1068
DN2-01915,versacheck(r) silver 2005,,29.97,,1069
DN2-01916,mavis beacon(r) teaches typing v.17 deluxe,,37.99,,1070
DN2-01917,wireless network ignition,,39.99,,1071
DN2-01918,microsoft(r) frontpage 2002,,169.56,,1072
DN2-01919,nintendo gamecube sonic heroes/shadow the hedgehog 2 pk,,29.99,,1073
DN2-01920,act!(r) 2006 premium for workgroups,,399.99,,1074
DN2-01921,nintendo wii: disneys pirates of the caribbean(tm) 3: at worlds end,,49.99,,1075
DN2-01922,quickbooks(r) premier 2003,,499.99,,1076
DN2-01923,wi-fi usb connector for nintendo ds/ ds lite/ wii gaming consoles,,39.99,,1077
DN2-01924,hallmark card studio 2004,,29.97,,1078
DN2-01925,panda software upg to gatdef performa 8200 15k 1yr - uabpgdpcavm,,71503,,1079
DN2-01926,chatchecker family edition,,29.99,,1080
DN2-01927,symantec(tm) pcanywhere(tm) 12.0,,199.99,,1081
DN2-01928,microsoft visual basic .net standard 2003,,108.95,,1082
DN2-01929,brain games: solitaire,,19.99,,1083
DN2-01930,csdc iremember digital scrapbooking 2.0,,35.99,,1084
DN2-01931,quickbooks(r) point of sale 2007: basic retail management 6.0,,799.99,,1085
DN2-01932,calendar creator deluxe 10,,49.87,,1086
DN2-01933,xbox 360: ddr universe,,49.99,,1087
DN2-01934,storageworks secure path 3.0d for hp-ux workgroup edition - 50 licenses,,68402.75,,1088
DN2-01935,datapilot universal pro kit,,79.99,,1089
DN2-01936,ibm(r) viavoice(r) pro edition 10,,179.99,,1090
DN2-01937,podmediacreator,,29.99,,1091
DN2-01938,printmaster(r) gold 17,,19.99,,1092
DN2-01939,re launch piano wizard premier w/49e keystation,,161.99,,1093
DN2-01940,software,,736.95,,1094
DN2-01941,hoyle(r) card games 2007,,19.99,,1095
DN2-01942,emc fed id mgr for 10 conn for ct authmgr cust - fimm-10r,,68496,,1096
DN2-01943,microsoft academic microsoft office project 2003 standard,,69.95,,1097
DN2-01944,learning quickbooks(r) for windows(r),,39.99,,1098
DN2-01945,nintendo gamecube: disney pixars cars,,19.99,,1100
DN2-01946,quickbooks(r) simple start 2007,,99.99,,1101
DN2-01947,books to go,,19.99,,1102
DN2-01948,family tree maker premium 11.2,,99.97,,1103
DN2-01949,turbocad(r) designer 2d/3d version 9.1,,29.99,,1104
DN2-01950,microsoft academic microsoft visio 2003 professional,,159,,1105
DN2-01951,sony playstation 3: disneys pirates of the caribbean 3: at worlds end,,59.99,,1106
DN2-01952,perfect label maker,,19.99,,1107
DN2-01953,microsoft(r) windows(r) xp home edition with sp2,,199.99,,1108
DN2-01954,cisco ncc mpls vpn manager 1.0 500-device rtu,,74081.64,,1109
DN2-01955,bookkeeper 2007,,29.99,,1110
DN2-01956,adobe photoshop cs3 extended - complete package - 1 user - academic - cd - mac,,279,,1111
DN2-01957,quicken(r) for mac 2007,,69.99,,1112
DN2-01958,microsoft windows vista business - upgrade license - 1 pc - english,,168.99,,1113
DN2-01959,quicken(r) 2004 deluxe,,59.99,,1114
DN2-01960,peachtree(r) pro accounting 2007,,169.99,,1115
DN2-01961,sony vegas movie studio 7 + dvd platinum edition - academic,,92.99,,1116
DN2-01962,novell identity manager integration module for mainframe for 800 series mvs - (,,71726.95,,1117
DN2-01963,resumemaker(r) professional ultimate,,39.99,,1118
DN2-01964,novell identity manager integration module for mainframe for 800 series mvs - (,,71726.95,,1119
DN2-01965,autocad(r) lt 2007,,330.95,,1120
DN2-01966,cisco cns network registrar central manager v.6.1 - license - cnr-6.1-rcm500k,,71760,,1121
DN2-01967,adobe creative suite 3 design standard - complete package - 1 user - academic - windows,,369,,1122
DN2-01968,1000pk multi pack instant,,71876.95,,1123
DN2-01969,adobe acrobat 7.0 professional (education version) for windows,,154.99,,1124
DN2-01970,1000pk multi pack instant,,71876.95,,1125
DN2-01971,adobe acrobat 7.0 standard academic mac,,98.99,,1126
DN2-01972,adobe photoshop cs3 extended - complete package - 1 user - academic - cd - windows,,279,,1127
DN2-01973,nintendo wii: spongebob: creature from the krusty krab,,39.99,,1128
DN2-01974,photo explosion deluxe(r) 2.0,,49.99,,1129
DN2-01975,exch. srvr extrnconn lic/sa gv,,72402.5,,1130
DN2-01976,netopia timbuktu pro for macintosh (twin-pack),,183.99,,1131
DN2-01977,scansoft(r) paperport(r) 11,,99.99,,1132
DN2-01978,the print shop(r) 22,,29.99,,1133
DN2-01979,adobe academic flex builder 2 for windows with charting - 1 user,,71.99,,1134
DN2-01980,microsoft(r) office 2004 for mac standard edition upgrade version,,234.95,,1135
DN2-01981,roxio(r) popcorn(tm) 2,,49.99,,1136
DN2-01982,diskeeper corporation diskeeper 2007 professional edition - complete package - 1 workstation - academic,,29.99,,1137
DN2-01983,microsoft(r) access 2007,,109.99,,1138
DN2-01984,microsoft(r) office 2004 for mac student and teacher edition,,146.95,,1139
DN2-01985,pc-cillin(tm) internet security 2007,,49.99,,1140
DN2-01986,microsoft(r) streets and trips 2005 with gps locator,,129.99,,1141
DN2-01987,sony vegas 7 + dvd production suite software - full version video editing and dvd creation,,426,,1142
DN2-01988,software,,274.99,,1143
DN2-01989,art explosion(r) 800000,,79.99,,1144
DN2-01990,microsoft(r) windows vista(tm) home premium,,239.99,,1145
DN2-01991,microsoft(r) works suite 2005,,99.99,,1146
DN2-01992,symantec(tm) norton internet security(tm) 2005 3-user,,119.99,,1147
DN2-01993,studio ultimate version 11,,129,,1148
DN2-01994,ulead(r) dvd moviefactory(r) 5,,49.99,,1149
DN2-01995,sony playstation 2: the art of fighting anthology,,14.99,,1150
DN2-01996,mobile find,,29.99,,1151
DN2-01997,sony playstation 2: beatmania,,19.99,,1152
DN2-01998,the sims: hot date expansion pack,,19.87,,1153
DN2-01999,art explosion(r) greeting card factory(r) deluxe 6.0,,49.99,,1154
DN2-02000,nintendo gamecube: teen titans,,14.99,,1155
DN2-02001,adobe(r) photoshop(r) 7.0 upgrade for pc,,679.99,,1156
DN2-02002,printmaster(r) platinum 16,,39.97,,1157
DN2-02003,microsoft(r) office word 2004 for mac full version,,231.29,,1158
DN2-02004,web easy(r) professional 6,,49.99,,1159
DN2-02005,symantec(tm) norton 360(tm),,79.99,,1160
DN2-02006,ultra wincleaner 2002 utility suite,,49.99,,1161
DN2-02007,adobe(r) publishing collection 12.0,,995.87,,1162
DN2-02008,pokemon diamond version - nintendo ds,,39.99,,1163
DN2-02009,system care? professional,,49.99,,1164
DN2-02010,sony playstation 2: god of war,,19.95,,1165
DN2-02011,mcafee internet security 7.0,,69.99,,1166
DN2-02012,microsoft molpc csf sbe 3.0 order handling sbe 200pt - b7m-00283,,103036,,1167
DN2-02013,act! 2004 for windows,,249.95,,1168
DN2-02014,business cards certificates brochures,,19.99,,1169
DN2-02015,emc fed id mgr for 25 s/a conn - fimm-25,,119862,,1170
DN2-02016,pinnacle(tm) studio plus 10.5 titanium edition,,99.99,,1171
DN2-02017,sony playstation 2: socom 3 us navy seals,,19.99,,1172
DN2-02018,cto only windows xp pro nc6000,,118.95,,1173
DN2-02019,corel(r) paint shop pro xi,,99.99,,1174
DN2-02020,peachtree(r) compatible continuous checks-accounting for windows versions 3.5-7.0,,121.89,,1175
DN2-02021,sony playstation 2: karaoke revolution presents: american idol,,39.99,,1176
DN2-02022,ghostsurf(tm) 2007 platinum,,29.99,,1177
DN2-02023,sony playstation 2: mortal combat: armageddon,,19.99,,1178
DN2-02024,cisco pgw2200 include redundant,,159787.95,,1179
DN2-02025,freeverse software big bang brain games - mac,,24.99,,1180
DN2-02026,xbox 360: marvel ultimate alliance gold,,59.99,,1181
DN2-02027,nft1500 netflow tracker - license - 500 devices - linux win solaris,,177579.14,,1182
DN2-02028,microsoft(r) works suite 2006,,99.99,,1183
DN2-02029,allume stuffit deluxe 11 macintosh dvd pack sold only with a apple cpu.,,19.99,,1184
DN2-02030,d51rsll-bl ibm websphere portal extend for linux on system z - product upgrade license + 1,,111379.3,,1185
DN2-02031,kaspersky(r) internet security 6.0,,76.99,,1186
DN2-02032,kiplingers willpower,,29.99,,1187
DN2-02033,print perfect(tm) platinum,,29.99,,1188
DN2-02034,adobe creative suite 3 (cs3) design premium upgrade - mac,,569.97,,1189
DN2-02035,quickbooks(r),,103.99,,1190
DN2-02036,deposit slips,,23.79,,1191
DN2-02037,myob compatible multipurpose continuous checks,,144.59,,1193
DN2-02038,continuous checks for peachtree(r) complete iii for dos v. 5.0-10.0,,144.59,,1194
DN2-02039,cisco optical services module - multiplexor,,91240.95,,1195
DN2-02040,multipurpose continuous checks,,144.59,,1196
DN2-02041,specialty single window envelopes to match your forms & checks,,81.49,,1197
DN2-02042,barbie: horse adventures for pc,,19.99,,1198
DN2-02043,peachtree(r) compatible laser checks-accounting for windows versions 3.5-7.0,,106.29,,1199
DN2-02044,d51rsll-d ibm websphere portal extend for linux on system z - product upgrade license + 1,,93001.26,,1200
DN2-02045,barbie fashion show for pc,,19.99,,1201
DN2-02046,i spy fantasy with mini cd for pc,,19.99,,1202
DN2-02047,multipurpose laser/inkjet checks,,106.29,,1203
DN2-02048,microsoft(r) great plains dynamics compatible laser checks,,106.29,,1204
DN2-02049,specialty single window envelopes to match your forms & checks,,81.49,,1205
DN2-02050,microsoft(r) great plains business solutions compatible payroll continuous checks,,91.59,,1206
DN2-02051,quicken(r) quickbooks(r) microsoft money(r) and simply money(r) laser checks,,106.29,,1207
DN2-02052,multipurpose continuous checks,,91.59,,1208
DN2-02053,peachtree(r) complete iii,,199.99,,1209
DN2-02054,continuous checks for peachtree(r) complete iii for dos v. 5.0-10.0,,91.59,,1210
DN2-02055,d51rsll-f ibm websphere portal extend for linux on system z - product upgrade license + 1,,89103.85,,1211
DN2-02056,peachtree(r) complete iii for dos 5.0-10.0 continuous checks,,144.59,,1212
DN2-02057,novell identity manager integration module for mainframe for 900 series mvs - (,,90108.95,,1214
DN2-02058,mighty math carnival countdown,,9.9,,1215
DN2-02059,brain play 1st-3rd grade,,17.9,,1216
DN2-02060,wincleaner one-click cleanup version 10,,24.9,,1218
DN2-02061,mas 90(r) /mas 200(r) compatible continuous checks,,91.59,,1219
DN2-02062,cisco optical services module - multiplexor,,89581.95,,1220
DN2-02063,quicken(r) quickbooks(r) microsoft money(r) and simply money(r) elegant laser checks,,97.99,,1221
DN2-02064,peachtree(r) compatible laser forms-windows 8.0-2004 version,,103.99,,1222
DN2-02065,novell identity manager integration module for mainframe for 900 series mvs - (,,90108.95,,1223
DN2-02066,roller coaster tycoon 3 for pc,,29.99,,1224
DN2-02067,blank laser checks,,54.99,,1225
DN2-02068,mas 90(r) /mas 200(r) compatible continuous checks,,121.89,,1226
DN2-02069,specialty single window envelopes to match your forms & checks,,81.49,,1227
DN2-02070,daceasy(tm) compatible laser forms,,103.99,,1228
DN2-02071,quickbooks(r),,199.99,,1229
DN2-02072,laser payroll checks,,106.29,,1230
DN2-02073,nicktoons winners cup racing for pc,,19.99,,1231
DN2-02074,peachtree(r) compatible continuous forms-accounting for windows 8.0-2004 version,,199.99,,1232
DN2-02075,sony playstation 2: grand turismo 4,,19.95,,1233
DN2-02076,quicken(r) quickbooks(r) microsoft money(r) and simply money(r) elegant laser checks,,97.99,,1234
DN2-02077,three-to-a-page 7 ring premier binder,,31.99,,1235
DN2-02078,peachtree(r) complete iii,,199.99,,1236
DN2-02079,peachtree(r) compatible continuous checks-office accounting 12.0,,121.89,,1237
DN2-02080,quicken(r) quickbooks(r) microsoft money(r) and simply money(r) elegant laser checks,,114.99,,1238
DN2-02081,d51rsll-g ibm websphere portal extend for linux on system z - product upgrade license + 1,,86875.58,,1239
DN2-02082,peachtree(r) compatible continuous checks-accounting for windows versions 3.5-7.0,,91.59,,1240
DN2-02083,quickbooks(r),,199.99,,1241
DN2-02084,specialty single window envelopes to match your forms & checks,,81.49,,1242
DN2-02085,mas 90(r) /mas 200(r) compatible continuous forms,,178.99,,1243
DN2-02086,peachtree(r) compatible continuous checks-accounting for windows versions 3.5-7.0,,91.59,,1244
DN2-02087,three-to-a-page business checks,,65.19,,1245
DN2-02088,daceasy(tm) compatible continuous payroll checks-versions 4.3 & higher,,144.59,,1246
DN2-02089,microsoft ov ofc live mtg room sub 1mo addl prod 500 pers - a3o-00075,,100426,,1247
DN2-02090,peachtree(r) compatible laser form-accounting for windows 3.5-9.0 versions,,103.99,,1248
DN2-02091,peachtree(r) compatible continuous checks-office accounting 12.0,,91.59,,1249
DN2-02092,quicken(r) quickbooks(r) microsoft money(r) and simply money(r) continuous checks,,73.99,,1250
DN2-02093,microsoft open csf svr 3.0 - b7n-00104,,106184,,1251
DN2-02094,quicken(r) quickbooks(r) microsoft money(r) and simply money(r) laser checks,,88.99,,1252
DN2-02095,quicken(r) quickbooks(r) microsoft money(r) and simply money(r) elegant laser checks,,115.49,,1253
DN2-02096,blank laser checks,,54.99,,1254
DN2-02097,peachtree(r) complete iii for dos 5.0-10.0 continuous checks,,121.89,,1255
DN2-02098,peachtree(r) compatible continuous checks-accounting for windows 8.0-2004 version,,121.89,,1256
DN2-02099,blank laser checks,,54.99,,1257
DN2-02100,ultimate games for girls 3 for pc,,19.99,,1258
DN2-02101,nft1250 netflow tracker - license - 250 devices - linux win solaris,,102488.53,,1259
DN2-02102,multipurpose continuous checks,,144.59,,1260
DN2-02103,blank laser checks,,54.99,,1261
DN2-02104,microsoft molpc l/sa isa svr ent ed 25 1cpu lic 400pt - f89-01554,,97494,,1262
DN2-02105,fifa world cup germany 06 for pc,,7.99,,1263
DN2-02106,specialty double window envelopes to match your forms & checks,,67.49,,1264
DN2-02107,nickelodeon splat pack for pc,,19.99,,1265
DN2-02108,peachtree(r) compatible continuous checks-accounting for windows 8.0-2004 version,,91.59,,1266
DN2-02109,deposit slips,,85.79,,1267
DN2-02110,three-to-a-page itemized invoice checks,,65.19,,1268
DN2-02111,sid meiers civilization iii for pc,,7.99,,1269
DN2-02112,blank laser checks,,54.99,,1270
DN2-02113,microsoft open l/sa isa svr ent ed 25 1cpu lic - f89-01570,,99483,,1271
DN2-02114,three-to-a-page business checks,,104.39,,1272
DN2-02115,daceasy(tm) continuous forms-4.3 & higher versions,,241.99,,1273
DN2-02116,quicken(r) quickbooks(r) microsoft money(r) and simply money(r) elegant laser checks,,98.49,,1274
DN2-02117,quicken(r) quickbooks(r) microsoft money(r) and simply money(r) elegant laser checks,,114.99,,1275
DN2-02118,laser checks for peachtree(r) accounting for windows 8.0-2005,,106.29,,1276
DN2-02119,net jet game system for pc,,24.99,,1277
DN2-02120,peachtree(r) compatible laser checks-accounting for windows versions 3.5-7.0,,106.29,,1278
DN2-02121,panda software upg to gatdef performa 8200 2k0 1yr - uabpgdpcavo,,95853,,1279
DN2-02122,daceasy(tm) 4.0-4.2 compatible continuous accounts payable checks,,144.59,,1280
DN2-02123,quicken(r) quickbooks(r) microsoft money(r) and simply money(r) continuous checks,,111.59,,1281
DN2-02124,deposit slips,,69.99,,1282
DN2-02125,quickbooks(r),,103.99,,1283
DN2-02126,daceasy(tm) 4.0-4.2 compatible continuous inventory invoices,,241.99,,1284
DN2-02127,real world corporation(tm) compatible continuous checks,,91.59,,1285
DN2-02128,strawberry shortcake: and her berry best friends for pc,,19.99,,1286
DN2-02129,quickbooks(r),,178.99,,1287
DN2-02130,peachtree(r) compatible continuous forms-accounting for windows 8.0-2004 version,,241.99,,1288
DN2-02131,deposit slips,,49.79,,1289
DN2-02132,multipurpose continuous checks,,112.99,,1290
DN2-02133,microsoft ov ofc live mtg room sub 1mo addl prod 250 pers - a3o-00065,,94150,,1291
DN2-02134,multipurpose continuous checks,,91.59,,1292
DN2-02135,peachtree(r) compatible continuous checks-accounting for windows 8.0-2004 version,,91.59,,1293
DN2-02136,real world corporation(tm) compatible laser checks,,106.29,,1294
DN2-02137,laser checks for peachtree(r) accounting for windows 8.0-2005,,106.29,,1295
DN2-02138,my little pony: the runaway for pc,,19.99,,1296
DN2-02139,peachtree(r) complete iii,,178.99,,1297
DN2-02140,shrek the third for pc,,19.99,,1298
DN2-02141,mas 90(r) /mas 200(r) compatible laser checks,,106.29,,1299
DN2-02142,accpac(r) business works 9.0-10.0 compatible continuous check,,121.89,,1300
DN2-02143,quicken(r) quickbooks(r) microsoft money(r) and simply money(r) continuous checks,,91.59,,1301
DN2-02144,peachtree(r) compatible continuous checks-accounting for windows versions 3.5-7.0,,91.59,,1302
DN2-02145,myob compatible laser multipurpose checks,,106.29,,1303
DN2-02146,peachtree(r) compatible continuous checks-accounting for windows 8.0-2004 version,,144.59,,1304
DN2-02147,three-to-a-page payroll checks,,104.39,,1305
DN2-02148,sage software acts2005rt act! 7.0 2005,sage software,225.99,,1306
DN2-02149,emc fed id mgr for 100 conn for ct authmgr cust - fimm-100r,,263686,,1307
DN2-02150,individual software prm-r12 resumemaker professional 12.0,individual software,29.99,,1308
DN2-02151,backyard sports: baseball 2007 for pc,,19.99,,1309
DN2-02152,laplink software pafgpcde01000p0rtpen - laplink pcdefense - internet security,,26.97,,1310
DN2-02153,laplink software pafglplk0b000p0rtpen - laplink laplink gold v.12.0 - complete product - file transfer - 3 device 1 user - complete product - standard - english - pc,,98.97,,1311
DN2-02154,specialty double window envelopes to match your forms & checks,,67.49,,1312
DN2-02155,quicken(r) quickbooks(r) microsoft money(r) and simply money(r) continuous checks,,82.79,,1313
DN2-02156,laplink software pafgflmv01000p0rtpen - laplink filemover - file transfer - pc,,23.97,,1314
DN2-02157,blank laser checks,,54.99,,1315
DN2-02158,mas 90(r) /mas 200(r) compatible continuous checks,,91.59,,1316
DN2-02159,peachtree(r) complete iii,,72.99,,1317
DN2-02160,quicken(r) quickbooks(r) microsoft money(r) and simply money(r) elegant laser checks,,97.99,,1318
DN2-02161,continuous checks for peachtree(r) complete iii for dos v. 5.0-10.0,,91.59,,1320
DN2-02162,quicken(r) quickbooks(r) microsoft money(r) and simply money(r) elegant laser checks,,97.99,,1321
DN2-02163,go diego go!: wolf pup rescue for pc,,19.99,,1323
DN2-02164,peachtree(r) compatible continuous checks-accounting for windows 8.0-2004 version,,144.59,,1324
DN2-02165,quickbooks(r),,199.99,,1325
DN2-02166,freeverse software 4024 robin hood: the legend of sheerwood,freeverse software,28.99,,1327
DN2-02167,daceasy(tm) laser/inkjet checks- versions 4.3 and higher,,106.29,,1328
DN2-02168,continuous checks for peachtree(r) complete iii for dos v. 5.0-10.0,,112.99,,1329
DN2-02169,bias deck 3.5 software music production software,,299,,1330
DN2-02170,three-to-a-page disbursement checks,,104.39,,1331
DN2-02171,specialty single window envelopes to match your forms & checks,,81.49,,1332
DN2-02172,sony imz-rs301 imzrs301 additional client upgrade cctv software,,374.95,,1333
DN2-02173,deposit slips,,32.79,,1334
DN2-02174,peachtree(r) compatible continuous checks-accounting for windows 8.0-2004 version,,121.89,,1336
DN2-02175,three-to-a-page itemized invoice checks,,104.39,,1337
DN2-02176,ilford studio software for pc (windows 2000 pro xp pro),,699.99,,1338
DN2-02177,daceasy(tm) continuous checks,,121.89,,1339
DN2-02178,specialty double window envelopes to match your forms & checks,,67.49,,1340
DN2-02179,quickbooks(r),,103.99,,1341
DN2-02180,blank laser checks,,54.99,,1343
DN2-02181,quicken(r) quickbooks(r) microsoft money(r) and simply money(r) laser checks,,88.99,,1344
DN2-02182,magix samplitude 9 professional music production software,,999,,1346
DN2-02183,double window envelopes to match your forms & checks,,67.49,,1347
DN2-02184,nikon pictureproject 1.6 other software,,44.95,,1348
DN2-02185,daceasy(tm) laser/inkjet checks- versions 4.3 and higher,,106.29,,1349
DN2-02186,peachtree(r) complete iii,,103.99,,1350
DN2-02187,individual software pmm-xw4 - professor teaches excel & word 2007 - win 2000 xp vista,,17.97,,1351
DN2-02188,multipurpose laser/inkjet checks,,106.29,,1352
DN2-02189,bethesda software 12000 - ihra drag racing sportsman edition - win me nt 2000 xp,,19.97,,1353
DN2-02190,daceasy(tm) continuous checks,,91.59,,1354
DN2-02191,individual software qmm-t17 - typing quick & easy 17 - win 2000 xp vista,,17.97,,1355
DN2-02192,cyma general business systems continuous checks,,121.89,,1356
DN2-02193,freeverse software 005 - solace (mac 9.1-9.x 10.1 or higher),,18.97,,1357
DN2-02194,laser checks for peachtree(r) accounting for windows 8.0-2005,,106.29,,1358
DN2-02195,freeverse software 5013 - best of the original mac games v 1.0 (mac 10.2.8 or higher),,26.97,,1359
DN2-02196,freeverse software 010 - wingnuts 2 - mac 9.1-9.x 10.1 or higher,,26.97,,1360
DN2-02197,ams200 4gb,,383820.94,,1361
DN2-02198,quicken(r) quickbooks(r) microsoft money(r) and simply money(r) continuous checks,,121.89,,1362
DN2-02199,freeverse software 6022 - big bang brain games - mac 10.3.9 or later ub,,26.97,,1363
DN2-02200,ams200 4gb,,383820.94,,1364
DN2-02201,laser/inkjet checks for peachtree(r) complete iii for dos v. 5.0-10.0,,106.29,,1365
DN2-02202,individual software edm-tb1 - typing for business - win 98 me 2000 xp,,17.97,,1366
DN2-02203,freeverse software 6002 - heroes of might and magic v - mac 10.4 or later,,43.97,,1367
DN2-02204,safari photo africa: wild earth for pc,,19.99,,1368
DN2-02205,freeverse software 7001 - burning monkey solitaire 4.0 - mac 10.3.9 or later ub,,22.97,,1369
DN2-02206,individual software prm-bp5 - business planmaker 2006 deluxe - win 98 me 2000 xp,,42.97,,1370
DN2-02207,peachtree(r) complete iii,,178.99,,1371
DN2-02208,freeverse software 006 - active lancer (mac 9.1-9.x 10.1 or higher),,18.97,,1372
DN2-02209,spector pro 6.0 from safe computer kids ltd.,,84.99,,1373
DN2-02210,quickbooks(r),,103.99,,1374
DN2-02211,frogger: the great quest for pc,,7.99,,1375
DN2-02212,m-audio pro tools m-powered mpowered 7 software - educational discount music production software,,198.95,,1376
DN2-02213,one-write(r) plus compatible laser checks,,106.29,,1377
DN2-02214,deposit slips,,55.79,,1378
DN2-02215,bratz babyz for pc,,19.99,,1379
DN2-02216,three-to-a-page payroll checks,,65.19,,1380
DN2-02217,laser/inkjet checks for peachtree(r) complete iii for dos v. 5.0-10.0,,106.29,,1382
DN2-02218,bethesda software 12020 - star trek - legacy - win me nt 2000 xp,,36.97,,1383
DN2-02219,laser/inkjet checks for peachtree(r) complete iii for dos v. 5.0-10.0,,106.29,,1384
DN2-02220,three-to-a-page 7 ring check binder,,20.09,,1385
DN2-02221,bethesda software 11980 - pirates of the caribbean: legend of jack sparrow - win me nt 2000 xp,,10.26,,1386
DN2-02222,quicken(r) quickbooks(r) microsoft money(r) and simply money(r) laser checks,,199.99,,1387
DN2-02223,freeverse software 4012 - 3d bridge deluxe (retail box) (mac 9.1-9.x 10.1 or higher),,22.97,,1388
DN2-02224,blank laser checks,,54.99,,1389
DN2-02225,emc fed id mgr for u/ls/a conn - fimm-unl,,443164,,1390
DN2-02226,peachtree(r) complete iii,,112.99,,1392
DN2-02227,freeverse software 5014 - toysight gold (mac 10.2 or higher),,22.97,,1393
DN2-02228,three-to-a-page disbursement checks,,65.19,,1394
DN2-02229,individual software professor teaches office xp,,25.3,,1395
DN2-02230,individual software emm-tk2 - typing instructor for kids 2.0 - win 98 me nt 2000 xp,,17.97,,1396
DN2-02231,multipurpose continuous checks,,112.99,,1397
DN2-02232,specialty double window envelopes to match your forms & checks,,67.49,,1398
DN2-02233,freeverse software 6001 - legion arena - mac 10.3.9 or later ub,,35.97,,1399
DN2-02234,specialty single window envelopes to match your forms & checks,,81.49,,1400
DN2-02235,brain play preschool-1st grade,,17.9,,1402
DN2-02236,individual software pro-tsm hanes t-shirt maker deluxe,individual software,24.99,,1405
DN2-02237,individual software jce-th6 total 3d home deluxe j/c,individual software,9.99,,1407
DN2-02238,encore software 13861 - tlc arthurs kindergarten learning system 2008,,17.97,,1411
DN2-02239,freeverse software 4001 northland,freeverse software,19.99,,1412
DN2-02240,grass valley edius 4 broadcast video editing software professional editing software,,998.95,,1414
DN2-02241,freeverse software 4012 3d bridge deluxe (retail box) for mac,freeverse software,18.99,,1417
DN2-02242,panda software upg to gatdef performa 8200 3k0 1yr - uabpgdpcavq,,139890,,1418
DN2-02243,microsoft ov mp wbsr vl user sl&add sl mo sub 1mo - v4k-00009,,147213,,1419
DN2-02244,nnm ae u/l 7.51 win-s/w td not auth to sell,,149358.98,,1420
DN2-02245,microsoft molpc l/sa csf sbe billing sbe 400pt - b7m-00202,,154550,,1421
DN2-02246,microsoft molpc l/sa csf sbe order handling sbe 400pt - b7m-00255,,154550,,1422
DN2-02247,microsoft molpc l/sa csf svr 400pt - b7n-00132,,156086,,1423
DN2-02248,cisco pgw2200 include redundant,,159787.95,,1424
DN2-02249,novell identity manager integration module for mainframe for 900 series mvs - (,,179952.95,,1425
DN2-02250,novell identity manager integration module for mainframe for 900 series mvs - (,,179952.95,,1426
DN2-02251,panda software upg to gatdef performa 8200 4k0 1yr - uabpgdpcavs,,186518,,1427
DN2-02252,emc fed id mgr for 75 conn for ct authmgr cust - fimm-75r,,218313,,1428
DN2-02253,microsoft ov l/sa csf svr ext cntr 2yr/acqy2 add prd - jr8-00011,,212320,,1429
DN2-02254,borland tdb1310wwss180 academic turbo delphi 2006 professional-cd 0728663119616,,69.34,,1430
DN2-02255,panda software bus sec 2006 3001-5k 2yr - b2pbsa6si,,26,,1431
DN2-02256,panda software govt gatdef 8200 av mod 251-500u 2yr - b2pgdcave-gov,,24,,1432
DN2-02257,emc auth mgr mnt ent/std9x5 2m per/u 20005-25000u - aut0025000es2,,12,,1433
DN2-02258,autodesk 52710-091462-h000 ais 10 comm new slm dvd,,3416.15,,1434
DN2-02259,emc securid appl mnt - entupg /std 22mo per u 25005-30 - app0030000us22,,13,,1435
DN2-02260,garfield 2nd grade - reading and phonics,,5.5,,1436
DN2-02261,fluke networks intair-lap - interpretair wlan survey - complete product - network connectivity/management - 1 user(s) - complete product - standard - pc- free shipping,,3277.97,,1437
DN2-02262,panda software bus sec 2006 w/ truprevent 251-500 3yr - b3pbsa6e-edu,,38,,1438
DN2-02263,publisher 2007 upgrade - microsoft - 164-04052,,,,1440
DN2-02264,rev media 70/140gb 2 disks + sbs premium edition backup & recovery kit - iomega,,,,1441
DN2-02265,macromedia software ced061d520 coldfusion mx 6.1 ent upgrade,,2778,,1443
DN2-02266,mcafee total protection 2007 for small business adv. w/1yr gold maintenance 5-,,215.5,,1444
DN2-02267,microsoft t73-00091 molpc visio std sa,,168.03,,1445
DN2-02268,emc securid appl mnt - ent/ ext 23mo per u 40005-50k - app0050000ee23,,18,,1446
DN2-02269,sos aggregation company 100800101 - vw - gti racer - topware interactive - win 95 98 me nt 2000 xp vista,,25.97,,1447
DN2-02270,panda software gatdef performa anti-spam mod 10-25 1yr - a1pgdpcasa-edu,,17,,1449
DN2-02271,emc auth mgr mnt entupg/std 9m per/u 255-500u - aut0000500us9,,14,,1450
DN2-02272,oem internet security suite 2007 3-user single pack,,32.85,,1451
DN2-02273,autodesk psg 12911-010008-1600a,autodesk psg,58.97,,1455
DN2-02274,panda software truprevent corporate 2006 501-1k 2yr - b2prse6f,,21,,1456
DN2-02275,nikon capture nx software,,149.99,,1461
DN2-02276,emc securid appl mnt - ent/ std 12mo per u 755-1k - app0001000es12,,20,,1463
DN2-02277,elite beat agents ds,,27.63,,1464
DN2-02278,prosoft 27100 tunetech for ipod by prosoft 0794038271005,,51.11,,1465
DN2-02279,hewlett packard 213076-b26 secure path v4.0c win wkgp ed 1 lic/cd,,1888.39,,1468
DN2-02280,rob klopfenstein toby keith yamaha - 505244 - toby keith - unleashed - smart pianosoft,,14.86,,1470
DN2-02281,borland hdb0006wwcs180 upg delphi 2006 prof nmd f/del v3 2005 pro cd,,453.71,,1471
DN2-02282,cisco 870 series-ios advanced ip services - cisco systems - s870aisk9-12404t=,,,,1472
DN2-02283,panda software upg to gatdef performa 8200 2k0 1yr - uabpgdpcavo-gov,,12,,1474
DN2-02284,microsoft w87-02380 office sbe 2007 win32,,400.34,,1475
DN2-02285,computer associates etrarm31oem30 ez armor oem v 3.130 pack,,528,,1478
DN2-02286,symantec 11859201 be sys recovery 7.0 win sbs ed media cd m/l,,31.98,,1483
DN2-02287,panda software ent sec 2006 w/ truprevent 5k+ 2yr - b2pesa6j-edu,,27,,1484
DN2-02288,isi researchsoft 5331 upgrade endnote x1 5u wkstn win - plus $10 off w/ ebillme *free shipping*,,397,,1485
DN2-02289,emc securid appl mnt - ent/ std 9mo per u 2505-3500 - app0003500es9,,16,,1486
DN2-02290,emc securid appl mnt - ent/ std 17mo per u 2k5-25k - app0025000es17,,16,,1489
DN2-02291,ca - retail etrpp81oem30a,ca - retail,490.74,,1490
DN2-02292,masque publishing 10226 classic game trio win 95 98 me nt 2000 xp/mac 8.6-9.xclassic x v10.1 or higher,masque publishing,28.06,,1491
DN2-02293,fleetwood mac yamaha - 503620 - fleetwood mac - rumours - smart pianosoft,,14.86,,1493
DN2-02294,panda software govt entsec truprevent 10-25u 2yr - ub2pesapra-gov,,44,,1494
DN2-02295,watchguard wg3900 high availability for firebox ii uk,,,,1495
DN2-02296,autodesk 46206-051462-h010 inv pro 08 com legacy slm sub req dvd,,3621.61,,1497
DN2-02297,isi researchsoft 6201 reference manager 11 single user edition 0787731062117,,164.58,,1498
DN2-02298,intuit inc 299529 qb prem mfg & whlesle 07 (intuit inc 299529),,335.99,,1499
DN2-02299,borland cpb0007wwfs190 c++builder 2007 pro dvd new user,,866.31,,1501
DN2-02300,rick vito - 320535 - rick vito - complete guide to slide guitar,,14.86,,1502
DN2-02301,emc securid appl mnt - entupg /ext 22mo per u 1005-150 - app0001500ue22,,17,,1503
DN2-02302,ulysses against the son of hercules (mv),,10.95,,1506
DN2-02303,win 2003 ter svr cal 5pk microsoft r19-00846,,762.95,,1507
DN2-02304,microsoft ov l/sa win comp clst ed 1yr/acqy3 add prd - 73l-00098,,369,,1508
DN2-02305,hp proliant essentials server migration pack - license,,1837.2,,1510
DN2-02306,symantec backup exec system recovery server edition business pack - ( v. 7.0 ) - complete package + 1 year basic maintenance - 1 user - cd - win - multi,,,,1512
DN2-02307,turbo c pro ed - codegear - tsb1310wwfs180,,,,1513
DN2-02308,crystal reports xi developer edition - business objects - w-1rd-e-wx-00,,,,1514
DN2-02309,total training for advanced flash 8 - action script,,99.99,,1515
DN2-02310,getting started with sas/af(r) and frames,,11.66,,1517
DN2-02311,access 2000 vb for applications fundamentals - microsoft press - 0-7356-0592-0,,,,1519
DN2-02312,monarch std (v9.0) retail box - datawatch - fpm32c090-a01,,,,1520
DN2-02313,diskeeper 2007 administrator win up 1-pk - diskeeper corporation - 121771,,,,1521
DN2-02314,adobe 38018944dm tlp flashpaper 2 win esd1,,22.37,,1522
DN2-02315,beginner's guitar course vol. 1,,19.95,,1523
DN2-02316,pearson education book: the photoshop cs2 book for digital photographers photoshop software,,44.95,,1528
DN2-02317,visio developing solutions - microsoft press - 0-7356-1353-2,,,,1530
DN2-02318,homespun - 641604 - norman blake's guitar techniques - dvd 1: songs instrumentals and styles,,22.13,,1531
DN2-02319,edimensional g-pad pro for playstation (playstation ii),,29.95,,1532
DN2-02320,prosafe vpn client software single user - netgear inc. - vpn01l,,,,1533
DN2-02321,adobe 38000655,adobe,157.34,,1535
DN2-02322,emc reinstate fee 250u base svr - reinstate-b-250,,2660,,1537
DN2-02323,emc securid appl mnt - entupg /std 8mo per u 105-150 - app0000150us8,,14,,1541
DN2-02324,emc securid appl mnt - entupg /ext 20mo per u 10-25 - app0000025ue20,,23,,1542
DN2-02325,internet security suite 2007 home protection pack xl box,,61.06,,1543
DN2-02326,sunburst t02918 voyage of the mimi 020626029186,,205.98,,1547
DN2-02327,epson s020089 compatible color ink cartridge,,2.99,,1548
DN2-02328,emc keon cert auth mnt 9x5 per/u 800001-900000u - kcamnt-900000,,13,,1549
DN2-02329,larry carlton hal leonard - 320412 - larry carlton,,14.86,,1550
DN2-02330,symantec 10224076 sam for sgs 2.0.1-cd media pack,symantec,17.99,,1551
DN2-02331,epson s041886 story teller 8 x 10 20 pages,,32.91,,1554
DN2-02332,adobe photoshop cs3 (v10.0) mac - adobe - 13102488,,,,1555
DN2-02333,emc auth mgr mnt ent/std9x5 13m per/u 1505-2000u - aut0002000es13,,19,,1556
DN2-02334,adobe flash cs3 (v9.0) pro win up from flash pro-basic - adobe - 38039489,,,,1557
DN2-02335,panda software upg to cltshld 2006 trupr ev cltshld 51-100 1yr - ub1cs6c-gov,,12,,1560
DN2-02336,emc auth mgr mnt ent/ext 8m per/u 155-250u - aut0000250ee8,,24,,1562
DN2-02337,time money & fractions grades 1-2 workbook & cd-rom,,12.99,,1563
DN2-02338,norton systemworks 2007 premier up - symantec - 10930721,,,,1564
DN2-02339,panda software ae gatedef 8100 antispam mod 251-500u 3yr - b3pgdbase-edu,,18,,1567
DN2-02340,upgr:op6 pro 100 to op7 pro 100,,98.99,,1569
DN2-02341,ca olp bps midsize bus win r2 base+50u lic 2y entmnt - cabpmsnaen200c5,,5788,,1570
DN2-02342,vmware infrastructure enterprise edition - product upgrade license,,5173.98,,1572
DN2-02343,quark inc qrkxppsptversion7 ugdsingleuser mac/win 122217,quark inc,604.5,,1573
DN2-02344,storageworks enterprise backup solution + tivoli storage manager - complete package ( 2 months ) - 1 user - evaluation - cd - win solaris tru64 - english,,,,1574
DN2-02345,nuance communications inc. upgrade to dragon naturallyspeaking v8 legal solutions from professional v6 and up (govt) olp - a590a-sf2-8.0,,314,,1576
DN2-02346,ghost recon gold edition (dvd-rom),,20.95,,1577
DN2-02347,upg conn sec shell 2007 5u,,29.99,,1578
DN2-02348,trend micro nlp scanmail domino add upg 2001-5ku - smua0007,,19,,1579
DN2-02349,emc auth mgr mnt entupg/ext 10m per/u 30-50u - aut0000050ue10,,17,,1580
DN2-02350,language guide for nuvi 350,,79.95,,1582
DN2-02351,ibm/lotus bj0dsml tiv stor mgr v5.3.0 mp ml md pk,,259.49,,1583
DN2-02352,emc auth mgr mnt base 9x5 22m per/u 3505-5000 u - aut0005000bs22,,18,,1585
DN2-02353,dramatica pro 4 for pc,,249.99,,1586
DN2-02354,emc auth mgr mnt base 24x7 24m per/u 155-250u - aut0000250be24,,38,,1587
DN2-02355,backup exec (v11d) for windows servers advanced open file option - symantec - 10,,,,1590
DN2-02356,panda software clientshield 2006 w/ truprevent 5-25 1yr - b1cs6a-gov,,37,,1591
DN2-02357,sonicwall 01-ssc-2574,sonicwall,561.65,,1593
DN2-02358,avid technology inc. 70102024701 - software avid liquid chrome xe,,840.97,,1594
DN2-02359,microsoft 164-04052,microsoft,90.24,,1595
DN2-02360,phillip keveren shannon grama - 501926 - alfred's basic piano course for children lesson book 1b disk,,23.59,,1597
DN2-02361,panda software govt truprevent corp 2001-3ku 2yr - b2prseh-gov,,16,,1598
DN2-02362,retrospect 7.5 prof win upg only pz24a0075,emc,54.68,,1599
DN2-02363,hp control twr pk 1blade p-class lic - 412957-b21,,176,,1600
DN2-02364,symantec 11281445 - antivirus v.10.2 business pack - complete product - antivirus - 100 user - complete product - standard - pc- free shipping,,2798.97,,1601
DN2-02365,panda software ae bus sec ex truprevent 3001-5ku 3yr - b3pbsepri-edu,,28,,1604
DN2-02366,the stevie wonder collection,,34.95,,1606
DN2-02367,emc securid appl mnt - ent/ ext 7mo per u 1k5-15k - app0015000ee7,,15,,1608
DN2-02368,autodesk psg 34006-010008-1600a,autodesk psg,49.67,,1609
DN2-02369,symantec 11105975 - backup exec 11d for windows servers business pack bundle - w/ continuous protection server - complete package + 1 year essential support - 1 server - buying programs : business pack - cd - win - multi,,600.97,,1610
DN2-02370,microsoft 392-02322 ae frontpage 2003,,87.99,,1611
DN2-02371,autodesk 20610-090000-9331 a-cad mch 06 cg frm a-cad lt2004-06 addseat sub re,,2900.26,,1612
DN2-02372,nintendo ntrpawie hotel dusk: room 215 ds - nintendo ds software,,28.99,,1613
DN2-02373,avanquest pdf-xp5-0020 expert pdf pro 5 20 user pack uk,,,,1616
DN2-02374,emc auth mgr mnt entupg/ext 15m per/u 505-750u - aut0000750ue15,,16,,1617
DN2-02375,ibm vmware gsx svr/vin to infra 3 starter upg - 4817v28,,25,,1619
DN2-02376,sony playstation gretzky nhl 2006 psp - 98627,sony,39.95,,1620
DN2-02377,cakewalk 10-cwgp3.00-90c - guitar tracks pro 3.0 (3 win 00/xp cd),,68.97,,1621
DN2-02378,sonicwall 01-ssc-6779 sonicwall email transfer mailfrontier 25u 1svr,,160.72,,1622
DN2-02379,media convergence server 7835-h2 hw/ sw callmanager 5.1 - cisco systems - mcs783,,,,1623
DN2-02380,instant immersion italian audio (audio book),,19.95,,1624
DN2-02381,adobe systems inc 13102124 adobe photoshop cs 2 mac os x v.10.2.8 to 10.3,adobe systems inc,788.63,,1625
DN2-02382,myinvoices & estimates deluxe,,39.99,,1626
DN2-02383,rosetta stone vietnamese level 1 homeschool edition cd-rom,,179.99,,1627
DN2-02384,avery dennison 5695 cd/dvd design kit- lables jewel - case inserts applicator & software,,26,,1629
DN2-02385,emc securid appl mnt - base/ ext 15mo per u 2005-2500 - app0002500be15,,19,,1630
DN2-02386,equisys premium support zetafax 2007 - technical support - 1 year,,286.2,,1631
DN2-02387,wasp 633808550059 wasptime rfid clock only no software wasp clock 3100 - rf proximity reader - ethernet 0633808550059,,473.25,,1632
DN2-02388,adobe after effects (v7.0) pro mac up pro-pro - adobe - 12070227,,,,1633
DN2-02389,sega 68008 phantasy star universe x360 010086680089,,29.33,,1635
DN2-02390,adobe creative suite (v3.0) design premium mac - adobe - 19500009,,,,1636
DN2-02391,nuance communications 6309a-g03-11.0,nuance communications,302.11,,1637
DN2-02392,watchguard wg017091 fb x 3 port & high avail upg,,,,1639
DN2-02393,word mac 2004 - microsoft - d48-00487,,,,1643
DN2-02394,sunburst t02849 fraction attract site mac,,102,,1645
DN2-02395,emc ext mnt upg mellonb pro-rated 8m qty 10700 - mell-aut0015000be8,,13,,1647
DN2-02396,hewlett packard vmware virtualcenter mgt svr lic sw [non-returnable],,5265.02,,1649
DN2-02397,hp t1935aa 0aa mfp dss3.0 secure workflow ltu for 4100/9000mfp 50lic in,,,,1650
DN2-02398,emc auth mgr mnt entupg/std 18m per/u 50005-100000u - aut0100000us18,,13,,1653
DN2-02399,cisco csa-b100-srvr-k9 cisco security server agent win + sol 100 agentbundle cisco security server agent - license - 100 agents - win solaris 0746320832586,,55288.67,,1654
DN2-02400,cisco pgw2200 includes redundnt,,55706.95,,1655
DN2-02401,cisco pgw2200 includes redundnt,,55706.95,,1656
DN2-02402,37510 novabackup professional edition - ( v. 7.5 ) - upgrade license - 1 user - win,,25.06,,1657
DN2-02403,raz26e mcafee preventsys risk analyzer - media - volume - win - english,,13.95,,1658
DN2-02404,851-1v150-mk-us netiq xmp modules - ( v. 1.5 ) - media - win,,22.67,,1659
DN2-02405,24p8231 ibm fastt flashcopy option - w/ volumecopy - license - 1 server,,18097.05,,1660
DN2-02406,54020543hs adobe acrobat 3d - ( v. 8 ) - version upgrade license - 1 user - gov - tlp - lev,,229.61,,1661
DN2-02407,12031 novanet media/client server - ( v. 10 ) - license - 3 additional servers - linux,,484.94,,1662
DN2-02408,o67-1-eneudvd7 systran office translator english-european language pack - ( v. 6 ) - complete p,,207.66,,1663
DN2-02409,10759333 symantec backup exec 11d for windows servers central admin server option - compl,,1219.72,,1664
DN2-02410,babwbr1151s04 brightstor arcserve backup serverless backup option for windows w/sp1 - ( v. 11.,,1031.41,,1665
DN2-02411,ma-3880-2006 imail server plus 2006 - upgrade license + 1 year service agreement - 1000 users,,1765.86,,1666
DN2-02412,10821919 symantec ghost solution suite - ( v. 2.0 ) - media - cd - win,,16.99,,1667
DN2-02413,rl296aa red hat enterprise linux ws - ( v. 4 update 4 ) - license - 1 workstation,,211.74,,1668
DN2-02414,19250096dg adobe photoshop lightroom - ( v. 1.0 ) - media - gov - tlp - cd - win mac - uni,,19.23,,1669
DN2-02415,413115-b21 hp proliant essentials lights out 100i advanced pack - license - 1 server - linu,,206.63,,1670
DN2-02416,r18-00144 microsoft windows server - license & software assurance - 1 cal - open business,,41.58,,1671
DN2-02417,hbmpi776305m1200u hostexplorer 2007 - upgrade package - 5 users - cd - win,,217.08,,1672
DN2-02418,wd-7000-0900 service agreement - ws_ftp professional software development kit technical suppo,,268.13,,1673
DN2-02419,cd269-ar1p= cisco ios enterprise/snasw plus - complete package - cd,,2150.98,,1674
DN2-02420,4px-00078 microsoft system center essentials 2007 - license - 20 clients - win - english,,379.43,,1675
DN2-02421,st. bernard software open file mgr v9.x elic most 100svr w/1yr sub - ofm-s1y-50100,,62553,,1676
DN2-02422,1460 vcom systemsuite professional - ( v. 7 ) - complete package - 1 user - cd - win,,36.93,,1677
DN2-02423,10547845 symantec mail security for smtp with antivirus - ( v. 5.0 ) - complete package -,,118.03,,1678
DN2-02424,32179 kid pix deluxe home edition - ( v. 4 ) - complete package - 1 user - cd - win m,,14.51,,1680
DN2-02425,633808344023 wasp mobileinventory combo pack with spt1550 - ( v. 3 ) - complete package - 5 u,,1194.17,,1681
DN2-02426,microsoft ov l/sa prj ext conn ul 3yr/acqyr1 - t76-01189,,56493,,1682
DN2-02427,t3586a hp storageworks secure path for linux workgroup edition - ( v. 3.0c ) - license,,65395.24,,1683
DN2-02428,11105070 symantec antivirus for network attached storage - ( v. 4.3 ) - media - cd - linu,,17.45,,1684
DN2-02429,01-ssc-6740 sonicwall email protection subscription - subscription license ( 2 years ) + sof,,771.92,,1685
DN2-02430,689-00971 microsoft autoroute 2007 - media - volume - dvd - win - english - europe,,21.17,,1686
DN2-02431,23102459dg adobe photoshop cs3 - ( v. 10 ) - media - gov - tlp - download - win - worldwide,,21.28,,1687
DN2-02432,20100 punch! 5 in 1 home design - complete package - 1 user - cd - win - english,,34.26,,1688
DN2-02433,avanquest usa 1461 system suit 7 professional,avanquest usa,44.99,,1689
DN2-02434,98741h mobile phonetools - ( v. 4.0 ) - complete package - 1 user - cd - win,,18.59,,1690
DN2-02435,9912231 novanet san media server plug-in - maintenance ( 1 year ) - 3 servers - win,,339.06,,1691
DN2-02436,pc anywhere (v12.0) host/ remote up - symantec - 10552372-in,,,,1692
DN2-02437,22002170 adobe acrobat standard - ( v. 8.0 ) - complete package - 1 user - cd - win - can,,295.25,,1693
DN2-02438,j8990a hp procurve mobility manager - ( v. 1.0 ) - license and media - 1 user - win,,1525.72,,1694
DN2-02439,22r4254 ibm vmware esx host kit - license - 1 server,,925.94,,1696
DN2-02440,ws6-eng-l-ap vmware workstation - ( v. 6 ) - license - 1 user - edu - linux - english,,129.71,,1697
DN2-02441,emc securid appl mnt - base/ ext 20mo per u 15005-20k - app0020000be20,,17,,1698
DN2-02442,cd26xm-ch= cisco ios ip/fw/ids - complete package - cd,,360.82,,1699
DN2-02443,cadktpr10u150 ca desktop protection suite - ( v. 1.5 ) - complete package - 10 additional user,,424.93,,1700
DN2-02444,chet baker - deep in a dream,,24.95,,1701
DN2-02445,t07-00449 microsoft business solutions crm sales standard - software assurance - 1 user -,,335.47,,1702
DN2-02446,92707 tun plus 2005 - version upgrade license - 1 user - win,,66.09,,1703
DN2-02447,nuance communications inc. dragon naturallyspeaking preferred edition 1-yr technical support olp - a109a-gf6-8.0,,27,,1704
DN2-02448,01-ssc-7513 sonicwall email anti-virus mcafee and sonicwall time zero - subscription license,,10319.39,,1705
DN2-02449,92708 tun plus 2005 - version upgrade license - 1 additional user - win,,66.09,,1706
DN2-02450,firebox x550e gateway antivirus intrusion prevention service 1yr - watchguard -,,,,1707
DN2-02451,12302 novanet library expansion option - upgrade license - 1 server - linux win nw,,333.31,,1708
DN2-02452,cwlms-2.6-ur-k9 ciscoworks lan management solution large enterprise package - ( v. 2.6 ) - licen,,17718.45,,1710
DN2-02453,11997634 symantec backup exec system recovery desktop edition business pack - ( v. 7.0 ),,52.96,,1711
DN2-02454,10759328 symantec backup exec 11d for windows servers agent for db2 on windows servers -,,644.84,,1712
DN2-02455,bhe3dus installanywhere enterprise edition - ( v. 8 ) - product upgrade license + 1 year,,4746.16,,1713
DN2-02456,activision 75283 shrek smash n crash gc 047875752832,,15.9,,1714
DN2-02457,h22-01722 microsoft office project server 2007 - media - volume - cd - win - english,,23.48,,1715
DN2-02458,01-ssc-6780 sonicwall email security transition from mailfrontier - license - 1 server 50 u,,519.03,,1716
DN2-02459,norton internet security (v3.0) mac - symantec - 10069614-in,,,,1717
DN2-02460,29500244 adobe creative suite 3 design premium - product upgrade package - 1 user - upgra,,1687.48,,1718
DN2-02461,solid chips 2book set,,201.2,,1719
DN2-02462,01-ssc-6781 sonicwall email security transition from mailfrontier - license - 1 server 250,,875.91,,1720
DN2-02463,masque 10192 slots from bally gaming,masque,18.99,,1721
DN2-02464,130-00360 microsoft visual studio team edition 2005 for software architects - complete pac,,5121.98,,1722
DN2-02465,bablur1150s06 brightstor arcserve backup enterprise option for advantage ingres for linux - (,,632.18,,1724
DN2-02466,hgw hallmark card studio 2005 deluxe - complete package - 1 user - cd - win,,47.43,,1725
DN2-02467,121744 diskeeper 2007 pro premier edition - complete package - 5 workstations - dvd - w,,426.58,,1727
DN2-02468,f89-00346 microsoft internet security and acceleration server enterprise edition - license,,537.72,,1728
DN2-02469,633808550578 wasp time pro magstripe solution - ( v. 5 ) - complete package - 5 administrator,,930.14,,1730
DN2-02470,10224341 symantec gateway security client-to-gateway vpn - license and media - 10 additio,,223.96,,1731
DN2-02471,wg3605 watchguard mobile user vpn - complete package - 5 users - cd - win - english - t,,290.68,,1732
DN2-02472,sunburst t04156 every child a reader netwk 046442532334,,484.04,,1733
DN2-02473,pd8w10p perfectdisk professional - ( v. 8.0 ) - license - 10 workstations - win,,274.72,,1734
DN2-02474,garmin bluechart mediterranean southeast,,299,,1735
DN2-02475,td824ll/a filemaker mobile - ( v. 8 ) - complete package - 1 user - cd - win mac palm os,,66.15,,1736
DN2-02476,rsa security securid software authenticator - license - sd820-8-60-12-500,,32,,1737
DN2-02477,edbuua61c emc dantz annual support & maintenance - emc replistor smb edition technical sup,,349.37,,1738
DN2-02478,symantec backup exec 11d for windows servers agent for lotus domino server - complete package,,772.14,,1740
DN2-02479,05090 registry repair 2005 - complete package - 1 user - cd - win,,24.59,,1741
DN2-02480,11273 hasbro family game collection 2006 - complete package - 1 user - pc - cd - win,,14.51,,1742
DN2-02481,fb7-00576 microsoft encarta premium 2007 - media - volume - cd - win - french,,23.53,,1743
DN2-02482,sr2116010 safenet softremote vpn client - license - 5 users - win,,184.57,,1744
DN2-02483,c8d-00006 microsoft dynamics crm small business edition - ( v. 3.0 ) - license - 20 user c,,9654.16,,1746
DN2-02484,27510889 adobe indesign cs3 - ( v. 5 ) - product upgrade package - 1 user - upgrade from,,214.55,,1747
DN2-02485,cd72-ak9= cisco ios enterprise ipsec 3des - complete package - cd,,4837.39,,1748
DN2-02486,t4396a hp storageworks application recovery manager online backup - license - 1 server,,1215.87,,1750
DN2-02487,cd362-chk9= cisco ios ip/fw/ids plus ipsec 3des - complete package - cd,,3060.9,,1751
DN2-02488,cd72-ar1k9= cisco ios enterprise/snasw ipsec 3des - complete package - cd,,10576.76,,1752
DN2-02489,6809a-g03-11.0 scansoft paperport - ( v. 11 ) - complete package - 5 users - win - english,,421.17,,1753
DN2-02490,910443-004-g onweb web-to-host - ( v. 5.1 ) - upgrade license - 1 user - volume - level g ( 3,,60.44,,1754
DN2-02491,e84-00294 microsoft internet security and acceleration server - license & software assuran,,1821.09,,1755
DN2-02492,eqzfn07-220 zetafax additional lines for fax or sms - license - unlimited additional fax lin,,1412.69,,1756
DN2-02493,765205-011793 beyond contacts - ( v. 3.0 ) - license - 10 users - win palm os,,279.08,,1757
DN2-02494,eqzfn07-231 zetafax - license - 5 additional users - win,,499.17,,1758
DN2-02495,bu24a600000 emc insignia retrospect desktop - ( v. 6.1 ) - upgrade package - 2 clients - cd,,51.85,,1759
DN2-02496,164-04052 microsoft office publisher 2007 - version upgrade package - 1 pc - cd - win - en,,88.8,,1760
DN2-02497,microsoft t07-00336 ae open crm l/sa ste std usr qual,,399.91,,1761
DN2-02498,exmpi550001m1200p exceed 2007 - license + 1 year maintenance - 1 user - win,,535.08,,1762
DN2-02499,babnbr1111s05 brightstor arcserve backup tape library option for netware w/sp1 - ( v. 11.1 ) -,,643.42,,1764
DN2-02500,dragon naturally speaking (v9.0) preferred wireless edition - nuance - a109x-wn4,,,,1765
DN2-02501,11888479 symantec control compliance suite - ( v. 8.5 ) - media - symantec buying program,,16.84,,1766
DN2-02502,firewall feature set complete package,,506.58,,1767
DN2-02503,24p8070 ibm fastt storage manager vmware host kit - complete package - 1 user,,712.67,,1768
DN2-02504,gods and generals,,14.88,,1769
DN2-02505,42050142 adobe acrobat distiller server - ( v. 6.0 ) - complete package - unlimited users,,15689.75,,1770
DN2-02506,e17883d symantec backup exec for netware servers open file option - ( v. 9.2 ) - complet,,460.7,,1772
DN2-02507,01-ssc-7309 sonicwall cfs standard edition for sonicwall pro 1260/2040/3060/4060 - subscript,,2124.92,,1774
DN2-02508,10731 the print shop 22 pro publisher deluxe - complete package - 1 user - win,,84.13,,1776
DN2-02509,c7s-00024 windows live onecare - ( v. 1.5 ) - complete package - 3 pcs - cd - win - englis,,38.64,,1777
DN2-02510,299530 quickbooks premier nonprofit edition 2007 - complete package - 1 user - cd - win,,344.58,,1778
DN2-02511,af071ml ibm websphere business integration server foundation for developers - ( v. 5.1 ),,851.65,,1779
DN2-02512,bm02jml ibm websphere host integration solution for intranet for iseries - ( v. 4.1 ) -,,307.42,,1781
DN2-02513,ibm fastt storage partitions - upgrade licence - 64 storage partitions - upgrade from 16 storage partitions,,,,1782
DN2-02514,u84-00101 microsoft windows server 2003 for small business - license - 5 device cals - ope,,303.9,,1783
DN2-02515,nsa-rsm-10d enterasys netsight atlas router services manager - license - 10 devices - win s,,826.36,,1784
DN2-02516,01-ssc-6669 sonicwall email protection subscription - subscription license ( 1 year ) + dyna,,434.84,,1786
DN2-02517,alfred's basic piano library for children - level 2 disk,,26,,1787
DN2-02518,bb0lgml ibm db2 everyplace database edition - ( v. 8.2.0 ) - media - cd - linux win pa,,108.95,,1788
DN2-02519,eesk1017 emc insignia eroom smb edition - ( v. 7.3 ) - complete package - 10 users - cd -,,950.92,,1789
DN2-02520,delphi 2007 pro - codegear - hdb0007wwfs190,,,,1790
DN2-02521,fw-6900-2006 ws_ftp professional 2006 - license + 1 year service agreement - 5 users - win -,,264.58,,1791
DN2-02522,e17886d symantec backup exec for netware servers san shared storage option - ( v. 9.2 ),,654.28,,1793
DN2-02523,4817t02 vmware infrastructure standard - ( v. 3 ) - full subscription ( 3 years ) - 2 so,,1448.42,,1794
DN2-02524,amherst media book: digital darkroom guide with photoshop photoshop software,,29.95,,1795
DN2-02525,rfipsc2-1 ipsec vpn client - license - 1 user,,57.2,,1796
DN2-02526,29300183dm adobe creative suite 3 design standard - media - tlp tlp nonprofit - download -,,20.97,,1797
DN2-02527,s65-00393 microsoft virtual pc for mac - ( v. 7.0 ) - w/ windows 2000 - complete package -,,238.48,,1798
DN2-02528,70009 nero ultra edition enhanced - ( v. 7 ) - complete package - 1 user - cd - win,,87.76,,1799
DN2-02529,panda software active scan pro esd 1yr - bpasp12m,,22,,1800
DN2-02530,exmpi556001m1200p exceed powersuite 2007 - complete package + 1 year maintenance - 1 user - win,,525.45,,1801
DN2-02531,panda software upg to gatdef performa 8200 4k0 1yr - uabpgdpcavs-edu,,12,,1802
DN2-02532,cd374-ch= cisco ios ip/fw/ids - complete package - cd,,1072.9,,1803
DN2-02533,emc deployment mgr per/u 151-250 - webexp-00250,,4027,,1804
DN2-02534,4817l06 vmware consolidated backup - ( v. 3 ) - limited subscription ( 1 year ) - 2 sock,,45.47,,1805
DN2-02535,namco 15022 moto gp psp - sony psp software,,36.99,,1806
DN2-02536,122-00411 microsoft visual studio 2005 team edition for software testers - complete packag,,2184.73,,1807
DN2-02537,19300109 adobe creative suite 3 design standard - product upgrade package - 1 user - upgr,,424.74,,1808
DN2-02538,panda software enterprisecure truprevent 101-250u 3yr - ub3prpesad,,73,,1809
DN2-02539,432778-b21 scai software development toolkit - subscription license renewal ( 1 year ) - 1,,595.04,,1810
DN2-02540,ma265zm/a final cut express hd - ( v. 3.5 ) - media - volume - dvd - mac - multi-country,,12.98,,1811
DN2-02541,allume systems moa-w40-dem-r,allume systems,43.13,,1812
DN2-02542,11105972 symantec backup exec 11d for windows small business server agent for windows sys,,320.66,,1813
DN2-02543,emc auth mgr mnt base 24x7 8m per/u 40005-50000u - aut0050000be8,,13,,1814
DN2-02544,b21-00800 microsoft mappoint 2006 - complete package - 1 pc - cd - win - english,,288.48,,1815
DN2-02545,microsoft winvista bus upsa 1y acq y3 ent w/visent - 66j-01685,,144,,1816
DN2-02546,thq 36118 - danny phantom: urban jungle - action/adventure game - nintendo ds,,20.97,,1817
DN2-02547,cd364-ahk9= cisco ios enterprise/firewall/ids plus ipsec 3des - complete package - cd,,3290.22,,1818
DN2-02548,124-00458 microsoft visual studio team edition 2005 for software developers - complete pac,,5159.29,,1819
DN2-02549,19700045 adobe creative suite 3 web premium - complete package - 1 user - cd - mac - univ,,1691.87,,1820
DN2-02550,thq 36123 drake & josh ds 785138361239,,28.75,,1821
DN2-02551,mz24a0075 emc insignia retrospect multi server - ( v. 7.5 ) - upgrade package - unlimited,,502.04,,1822
DN2-02552,hewlett packard 302127-b21 prol essentials rdp v1.x 1u flex lic min qty 5,,119.73,,1823
DN2-02553,1950824l1 technical support - maintenance - 1 year - english,,401.18,,1824
DN2-02554,50411 spy sweeper with antivirus - complete package - 3 users - win,,38.91,,1825
DN2-02555,wg017322 watchguard gateway antivirus/intrusion prevention service - subscription license,,2758.34,,1826
DN2-02556,panda software clientshield 2006 3001-5k 2yr - b2cs6si-gov,,21,,1827
DN2-02557,t07-00450 microsoft business solutions crm suite module - software assurance - 1 user - op,,659.71,,1828
DN2-02558,ccl-4096 raritan commandcenter secure gateway appliance - license - 4096 additional nodes,,21823.11,,1829
DN2-02559,5325301935 snap enterprise data replicator - license - 1 additional server - linux unix w,,4401.41,,1830
DN2-02560,ca blapdskapoem30 oem arcserve backup v11.1 win 30u for laptops and desktops 0757943274004,,518.81,,1831
DN2-02561,sp32i570305m1200u connectivity secure shell 2007 - upgrade package - 5 users - cd - win,,34.22,,1832
DN2-02562,543-03927 microsoft office outlook 2007 - media - volume - cd - win - english,,23.33,,1835
DN2-02563,aust-0150-005 employee appraiser deluxe - ( v. 5.0 ) - complete package - 1 user - download -,,231.81,,1837
DN2-02564,j2300-ipsec-ltu juniper networks ipsec license for j2300 - license - 1 device,,339,,1838
DN2-02565,sp32i570001m1100p connectivity secure shell 2006 - complete package + 1 year maintenance - 1 user,,74.76,,1839
DN2-02566,xbox games: sega 64031,,12,,1840
DN2-02567,c8a-00066 microsoft dynamics crm professional - ( v. 3.0 ) - product upgrade license - 20,,9676.92,,1841
DN2-02568,01-ssc-7494 sonicwall email protection subscription - subscription license ( 2 years ) + dyn,,12690,,1842
DN2-02569,38038983 adobe robohelp server - ( v. 6.0 ) - upgrade package - 1 user - cd - win - inter,,1070.64,,1843
DN2-02570,emc ju10a0075 emc retrospect 7.5 disk to disk windows emc insignia retrospect disk-to-disk - ( v. 7.5 ) - complete package - 1 server - cd - win 0093156011006,,266.92,,1844
DN2-02571,902453-006-g rumba unix-hp edition - ( v. 7.3 ) - upgrade license - 1 user - volume - level g,,93.66,,1845
DN2-02572,ra-3000 fluke reporteranalyzer - license - 3000 interfaces,,376765.44,,1846
DN2-02573,01-ssc-3363 sonicwall global management system standard edition - license - 10 nodes - win,,1835.31,,1847
DN2-02574,vbc-00002 microsoft softgrid for terminal services - ( v. 4.1 ) - license - 20 user cals -,,419.8,,1848
DN2-02575,633808920357 wasp mobileinventory network edition with wdt3200 - ( v. 3 ) - complete package,,2097.24,,1849
DN2-02576,pc treasures pct50130 sft elite suite deluxe 2007 vista compatible (pc treasures pct50130),,24.99,,1850
DN2-02577,cd374-esk9= cisco ios enterprise services - complete package - cd,,1430.53,,1851
DN2-02578,22101180 adobe acrobat capture page pack - license - 100000 pages - win,,1113.53,,1852
DN2-02579,81499 marvel ultimate alliance - complete package - 1 user - sony playstation 3,,64.8,,1853
DN2-02580,p72-00473 microsoft windows server enterprise edition - license & software assurance - 1 u,,3282.33,,1854
DN2-02581,29180162 adobe photoshop elements 4.0 plus adobe premiere elements 2.0 - complete package,,138.28,,1855
DN2-02582,38000773 macromedia director mx 2004 - complete package - 1 user - cd - win mac - univer,,1285.07,,1856
DN2-02583,quarkcopydesk ( v. 3.5 ) - version upgrade license,,56.77,,1857
DN2-02584,a209s-gd4-9.0 dragon naturallyspeaking professional - ( v. 9 ) - complete package - 1 user - c,,786.91,,1858
DN2-02585,2013001000122 details - ( v. 3.0 ) - complete package - 1 user - cd - win - english,,290.21,,1859
DN2-02586,433691-b21 hp proliant essentials power regulation manager - license - 1 server - win,,88.56,,1861
DN2-02587,pcnf0040 pc-cillin internet security 2007 - complete package - 3 users - federal - win,,29.02,,1862
DN2-02588,nuance dragon naturallyspeaking v.9.0 professional - upgrade,,212.62,,1863
DN2-02589,wg017310 webblocker - subscription license ( 1 year ) - 1 appliance,,624.36,,1864
DN2-02590,macrovision is1200eue - installshield express edition - ( v. 12.0 ) - version upgrade package - 1 user - upgrade from 4.x or later - cd - win - english,,232.97,,1865
DN2-02591,bjmt art explosion photo objects 150000 - complete package - 1 user - dvd - mac,,43.22,,1866
DN2-02592,83076 smarterm enterprise suite - ( v. 12.1 ) - upgrade license - 1 user - win,,146.42,,1867
DN2-02593,633808255022 wasp bar code fontware professional+ - complete package - 10 users - cd - win -,,242.8,,1868
DN2-02594,4817t23 vmware virtual desktop infrastructure - full subscription ( 3 years ) - 100 ente,,10914.69,,1869
DN2-02595,ap9009 powerchute plus - license and media - 1 user - cd - win,,63.86,,1870
DN2-02596,mike dowling homespun - 641634 - swing guitar - rhythm's where it's at!,,22.13,,1871
DN2-02597,print explosion deluxe 3.0: mac,,49.99,,1872
DN2-02598,432797-b21 altair pbs pro - license + 1 year support - 1 processor 2 cores - linux,,187.96,,1873
DN2-02599,knowledge adventure 785105 jumpstart explore-gr1-3 add on,,12.99,,1874
DN2-02600,t3840aa hp openview storage mirroring advanced server - ( v. 4.4.1 ) - license - 10 host,,42560.23,,1875
DN2-02601,fl37-p-k2= cisco ios ipsec 3des - product upgrade license - upgrade from cisco ios plus,,1488.8,,1876
DN2-02602,fl72-h= cisco ios rsm firewall - upgrade license - english,,4099.5,,1878
DN2-02603,rhf0211us red hat enterprise linux as premium support - red hat enterprise linux as for am,,53937.1,,1879
DN2-02604,adobe systems 27910468 adobe framemaker v.7.2 - complete product - desktop publishing - 1 user - complete product - standard - english - pc plus $10 off w/ ebillme *free shipping*,,881,,1880
DN2-02605,38039295dm adobe flash cs3 professional - ( v. 9 ) - media - tlp tlp nonprofit - dvd - mac,,18.88,,1881
DN2-02606,46503 novanet-web - competitive upgrade license - 10 users - win,,1135.97,,1883
DN2-02607,ze4-00004 microsoft xbox live gold subscription card - subscription license ( 3 months ) -,,22.5,,1884
DN2-02608,01-ssc-7544 sonicwall email anti-virus kaspersky and sonicwall time zero - subscription lice,,9712.66,,1885
DN2-02609,n106788 veritas sitestor - ( v. 1.2 ) - media and documentation set - cd - linux win s,,68.02,,1886
DN2-02610,splashid windows mobile software for pocket pc,,29.95,,1887
DN2-02611,xsr-18xx-vpn-fw enterasys operating system base/vpn/firewall - upgrade package - 1 router - cd,,1131.29,,1888
DN2-02612,cd269-b= cisco ios ip/ipx/appletalk - complete package - cd,,291.21,,1889
DN2-02613,bt00hna ibm rational robot - ( v. 6.0.0 ) - media - cd - win - english,,108.95,,1891
DN2-02614,emc auth mgr mnt base 9x5 21m per/u 2005-2500u - aut0002500bs21,,20,,1892
DN2-02615,babnbr1110s06 brightstor arcserve backup san option for netware - ( v. 11.1 ) - complete packa,,1038.22,,1893
DN2-02616,pafgpcmv01000p0rtpen pcmover - complete package - 1 user - cd - win,,39.14,,1894
DN2-02617,hummingbird ltd mampi665000m1100p,hummingbird ltd,175.96,,1895
DN2-02618,11105108 sygate enterprise protection - ( v. 5.1 ) - media - cd - win - english,,16.09,,1896
DN2-02619,standard anti-virus 100 users w/ 1 yr service agreement,,374.99,,1897
DN2-02620,4817l05 vmware drs - ( v. 2 ) - limited subscription ( 1 year ) - 2 sockets - win,,193.15,,1898
DN2-02621,norton systemworks 2007 premier 5-user - symantec - 10930722,,,,1899
DN2-02622,633808441159 wasp mobileinventory network edition - ( v. 3 ) - product upgrade package - 5 us,,522.73,,1900
DN2-02623,vp-wf04-00s1 kofax virtualrescan plus upgrade kit - ( v. 4.0 ) - complete package - 1 user,,879.93,,1901
DN2-02624,edelbrock 91140 thermocouple compression fitting for qwikdata,,28.39,,1902
DN2-02625,1-57408-058-x suretrak project manager - ( v. 3.0 ) - complete package - 1 user - cd - win,,436.71,,1903
DN2-02626,exmpi555300m1200u exceed 3d 2007 - upgrade package - 1 user - cd - win,,137.35,,1904
DN2-02627,symantec 10517904 - client security v.3.1 business pack - complete product - internet security - 50 user(s) - complete product - standard - pc- free shipping,,1895.97,,1905
DN2-02628,633808390006 wasp mobileasset desktop edition - complete package - 1 user 1 device - win pa,,398.92,,1907
DN2-02629,01-ssc-6046 sonicwall csm update service - subscription license ( 3 years ) - 25 users,,811.53,,1908
DN2-02630,garmin bluechart micro sd xpc023r new zealand,,123.18,,1909
DN2-02631,m009a-l00-4.0 scansoft pdf create! - ( v. 4.0 ) - complete package - 1 user - cd - win - engli,,43.21,,1910
DN2-02632,ipswitch md-7330-2006 std av 1000u rnwl,,1267.29,,1911
DN2-02633,01-ssc-7172 sonicwall cfs standard edition for totalsecure 10/25 series - subscription licen,,300.54,,1912
DN2-02634,babwur1151s31 brightstor arcserve backup for windows agent for mac os xw/sp1 - ( v. 11.5 ) -,,194.34,,1914
DN2-02635,p17130 adaptive server enterprise - ( v. 11.9 ) - license - 1 concurrent user - win - e,,288.57,,1915
DN2-02636,oscar hernandez - 320505 - salsa piano,,18.5,,1916
DN2-02637,cadtprnaen150 ca desktop protection suite - ( v. 1.5 ) - complete package - 5 users - win - en,,298.13,,1917
DN2-02638,910620-000 rumba web-to-host for as/400 - ( v. 4.2 ) - license - 1 processor - tier p30 - s,,13275.05,,1919
DN2-02639,sql server std 2005 5-clt x64 - microsoft - 228-04013,,,,1920
DN2-02640,4817v09 vmware infrastructure enterprise - ( v. 3 ) - product upgrade license - 2 socket,,4488.17,,1921
DN2-02641,633808106058 wasp bar code labeler - complete package - 1 user - win,,37.91,,1923
DN2-02642,o-generator - learning to compose,,79.95,,1924
DN2-02643,a01-00017 microsoft office publisher 2003 - w/ microsoft digital image pro 9 - complete pa,,218.19,,1925
DN2-02644,ibm software lotus shrinkwrap ae7ntna,ibm software lotus shrinkwrap,102.23,,1926
DN2-02645,microsoft molpc isa svr ent ed 2006 25cpu lic 200pt - f89-01407,,65644,,1927
DN2-02646,231327-b22 hp storageworks secure path for netware workgroup edition - ( v. 3.0c ) - licens,,65395.24,,1928
DN2-02647,4817v32 vmware infrastructure enterprise - ( v. 3 ) - license - 1 blade server - 28 sock,,66031.32,,1929
DN2-02648,01-ssc-6997 sonicwall client/server anti-virus suite - subscription license ( 3 years ) - 10,,64740.21,,1930
DN2-02649,csa-b100-srvr-k9 cisco security server agent - license - 100 agents - win solaris,,64566.91,,1931
DN2-02650,microsoft 394-00258 exchsrvrextrncon lic/sa c 400p 805529357631,,67678.14,,1933
DN2-02651,231319-b26 hp storageworks secure path for windows workgroup edition - ( v. 4.0c ) - licens,,66453.59,,1934
DN2-02652,t3558a hp storageworks secure path for hp-ux workgroup edition - ( v. 3.0c ) - complete,,66453.82,,1935
DN2-02653,t2507ba hp openview network node manager advanced edition - ( v. 7.5 ) - complete packag,,63333.28,,1937
DN2-02654,1000pk multi pack instant pdf 4.0,,63359.99,,1938
DN2-02655,ibm totalstorage ds4800 model 84 - hard drive array,,60514.95,,1939
DN2-02656,ibm totalstorage ds4800 model 84 - hard drive array,,60514.95,,1940
DN2-02657,nft1100 netflow tracker - license - 100 devices - linux win solaris,,60376.91,,1941
DN2-02658,01-ssc-3377 sonicwall comprehensive gms 24x7 support - sonicwall gms standard edition licens,,60374.4,,1942
DN2-02659,hewlett packard 231319-b26 secure path v4.0c for windows workgroup ed 50u lics & media 0808736757386,,60190.54,,1943
DN2-02660,hewlett packard t3558a secure path hp-ux we 50 lic/cd kit 0829160172255,,60190.75,,1944
DN2-02661,nnm ae 5000 7.51 win-s/w ltu,,59742.89,,1945
DN2-02662,jboss subscription service platinum - jboss portal - technical support,,57978.95,,1946
DN2-02663,jboss subscription service platinum - jboss portal - technical support,,57978.95,,1947
DN2-02664,check point eventia analyzer 100 devices - cpmp-eva-100,,59177,,1948
DN2-02665,sonicwall 01-ssc-6997 3yr snwl client/server anti-virus 1000u sonicwall client/server anti-virus suite - subscription license ( 3 years ) - 1000 users 0758479069973,,58683.36,,1949
DN2-02666,sonicwall 01-ssc-6997 3yr snwl client/server anti-virus 1000u sonicwall client/server anti-virus suite - subscription license ( 3 years ) - 1000 users 0758479069973,,58683.36,,1950
DN2-02667,individual software pmm-ss4 - professor teaches office super set - win 2000 xp vista,,33.97,,1952
DN2-02668,freeverse software 4015 big bang board games,freeverse software,18.99,,1954
DN2-02669,individual software prm-rce resumemaker career edition,individual software,34.99,,1955
DN2-02670,individual software qne-t15 typing quick & easy 15.0,individual software,24.99,,1957
DN2-02671,clifford musical memory games,,12.9,,1959
DN2-02672,encore software 10590 - adventure workshop preschool 1st grade 7th ed sb cs by riverdeep,,17.97,,1960
DN2-02673,avery c32015 quick & clean business cards 250gsm matt card for use with...,,,,1961
DN2-02674,avery designpro 5 software for use with all avery printable products each,,,,1962
DN2-02675,encore software 10941 - scooby-doo frights camera mystery sb cs by riverdeep,,17.97,,1963
DN2-02676,avery c32040 business card kit containing 10 sheets of c32016 business cards...,,,,1964
DN2-02677,avery c32011 quick & clean business cards 200gsm card for use with mono...,,,,1966
DN2-02678,encore software 10871 - family tree maker version 16 deluxe sb cs by family tree maker,,57.97,,1968
DN2-02679,apple ilife 06,,70.47,,1969
DN2-02680,encore software 11581 - monopoly deluxe edition by hasbro,,17.97,,1970
DN2-02681,avery c32028 quick & clean business cards 220gsm glossy card for use with...,,,,1971
DN2-02682,encore software 10467 - clickart 950k dvd 2006 by broderbund,,25.97,,1973
DN2-02683,avery c32096 quick & clean business cards manufactured from 250gsm linen...,,,,1974
DN2-02684,encore software 12431 - adventure workshop 8 4th-6th,,17.97,,1975
DN2-02685,enfocus software ip4.0-sg-001 - instantpdf 4.0 single full,,211.97,,1977
DN2-02686,encore software 13911 - 3d home architect home & landscape deluxe suite version 9,,33.97,,1979
DN2-02687,encore software 10114 - adventure workshop 1st-3rd grade 7th ed sb cs by riverdeep,,17.97,,1981
DN2-02688,spyware x-terminator,,24.9,,1982
DN2-02689,encore software 13891 - tlc millies math learning system 2008,,17.97,,1983
DN2-02690,avery c32016 quick & clean business cards 220gsm card for use with colour...,,,,1984
DN2-02691,encore software 10612 - creating keepsakes scrapbook designer deluxe v.3 sb cs,,17.97,,1987
DN2-02692,encore software 14111 - jeopardy! deluxe,,17.97,,1989
DN2-02693,punch software 10603 - concepts 3d cad design,,247.97,,1991
DN2-02694,encore software 13921 - 3d home architect home design deluxe version 9,,25.97,,1993
DN2-02695,high school success deluxe 2006,,7.9,,1994
DN2-02696,dragon tales learn and fly with dragons,,17.9,,1996
DN2-02697,enfocus software ss4.0-ug-001 - upg pitstop server 4.0 single from 3.x,,677.97,,2008
DN2-02698,encore software 13931 - 3d home architect landscape design deluxe version 9,,25.97,,2010
DN2-02699,reader rabbit playtime for baby & toddler,,9.9,,2013
DN2-02700,punch software 10602 - concepts 2d cad design,,38.97,,2014
DN2-02701,clipart & more 250000 (jc),,9.9,,2015
DN2-02702,encore software 13791 - super granny 3,,17.97,,2020
DN2-02703,encore software 12421 - adventure workshop 8 1st-3rd,,17.97,,2022
DN2-02704,encore software 11431 - axis & allies collectors edition sb cs by hasbro,,17.97,,2024
DN2-02705,encore software 14131 - wheel of fortune deluxe,,17.97,,2028
DN2-02706,music made easy guitar,,9.9,,2029
DN2-02707,encore software 13781 - westward,,17.97,,2030
DN2-02708,instant home design 1 (jc),,12.9,,2031
DN2-02709,encore software 11141 - fate sb cs by wild games,,17.97,,2032
DN2-02710,punch software 10604 - concepts unlimited cad design,,912.97,,2034
DN2-02711,magix pictures to cd & dvd,,14.9,,2035
DN2-02712,encore software 13881 - tlc dr seuss reading learning system 2008,,17.97,,2036
DN2-02713,e-jay sound selection 2,,22.9,,2037
DN2-02714,encore software 13871 - tlc reader rabbit 1st grade learning system 2008,,17.97,,2038
DN2-02715,encore software 11231 - hoyle bridge club sb cs by us playing cards,,25.97,,2040
DN2-02716,high impact email marketing 3.0,,12.9,,2043
DN2-02717,i spy spooky mansion deluxe i spy book and mini-cd,,17.9,,2046
DN2-02718,encore software 11611 - scrabble with bonus clue sb cs by hasbro,,17.97,,2047
DN2-02719,encore software 11191 - scrabble sb cs by hasbro,,17.97,,2050
DN2-02720,individual software pmm-bp6 - business planmaker professional 2007 - win 98 me 2000 xp,,33.97,,2052
DN2-02721,jumpstart phonics (jc),,9.9,,2053
DN2-02722,sage software acts2005rt act! 7.0 2005,sage software,225.99,,2055
DN2-02723,teach yourself to sing,,9.9,,2058
DN2-02724,apple mac os x v10.4 tiger software - single user apple & mac software,,114,,2065
DN2-02725,ableton live 6 software - educational discount (additional license) music production software,,215,,2067
DN2-02726,i copy dvds 2 ultra edition,,29.9,,2070
DN2-02727,ableton live 6 software - educational discount music production software,,299,,2075
DN2-02728,steinberg wavelab studio 6 audio editing software - competitive crossgrade music production software,,199.95,,2077
DN2-02729,marine aquarium & goldfish screen saver by encore software,,19.99,,2084
DN2-02730,tycoon pack ages 8 & up,,15.9,,2085
DN2-02731,system mechanic 6 professional,,36.9,,2086
DN2-02732,ableton live 6 software - upgrade to live 6 for owners of live 5 music production software,,219,,2087
DN2-02733,individual software prm-r12 resumemaker professional 12.0,individual software,29.99,,2089
DN2-02734,zone alarm pro 5,,12.9,,2090
DN2-02735,vitec multimedia dvd toolbox-2 toolbox2 software authoring software,,394.95,,2093
DN2-02736,i spy treasure hunt with i spy book and mini-cd,,17.9,,2096
DN2-02737,media 100 cinestream editing & streaming software consumer video editing software,,49.95,,2097
DN2-02738,autodesk autodesk combustion 4 motion graphics software compositing software,,994.95,,2103
DN2-02739,the sims expansion collection vol 1,,8.72,,2109
DN2-02740,cisco 837 router ios ip/fw/plus 3des - cisco systems - s837chpk9-12410=,,,,2111
DN2-02741,the city of prague philharmonic peter deneff yamaha - 504168 - the godfather trilogy - smart pianosoft,,18.5,,2113
DN2-02742,resco explorer 2007 for pocketpc windows mobile software for pocket pc,,29.95,,2116
DN2-02743,panda software gatdef performa web flt mod 2001-3k 3yr - a3pgdpbwfh-gov,,15,,2119
DN2-02744,microsoft u02-00024 open sa biztalk hipaa accltr nt 1p,,2335.47,,2120
DN2-02745,symantec media 11105095,symantec media,19.2,,2124
DN2-02746,sibelius auralia 2 software music production software,,113.5,,2125
DN2-02747,iparrot portuguese/english phrase translator software for ipod ipod software,,16.95,,2127
DN2-02748,pinnacle studio ultimate v11 video editing software for windows consumer video editing software,,129.95,,2128
DN2-02749,emc securid appl mnt - ent/ ext 22mo per u 3505-5k - app0005000ee22,,24,,2129
DN2-02750,adobe production studio premium software suite video software bundles,,1698.95,,2131
DN2-02751,crystal-graphics crystal 3d impact! pro animation software,,99.95,,2132
DN2-02752,microsoft t74-00086 win sbs cal 2003 20 user c sa 805529573505,,848,,2137
DN2-02753,cakewalk sonar 5 producer edition music production software,,379.95,,2140
DN2-02754,microsoft office 2004 software suite oem - mac apple & mac software,,239.95,,2141
DN2-02755,ableton live 6 software music production software,,499,,2142
DN2-02756,enfocus software ss4.0-sg-001 - enfocus pitstop server v.4.0 - license - 1 user - standard - license - pc mac- free shipping,,2453.97,,2143
DN2-02757,cakewalk sonar 5 producer edition - competative upgrade music production software,,299,,2147
DN2-02758,black magic woman and other songs recorded by santana,,34.95,,2148
DN2-02759,symantec 11976505 symc backup exec sro 11d win system recovery option ml portfolio mpk,,30.24,,2150
DN2-02760,panda software filesecure2006 26-50 1yr - b1fs6sb-gov,,22,,2152
DN2-02761,symantec media n18648h,symantec media,37.37,,2153
DN2-02762,rosetta stone indonesian level 1 homeschool edition cd-rom,,179.99,,2154
DN2-02763,symantec mail security (v5.0) for smtp with premium antispam 25-user - symantec,,,,2155
DN2-02764,symantec n190198 - storage exec 5.5 for windows - documentation kit,,34.97,,2157
DN2-02765,monarch std (v9.0) network starter 4-user rtl box - datawatch - fpm32c090-a04n,,,,2158
DN2-02766,laplink software pafgpcmv01000p0rtpen - laplink pcmover - complete product - desktop management - 2 computer(s) - complete product - standard - english - pc,,39.97,,2160
DN2-02767,1yr 24x7 gold support 1000u sup sw ud adv hw rep,,10589.99,,2161
DN2-02768,freeverse software 4001 northland,freeverse software,19.99,,2162
DN2-02769,sunburst technology t03660 - sunburst learn about life science: plants - lab pack - complete product - educational - 10 user - complete product - standard - pc mac,,114.97,,2163
DN2-02770,individual software prm-xw3 professor teaches excel & word,individual software,24.99,,2164
DN2-02771,smart-sound sonicfire pro 4 corporate edition - windows xp audio software for video,,448.95,,2167
DN2-02772,smart-sound sonicfire pro 4 corporate edition - mac os x audio software for video,,448.95,,2168
DN2-02773,sybex book: raw 101: better images with photoshop and photoshop elements photoshop software,,24.95,,2171
DN2-02774,smart-sound sonicfire pro 4 mega bundle - mac os x audio software for video,,798.95,,2172
DN2-02775,smart-sound sonicfire pro 4 - mac os x audio software for video,,198.95,,2175
DN2-02776,autodesk 52711-051462-h326 ais 11 comm cg from a-cad m 2005 dvd,,1614.24,,2176
DN2-02777,datapilot universal pro kit (win 2000 xp vista/mac 10.3.8 or later),,79.95,,2179
DN2-02778,steinberg cubase studio 4 software - educational discount music production software,,179.95,,2180
DN2-02779,cakewalk sonar 5 studio edition music production software,,229.95,,2181
DN2-02780,windows sbs premium 2003 r2 upgrade cd/dvd 5clt - microsoft - t75-01256,,,,2182
DN2-02781,avocent dsv3-sw dsview3 portfilio b 1 hub 1 spoke 5 usr software dsview - ( v. 3 ) - license - 5 users 1 hub 1 spoke - win 0636430024974,,3969.58,,2183
DN2-02782,apple mac os x server tiger - unlimited apple & mac software,,998.95,,2184
DN2-02783,panda software truprevent corporate 2006 5-25 1yr - b1prse6a,,25,,2185
DN2-02784,laplink software pafglle104000p0rtpen - laplink everywhere v.4.0 retail edition remote management - complete product - remote management - complete product - pc,,39.97,,2187
DN2-02785,native instruments traktor dj studio 3 dj rig update from traktor dj studio 1 and 2 music production software,,99,,2188
DN2-02786,omniform (v5.0) premium with 20 filler lic - nuance - 8609x-w00-5.0,,,,2189
DN2-02787,emc securid appl mnt - entupg /ext 10mo per u 40005-50 - app0050000ue10,,13,,2191
DN2-02788,individual software prm-xw3 professor teaches excel & word,individual software,24.99,,2194
DN2-02789,freeverse software 006 active lancer,freeverse software,18.99,,2195
DN2-02790,interscan viruswall 25 user - trend micro - vwscwwe6xybupn-25,,,,2196
DN2-02791,individual software jce-wn5 professor teaches windows j/c,individual software,9.99,,2197
DN2-02792,individual software prm-wn5 professor teaches windows xp,individual software,24.99,,2198
DN2-02793,emc cz24h6175 emc retrospect 7.5 client 5pk windows emc insignia retrospect clients - ( v. 7.5 ) - upgrade package - 5 clients - cd - win 0093156011419,,47.26,,2199
DN2-02794,adobe 22101251dg glp acrobat capture v3 win cd set,,20.13,,2201
DN2-02795,abacus software s546 usa extreme landscapes for fs2004 and fs2002 - 3cd set,abacus software,28.99,,2203
DN2-02796,encore software 12391 - encore math advantage 2008 - educational - pc,,33.97,,2204
DN2-02797,emc securid appl mnt - base/ ext 14mo per u 505-750 - app0000750be14,,23,,2205
DN2-02798,encore software 10450 - encore high school advantage v.2007 - complete product - training/wbt - 1 user - complete product - standard - pc,,25.97,,2206
DN2-02799,encore software 12021 - encore cool tools for xp - utility - pc,,17.97,,2207
DN2-02800,encore software 11181 - encore monopoly here & now - board game - pc,,17.97,,2212
DN2-02801,encore software 12361 - encore elementary advantage 2008 - training/wbt - pc,,33.97,,2215
DN2-02802,panda software ae gatedef 8050 antispm mod 5001-7500 3yr - b3pgdaasj-edu,,14,,2218
DN2-02803,native instruments traktor dj studio 3 - software based dj rig music production software,,199,,2219
DN2-02804,expression blend cd/dvd edu-english - microsoft - phj-00040,,,,2220
DN2-02805,panda software ae clientshield truprev 2001-3ku 3yr - b3csprh-edu,,24,,2222
DN2-02806,nikon image authentication software other software,,499.95,,2223
DN2-02807,emc securid appl mnt - base/ std 6mo per u 1505-2k - app0002000bs6,,14,,2225
DN2-02808,mp3 maker 12 deluxe: windows,,29.99,,2228
DN2-02809,emc auth mgr mnt base 24x7 10m per/u 7505-10000u - aut0010000be10,,15,,2229
DN2-02810,ik multimedia groovemaker 2.5 live-remixing liveremixing software music production software,,59.95,,2230
DN2-02811,checkpoint zonelabs cpzl-media1-zap-wf,checkpoint zonelabs,26.13,,2231
DN2-02812,symantec 11105054 sym web sec win 3.0 media cd en,,17.49,,2234
DN2-02813,avid xpress pro hd video editing software - academic - win and mac professional editing software,,295,,2235
DN2-02814,adobe acrobat (v8.0) pro win up from std - adobe - 22020452,,,,2238
DN2-02815,autodesk maya 8.5 complete 3d animation software - slm animation software,,1989.95,,2240
DN2-02816,the sage group plc act! prem f/web 2005 upg assr 2pts lvl b 25-149pts - actua70wb6qb,,114,,2242
DN2-02817,digidesign pro tools hd 7.3 software upgrade music production software,,199,,2244
DN2-02818,adobe 61028030dg glp pdf gen ps-distiller lnx cd clp tlp 7.2,,20,,2245
DN2-02819,lynda 02384 - .com - final cut pro 5 beyond the basics (5 macosx dvd),,63.97,,2246
DN2-02820,victory multimedia swolf6r submitwolf v6.0 9x/me/nt/2k/xp - by trellian llc *free shipping*,,145,,2248
DN2-02821,freeverse software 5003 bumpercar 2.0 mac web browser,freeverse software,28.99,,2251
DN2-02822,steinberg wavelab studio 6 audio editing software - educational discount music production software,,149.95,,2252
DN2-02823,designing forms with microsoft office infopath 2007,,36.39,,2253
DN2-02824,mackie tracktion 3 project bundle music production software,,99.99,,2256
DN2-02825,encore software 10546 - encore tlc star flyers 2nd grade learning system 2007 - complete product - educational - 1 user - complete product - standard - pc mac,,17.97,,2259
DN2-02826,encore software 10647 - encore math advantage 2007 - complete product - educational - 1 user - complete product - standard - pc,,17.97,,2260
DN2-02827,symantec antivirus (v10.2) sbs for workstations/ network servers 5-user - symant,,,,2261
DN2-02828,sco operations unixware v.7.1.4 - license - da400-uw00w-7.1.4,,75,,2263
DN2-02829,encore software 12371 - encore middle school advantage 2008 - training/wbt - pc,,33.97,,2264
DN2-02830,preston reed homespun video - 641054 - the guitar of preston reed,,29.4,,2265
DN2-02831,panda software webadmin 101-250u 1yr - b1aspwad,,37,,2267
DN2-02832,encore software 460001 - the big box of art 410000 95/98/me/nt4/w2k/xp (win 95 98 me nt 2000 xp),,17.97,,2268
DN2-02833,citrix sys mw73htc1000 metaframe conf mgr 3.0-media kit,citrix sys,45.99,,2269
DN2-02834,1998 sourcebase cd-rom,,69.95,,2271
DN2-02835,encore software 12411 - encore adventure workshop preschool-1st grade 8th edition - educational - pc,,17.97,,2273
DN2-02836,vpn manager 10 fireboxes - watchguard - wg4010,,,,2275
DN2-02837,encore software 12511 - encore alien disco safari - action/adventure - pc,,17.97,,2279
DN2-02838,encore software 10676 - encore hoyle casino 2007 - complete product - puzzle game - 1 user - complete product - standard - pc,,17.97,,2280
DN2-02839,microsoft 059-03871 molpc word sa,,111.78,,2282
DN2-02840,masque 10194 slots from bally gaming pc,masque,18.99,,2283
DN2-02841,panda software bus sec 2006 w/ truprevent 251-500 3yr - b3pbsa6e-gov,,48,,2285
DN2-02842,steinberg cubase 4 software - competitive crossgrade music production software,,399.99,,2286
DN2-02843,donny hathaway yamaha - 503770 - a donny hathaway collection - smart pianosoft,,14.86,,2287
DN2-02844,computer associates mdlweb99000352 model web publisher 3.52,computer associates,835.99,,2289
DN2-02845,emc keon web passport per/u 40001-50000u - kwp-500000,,18,,2291
DN2-02846,sibelius groovy music teaching software music production software,,59.95,,2292
DN2-02847,emc auth mgr mnt ent/ext 21m per/u 200005-500000 - aut0500000ee21,,15,,2294
DN2-02848,freeverse software 4024 - freeverse robin hood - the legend of sherwood - strategy game - mac,,26.97,,2295
DN2-02849,sibelius photoscore professional scanning software music production software,,179.95,,2297
DN2-02850,sunburst to6090 key skills for math: subtracti,,47.99,,2299
DN2-02851,emc securid appl mnt - base/ std 8mo per u 2505-3500 - app0003500bs8,,15,,2301
DN2-02852,power production power production storyboard artist v4.2 software animation software,,749,,2304
DN2-02853,steinberg cubase 4 software - educational discount music production software,,349.95,,2306
DN2-02854,solid gold,,29.95,,2307
DN2-02855,freeverse software 4015 big bang board games,freeverse software,18.99,,2308
DN2-02856,individual software pro-tsm hanes t-shirt maker deluxe,individual software,24.99,,2309
DN2-02857,onone software inc. mpr-40212,onone software inc.,66.27,,2310
DN2-02858,freeverse software 010 wingnuts 2 - raina's revenge,freeverse software,23.95,,2312
DN2-02859,freeverse software 4024 robin hood: the legend of sheerwood,freeverse software,28.99,,2314
DN2-02860,systran - boxed b67-1-enwdvd7,systran - boxed,401.8,,2315
DN2-02861,panda software filesecure2006 w/ truprevent 1001-2k 2yr - b2fs6g-gov,,20,,2316
DN2-02862,ringtone media studio 2.0 (bil,,14.99,,2317
DN2-02863,cisco ciscoworks v.6.1 for windows - upgrade - cww-6.1-win-mr,,225,,2318
DN2-02864,individual software jce-wn5 professor teaches windows j/c,individual software,9.99,,2319
DN2-02865,office mac 2004 - microsoft - 731-01002,,,,2320
DN2-02866,individual software prm-wn5 professor teaches windows xp,individual software,24.99,,2321
DN2-02867,firebox x550e gateway antivirus intrusion prevention service 1yr - watchguard -,,,,2322
DN2-02868,freeverse software 005 solace,freeverse software,18.99,,2323
DN2-02869,freeverse software 006 active lancer,freeverse software,18.99,,2325
DN2-02870,yamaha - 501253 - sue downs - sue's noodles,,22.13,,2326
DN2-02871,windows vista business sp - microsoft - 66j-00063,,,,2327
DN2-02872,software cinema dvd-rom: dvdrom: the painted portrait for photographers (training) photoshop software,,124.95,,2331
DN2-02873,synercard 962011004 asure id express software and quick 754563863694,,498.57,,2333
DN2-02874,ca iss2007lec10 ca internet sec ste 2007 w/warranty xl box ecommerce 10u 0757943317589,,153.86,,2335
DN2-02875,panda software ae gatedef 8050 av mod 1001-2ku 1yr - b1pgdaavg-edu,,16,,2337
DN2-02876,computer associates ca server protection r3.1 base & 5u spa [non-returnable],,628.82,,2339
DN2-02877,panda software dominosecure 101-250 1yr - b1ds6d,,22,,2340
DN2-02878,panda software gatdef performa anti-mal ware mod 251-500 1yr - a1pgdpbave-gov,,20,,2341
DN2-02879,microsoft windows vista ultimate upgrade,,239.95,,2343
DN2-02880,software cinema dvd rom: how to wow - best of photoshop cs2 (training) photoshop software,,124.95,,2345
DN2-02881,onone software pps-30212 - on1 plug-in suite v.3.0 for adobe photoshop - upgrade - image collection/editing/archive - pc mac intel-based mac,,274.97,,2346
DN2-02882,symantec pcanywhere 11.0 - windows,,19.99,,2347
DN2-02883,avanquest pdf-xp5-0005 expert pdf pro 5 5 user pack uk,,,,2349
DN2-02884,software cinema dvd-rom: dvdrom: photoshop cs2 combo set with extras (training) photoshop software,,299,,2350
DN2-02885,sonicwall comprehensive gateway security for tz 150 series 25 node - sonicwall -,,,,2351
DN2-02886,emc auth mgr mnt ent/ext 17m per/u 2505-3500 u - aut0003500ee17,,22,,2352
DN2-02887,individual software prm-r12 resumemaker professional 12.0,individual software,29.99,,2354
DN2-02888,emc auth mgr mnt base 24x7 2m per/u 30-50u - aut0000050be2,,15,,2355
DN2-02889,panda software gatdef performa anti-spam mod 2001-3k 1yr - a1pgdpcash-gov,,14,,2357
DN2-02890,beginning web matrix starter kit-microsoft - microsoft press - 0-7356-1856-9,,,,2361
DN2-02891,century software tt-5 - century tinyterm v.4.2x - complete product - emulation - 5 user(s) - complete product - standard - pc,,395.97,,2362
DN2-02892,outlook 2007 edu - microsoft - 543-03865,,,,2363
DN2-02893,onone software inc. mpr-40212 - on1 mask pro v.4.0 - upgrade - graphics/designing - 1 user - upgrade package - standard - pc mac,,66.97,,2364
DN2-02894,quark 119700 quarkxpress 6.5 mac,quark,736.99,,2366
DN2-02895,cisco csa-b250-dtop-k9 cisco security desktop agent win + sol 250 agent bundle cisco security desktop agent - license - 250 agents 0746320832500,,10267.54,,2367
DN2-02896,intuit inc 284216 qckbks prem nonprofit ed 2005,,404,,2368
DN2-02897,word mac 2004 upgrade - microsoft - d48-00488,,,,2371
DN2-02898,nuance communications inc. - m009a-l00-4.0 - pdf create v4 english,,46.42,,2373
DN2-02899,onone software inc. gpp-55212 - upg genuine fractals print pro 5 1u,,66.97,,2374
DN2-02900,aec software 2073001000122 - aec details v.3.0 - complete product - project management/version control - 1 user(s) - complete product - academic - english - pc,,89.97,,2375
DN2-02901,onone software inc. gfs-50212 - on1 genuine fractals v.5.0 - upgrade - image editing - 1 user - pc mac intel-based mac,,66.97,,2377
DN2-02902,onone software inc. pfp-30002 - photoframe v.3.0 pro - upgrade - image editing - 1 user(s) - version upgrade - standard - pc mac,,66.97,,2378
DN2-02903,aec software 10101090220000101 - aec fasttrack schedule v.9.0 - complete product - project management/version control - 1 user(s) - complete product - standard - mac,,348.97,,2379
DN2-02904,visual c .net step by step - microsoft press - 0-7356-1289-7,,,,2382
DN2-02905,holdan edius nx express for hdv - realtime dv / hdv video production,,1232.58,,2383
DN2-02906,symantec 10725608 - norton internet security 2007 - internet security - 1 user(s) - pc,,64.97,,2385
DN2-02907,sat act & psat 2007 platinum,,29.85,,2389
DN2-02908,office pro 2007 upgrade - microsoft - 269-10294,,,,2391
DN2-02909,netopia sw2510p,netopia,586.77,,2392
DN2-02910,autodesk maya 8.5 unlimited 3d animation software - slm animation software,,6998.5,,2393
DN2-02911,iolo technologies ds3e25,iolo technologies,336.3,,2394
DN2-02912,instant immers french dlx 2,,27.57,,2395
DN2-02913,macrovision corporation consumer s/w update 4.0 tier 3 rnwl 5k-9999 - up04003j,,3159,,2398
DN2-02914,individual software jce-th6 total 3d home deluxe j/c,individual software,9.99,,2401
DN2-02915,freeverse software 4012 3d bridge deluxe (retail box) for mac,freeverse software,18.99,,2402
DN2-02916,emc auth mgr mnt base 9x5 23m per/u 7505-10000u - aut0010000bs23,,17,,2403
DN2-02917,individual software prm-rce resumemaker career edition,individual software,34.99,,2406
DN2-02918,individual software qne-t15 typing quick & easy 15.0,individual software,24.99,,2407
DN2-02919,brocade comm 4100 secure fabric os w/2yr sw sup - br-3900sec-02-t,,9534,,2410
DN2-02920,native instruments traktor dj studio 3 - software based dj rig music production software,,124.5,,2411
DN2-02921,ik multimedia groovemaker le live-remixing liveremixing software music production software,,29.99,,2413
DN2-02922,antivirus 2007 win uk - ca - av2007dgbp01e,,,,2416
DN2-02923,emc securid appl mnt - ent/ ext 23mo per u 5005-7500 - app0007500ee23,,23,,2417
DN2-02924,panda software gatdef performa anti-mal ware mod 3001-5k 2yr - a2pgdpaavi-edu,,18,,2418
DN2-02925,emc securid appl mnt - ent/ std 5mo per u 30005-40k - app0040000es5,,13,,2421
DN2-02926,vitec multimedia mpeg toolbox-2 toolbox2 software authoring software,,149.95,,2423
DN2-02927,zetafax 10u tech support annual technical support pack,,109.99,,2424
DN2-02928,individual software prm-ss3 - professor teaches office super set (mass merchant box) (win 98 me 2000 xp),,27.97,,2425
DN2-02929,individual software pmm-ss3 - professor teaches office super set (small box) (win 98 me 2000 xp),,27.97,,2426
DN2-02930,ik multimedia ez-mixer ezmixer software music production software,,29.99,,2427
DN2-02931,encore software 11960 - hoyle casino 3d - win 98 me 2000 xp,,7.69,,2432
DN2-02932,encore software 10032 - the print shop 21 essentials by broderbund,,17.97,,2467
DN2-02933,encore software 10444 - elementary school advantage 2007 sb cs by encore,,25.97,,2470
DN2-02934,global marketing partners mcid - global marketing magicard id professional software - educational software - complete product,,210.97,,2471
DN2-02935,the sky 6 professional edition - astronomy software,,189.95,,2472
DN2-02936,turtle-beach used wave 2-0 20 software for windows software & plug ins,,19.95,,2474
DN2-02937,spectrasonics sample dvd: ethno techno sage xpander sounds for software,,98.95,,2475
DN2-02938,east west propack for garageband av production software,,152.96,,2476
DN2-02939,qp card qp colorkit 1 color management software,,99.95,,2480
DN2-02940,madison media software asams7000 - sony creative software acid music studio v.7.0 - music editing/composing - pc,,44.97,,2483
DN2-02941,phase one capture-one pro dslr raw image editing software for macintosh & windows.,,399.95,,2486
DN2-02942,filemover software utility,,21.1,,2488
DN2-02943,pcmover software utility,,39.96,,2489
DN2-02944,sony creative software vegas43;dvd v.7.0 complete product,,420.55,,2490
DN2-02945,olympus pro studio capture software,,149.99,,2491
DN2-02946,sony creative software sound forge audio studio v.8.0 complete product,,55.29,,2492
DN2-02947,sony creative software sound forge audio studio v.8.0 complete product,,46.47,,2493
DN2-02948,avid xpress pro video editing software for mac and windows professional editing software,,1449,,2494
DN2-02949,smart-sound sonicfire pro 4 mega bundle - windows xp audio software for video,,798.95,,2495
DN2-02950,pc-cillin internet security 2007 3-user (win me 2000 xp),,49.95,,2499
DN2-02951,behringer ucg102 guitar link guitar-to-usb guitartousb interface usb interfaces & software,,39.99,,2500
DN2-02952,classics the: the piano (audio book),,29.95,,2501
DN2-02953,onone software pxe-11433 pxl smartscale elect 1-user english mac/win,onone software,158.99,,2502
DN2-02954,component software: beyond object-oriented programming by clemens szyperski,,59.99,,2504
DN2-02955,statistical methods in software engineering: reliability and risk 9780387988238,,99,,2506
DN2-02956,agile software development quality assurance,,148.5,,2507
DN2-02957,software reliability and testing by hoang pham 9780818668524,,38.95,,2508
DN2-02958,software engineering and computer games by rudy vb rucker 9780201767919,,76.6,,2510
DN2-02959,bringing design to software: expanding software development to include design,,44.54,,2512
DN2-02960,testing in software development 9780521337861,,24.99,,2514
DN2-02961,software engineering measurement and analysis by steven strauss 9780849319303,,89.95,,2516
DN2-02962,systematic software testing by rick d. craig 9781580535083,,73.5,,2518
DN2-02963,software requirements by karl eugene wiegers 9780735618794,,24.03,,2519
DN2-02964,modeling software with finite state machines: a practical approach,,89.95,,2520
DN2-02965,software requirements specification design and implementation 9780849319921,,79.95,,2521
DN2-02966,cms products dt-sftw - bounceback data transfer software - license & media - migration - 1 user(s) - license & media - standard - pc,,8.53,,2522
DN2-02967,software test automation: effective use of test execution tools,,47.74,,2523
DN2-02968,software requirements using the unified process: a practical approach,,44.99,,2524
DN2-02969,software engineering with reusable components by j. sametinger 9783540626954,,92,,2525
DN2-02970,sage software acts2005rt act! 7.0 2005,sage software,225.99,,2527
DN2-02971,intervideo windvd 8 platinum (pc),,59.99,,2528
DN2-02972,b + w portrait & family digital filter set plug-in software filters for photoshop for macintosh & windows,,59.95,,2529
DN2-02973,managing the change: software configuration & change management by michael haug,,64.95,,2530
DN2-02974,system software: an introduction to systems programming by leland l. beck,,111.6,,2531
DN2-02975,onone software ice-10770 intellihance pro 4.1 mac/win (buy now and get free cs3 compatibility upgrades),onone software,158.99,,2532
DN2-02976,lessons learned in software testing by cem kaner 9780471081128,,24.26,,2533
DN2-02977,aec software 1018001000132 fasttrack schedule 8 pda,aec software,85.99,,2534
DN2-02978,getting results from software development teams,,27.35,,2535
DN2-02979,software product line engineering; a family-based software development process,,49.95,,2536
DN2-02980,software testing,,28.69,,2537
DN2-02981,software measurement and estimation: a practical approach,,73.54,,2538
DN2-02982,software architectures and component technology 9780792375760,,205,,2539
DN2-02983,function point analysis: measurement practices for successful software projects,,54.44,,2540
DN2-02984,visual modeling with rational software architect and uml,,42.56,,2541
DN2-02985,sony creative software vegas43;dvd production suite v.7.0 complete product,,262.82,,2542
DN2-02986,onone software mpr-40212 mask pro 4.0 upgrade (buy now and get free cs3 compatibility upgrades),onone software,69.99,,2543
DN2-02987,d-link vpn client software (5-user license) - ds-605 ds-605,,173.99,,2544
DN2-02988,d-link vpn client software (1-user license) - ds-601 ds-601,,42.99,,2545
DN2-02989,abacus software s482 scenic railway add-on for pc,abacus software,24.99,,2547
DN2-02990,abacus software s461 train sim modeller for pc,abacus software,32.99,,2548
DN2-02991,abacus software 1557555117 flight deck iii for pc,abacus software,28.99,,2549
DN2-02992,apple xsan 1.4 san data storage consolidation and file sharing software apple & mac software,,999,,2551
DN2-02993,iparrot spanish/english phrase translator software for ipod ipod software,,19.95,,2553
DN2-02994,pinnacle studio plus v11 video editing software for windows consumer video editing software,,99.95,,2554
DN2-02995,pinnacle studio v11 video editing software for windows consumer video editing software,,49.95,,2555
DN2-02996,iparrot thai/english phrase translator software for ipod ipod software,,19.95,,2556
DN2-02997,sony vegas7.0+dvd editing software with sound forge 8 for windows professional editing software,,549.95,,2557
DN2-02998,evaluating software architectures: methods and case studies by paul clements,,64.99,,2559
DN2-02999,abacus software s515 flight simulation sea plane adventures pc,abacus software,28.99,,2560
DN2-03000,abacus software s fs commuter pilot - pc,abacus software,28.99,,2561
DN2-03001,ce software 4501eu01up35 quickeys 5.0 upgrade from 3.x,ce software,41.5,,2562
DN2-03002,abacus software 5563 abacus 5563 - private pilot ii,abacus software,28.99,,2563
DN2-03003,abacus software s532 military aircraft collection for pc,abacus software,18.99,,2564
DN2-03004,abacus software s546 usa extreme landscapes for fs2004 and fs2002 - 3cd set,abacus software,28.99,,2565
DN2-03005,abacus software s513 fligth simulation whirly birds adventures pc,abacus software,28.99,,2566
DN2-03006,ce software 4501eu01up40 quickeys 5.0 upgrade from 4.0,ce software,35.95,,2567
DN2-03007,ce software 4x30eu01up20 quickeys x3 upgrade from 2.0,ce software,29.95,,2568
DN2-03008,abacus software 5562 chopper havoc for pc,abacus software,28.99,,2570
DN2-03009,abacus software s568 vietnam carrier ops,abacus software,28.99,,2571
DN2-03010,abacus software s552 fs fighter pilot for fs2004 and fs2002,abacus software,28.99,,2572
DN2-03011,abacus software ss69 corporate pilot 2,abacus software,28.99,,2573
DN2-03012,practical software estimation: function point methods for insourced and,,39.59,,2574
DN2-03013,estimating software-intensive systems: projects products and processes,,59.99,,2575
DN2-03014,essential software architecture,,53.41,,2576
DN2-03015,the engineering of software: a technical guide for the individual by dick hamlet,,100.6,,2577
DN2-03016,fundamentals of software engineering by carlo ghezzi 9780133056990,,107,,2578
DN2-03017,software management approaches: project management estimation and life cycle,,64.95,,2579
DN2-03018,multimedia software engineering by shi-kuo chang 9780792377368,,171,,2580
DN2-03019,software engineering using the upedu by pierre n. robillard 9780201754544,,92.2,,2581
DN2-03020,non-functional requirements in software engineering by lawrence chung,,258,,2582
DN2-03021,how to break software: a practical guide to testing with cdrom 9780201796193,,37.1,,2583
DN2-03022,practical software reuse by michel ezran 9781852335021,,63.95,,2584
DN2-03023,software architect bootcamp by raphael malveau 9780131412279,,49.99,,2585
DN2-03024,advances in machine learning applications in software engineering,,94.95,,2586
DN2-03025,peer reviews in software: a practical guide by karl eugene wiegers,,44.54,,2587
DN2-03026,punch software 90500 home design studio - mac,punch software,135.99,,2588
DN2-03027,the build master: microsoft's software configuration management best practices,,39.59,,2589
DN2-03028,datanav: the alpha and omega of software,,22.94,,2590
DN2-03029,documenting software architectures: views and beyond by paul clements,,74.99,,2591
DN2-03030,agile software development ecosystems: problems practices and principles,,49.99,,2592
DN2-03031,applied statistics for software managers by katrina maxwell 9780130417893,,54.99,,2593
DN2-03032,making the software business case by reifer donald j. 9780201728873,,34.64,,2594
DN2-03033,scaling software agility: best practices for large enterprises,,42.56,,2595
DN2-03034,software project secrets: software project secrets: software projects fail?,,39.99,,2596
DN2-03035,experimentation in software engineering: an introduction by claes wohlin,,177,,2597
DN2-03036,cleanroom software engineering: technology and process,,49.95,,2598
DN2-03037,software architecture: organization principles and patterns by david dikel,,62.5,,2599
DN2-03038,more about software requirements: thorny issues and practical advice,,17.99,,2600
DN2-03039,improving software quality: an insider's guide to tqm by lowell jay arthur,,90,,2601
DN2-03040,architecture-centric software project management: a practical guide,,39.59,,2602
DN2-03041,practical software maintenance: best practices for managing your software,,90,,2603
DN2-03042,software paradigms by stephen h. kaisler 9780471483472,,99.95,,2604
DN2-03043,ontologies for software engineering and software technology,,99,,2605
DN2-03044,software product lines: practices and patterns by paul clements 9780201703320,,64.99,,2606
DN2-03045,freeverse software 006 active lancer,freeverse software,18.99,,2607
DN2-03046,freeverse software 010 wingnuts 2 - raina's revenge,freeverse software,23.95,,2608
DN2-03047,freeverse software 4015 big bang board games,freeverse software,18.99,,2609
DN2-03048,individual software pro-tsm hanes t-shirt maker deluxe,individual software,24.99,,2610
DN2-03049,individual software prm-xw3 professor teaches excel & word,individual software,24.99,,2611
DN2-03050,freeverse software 4024 robin hood: the legend of sheerwood,freeverse software,28.99,,2612
DN2-03051,building secure software: how to avoid security problems the right way,,59.99,,2613
DN2-03052,psp(sm): a self-improvement process for software engineers,,54.99,,2614
DN2-03053,design for trustworthy software: tools techniques and methodology of,,58.99,,2615
DN2-03054,individual software jce-th6 total 3d home deluxe j/c,individual software,9.99,,2616
DN2-03055,individual software jce-wn5 professor teaches windows j/c,individual software,9.99,,2617
DN2-03056,vitec multimedia mpeg-cut-machine mpegcutmachine hardware and software bundle authoring software,,999,,2618
DN2-03057,lumiquest ultra image plug-in software for photoshop 6.0 and higher with fuji s2 pro and similar fuji digital cameras for windows & macintosh,,63.95,,2619
DN2-03058,motu dp5 software music production software,,499.95,,2620
DN2-03059,freeverse software 4001 northland,freeverse software,19.99,,2624
DN2-03060,individual software prm-rce resumemaker career edition,individual software,34.99,,2625
DN2-03061,freeverse software 4012 3d bridge deluxe (retail box) for mac,freeverse software,18.99,,2626
DN2-03062,lumiquest ultra image plug-in software for photoshop 6.0 and higher with kodak pro 14n and other digital cameras for windows & macintosh,,59.95,,2627
DN2-03063,zonealarm antivirus 2007 (pc) zonelabs,,29.99,,2632
DN2-03064,sony acid music studio (pc),,69.99,,2633
DN2-03065,middle school advantage premier edition (15 cd set),,24.95,,2634
DN2-03066,chainz,,7.95,,2635
DN2-03067,big oil: build an oil empire,,8.95,,2636
DN2-03068,global software a8658jch - smart steps kinder - win 95 98 me 2000 xp vista,,9.08,,2637
DN2-03069,steinberg nuendo 3 - educational edition music production software,,999.99,,2647
DN2-03070,nik software color efex pro 2.0 complete edition for nikon capture 4 plug-in software for macintosh & windows,,169.95,,2648
DN2-03071,grass valley edius 4 pro video editing software professional editing software,,449.95,,2650
DN2-03072,datavideo ppt-100 ppt100 powerpoint to dv vga to dv-25 video converter software presentation software,,194.95,,2651
DN2-03073,line 6 toneport kb37 interface and software bundle usb interfaces & software,,299.99,,2652
DN2-03074,mackie tracktion 3 ultimate bundle music production software,,249.99,,2653
DN2-03075,pearson education book: the adobe photoshop lightroom book photoshop software,,39.95,,2655
DN2-03076,ca anti-spyware 2007,,24.99,,2656
DN2-03077,onone software mpr-40212 mask pro 4.0 upgrade (buy now and get free cs3 compatibility upgrades),onone software,69.99,,2661
DN2-03078,individual software resumemaker professional ultimate,,39.99,,2663
DN2-03079,ejay dj mix station 3 digital leisure,,29.99,,2664
DN2-03080,laplink software 4371 - ringtone media studio,,22.97,,2665
DN2-03081,webroot spy sweeper spanish edition (pc),,29.99,,2667
DN2-03082,fujifilm hyper utility software hs-v3 hsv3 other software,,109.95,,2668
DN2-03083,mobile media converter (pc) pinnacle,,24.99,,2671
DN2-03084,avid avid xpress pro hd real-time realtime video editing software + avid mojo hardware professional editing software,,1999,,2674
DN2-03085,panda internet security 2007 panda software,,49.99,,2675
DN2-03086,proprompter pocket pc teleprompter software prppppcs5 software for teleprompters,,94.95,,2676
DN2-03087,cosmi imusictools (pc),,19.99,,2680
DN2-03088,migo xp to vista easy-sync suite (pc) stomp,,29.99,,2682
DN2-03089,pearson education book-dvd: bookdvd: apple pro training series: shake 3 photoshop software,,44.95,,2683
DN2-03090,microsoft office accounting professional 2007 (pc),,229.95,,2684
DN2-03091,books by you (pc/mac) knowledge adventure,,19.99,,2685
DN2-03092,photo explosion deluxe 3.0 nova,,49.99,,2689
DN2-03093,roxio recordnow 9 music lab (pc),,29.99,,2692
DN2-03094,magix music maker 12 deluxe (pc) magix entertainment,,59.99,,2702
DN2-03095,microsoft money 2007 premium (pc),,79.99,,2704
DN2-03096,susteen data pilot universal essentials,,59.99,,2709
DN2-03097,elementary school space - the universe (pc/mac) fogware,,9.99,,2710
DN2-03098,magix movie edit pro 12 (pc) magix entertainment,,49.99,,2711
DN2-03099,school zone flash action alphabet/numbers 1-100 (pc & mac) (08410),,9.59,,2716
DN2-03100,printshop home & office labels,,8.95,,2718
DN2-03101,bodyworks 6.0 25-user building site license,,89.95,,2719
DN2-03102,virtual labs: light,,5.49,,2720
DN2-03103,pressure pop!,,8.95,,2721
DN2-03104,aec software 1018001000132 fasttrack schedule 8 pda,aec software,85.99,,2722
DN2-03105,essential business tools 2.0,,9.95,,2723
DN2-03106,abacus software s fs commuter pilot - pc,abacus software,28.99,,2724
DN2-03107,let's make stickers,,8.95,,2725
DN2-03108,abacus software 1557555117 flight deck iii for pc,abacus software,28.99,,2726
DN2-03109,backyard skateboarding,,7.95,,2727
DN2-03110,steinberg studio case 2 music production system - educational discount music production software,,164.95,,2728
DN2-03111,fujifilm hyper utility software hs-v3 hsv3 upgrade other software,,59.95,,2730
DN2-03112,musical adventure - vivaldi,,5.95,,2731
DN2-03113,cluefinders 3rd grade adventures with adapt,,9.95,,2732
DN2-03114,ce software 4x30eu01up20 quickeys x3 upgrade from 2.0,ce software,29.95,,2733
DN2-03115,abacus software s513 fligth simulation whirly birds adventures pc,abacus software,28.99,,2734
DN2-03116,ce software 4501eu01up35 quickeys 5.0 upgrade from 3.x,ce software,41.5,,2735
DN2-03117,rayman 10th anniversary collection,,8.95,,2736
DN2-03118,abacus software s568 vietnam carrier ops,abacus software,28.99,,2737
DN2-03119,spanish before you know it deluxe,,10.95,,2738
DN2-03120,abacus software s532 military aircraft collection for pc,abacus software,18.99,,2739
DN2-03121,scansoft pdf converter 4,,37.95,,2740
DN2-03122,abacus software 5562 chopper havoc for pc,abacus software,28.99,,2741
DN2-03123,er - the game,,9.95,,2742
DN2-03124,abacus software 5563 abacus 5563 - private pilot ii,abacus software,28.99,,2743
DN2-03125,high school - world history (pc/mac) fogware,,9.99,,2744
DN2-03126,abacus software s546 usa extreme landscapes for fs2004 and fs2002 - 3cd set,abacus software,28.99,,2745
DN2-03127,abacus software ss69 corporate pilot 2,abacus software,28.99,,2747
DN2-03128,abacus software s461 train sim modeller for pc,abacus software,32.99,,2748
DN2-03129,abacus software s482 scenic railway add-on for pc,abacus software,24.99,,2749
DN2-03130,iolo system mechanic 7 professional (pc),,69.99,,2750
DN2-03131,abacus software s515 flight simulation sea plane adventures pc,abacus software,28.99,,2751
DN2-03132,sony photo go,,24.99,,2752
DN2-03133,ce software 4501eu01up40 quickeys 5.0 upgrade from 4.0,ce software,35.95,,2753
DN2-03134,freeverse software 5003 bumpercar 2.0 mac web browser,freeverse software,28.99,,2754
DN2-03135,bias peak pro xt 5 software bundle music production software,,999,,2755
DN2-03136,abacus software s552 fs fighter pilot for fs2004 and fs2002,abacus software,28.99,,2756
DN2-03137,panasonic wv-as20 wvas20 network management software cctv software,,399.95,,2757
DN2-03138,canon vk-16 vk16 version 1.1 network video recording software software & accessories,,1000,,2758
DN2-03139,freeverse software 010 wingnuts 2 - raina's revenge,freeverse software,23.95,,2759
DN2-03140,class on demand photoshop cs fast track training dvd photoshop software,,79.95,,2760
DN2-03141,encore software 10881 - family tree maker version 16 standard sb cs by family tree maker,,42.97,,2762
DN2-03142,crayola first ladies costume maker,,9.95,,2765
DN2-03143,britannica quiz show,,8.95,,2766
DN2-03144,quickstart pc cleaner xp,,8.95,,2767
DN2-03145,mortgage master,,8.95,,2768
DN2-03146,pokemon team turbo,,7.95,,2769
DN2-03147,superstart! spelling bee,,8.95,,2770
DN2-03148,blue's clues preschool,,7.95,,2771
DN2-03149,reader rabbit learn to read with phonics! preschool & kindergarten,,12.95,,2772
DN2-03150,mickey's toddler - with active leveling advantage!,,8.95,,2773
DN2-03151,south park chef's luv shack,,6.95,,2774
DN2-03152,tank battle,,8.95,,2775
DN2-03153,lego island 2: the brickster's revenge,,9.95,,2776
DN2-03154,spanish vocabulary builder,,6.95,,2777
DN2-03155,magix audio cleaning lab 10,,16.95,,2778
DN2-03156,home budget for dummies,,10.95,,2779
DN2-03157,quickstudy us government,,8.95,,2780
DN2-03158,encyclopedia of our living oceans,,8.95,,2781
DN2-03159,zonealarm wireless security 2005,,9.95,,2782
DN2-03160,thief ii: the metal age,,8.95,,2783
DN2-03161,student dictionary,,8.95,,2784
DN2-03162,microsoft windows vista business full version,,249.95,,2785
DN2-03163,home & landscape design center,,8.49,,2786
DN2-03164,professor teaches windows xp home & pro,,12.49,,2787
DN2-03165,clifford the big red dog - reading pack,,19.95,,2788
DN2-03166,ultimate pinball,,6.95,,2789
DN2-03167,wacky farm,,8.95,,2790
DN2-03168,thinkin' things toony the loon's lagoon,,8.95,,2791
DN2-03169,state standards - grade 6,,9.49,,2792
DN2-03170,superstart! science arcade,,8.95,,2793
DN2-03171,mighty math number heroes,,9.95,,2794
DN2-03172,madeline rainy day activities,,9.95,,2795
DN2-03173,rainbow fish and the whale,,6.95,,2796
DN2-03174,treasure galaxy 5-user lab pack for mac,,22.95,,2797
DN2-03175,thinkin' things galactic brain benders,,8.95,,2798
DN2-03176,namco museum 50th anniversary,,16.95,,2799
DN2-03177,season ticket football 2003,,9.95,,2800
DN2-03178,luxor,,12.95,,2801
DN2-03179,quickstart photo montage studio,,9.95,,2802
DN2-03180,tonka raceway,,7.95,,2803
DN2-03181,scene it - the dvd game: movie edition with bonus warner bros. television game pack,,24.95,,2804
DN2-03182,educator's choice phonics excelerator,,4.95,,2805
DN2-03183,adventure inlay,,9.95,,2807
DN2-03184,reader rabbit kindergarten special 2-cd edition,,12.95,,2808
DN2-03185,encyclopedia britannica profiles: dinosaurs!,,8.95,,2809
DN2-03186,printmaster platinum 16,,19.95,,2810
DN2-03187,police quest compilation,,18.95,,2811
DN2-03188,elementary advantage 2007,,12.95,,2812
DN2-03189,elementary school success deluxe 2006,,12.95,,2813
DN2-03190,tonka town,,7.95,,2814
DN2-03191,startopia,,14.95,,2815
DN2-03192,easy home massage - dvd,,10.95,,2816
DN2-03193,super solvers - spellbound! ! - school edition for mac,,17.95,,2817
DN2-03194,1001 essential letters,,6.95,,2818
DN2-03195,fallout collection (dvd-rom),,24.49,,2819
DN2-03196,clifford the big red dog - thinking adventures,,8.95,,2820
DN2-03197,easy drums,,12.95,,2821
DN2-03198,speak & learn! dutch,,14.95,,2823
DN2-03199,orgchart professional 1.3,,39.95,,2824
DN2-03200,norton antivirus 2007 - 3 user pack,,49.95,,2825
DN2-03201,encyclopedia britannica 2007 ready reference,,8.95,,2826
DN2-03202,let's explore mars,,8.95,,2827
DN2-03203,qb customer manager 2.5,,76.75,,2828
DN2-03204,adobe acrobat professional 7,,350,,2829
DN2-03205,wacky bird hunter,,8.95,,2830
DN2-03206,treasure mountain,,8.95,,2831
DN2-03207,tonka search & rescue 2,,7.95,,2832
DN2-03208,reader rabbit reading learning system 2007,,12.95,,2833
DN2-03209,qb pos 6.0 basic rtailrs hw/sw,,1272.08,,2835
DN2-03210,procoder 3,,438.07,,2836
DN2-03211,vegas7 + dvd upgrade,,226.56,,2837
DN2-03212,ti interactive student version,,63.02,,2838
DN2-03213,edius pro 4,,599.97,,2842
DN2-03214,studio ultimate version 11,,129.1,,2843
DN2-03215,instant immers japanese dlx 2.,,36.11,,2844
DN2-03216,individual software business planmaker pro 2008 (pc),,39.99,,2846
DN2-03217,punch software 90500 home design studio - mac,punch software,135.99,,2847
DN2-03218,quickbooks pro 2007 3 user,,409.52,,2853
DN2-03219,quickbooks pro 2007 win,,192.26,,2854
DN2-03220,hoyle game collection - 4 game pack,,14.95,,2856
DN2-03221,csi: crime scene investigation,,10.95,,2857
DN2-03222,hoyle card games,,9.95,,2858
DN2-03223,cluefinders 3rd grade adventures: mystery of mathra,,10.95,,2860
DN2-03224,aec software 10101090120000101 - aec fasttrack schedule v.9.0 - complete product - project management/version control - 1 user - complete product - standard - pc,,348.97,,2861
DN2-03225,state standards - grade 8,,9.49,,2862
DN2-03226,instant home cooking,,9.95,,2863
DN2-03227,ghostsurf 2006 platinum,,14.95,,2864
DN2-03228,personal record keeper 5.0,,8.95,,2865
DN2-03229,encore software 13851 - tlc blues clues preschool learning system 2008,,17.97,,2866
DN2-03230,let's learn about time & date,,8.95,,2868
DN2-03231,encore software 10891 - family tree maker version 16 essential sb cs,,25.97,,2869
DN2-03232,mother goose - interactive storybook,,8.95,,2870
DN2-03233,star wars episode iii activity center,,10.95,,2871
DN2-03234,calendar creator 10,,8.95,,2872
DN2-03235,resumemaker premier,,12.95,,2873
DN2-03236,punch software 90500 home design studio - mac,punch software,135.99,,2874
DN2-03237,print workshop 2006 limited edition + 800000+ images,,7.95,,2875
DN2-03238,living trust builder,,8.95,,2876
DN2-03239,sega smash pack 2,,8.95,,2877
DN2-03240,resume maker professional 12,,17.95,,2878
DN2-03241,jaws unleashed,,7.95,,2879
DN2-03242,math learning system 2007,,15.95,,2880
DN2-03243,quickbooks pro 2007 3 user,intuit,398.99,,2881
DN2-03244,zoboomafoo animal logic with workbook combo,,9.95,,2882
DN2-03245,prison tycoon,,8.95,,2883
DN2-03246,post mortem,,7.49,,2884
DN2-03247,backyard soccer mls edition,,8.95,,2885
DN2-03248,easy outdoor gardening,,8.95,,2886
DN2-03249,who wants to be a millionaire sports edition,,8.95,,2887
DN2-03250,zipmagic personal edition,,8.95,,2888
DN2-03251,backyard basketball & backyard hockey double pack,,9.95,,2889
DN2-03252,super solvers - mission think - 25 user site license,,79.95,,2890
DN2-03253,20 gb hard drive for xbox 360,,99.99,,2891
DN2-03254,namco hometech me & my katamari,,26.55,,2892
DN2-03255,abacus software flight deck 4,,24.99,,2893
DN2-03256,socrates media personal legal forms & agreements,,26.99,,2894
DN2-03257,adobe dreamweaver cs3 - complete package - 1 user - academic - cd - windows,,189,,2895
DN2-03258,adsl modem brg eth brtr-1pt 10bt 1adsl 8m rs232,,111.95,,2896
DN2-03259,downloadable dark messiah might and magic + download protection,,29.99,,2897
DN2-03260,quickbooks(r) pro 2003,,299.77,,2898
DN2-03261,wincleaner(tm) complete pc care,,69.99,,2899
DN2-03262,webroot(r) spy sweeper(tm) 2006,,29.99,,2900
DN2-03263,sony playstation 2: justice league heroes,,29.99,,2901
DN2-03264,sony playstation 2: street fighter alpha anthology,,29.99,,2902
DN2-03265,windows vista ultimate - upgrade,,259,,2903
DN2-03266,mylabels premium,,29.99,,2904
DN2-03267,quickbooks(r) premier: accountant edition 2007,,399.99,,2905
DN2-03268,ultimate fonts,,19.99,,2906
DN2-03269,systemsuite 6(tm) professional mini,,49.99,,2907
DN2-03270,nintendo gamecube: sonic riders,,19.99,,2908
DN2-03271,microsoft(r) word 2007,,109.99,,2909
DN2-03272,quickbooks(r) pro 2007,,179.99,,2910
DN2-03273,microsoft(r) windows vista(tm) home basic,,99.99,,2911
DN2-03274,adobe(r) photoshop(r) cs windows full version,,590.92,,2912
DN2-03275,20' classic instrument cable (pw-cgt-20),,14.39,,2914
DN2-03276,cf scan card 5m with adapter type ii cf withclass1laser barcode scanner (is5031-622),,393.59,,2916
DN2-03277,transfer my dvd (6601),,28.75,,2917
DN2-03278,total 3d home deluxe (jewel case) (jce-th6),,9.59,,2923
DN2-03279,studio plus version 11,pinnacle systems,90.99,,2926
DN2-03280,lock on - modern air combat,,7.49,,2927
DN2-03281,math missions: the race to spectacle city arcade (grades k-2),,8.49,,2928
DN2-03282,world of wild cats,,8.95,,2929
DN2-03283,disney's buzz lightyear 2nd grade,,8.95,,2930
DN2-03284,ultimate puzzle collection,,9.95,,2931
DN2-03285,delorme earthmate gps lt-20 with street atlas 2007 usa/canada (ae-7738-203),,67.19,,2932
DN2-03286,xbox: scarface: the world is yours,,39.99,,2935
DN2-03287,nintendo ds: yoshis island ds (game guide),,14.99,,2936
DN2-03288,goldmine(r) standard edition 6.7,,199.99,,2937
DN2-03289,nintendo wii: call of duty 3,,19.99,,2938
DN2-03290,g-pak organizer case for nintendo ds lite gaming console - pink,,19.99,,2939
DN2-03291,microsoft(r) windows vista(tm) business,,199.99,,2940
DN2-03292,xbox live 1600 points,,19.99,,2942
DN2-03293,webroot(r) window washer(tm) 5.0,,28.99,,2943
DN2-03294,xl-5130 - sewing machine,,129.95,,2944
DN2-03295,spanish advantage 2007,,28.99,,2945
DN2-03296,quickbooks(r) credit card processing kit 2007,,39.99,,2946
DN2-03297,quicken(r) premier 2007,,79.99,,2947
DN2-03298,gamelink vga a/v kit for xbox 360,,49.99,,2948
DN2-03299,photostudio(r) expressions 2.0,,29.99,,2949
DN2-03300,colorvision spydertv pro,,599.99,,2950
DN2-03301,adobe dreamweaver cs3 - complete package - 1 user - academic - cd - mac,,189,,2951
DN2-03302,family tree maker deluxe 11.2,,69.97,,2952
DN2-03303,broderbund ultimate print and craft suite,,49.99,,2953
DN2-03304,mcafee virusscan 8.0,,49.99,,2954
DN2-03305,abbyy fine reader 5.0 pro mac,,128.95,,2955
DN2-03306,kiplingers home & business attorney,,29.99,,2956
DN2-03307,zonealarm(r) internet security suite,,49.99,,2957
DN2-03308,palo alto business plan pro 2007,,83.99,,2958
DN2-03309,delorme street atlas usa 2004,,49.97,,2959
DN2-03310,konami of america yu-gi-oh: capsule mon - playstation 2,,8.27,,2960
DN2-03311,ibm(r) viavoice(r) standard edition 10,,49.99,,2961
DN2-03312,nintendo gamecube: sonic heroes,,19.95,,2962
DN2-03313,computer associates etrust antivirus r8 - multilanguage - 1 user,,49.99,,2963
DN2-03314,graphics software,,99.92,,2964
DN2-03315,mymaillist deluxe,,49.99,,2965
DN2-03316,act! 2007,,199.99,,2966
DN2-03317,photoshow deluxe,,39.92,,2967
DN2-03318,software,,153.99,,2968
DN2-03319,wheel of fortune(r),,19.99,,2969
DN2-03320,business planmaker deluxe,,49.99,,2970
DN2-03321,vhs to dvd 3.0 deluxe,,99.99,,2971
DN2-03322,oxford english/spanish dictionary expansion sd/mmc card for palm os(r) and pocket pc,,49.99,,2972
DN2-03323,microsoft(r) windows(r) xp professional edition with sp2,,199.99,,2973
DN2-03324,adobe creative suite 3 (cs3) design suite standard upgrade (upsell) - mac,,859.96,,2974
DN2-03325,business plan pro(r) 2004,,99.87,,2975
DN2-03326,versacheck(r) 2003 platinum,,89.99,,2976
DN2-03327,adobe flash cs3 professional - complete package - 1 user - academic - cd - windows,,229,,2977
DN2-03328,motorola surfboard sbg900 wireless cable modem gateway - wireless router,,112.95,,2978
DN2-03329,adobe(r) photoshop(r) album 1.0,,49.88,,2979
DN2-03330,software,,46.99,,2980
DN2-03331,norton antivirus 2004,,49.99,,2981
DN2-03332,konami of america silent hill experience the,,7.08,,2982
DN2-03333,starcraft ghost,,49.99,,2983
DN2-03334,microsoft(r) project standard 2007,,599.95,,2984
DN2-03335,ghostsurf professional utilities software,,29.92,,2985
DN2-03336,xbox 360: crackdown,,59.99,,2986
DN2-03337,socrates media contractors library software,,43.99,,2987
DN2-03338,microsoft(r) powerpoint(r) 2002 upgrade,,108.87,,2988
DN2-03339,act!(r) 2005 5-user pack,,999.99,,2989
DN2-03340,turbosketch(tm) studio,,89.99,,2990
DN2-03341,quicken(r) rental property manager 2.0,,99.99,,2991
DN2-03342,versacheck(r) 2003 personal premier,,29.99,,2992
DN2-03343,the print shop(r) elements: labels logos & more,,19.99,,2993
DN2-03344,macbackup,,29.99,,2994
DN2-03345,xbox 360: guitar hero 2 bundle,,89.99,,2995
DN2-03346,microsoft(r) money 2004 standard,,29.99,,2996
DN2-03347,photostamps(r) business edition,,49.99,,2997
DN2-03348,quark quarkxpress 7 upgrade for mac & windows,,244.99,,2998
DN2-03349,corel(r) snapfire(tm) plus,,39.99,,2999
DN2-03350,microsoft office onenote 2007 - complete package - 1 pc - cd - win - english,,78.99,,3000
DN2-03351,adobe creative suite 3 web standard - complete package - academic - cd - mac,,369,,3001
DN2-03352,math success(tm) deluxe 2007,,49.99,,3002
DN2-03353,microsoft(r) mappoint(r) 2006,,249.99,,3003
DN2-03354,symantec(tm) norton systemworks(tm) premier 2006,,99.99,,3004
DN2-03355,marine aquarium & goldfish aquarium,,19.99,,3005
DN2-03356,versacheck(r) gold 2005,,59.97,,3006
DN2-03357,microsoft(r) project standard 2007,,349.95,,3007
DN2-03358,roxio(r) easy media creator(r) 9 suite,,99.99,,3008
DN2-03359,calendar creator 10,,30.92,,3009
DN2-03360,xbox 360: forza motorsport 2,,59.99,,3010
DN2-03361,xbox 360: call of action 3 - gold edition,,59.99,,3011
DN2-03362,microsoft(r) office ultimate 2007,,539.95,,3012
DN2-03363,quicken(r) 2004 basic,,29.99,,3013
DN2-03364,alsoft disk warrior v/5 cd,,107.95,,3014
DN2-03365,avery(r) designpro(tm) deluxe version 5.0,,39.99,,3015
DN2-03366,xbox: halo 2,,29.95,,3016
DN2-03367,microsoft(r) project 2002,,329.99,,3017
DN2-03368,microsoft(r) picture it! photo premium 9.0,,49.92,,3018
DN2-03369,xbox 360 faceplate - hotrod,,16.99,,3019
DN2-03370,family tree maker 16 collectors edition,,99.99,,3020
DN2-03371,slideshow expressions(tm),,19.99,,3021
DN2-03372,professor(r) teaches office 2003,,29.97,,3022
DN2-03373,screenblast acid 4.0,,69.97,,3023
DN2-03374,mcafee personal firewall plus,,39.97,,3024
DN2-03375,software,,621.99,,3025
DN2-03376,adobe photoshop elements 5.0 plus adobe premiere elements 3.0 ??? with teacher resource center cd,,104.99,,3026
DN2-03377,system mechanic(r) 5 professional,,69.95,,3027
DN2-03378,microsoft(r) money 2007 deluxe,,49.99,,3028
DN2-03379,findex.com quickverse bible study 2007 mobile deluxe,,24.99,,3029
DN2-03380,sony playstation 2: karaoke revolution: american idol bundle,,49.99,,3030
DN2-03381,anytime(tm) organizer 11,,29.99,,3031
DN2-03382,pc tools spyware doctor 2007,,29.99,,3032
DN2-03383,microsoft(r) expression web 1.0,,299.95,,3033
DN2-03384,jumpstart(r) advanced 1st grade,,19.99,,3034
DN2-03385,ibm(r) viavoice(r) advanced edition 10,,78.95,,3035
DN2-03386,xbox 360: gears of war,,59.99,,3036
DN2-03387,documents to go premium 7.0,,49.99,,3037
DN2-03388,microsoft(r) picture it! digital image pro 9.0,,99.87,,3038
