id,title,manufacturer,price
amazon:0,clickart 950 000 premier image pack ( dvd-rom ),broderbund,
amazon:1,ca international arcserve lap/desktop oem 30pk,computer associates,
amazon:2,noah 's ark activity center ( jewel case ages 3-8 ),victory multimedia,
amazon:3,peachtree by sage premium accounting for nonprofits 2007,sage software,599.99
amazon:4,singing coach unlimited,carry-a-tune technologies,99.99
amazon:5,emc retrospect 7.5 disk to disk windows,dantz,
amazon:6,adobe after effects professional 6.5 upgrade from standard to professional,adobe,499.99
amazon:7,acad upgrade dragon naturallyspeaking pro solution 9.0 ( a289a-fd7-9 .0 ),nuance academic,399.54
amazon:8,mia 's math adventure : just in time,kutoka,19.99
amazon:9,disney 's 1st & 2nd grade bundle ( pixar 1st grade secret keys and aladdin reading quest ),disney,14.99
amazon:10,paper art : gift wrapping,arc-media-inc .,
amazon:11,nfs maestro solo 2006 1u,hummingbird communications,309.56
amazon:12,microsoft sql server standard edition 2005 64 bit cd/dvd 5 client,microsoft,1849.0
amazon:13,spy sweeper spanish,webroot software,29.95
amazon:14,domino designer/developer v5 .0,lotus development,95.0
amazon:15,omnioutliner professional 3.0,csdc,69.95
amazon:16,compaq comp . secure path v3.0c-netware wrkgrp 50 lic 231327-b22 ),compaq computer,
amazon:17,upg sgms 1000 incremental node,sonic-systems-inc .,
amazon:18,the human body,topics entertainment,19.99
amazon:19,school zone pencil-pal software big phonics ( cd-rom & book ),school-zone-interactive,
amazon:20,millie 's math house ages 3-7 ( win/mac ),ibm - ( aap-misc-parts ),
amazon:21,world book encyclopedia 2006,topics entertainment,19.99
amazon:22,musicalis guitar workshop,global-software-publishing,9.99
amazon:23,the printshop 20 professional publisher,broderbund,69.99
amazon:24,data protection suite,stomp inc,69.99
amazon:25,kids power fun for girls,topics entertainment,19.99
amazon:26,adobe premiere pro cs3 upgrade,adobe,299.0
amazon:27,i copy dvds 2 professional edition,me-too-software,69.99
amazon:28,gen-x media made easy vol . 3,gen-x,49.95
amazon:29,family tree maker 11.2 collector 's edition,encore,109.95
amazon:30,adobe fireworks cs3 [ mac ],adobe,299.0
amazon:31,dinosaurs,topics entertainment,19.99
amazon:32,instant home design 3.0 [ lb ],topics entertainment,19.99
amazon:33,x-oom internet movies 2,x-oom,
amazon:34,form workshop 1200,valusoft,29.99
amazon:35,the print shop pro publisher 22 deluxe [ dvd ],encore,99.99
amazon:36,stomp inc recover lost data 2005,stomp inc,39.95
amazon:37,my first bible stories,dorling-kindersley-multimedia - ( dk ),29.95
amazon:38,the big mix ( mac ),aladdin,59.99
amazon:39,x-oom movie clone 3 gold,x-oom,
amazon:40,the print shop 22 deluxe,encore,49.99
amazon:41,imsi turbocad designer v. 11,imsi,39.99
amazon:42,lavasoft ad-aware plus edition,tri synergy,29.99
amazon:43,clip art and more 250 000 ( jewel case ),imsi design,
amazon:44,instant immersion language lab deluxe edition,topics entertainment,
amazon:45,elementary school success deluxe 2006,topics entertainment,49.99
amazon:46,national geographic presents : redshift planetarium,topics entertainment,29.99
amazon:47,math success deluxe 2006,topics entertainment,49.99
amazon:48,national geographic presents : forces of nature,topics entertainment,29.99
amazon:49,reference success deluxe 2006,topics entertainment,49.95
amazon:50,clifford the big red dog thinking adventures,scholastic,9.99
amazon:51,mastercook deluxe low carb,valusoft,14.99
amazon:52,instant home design ( jewel case ),topics entertainment,9.99
amazon:53,boomerang webshop platinum,boomerang,
amazon:54,allume boost xp for windows,smith-micro-software,29.99
amazon:55,jumpstart learning games phonics ( pc & mac ),knowledge adventure,9.99
amazon:56,kids power fun for little ones,topics entertainment,19.99
amazon:57,museums of the world,topics entertainment,19.99
amazon:58,matchbox cross-town heroes,thq,19.99
amazon:59,studyworks ! teaching pro : middle school math & science ( win/mac ),global-software-publishing,29.99
amazon:60,trudy 's time and place house ages 3-6,ibm,
amazon:61,personal image manager,smith-micro-software,29.99
amazon:62,stomp inc drive washer,stomp inc,
amazon:63,movies on psp,x-oom,
amazon:64,kids power fun for kids,topics entertainment,19.99
amazon:65,custom landdesigner 3d design 7.0,sierra on-line,
amazon:66,freddi fish 2 : the haunted schoolhouse,humongous entertainment,29.95
amazon:67,netgear vpn01l vpn client software,netgear,89.99
amazon:68,mom standard ops mgmt lic 2005 english mlp 5 oml,microsoft,
amazon:69,eastwest bsendorfer 290 grand piano virtual instrument,eastwest,199.95
amazon:70,diskeepeer 2007 admin upgrade sngl lic pack,diskeeper corporation,200.0
amazon:71,monarch v9 .0 1u .,datawatch,699.0
amazon:72,midway arcade treasures ( jewel case ),encore software,9.99
amazon:73,snap ! 10 000 drink recipies ( jewel case ),topics entertainment,4.99
amazon:74,mac os x server v10 .4.7 10-client,apple,499.0
amazon:75,epson storyteller photo book creator 8 x 10 ( 20 pages ),epson,29.99
amazon:76,adobe acrobat capture 3.0 22101258 ),adobe,299.99
amazon:77,age of mythology ( mac ),macsoft,19.99
amazon:78,emedia intermediate guitar method os x,emedia,59.99
amazon:79,ca internet security suite 2007 3 user,computer associates,69.95
amazon:80,kaplan sat/act/psat express,topics entertainment,9.99
amazon:81,passwords plus 1.0,dataviz,29.99
amazon:82,emedia essential bass guitar,emedia,19.95
amazon:83,scratches : directors cut,got game,19.99
amazon:84,x3 : reunion virtual programming ltd.,csdc,39.95
amazon:85,write brothers dramatica pro win/mac,write brothers,269.99
amazon:86,emedia bass method win/mac,emedia,59.99
amazon:87,microsoft licenses project svr sa govt ( h2200301 ),microsoft licenses,3601.4
amazon:88,total training for adobe creative suite 3 : design premium bundle,total training,299.99
amazon:89,everquest : titanium,sony-creative-software,19.95
amazon:90,emc retrospect 7.5 professional for windows upgrade,dantz,
amazon:91,iriscard pro business card scanner,iris,199.99
amazon:92,computrace lojack for laptops 4 year subscription,absolute software,119.99
amazon:93,microsoft office frontpage 2003 academic version windows ),microsoft,159.98
amazon:94,warlords 3 ( jewel case ),red-orb-entertainment,
amazon:95,autocad 2007 courseware customizing the interface,autodesk psg,47.95
amazon:96,sonicwall internet upgrade ( 50-node ),sonicwall,
amazon:97,tournament poker 2005,eagle games,20.99
amazon:98,cold zero : no mercy,encore software,19.99
amazon:99,listen for ipod magnetic time,sos-aggregation-company,39.99
amazon:100,textbridge pro 11 5u license xp,nuance communications inc. .,
amazon:101,atari arcade classics ( mac ),macsoft,19.99
amazon:102,myinvoices & estimates deluxe,avanquest software,39.95
amazon:103,my sim aquarium,viva media,19.99
amazon:104,scrabble,destineer,24.99
amazon:105,instant immersion spanish ( audio book ),topics entertainment,
amazon:106,cisco security server agent for windows and solaris license 100 agents win solaris csa-b100-srvr-k9 ),cisco-systems-enterprise,
amazon:107,photoshop elements 5 and premiere elements 3 bundle win minibox ( 29180248 ),adobe,242.62
amazon:108,buzby breakin ' all the rules hermie and friends,digital praise,19.99
amazon:109,instant immersion french 2.0,topics entertainment,29.99
amazon:110,hp digital sending secure license 50 users std,hewlett packard,
amazon:111,instant play electric guitar deluxe,topics entertainment,39.99
amazon:112,foreign policy & reform ( win/mac ) ( jewel case ),fogware publishing,9.99
amazon:113,microsoft licenses win svr 2003 ext conn lic ( r3900292 ),microsoft licenses,3371.85
amazon:114,quickbooks pos : pro multistore 6.0,intuit inc.,1399.95
amazon:115,encyclopedia britannica deluxe 2008 win/mac,avanquest,29.95
amazon:116,cook 'n vegetarian,dvo enterprises,19.99
amazon:117,hidden expedition : titanic,activision,19.99
amazon:118,crystal reports xi professional edition,business objects,495.0
amazon:119,sierra hallmark card studio special edition windows ),nova development,
amazon:120,crusader kings,atari,19.99
amazon:121,microsoft licenses exch . srvr extrn conn sa eng ( 39400416 ),microsoft licenses,42166.22
amazon:122,watchguard serverlock manager ( 100 servers ),watchguard-technologies-inc,14995.0
amazon:123,master server-upg,novastor corporation,
amazon:124,tlc dr. seuss reading learning system 2008,encore,19.99
amazon:125,compaq comp . rapid deployment pk-flexible lic kit 302127-b21 ),compaq computer,
amazon:126,oxford spanish dictionary,oxford-university-press,19.95
amazon:127,pantone reference library,pantone inc.,1623.06
amazon:128,procurve vpn client software unlimited client licenses,hewlett packard,
amazon:129,oxford spanish dictionary,tri synergy,19.99
amazon:130,microsoft licenses sps extrnlconnnonemplyenglands c ( h3200034 ),microsoft licenses,101515.55
amazon:131,microspot interiors,microspot ltd.,99.95
amazon:132,upgrade emc retrospect 7.5 multi server windows only,dantz,
amazon:133,snap enterprise data replicator advanced license for 10000 series,adaptec,
amazon:134,employee appraiser 5.0 deluxe mailer,global marketing,394.6
amazon:135,microsoft crm professional cal 3.0 product upgrade license pack user cal,microsoft software,9980.0
amazon:136,upgrade robohelp server 6 win ue 1u,adobe,3609.98
amazon:137,netmanage rumba unix-hp edition v. 7.3 upgrade license 902453-006 ),netmanage,
amazon:138,sonicwall gms standard edition 10 node license,sonicwall,
amazon:139,adobe creative suite cs3 design premium upsell [ mac ],adobe,1599.0
amazon:140,retrospect 6.0 desktop mac upgrade,dantz,59.99
amazon:141,exceed 2007 with 1yr mnt 1u,hummingbird communications,650.0
amazon:142,ca brightstor arcserve backup r11 .1 for netware tape library option service pack,computer associates,
amazon:143,adobe acrobat distiller svr v6-cd linux u/u 42050142 ),adobe systems,
amazon:144,backup exec netware open file v9 .2 e/g full package product,veritas,695.0
amazon:145,microsoft virtual pc for mac 7.0 with windows 2000,microsoft,249.99
amazon:146,microsoft mappoint 2006 standard edition,microsoft,299.0
amazon:147,red hat entprse linux as 3 amd rhf0211us ),red hat software,
amazon:148,ca arcserve bkup r11 .1 / nw stor area netw ( san ) opt prod only,computer associates,
amazon:149,enterasys vpn & firewall code upgrade xsr-18xx-vpn-fw ),cabletron systems,1928.07
amazon:150,suretrak project manager 3.0,primavera systems,499.0
amazon:151,vrs4 .0 plus scsi workgroup scanning 5 & 6,fujitsu imaging,
amazon:152,pdf create ! 4.0 retail,nuance-communications-inc .,49.99
amazon:153,upgrade 3d for exceed 2007 1u,hummingbird communications,
amazon:154,cisco 3745 ser ios ent cd374-esk9 = ),cisco systems enterprise,2814.33
amazon:155,softgrid cal for ts 4.1 english mlp 20 user cal,microsoft,
amazon:156,details 3.0,aec software,304.99
amazon:157,adobe photoshop elements 4.0 plus adobe premiere elements 2.0 complete package 1 user cd mini-box win canadian french 29180162 ),adobe systems inc,
amazon:158,photo objects 150 000 for macintosh,nova development,49.99
amazon:159,insight pwr mgr no media 1ltu,hewlett packard,
amazon:160,fontware pro +,informatics,
amazon:161,gods : lands of infinity special edition,strategy first,29.99
amazon:162,icopydvds2 ultra by digital wunders,global-marketing-partners,89.99
amazon:163,hallmark blank greeting cards half-fold matte premium 20 count,nova development,12.99
amazon:164,sea scene : living underwater worlds ( jewel case ),valusoft,9.99
amazon:165,hp storageworks secure path for windows workgroup edition v. 4.0 c license 213076-b26 ),hewlett packard,
amazon:166,equilibrium debabelizer pro 6.0 1 user,equilibrium,599.99
amazon:167,prosoft tunetech for ipod ( mac ),prosoft engineering,74.99
amazon:168,autodesk discreet combustion 4 windows ),autodesk,
amazon:169,reel deal casino quest,phantom efx,19.99
amazon:170,espro + interpretair s/w,fluke networks,5750.6
amazon:171,microsoft licenses word mac 10.0 eng govt ( d4800369 ),microsoft licenses,349.83
amazon:172,ca arcserve bkup r11 .5 win agent mac os x upgrade prod only,computer associates,
amazon:173,netmanage rumba web to host as400 ed v4 .2 910620-000 ),netmanage,
amazon:174,1pk internet sec ste 2007 oem,ca oem,
amazon:175,diskeeper 2007 professional single lic pack,diskeeper corporation,79.21
amazon:176,instant immersion japanese ( audio book ),topics entertainment,
amazon:177,world of warcraft 60 day pre-paid time card,blizzard entertainment,29.99
amazon:178,smart steps 4th grade,dorling-kindersley-multimedia - ( dk ),29.95
amazon:179,ca arcserve bkup r11 .5 win dro sp1 prod only,computer associates,
amazon:180,textbridge pro 11,nuance-communications-inc .,79.99
amazon:181,emedia rock guitar method,emedia,39.99
amazon:182,home bartending 101 shooters,arc-media-inc .,19.95
amazon:183,jumpstart reading with karaoke,knowledge adventure,29.99
amazon:184,crystal reports xi developer,business objects,595.0
amazon:185,iremember digital scrapbooking 2.0,intriguing development,39.95
amazon:186,learn2 training for microsoft powerpoint,topics-entertainment-software - ( consignment ),9.99
amazon:187,adobe acrobat distiller svr v6-cd sun 100u 42050106 ),adobe,9104.19
amazon:188,tomb raider : legend,eidos interactive,19.99
amazon:189,upgrade delphi 2006 pro named fr delphi v3-2005 pro cd,borland international,
amazon:190,isi researchsoft reference manager 11 single user,isi researchsoft,299.99
amazon:191,high availability requires two livesecurity firesboxes,watchguard technologies inc,1995.0
amazon:192,buku karkuro,topware interactive,19.99
amazon:193,backup exec 10d win adv disk v10 .1 lic only ( e180518 ),symantec corporation .,983.34
amazon:194,procurve manager plus upgrade -,hewlett packard,
amazon:195,world of warcraft,blizzard entertainment,19.99
amazon:196,world of warcraft pc,vivendi,35.7
amazon:197,sonicwall global vpn client license 01-ssc-5310 ),sonic systems inc. .,
amazon:198,scansoft paperport professional 11 5 user license,nuance communications inc.,949.99
amazon:199,netmanage upg rumba unix-hp edition level 902453-007-c ),netmanage,
amazon:200,upg serverlock for solaris gold,watchguard technologies inc,
amazon:201,backup exec netware remote agt win/netware svr v9 .2 e/g,veritas,295.0
amazon:202,the computrace lojack for laptops computer tracking and loss control solution by,lenovo,
amazon:203,lotus dev . mqseries link for r/3-v 1.2 cd sol 04l1671 ),lotus development corp,
amazon:204,cisco ios enterprise services complete package cd28-esk9 = ),cisco systems enterprise,
amazon:205,nortel contivity stateful firewall license standard 1 switch,nortel,
amazon:206,hp data protector exp bu svr cmp upgrade ltu,hewlett packard,
amazon:207,crystal reports 11 professional full product french,business objects,909.66
amazon:208,wasp bar code wasp bar code labeler complete package 3 users std cd -,wasp technologies,
amazon:209,ibm rational clearcase lt v. 6.0.0 media vol passport passport adva,ibm,
amazon:210,upgrade terminal emulation software 2006 with media 1u,esker,
amazon:211,microsoft entertainment pack ce,microsoft,49.5
amazon:212,diskeeper 2007 pro premier 10-lic pack,diskeeper corporation,1372.21
amazon:213,netmanage rumba web as/400 edition 910523-002 ),netmanage,
amazon:214,watchguard 1yr subs firebox x5 webblocker wg017196 ),watchguard technologies inc,159.9
amazon:215,netmanage rumba web to host as400 ed v4 .2 910623-000 ),netmanage,
amazon:216,adobe illustrator cs3 upgrade from freehand [ mac ],adobe,199.0
amazon:217,cisco syst . minor release : requires existing cww-6 .1 - win-mr ),cisco systems enterprise,
amazon:218,microsoft upg win small business svr cal t74-01215 ),microsoft corporation,330.14
amazon:219,ca brightstor arcserve backup r11 .1 for netware upgrade from arcserve 7 for netware,computer associates,
amazon:220,mobileinventory additional mobile license,wasp technologies,
amazon:221,watchguard license wg vpn upgrade from 4 to 10 ( wg4110 ),watchguard license,2098.55
amazon:222,pinnacle studio plus titanium edition v10 .5,pinnacle,69.99
amazon:223,symantec client security 3.1 with groupware protection business pack 50 user,symantec,3732.0
amazon:224,netmanage rumba web as/400 edition 910584-001 ),netmanage,
amazon:225,microsoft powerpoint 2004 ( mac ),microsoft,229.99
amazon:226,refviz v2 mac single user,isi researchsoft,299.95
amazon:227,e frontier manga studio debut 3.0 ( single user ),curious labs inc.,49.99
amazon:228,microsoft licenses win svr 2003 device cal l/sa ( r1800144 ),microsoft licenses,74.59
amazon:229,vcomm system suite professional 7,avanquest,49.95
amazon:230,ca arcserve bkup r11 .5 win svrless bkup opt sp1 - prod only,computer associates,
amazon:231,red hat enterprise linux ws v. 4 update 4 license 1 workstation rl296aa ),hewlett packard,
amazon:232,printshop home & office labels,broderbund,19.95
amazon:233,photo explosion deluxe 3.0,nova development,49.99
amazon:234,ntrack anti-theft by synet electronics,global marketing partners,
amazon:235,pdf converter professional v4 english,nuance communications inc.,99.99
amazon:236,readiris pro 11,global marketing partners,129.99
amazon:237,persoft upg smarterm office v12 .1 73098 ),persoft,
amazon:238,ca brightstor arcserve backup r11 .5 for enterprise option for advantage ingres for,computer associates,
amazon:239,designcad v 17,imsi,29.95
amazon:240,lotus dev . ws bus int monitor v4.2.4-multi plat mp eng af04mna ),lotus development corp,
amazon:241,left behind : ilumina edition,tyndale house,29.99
amazon:242,lotus dev . ibm db2 net search extender v. 8.2 media bb0kyna ),lotus development corp,
amazon:243,money premium 2007 win32 eng na mini box us only cd,microsoft,118.46
amazon:244,microsoft visual studio team edition for software developers 2005 with msdn premium,microsoft,5479.0
amazon:245,dora the explorer : dora 's world adventures,activision,19.99
amazon:246,microsoft licenses isa server lic/sa olp c ( e8400294 ),microsoft licenses,3210.4
amazon:247,netmanage onweb web-to-host v. 5.1 upgrade license 910443-004 ),netmanage,
amazon:248,microsoft windows small business server cal 2003 license pack 20 client addpack device,microsoft software,
amazon:249,scansoft paperport 11 5 user license,nuance communications inc.,474.99
amazon:250,adobe after effects professional 7.0,adobe,999.0
amazon:251,microsoft crm small business ed cal 3.0 license pack user cal,microsoft software,9929.0
amazon:252,stompsoft registry repair,stompsoft inc.,29.99
amazon:253,filemaker mobile 8 for palm os and pocket pc,filemaker,69.0
amazon:254,watchguard mobile user vpn 5 user bundle wg3605 ),watchguard technologies inc,
amazon:255,diskeeper 2007 pro premier 5-lic pack,diskeeper corporation,736.66
amazon:256,hallmark card studio 2005 deluxe,sierra home,49.99
amazon:257,ca brightstor arcserve backup r11 .5 for enterprise option for advantage ingres for,computer associates,
amazon:258,microsoft visual studio team edition for software architect 2005 with msdn premium,microsoft,5479.0
amazon:259,library expansion option-upg,novastor corporation,
amazon:260,cisco 2600xm ser ios ip/fw/ids cd26xm-ch = ),cisco systems enterprise,
amazon:261,procurve mobility manager 1.0 is a plug-in module for procurve manager plus 2.0,hewlett packard,
amazon:262,hp sp linux we 50 lic/cd 3.0 c t3586a ),hewlett-packard - ( consumables ),
amazon:263,symantec mail security for smtp 5.0 smb av cd 5u gov,symantec,
amazon:264,adobe photoshop cs3 extended [ mac ],adobe,999.0
amazon:265,adobe indesign cs3 [ mac ],adobe,699.0
amazon:266,intervideo dvd copy 5 platinum,corel,49.99
amazon:267,adobe photoshop elements 5.0 / premier elements 3.0 [ lb ],adobe,149.99
amazon:268,world of rainbow fish,global-software-publishing,19.99
amazon:269,microsoft publisher with digital imaging 2003 [ old version ],microsoft,209.99
amazon:270,adobe acrobat 7.0 professional,adobe,449.99
amazon:271,microsoft office small business 2007,microsoft software,735.33
amazon:272,adobe audition 2.0,adobe,349.0
amazon:273,quickbooks credit card processing kit 3.0,intuit,39.95
amazon:274,instant immersion italian 2.0,topics entertainment,29.99
amazon:275,easy drums ( jewel case ),arcmedia,9.99
amazon:276,instant immersion 33 languages,topics entertainment,49.99
amazon:277,super solvers spellbound ! ! school edition for mac,learning company,49.95
amazon:278,snap ! 1 001 letters ( jewel case ),topics entertainment,19.95
amazon:279,the printshop 20,broderbund,29.99
amazon:280,startopia,eidos interactive,39.95
amazon:281,easy home massage dvd,selectmedia entertainment,19.95
amazon:282,elementary success deluxe 2006 ( dw dvd ),topics entertainment,49.99
amazon:283,tonka town ( jewel case ),atari,9.99
amazon:284,sibelius 5 educational edition,sibelius-software-ltd .,329.0
amazon:285,weekly reader preparing for kindergarten,fogware publishing,19.99
amazon:286,my maillist & addressbook,mysoftware company,19.95
amazon:287,sibelius 5 professional edition,sibelius-software-ltd .,599.0
amazon:288,tonka search & rescue 2,infogrames,
amazon:289,professional training for vegas 7 and dvd architect 4 sw,sony-pictures-digital-entertainment,249.95
amazon:290,talk now ! learn dutch,eurotalk interactive,29.95
amazon:291,wacky bird hunter,selectsoft publishing,19.95
amazon:292,namco museum 50th anniversary collection,namco video games,19.99
amazon:293,treasure galaxy 5-user lab pack for mac,learning company,149.95
amazon:294,dk rainbow fish most beautiful fish,dk,9.99
amazon:295,madeline rainy day activities,encore software,19.95
amazon:296,mighty math number heroes,edmark,29.95
amazon:297,superstart ! science arcade,selectsoft publishing,24.95
amazon:298,state standards grade 6,topics entertainment,29.95
amazon:299,wacky farm,casual arcade,19.95
amazon:300,police quest compilation,vivendi games,19.99
amazon:301,broderbund printmaster platinum 16.0,encore software,39.99
amazon:302,encyclopedia britannica profiles : dinosaurs ( jewel case ),atari,9.99
amazon:303,real arcade : adventure inlay,activision,29.95
amazon:304,fisher-price rescue heroes : lava landslide,knowledge adventure,
amazon:305,tonka raceway xp compatible ( jewel case ),hasbro interactive,29.95
amazon:306,quickstart photo montage studio,selectsoft publishing,19.95
amazon:307,season ticket football 2003,atari,19.99
amazon:308,virusbarrier x4 10.4 for mac-10 users,intego,329.95
amazon:309,family tree maker version 16 deluxe,encore,69.95
amazon:310,instant architect design suite,imsi design,29.99
amazon:311,axis network camera 213 ptz digital video camera 0220-004 ),axis-communication-inc .,
amazon:312,norton antivirus 2007,symantec,39.99
amazon:313,backyard soccer ( mls edition ),humongous sports,
amazon:314,zipmagic personal edition,allume systems,19.95
amazon:315,super solvers mission t.h.i.n.k 25 user site license,learning company,399.95
amazon:316,f-secure internet security 2007 3 pcs,global-marketing-partners,79.99
amazon:317,disney 2nd grade active leveling advantage w buzz ( jewel case ) ages 6-8,disney interactive,9.99
amazon:318,ultimate puzzle games,valusoft,19.99
amazon:319,poetry fiction and drama ( win/mac ) ( jewel case ),fogware publishing,9.99
amazon:320,quicken 2007 premier,intuit,79.95
amazon:321,route 66 mobile 7 usa/cdn for windows mobile 5,csdc,149.0
amazon:322,adobe premiere pro 2.0,adobe,849.0
amazon:323,geometry ( win/mac ) ( jewel case ),fogware publishing,9.99
amazon:324,reader rabbit preschool,the-learning-company,29.99
amazon:325,cross stitch design studio ( jewel case ),m-and-r-technologies,9.99
amazon:326,math missions : the race to spectacle city arcade ( grades k-2 ),scholastic,29.95
amazon:327,world of wild cats,arc media inc.,19.95
amazon:328,state standards grade 8,topics entertainment,29.95
amazon:329,cluefinders 3rd grade adventures : mystery of mathra,learning company,
amazon:330,ghostsurf platinum 2006 [ lb ],avanquest publishing usa inc.,39.99
amazon:331,instant home cooking ( jewel case ),topics entertainment,9.99
amazon:332,spy sweeper [ lb ],webroot software,29.99
amazon:333,adobe after effects 7.0 professional ( mac ),adobe,999.0
amazon:334,transfer my dvd,avanquest,29.95
amazon:335,tlc zoombinis 3rd grade lrng sys 2007 sb cs by riverdeep 10548 ),encore-software-inc,
amazon:336,csi : crime scene investigation,ubi soft,19.99
amazon:337,jaws,majesco entertainment,19.99
amazon:338,sega smash pack 2,activision,19.95
amazon:339,post mortem,dreamcatcher interactive,29.99
amazon:340,zoboomafoo animal logic cd/workbook combo,brighter minds media inc.,14.99
amazon:341,mother goose interactive storybook,encore software,19.95
amazon:342,let 's learn about time & date,selectsoft publishing,19.95
amazon:343,living trust builder,jian inc.,19.95
amazon:344,ubi soft star wars activity center windows ),ubi soft,29.99
amazon:345,portfolio media kit be syst recovery 7.0 win small business ed,symantec,50.0
amazon:346,mcafee internet security suite 2007 3 users,mcafee,89.99
amazon:347,jumpstart advanced 1st grade v2 .0,knowledge adventure,19.99
amazon:348,microsoft office & windows training,topics entertainment,29.99
amazon:349,middle school success deluxe 2008,topics entertainment,49.99
amazon:350,adobe creative suite cs3 design standard upsell [ mac ],adobe,899.0
amazon:351,is3 stopzilla 4.0 [ stop spyware pop-ups id theft ],roxio,29.95
amazon:352,pc vegas dvd,sony-pictures-home-entertainment,899.99
amazon:353,sony vegas 6 + dvd [ old version ],sony-pictures-digital-entertainment,899.95
amazon:354,the universe ( win/mac ) ( jewel case ),fogware publishing,9.99
amazon:355,zonealarm internet security suite,zone labs,49.99
amazon:356,ringtone media studio 2,laplink,19.95
amazon:357,print workshop 2007,valusoft,19.99
amazon:358,perfect attorney premium,cosmi corporation,39.99
amazon:359,adventure workshop 1st-3rd grade 8th edition,encore,19.99
amazon:360,fun for kids : preschool kindergarten featuring disney,topics entertainment,29.99
amazon:361,adobe creative suite cs3 web standard upsell,adobe,799.0
amazon:362,national geographic photo gallery ( jewel case ),topics entertainment,9.99
amazon:363,sony psp media manager,sony-computer-entertainment,24.99
amazon:364,adobe premiere elements 3.0 [ lb ],adobe,99.99
amazon:365,english literature basics ( win/mac ) ( jewel case ),fogware publishing,9.99
amazon:366,riverdeep arthur 's kindergarten,riverdeep,
amazon:367,big oil : build an oil empire,tri synergy,19.99
amazon:368,jumpstart advanced 3rd grade v2 .0,knowledge adventure,19.99
amazon:369,tlc arthur 's kindergarten learning system 2008,encore,19.99
amazon:370,cosmi talking math & more for kids ( windows ),cosmi,
amazon:371,microsoft powerpoint 2004 upgrade ( mac ),microsoft,109.99
amazon:372,readiris pro 11 corporate edition,iris inc.,399.99
amazon:373,magellan mapsend lakes ( usa south ),magellan,114.66
amazon:374,mcafee virusscan plus 2007,mcafee,39.99
amazon:375,reel deal casino championship edition,phantom efx,19.99
amazon:376,printmaster gold v 17.0,nova development,19.95
amazon:377,pc cillin internet sec 2007 lics large box 3u,trend micro,49.95
amazon:378,aquarium 3-in-one collection ( win/mac ),encore software,19.99
amazon:379,cute ftp,tri synergy,39.99
amazon:380,kaspersky anti-virus 6.0,kaspersky lab,59.95
amazon:381,restricted area,whiptail,19.99
amazon:382,adobe production studio premium,adobe,1699.0
amazon:383,merriam-webster 's dictionary ( win/mac ) ( jewel case ),fogware publishing,9.99
amazon:384,lego island 2 : the brickster 's revenge ( xp compatible version ),lego media,
amazon:385,tank battle,casual arcade,19.95
amazon:386,quickstudy u.s. government,selectsoft publishing,19.95
amazon:387,home budget for dummies,atari,
amazon:388,zonealarm wireless security,encore software,29.99
amazon:389,instant immersion japanese 2.0,topics entertainment,19.99
amazon:390,encyclopedia of our living oceans,dk multimedia,19.95
amazon:391,ultimate pinball ( jewel case ),valusoft,9.99
amazon:392,clifford reading pack ( dvd box ),scholastic,19.99
amazon:393,microsoft visual studio test agent 2005 cd 1 processor license,microsoft software,5099.0
amazon:394,jumpstart advanced 2nd grade v2 .0,knowledge adventure,19.99
amazon:395,world history ( win/mac ) ( jewel case ),fogware publishing,9.99
amazon:396,quickbooks premier non-profit edition 2005,intuit inc.,499.95
amazon:397,quickstart pc cleaner xp,selectsoft publishing,19.95
amazon:398,crayola first ladies costume maker,encore software,19.95
amazon:399,arcmedia spelling bee ( windows/macintosh ),arcmedia,24.95
amazon:400,pokemon team turbo ( jewel case ),valusoft,9.99
amazon:401,south park chef 's luv shack,acclaim,39.95
amazon:402,blues clues preschool,humongous entertainment,
amazon:403,backyard skateboarding,atari,
amazon:404,cosmi rom07524 print perfect business cards dvd,cosmi,
amazon:405,vivaldi 's musical adventure pod,fogware publishing,9.95
amazon:406,cluefinders 3rd grade,the learning company,
amazon:407,rayman 10th anniversary collection,ubi soft,19.99
amazon:408,before you know it deluxe spanish edition for pc/mac,encore software,29.99
amazon:409,pdf converter 4,nuance,49.95
amazon:410,er,vivendi universal,19.99
amazon:411,podmaxx '07,bling,29.99
amazon:412,adobe creative suite cs3 web premium upsell [ mac ],adobe,1399.0
amazon:413,human body 360,megasystems,29.99
amazon:414,web radio recorder,magix entertainment,
amazon:415,bodyworks 6.0 25-user building site license,learning company,399.95
amazon:416,virtual labs : light,edmark,19.95
amazon:417,pressure pop !,selectsoft publishing,19.95
amazon:418,essential business tools 2.0,valusoft,19.99
amazon:419,let 's make stickers,global software publishing,19.95
amazon:420,student home learning system for pc/mac,fogware publishing,139.99
amazon:421,3mds network operations manager diy annual subscptn 101 500u,3m,
amazon:422,model web publisher 3.5.2 .,computer-associates-international,
amazon:423,microsoft licenses word olp c ( 05903871 ),microsoft licenses,205.73
amazon:424,vpn manager five to ten firebox,watchguard technologies inc,1995.0
amazon:425,hoyle card games 2007,encore software,29.99
amazon:426,ca arcserve bkup protection suite exch r11 .5 upgrade prod only,computer associates,
amazon:427,victorymul submitwolf version 6.0 swolf6r ),victory multimedia,149.99
amazon:428,zonealarm anti-spyware,zone labs,29.99
amazon:429,the guild 2 pirates of the seas,dreamcatcher interactive,29.99
amazon:430,child safe 3-pc,webroot software,39.95
amazon:431,microsoft windows server 2003 client additional license for devices 5 pack,microsoft,209.0
amazon:432,cell phone software solution,susteen,113.1
amazon:433,mediapilot kit,susteen,39.95
amazon:434,upgrade pitstop server 3.5 1u win 2k/xp & mac os 10.2.8,enfocus software,499.0
amazon:435,media kit storage foundation basic lnx v4 .1 cpu vol-4 file sys-4,veritas,
amazon:436,sudoku puzzle addict : unlimited edition,global-software-publ-na,
amazon:437,aircraft power pack for ms flight simulator,red mile,29.99
amazon:438,winway resume deluxe 11.0 network 10,nova development,
amazon:439,sym clt security 3.1 scs media cd en,symantec media,28.0
amazon:440,researchsoft endnote 9 student edition for students [ old version ],isi researchsoft,109.99
amazon:441,sony acid music studio,sony-pictures-digital-entertainment,69.99
amazon:442,microsoft licenses biztalk hipaa std . sa only ( u0200024 ),microsoft licenses,4215.77
amazon:443,microsoft windows small business server premium 2003 r2 upgrade cd/dvd 5 client,microsoft,709.0
amazon:444,jumpstart 1st grade,knowledge adventure,
amazon:445,instant landscaping 3.0 [ lb ],topics entertainment,19.99
amazon:446,topics presents : ancient civilizations ( 4 cd set ),topics entertainment,29.99
amazon:447,simple movie maker,topics entertainment,19.99
amazon:448,instant play electric guitar ( jewel box ),topics entertainment,6.99
amazon:449,boomerang webpage designer gold,boomerang,
amazon:450,x-oom mp3 radio recorder windows ),x-oom,
amazon:451,zonealarm firewall pro 5 ( free upgrade to new version ),zone labs,
amazon:452,adobe after effects cs3,adobe,999.0
amazon:453,phonics success deluxe 2006 ( large box ),topics entertainment,49.99
amazon:454,land before time : preschool,brighter-minds-media-inc .,9.99
amazon:455,brainfood games cranium collection 2006,encore software,19.99
amazon:456,clickart fonts ( 2006 ) by encore,encore software,19.99
amazon:457,national geographic presents : redshift 5 planetarium software,topics entertainment,39.99
amazon:458,stationery design studio,summit software,19.99
amazon:459,anti-spyware 3.0 win normal 1u new,trend micro,48.91
amazon:460,snap ! 8 player poker 5 pack,topics entertainment,29.06
amazon:461,alien disco safari,encore,19.99
amazon:462,emc retrospect 7.5 svr 1-client windows,dantz,249.0
amazon:463,kaplan sat/act/psat platinum 2007 win/mac,topics entertainment,49.99
amazon:464,ae painter v9 win/mac box,corel corp,166.19
amazon:465,adobe creative suite cs3 web standard upgrade [ mac ],adobe,399.0
amazon:466,timbuktu remote control softwre 10 licenses for windows,netopia,
amazon:467,sat act and psat 2007 platinum,topics entertainment,58.5
amazon:468,treasure mathstorm,the-learning-company,29.99
amazon:469,ae mappoint 2006 cd,microsoft corp,49.95
amazon:470,cisco security desktop agent csa-b250-dtop-k9 ),cisco systems ( ciscopro ),
amazon:471,photoshop elements 4 mac retail eng 1u ( 19230169 ),adobe,145.39
amazon:472,ov data protector open file 5-wk v. 9 ltu incl ltu for 5 win nt/2000/xp workstati,hewlett packard,
amazon:473,pro photo essentials plug in suite & iview mediapro 3,onone software,499.95
amazon:474,microsoft asp net web matrix,microsoft,30.0
amazon:475,tinyterm v4.x 5u windows terminal emulation ( tt-5 ),century software,705.21
amazon:476,ae outlook 2007 win32,microsoft corp,
amazon:477,mindjet mindmanager 7 mac single license,mindjet,129.0
amazon:478,sonicwall comprehensive gateway security suite 1 year upgrade plan 01-ssc-5845 ),sonic systems inc. .,
amazon:479,sound studio 3 : record edit add effects to audio ( mac ),freeverse software,79.99
amazon:480,jumpstart world 1st grade,knowledge adventure,19.99
amazon:481,art explosion t-shirt factory deluxe 3.0,nova development,29.99
amazon:482,window washer,webroot-software-inc,
amazon:483,child safe,webroot software,39.95
amazon:484,adobe premiere elements 3.0,adobe,161.73
amazon:485,on hand spanish 1-2-3 windows ),on-hand-software,9.99
amazon:486,pcanywhere 11.0 host only cd-rom xp 98 nt w2k me,symantec,
amazon:487,crystal reports 11 reporting essentials trng cbt,business objects,199.99
amazon:488,star wars battlefront ( mac ),aspyr media,39.99
amazon:489,flyboys squadron mac,ientertainment,29.99
amazon:490,microsoft visual studio professional 2005 upgrade,microsoft software,549.0
amazon:491,hollywood volume 1,yamaha,31.95
amazon:492,microsoft productivity pack for windows mobile,microsoft,29.99
amazon:493,adobe encore dvd 2.0,adobe,349.0
amazon:494,webobjects 5.2,apple,699.95
amazon:495,serious magic ultra2 master sets library 2 windows ),serious magic,276.5
amazon:496,microsoft windows vista business 32-bit for system builders,microsoft,179.99
amazon:497,microsoft data analyzer 2002,microsoft,179.0
amazon:498,mavis beacon typing 17 deluxe by broderbund,encore software,39.99
amazon:499,symantec pcanywhere 12.0 host only,symantec,169.65
amazon:500,the printshop business card maker ( jewel case ),riverdeep-learning-company,9.99
amazon:501,microsoft digital image suite plus [ lb ],microsoft software,129.95
amazon:502,symc backup exec sbs prm 11d win small business server,symantec,885.83
amazon:503,hallmark card studio 2006,sierra home,29.99
amazon:504,adobe audition 2.0 upgrade,adobe,129.0
amazon:505,norton internet security mac 3.0 [ antivirus firewall privacy controls iclean ],symantec,99.95
amazon:506,corel wordperfect office 12 standard upgrade,corel,149.99
amazon:507,raster design 2006 essentials,autodesk psg,59.95
amazon:508,acrobat professional 8 mac upsell standard-professional,adobe,273.0
amazon:509,services for netware 5.0,microsoft,149.0
amazon:510,reader rabbit learning system 1st grade,encore software,29.99
amazon:511,microsoft publisher 2007 version upgrade,microsoft,99.95
amazon:512,microsoft windows xp professional upgrade with sp2,microsoft software,199.99
amazon:513,mavis beacon typing 17 ( win/mac ),encore software,19.99
amazon:514,microsoft windows vista ultimate upgrade [ dvd ],microsoft,259.95
amazon:515,instant immersion spanish deluxe 2.0,topics entertainment,49.99
amazon:516,adobe creative suite cs3 design premium upgrade [ mac ],adobe,599.0
amazon:517,adobe photoshop cs3 [ mac ],adobe,649.0
amazon:518,microsoft office 2004 standard upgrade ( mac ),microsoft,239.99
amazon:519,microsoft student with encarta premium 2008 dvd,microsoft,49.95
amazon:520,quickbooks premier nonprofit edition 2007,intuit,399.95
amazon:521,microsoft sql server developer edition 2005 cd/dvd,microsoft software,49.95
amazon:522,microsoft visio standard 2007,microsoft,259.95
amazon:523,microsoft windows vista ultimate full version [ dvd ],microsoft,399.95
amazon:524,apple final cut express hd 3.5 ( mac ),apple computer,299.0
amazon:525,corel painter x win/mac,corel,429.0
amazon:526,cadopia 6 standard edition by cadopia,global marketing partners,295.0
amazon:527,adobe premiere elements 3.0,adobe,99.99
amazon:528,quickbooks simple start 2007,intuit,99.95
amazon:529,zoo tycoon 2 : marine mania expansion,microsoft,19.99
amazon:530,learning company kid pix deluxe 4,encore software,19.99
amazon:531,microsoft windows server 2003 client additional license for users-5 pack,microsoft,809.0
amazon:532,quickbooks pro 2007 for mac ( mac ),intuit,199.95
amazon:533,upgrade freehand 11 maceng cd 1u,adobe,274.95
amazon:534,imsi resume writer deluxe [ lb ],imsi design,19.95
amazon:535,microsoft windows live onecare 1.5 online pc care subscription [ 12 months ],microsoft,49.95
amazon:536,adobe photoshop elements 4.0 ( mac ),adobe,89.99
amazon:537,apple . mac 4.0 online service,apple,99.95
amazon:538,apple iwork '06 ( mac dvd ),apple,79.0
amazon:539,learning quickbooks 2007,intuit,39.95
amazon:540,ulead videostudio 11 plus,corel,129.99
amazon:541,microsoft onenote 2007,microsoft,99.95
amazon:542,apple ilife '06 ( mac dvd ) [ older version ],apple computer,79.0
amazon:543,adobe photoshop cs3 upgrade [ mac ],adobe,199.0
amazon:544,microsoft windows xp home edition full version with sp2,microsoft,199.0
amazon:545,microsoft flight simulator x deluxe dvd,microsoft,49.95
amazon:546,adobe photoshop elements 5.0 premiere elements 3.0 bundle,adobe,149.99
amazon:547,microsoft outlook 2007,microsoft,109.95
amazon:548,quickbooks pro 2007 small business financial software,intuit,199.95
amazon:549,adobe acrobat capture 100 000 page pack,adobe,1514.99
amazon:550,windows vista business spanish full version [ dvd ],microsoft,329.95
amazon:551,symc backup exec sbs aws 11d win sbs agent for windows systems,symantec,447.74
amazon:552,corel snapfire plus [ ignite photo fun ],corel,39.99
amazon:553,adobe indesign cs3 upgrade from pagemaker,adobe,199.0
amazon:554,instant immersion german deluxe 2.0,topics entertainment,39.99
amazon:555,scooby doo glowing bug man ( jewel case ),encore software,9.99
amazon:556,instant immersion italian deluxe 2.0,topics entertainment,49.99
amazon:557,adobe creative suite cs3 production premium,adobe,1699.0
amazon:558,instant immersion spanish 2.0,topics entertainment,29.99
amazon:559,adobe dreamweaver cs3 [ mac ],adobe,399.0
amazon:560,symc backup exec aofo 11d win advanced open file option,symantec,769.49
amazon:561,quicken 2007 basic,intuit,29.95
amazon:562,adobe dreamweaver cs3 upgrade [ mac ],adobe,199.0
amazon:563,macromedia director 10 mx 2004,adobe,2171.7
amazon:564,h & r block taxcut 2006 premium federal,h & r block,19.99
amazon:565,adobe creative suite cs3 web premium [ mac ],adobe,1599.0
amazon:566,apple garageband jam pack : symphony orchestra,apple,99.0
amazon:567,h & r block taxcut 2006 home & business + state,h & r block,79.99
amazon:568,dv rack 2 win retail ue1u,adobe,908.69
amazon:569,exchange svr ent 2007 x64 eng dvd 25 clt,microsoft,11318.25
amazon:570,professor teaches windows xp,individual software,19.99
amazon:571,microsoft visio standard 2007 version upgrade,microsoft,129.95
amazon:572,adobe dreamweaver cs3 upgrade,adobe,199.0
amazon:573,coreldraw graphics suite x3 upgrade,corel,179.0
amazon:574,microsoft mappoint 2006 with gps,microsoft,349.0
amazon:575,millionaire sports edition ( jewel case ),disney interactive,9.99
amazon:576,cluefinders 3rd grade adventures : mystery of mathra,the learning company,24.99
amazon:577,quicken 2007 home & business,intuit,89.95
amazon:578,microsoft office excel 2007,microsoft,229.95
amazon:579,h & r block taxcut 2006 premium federal + state + efile,h & r block,59.99
amazon:580,quickbooks premier edition 2007 5 user multi-pack,intuit,1499.95
amazon:581,hoyle board games,encore,9.99
amazon:582,apple garageband jam pack : remix tools,apple,99.0
amazon:583,roxio popcorn 2 ( mac ),roxio,49.95
amazon:584,microsoft windows vista business full version [ dvd ],microsoft,299.95
amazon:585,intervideo windvd 8 platinum,corel,69.99
amazon:586,quickbooks premier professional services edition 2007,intuit,399.95
amazon:587,microsoft word 2007 version upgrade,microsoft,109.95
amazon:588,adobe creative suite cs3 design standard [ mac ],adobe,1199.0
amazon:589,quicken 2007 deluxe,intuit,59.95
amazon:590,apple garageband jam pack : world music,apple,99.0
amazon:591,apple iwork '06 family pack ( mac dvd ) [ older version ],apple,99.0
amazon:592,adobe after effects cs3 upgrade,adobe,299.0
amazon:593,adobe indesign cs3 upgrade [ mac ],adobe,199.0
amazon:594,corel wordperfect office x3 professional edition,corel,399.99
amazon:595,flash remoting 1 alp ret eng cd 1u,adobe,1657.06
amazon:596,swat 4 : special weapons and tactics,vivendi universal,19.99
amazon:597,adobe creative suite cs3 design premium [ mac ],adobe,1799.0
amazon:598,adobe pagemaker v7 .0.2 cd mac-upg 17530402 ),adobe,138.45
amazon:599,instant immersion french deluxe 2.0,topics entertainment,49.99
amazon:600,apple . mac 4.0 online service family pack,apple,179.95
amazon:601,jumpstart kindergarten,knowledge adventure,19.99
amazon:602,adobe creative suite cs3 design standard upgrade [ mac ],adobe,399.0
amazon:603,apple aperture 1.5,apple,299.0
amazon:604,microsoft office small business 2007 full version,microsoft,449.95
amazon:605,microsoft word 2004 ( mac ),microsoft,229.99
amazon:606,microsoft office 2004 professional ( mac ),microsoft,499.99
amazon:607,broderbund print shop 21 deluxe,encore software,49.99
amazon:608,adobe creative suite cs3 web premium upgrade [ mac ],adobe,499.0
amazon:609,quicken 2007 for mac,intuit,69.95
amazon:610,mavis beacon teaches typing deluxe 16,broderbund,39.99
amazon:611,quickbooks premier manufacturer and wholesale edition 2007,intuit,399.95
amazon:612,corel ventura 10 dvd,corel,699.0
amazon:613,math missions : the amazing arcade adventure grades 3-5,scholastic,19.99
amazon:614,microsoft works suite 2006,microsoft,99.0
amazon:615,adobe creative suite cs3 design standard upgrade,adobe,399.0
amazon:616,microsoft windows vista home basic upgrade [ dvd ],microsoft,99.95
amazon:617,norton antivirus mac 10.0 ( mac ),symantec,69.95
amazon:618,pop-up stopper professional,panicware,29.99
amazon:619,ideasoft photo clip art 10 000,nova development,
amazon:620,adobe premiere pro cs3,adobe,799.0
amazon:621,entertainment partners budgeting ( mac ),entertainment partners,699.0
amazon:622,emedia intermediate guitar method win/mac,emedia,59.99
amazon:623,super collapse 3,mumbo jumbo,19.99
amazon:624,timbuktu remote control softwre 2 licenses for windows & mac,netopia,199.99
amazon:625,apple final cut studio 2 upgrade from final cut studio ( mac ),apple,499.0
amazon:626,steinberg halion symphonic orchestra virtual instrument ( academic version ),steinberg,374.99
amazon:627,reader rabbit kindergarten version 1.1,the learning company,9.99
amazon:628,delorme topo usa mapping software 6.0 west region,delorme,49.95
amazon:629,soho labels & envelopes chronos l.c.,chronos,29.99
amazon:630,stopzilla 4.0,roxio,47.33
amazon:631,h & r block taxcut 2006 premium federal + state with usb 256m flashdrive,h & r block,39.99
amazon:632,microsoft windows xp professional full version with sp2,microsoft,299.99
amazon:633,sportsman 's double play,masque,
amazon:634,phase one capture one pro win/mac,phase one,499.0
amazon:635,family tree maker version 16 essentials,encore,29.95
amazon:636,mavis beacon teaches typing deluxe v17,encore software,39.99
amazon:637,mah jong quest,united developers,
amazon:638,apple final cut studio 2 upgrade from final cut pro ( mac ),apple,699.0
amazon:639,cosmic blobs : lab rat edition ( win & mac ),solidworks corporation,39.99
amazon:640,alsoft diskwarrior : mac univeral binary,alsoft,
amazon:641,sims 2 nightlife expansion pack,aspyr media,34.99
amazon:642,adobe flash pro cs3 [ mac ],adobe,699.0
amazon:643,40 years of the avengers,git corp,49.99
amazon:644,microspot macdraft pe ( mac ),microspot ltd.,99.95
amazon:645,microsoft virtual pc for mac 7.0 with windows xp home,microsoft,219.99
amazon:646,instant immersion german audio,topics entertainment,
amazon:647,readiris pro 11 corporate edition ( mac ),iris,499.95
amazon:648,internet security barrier x4 antispam edition,intego inc,
amazon:649,mcafee total protection 2007 3 users,mcafee,99.99
amazon:650,symantec gateway security 300 series 10 10224341 ),symantec,349.0
amazon:651,vuvideo anywhere for your ipod,abacus software,29.95
amazon:652,quickverse mac bible study 2007 white box,findex,59.95
amazon:653,3d home architect home design deluxe version 9,encore,29.99
amazon:654,acrobat professional 8 ( windows ),adobe,273.0
amazon:655,art ( dvd ) ( pc & mac ),fogware publishing,29.99
amazon:656,wanted : a wild western adventure,dreamcatcher interactive,29.99
amazon:657,emedia guitar basics,emedia music,
amazon:658,webexpress,ingram micro,69.99
amazon:659,more brain games,csdc,9.99
amazon:660,usa/world extreme landscapes bundle,abacus,39.95
amazon:661,adobe cs3 design standard macosx dvd,adobe,399.0
amazon:662,microsoft windows terminal server 2003 client additional license for users - 5 user,microsoft,669.0
amazon:663,macdrive 7,mediafour corporation,49.95
amazon:664,snap ! hair styler studio,topics entertainment,4.99
amazon:665,photo go,sony-media-software,24.95
amazon:666,riding academy : jump & ride,viva media,19.99
amazon:667,toysight gold for isight : includes 15 games ( mac ),freeverse software,29.99
amazon:668,ford racing 2 ( mac ),feral interactive,19.99
amazon:669,printmaster gold v 17.0,encore software,19.99
amazon:670,gorilla 4 standard,jungle software,299.0
amazon:671,sonic mega collection plus,sega-of-america-inc .,19.99
amazon:672,scholastic brain play : pre-kindergarten 1st grade,topics entertainment,19.99
amazon:673,bryce 6,re : launch,109.95
amazon:674,school zone flash action addition/subtraction ( windows/macintosh ),school zone,12.99
amazon:675,art explosion 600 000 images,nova development,79.99
amazon:676,lightroom 1 mlp retail ue 1u,adobe,299.0
amazon:677,mcsa/mcse self-paced training kit ( exams 70-292 & 70-296 ) upgrading your certi,microsoft,70.0
amazon:678,instant immersion german v2 .0 ( pc & mac ),topics entertainment,29.99
amazon:679,x-plane deluxe including 7 double layer dvds ( mac ),navarre ( software ),59.95
amazon:680,datapilot cell phone data transfer suite universal,susteen,79.99
amazon:681,hospital tycoon for pc,warner-new-media,29.99
amazon:682,mozy 3.0,simply-put-software-llc,
amazon:683,math advantage 2008,encore,39.99
amazon:684,route 66 route canada ( french ),csdc,
amazon:685,the sims 2 : open for business expansion pack,aspyr media,34.99
amazon:686,lego star wars ( dvd ) ( mac ),aspyr media,29.99
amazon:687,grisoft avg anti-virus & anti-spyware 2 year subscription,grisoft,39.95
amazon:688,phase one capture one le,phase one,
amazon:689,family tree maker version 16 collectors edition,encore software,
amazon:690,sims 2 university expansion pack,aspyr media,34.99
amazon:691,dk amazing animals 1.1,global-software-publishing,9.99
amazon:692,sunset boulevard,yamaha,31.95
amazon:693,kakuro puzzle addict unlimited edition,global-software-publishing,9.99
amazon:694,eovia carrara 5 pro,eovia,
amazon:695,global software smart steps 1st grade windows macintosh ),global software,
amazon:696,wild photo effects ( jewel case ),on-hand-software,9.99
amazon:697,amazing animals with zoofari games ( win/mac ),global software,
amazon:698,morpheus photo animation suite,smith-micro-software-inc .,49.99
amazon:699,scrapbook for windows,abacus,
amazon:700,sims complete,aspyr media,49.99
amazon:701,airline tycoon deluxe,topware interactive,19.99
amazon:702,intellimover transfer your pc deluxe,nova development,69.99
amazon:703,dk exotic animals africa,global-software-publishing,9.99
amazon:704,ilisten with headset microphone 1.7,csdc,
amazon:705,professional home design suite platinum,punch ! software,99.95
amazon:706,world of warcraft expansion : burning crusade,blizzard entertainment,39.99
amazon:707,sudoku puzzle addict,global-software-publishing-north-america-inc,6.99
amazon:708,alliance future combat,strategy first,19.99
amazon:709,dk smart steps 3rd grade,global-software-publishing,9.99
amazon:710,marine aquarium 2.0 ( mac ),encore,19.99
amazon:711,family tree maker 2008 platinum,encore,99.95
amazon:712,spongebob squarepants typing 2008 win/mac,encore software,19.95
amazon:713,call of duty deluxe ( mac ) ( dvd ),aspyr media,39.99
amazon:714,gsp crossword addict,global-software-publishing-north-america-inc,9.99
amazon:715,mike garson jazzical suite,yamaha,34.95
amazon:716,avid liquid pro,avid technology,1942.6
amazon:717,learn to play chess with fritz & chesster 2 ( mac ),viva media,29.99
amazon:718,land before time : kindergarten,brighter-minds-media-inc .,9.99
amazon:719,best of card games ( jewel case ),on-hand-software,9.99
amazon:720,3ds max 9 com new slm,autodesk-m - & - e-box,3495.0
amazon:721,backpack journalist,honest technology,79.99
amazon:722,steinberg nuendo 3 digital audio software,steinberg,2499.0
amazon:723,learn2 training for microsoft excel,topics-entertainment-software - ( consignment ),9.99
amazon:724,simply put software got ta sing windows/macintosh ),simply-put-software,
amazon:725,omniweb 5.0,omni group,29.99
amazon:726,simply put software data eliminator,simply-put-software,
amazon:727,ibm viavoice advanced v. 10,nuance-communications-inc .,
amazon:728,firstedge v 2.0 ( mac ),myob us,99.95
amazon:729,doom 3 ( dvd ) ( mac ),aspyr media,39.99
amazon:730,f/a -18 operation iraqi freedom,graphics-simulations-corporation,39.99
amazon:731,instant immersion italian platinum,topics entertainment,129.99
amazon:732,civilization iv warlords ( mac ),aspyr media,29.99
amazon:733,clickart 1.2 million dvd 2006 by broderbund,encore software,49.99
amazon:734,middle school success essentials,topics entertainment,29.99
amazon:735,adventure workshop preschool ( jewel case ),encore software,29.99
amazon:736,adobe creative suite cs3 production premium upgrade,adobe,799.0
amazon:737,adobe photoshop cs2 ( mac ) [ old version ],adobe,649.0
amazon:738,print shop 22 deluxe,encore,49.99
amazon:739,iris readiris pro 11.0 ( mac ),i.r.i.s.,129.95
amazon:740,chessmaster 9000 ( mac ),feral interactive,39.99
amazon:741,illustrator cs3 13 mac ed 1u,adobe-education-box,199.0
amazon:742,star wars empire at war ( intel only macs ),aspyr media,49.99
amazon:743,acrobat pro 8 mac ed 1u cd,adobe-education-box,159.0
amazon:744,mariner calc speadsheet ( mac ),mariner software,59.99
amazon:745,diner dash ( pc & mac ),brighter minds,14.99
amazon:746,marketcircle daylite v3 .0 ( mac ),csdc,149.0
amazon:747,lego star wars ii : the original trilogy for mac,feral interactive,39.99
amazon:748,rollercoaster tycoon 3 : soaked,aspyr media,19.99
amazon:749,retrospect 6.0 desktop mac,dantz,99.99
amazon:750,microspot interiors ( mac ),microspot ltd.,99.95
amazon:751,project x project management software,marware,199.95
amazon:752,age of empires iii,destineer,49.99
amazon:753,microsoft office & windows training professional,topics entertainment,49.95
amazon:754,internet cleanup 3.0,aladdin systems,29.99
amazon:755,micromat protogo,micromat,
amazon:756,44 years of the fantastic four,git corp,49.99
amazon:757,rise of nations : gold ( mac ),macsoft,49.99
amazon:758,circus ponies-notebook 2.0 mac os,csdc,49.95
amazon:759,humorous greeting card factory,nova development,29.99
amazon:760,panda software antivirus & firewall 2008 windows,panda software,
amazon:761,microsoft visual studio team edition for software testers 2005 w/msdn premium renewal,microsoft software,2309.0
amazon:762,i transfer dvds 2 ipod edition ( win/mac ),me-too-software,29.99
amazon:763,station access collection,sony-creative-software,29.99
amazon:764,agatha christie : and then there were none,dreamcatcher interactive,29.99
amazon:765,unreal tournament 2004 dvd-rom ),atari,29.99
amazon:766,brothers in arms : road to hill 30 ( dvd-rom ),ubi soft,19.99
amazon:767,command and conquer generals deluxe dvd-rom ( mac ),aspyr media,59.99
amazon:768,battlefield 1942 : deluxe edition,electronic arts,29.99
amazon:769,power director 3,avanquest-publishing-usa-inc .,79.95
amazon:770,cosmi rom03558 print perfect clip art deluxe,cosmi,
amazon:771,e frontier poser 6 collector 's edition with volume 1 figure pack ( mac ),curious-labs-inc .,279.99
amazon:772,adobe illustrator cs3 [ mac ],adobe,599.0
amazon:773,microsoft office mac 2004 english 3pk dsp 731-01163 ),microsoft corporation,
amazon:774,adobe software acrobat pro upgrd pro-pro mac ( adbcd01798mc ),adobe software,273.0
amazon:775,quake 4 ( mac ),aspyr media,39.99
amazon:776,micromat techtool pro 4 ( mac ),micromat,99.99
amazon:777,varmint hunter ( jewel case ),encore,9.99
amazon:778,hoyle casino 2007,encore,19.95
amazon:779,3d home architect landscape v. 8 by encore software,encore software,39.99
amazon:780,hoyle backgammon jc,encore,7.99
amazon:781,microsoft excel 2004 ( mac ),microsoft,229.99
amazon:782,pc hoyle bridge,encore software,9.99
amazon:783,corel dvd moviefactory 6.0,corel,49.99
amazon:784,axis & allies collector 's edition,encore,19.99
amazon:785,jewels of cleopatra,encore software,19.95
amazon:786,jeopardy! deluxe,encore,19.99
amazon:787,hoyle 4-pack 2006,encore software,19.95
amazon:788,hoyle puzzle & board games,encore software,19.95
amazon:789,hoyle mahjongg ( jewel case ),encore,9.99
amazon:790,scrabble champion edition,encore,19.95
amazon:791,hoyle kids ' games jc,encore,9.99
amazon:792,cyberchase adventures : carnival chaos and casablanca quest,brighter-minds-media-inc .,19.99
amazon:793,hoyle south beach solitaire,encore,9.99
amazon:794,monopoly 3,encore,9.99
amazon:795,ca arcserve bkup r11 .5 win client vss software snap-shot - prod only,computer associates,
amazon:796,ulead videostudio 11,corel,89.99
amazon:797,zero-g pro pack for garageband ( appleloops ),zero-g,169.95
amazon:798,hoyle solitaire ( jewel case ),encore,9.99
amazon:799,hp dss software v. 4.0 complete package t1936aa ua0 ),hewlett-packard - ( consumables ),630.36
amazon:800,calendar creator 10,broderbund,29.99
amazon:801,ulead systems dvd workshop 2,ulead systems,494.99
amazon:802,final draft 7/syd field 's screenwriting workshop dvd bundle,final draft,249.99
amazon:803,adobe creative suite cs3 master collection [ mac ],adobe,2499.0
amazon:804,digidesign music production toolkit ( pro tools le ),digidesign,495.0
amazon:805,hoyle texas hold 'em poker ( jewel case ),encore,9.99
amazon:806,chicken hunter : license to grill the great poultry race,encore,9.99
amazon:807,media studio for psp standard editon,encore software,29.99
amazon:808,3d home architect landscape designer v8,encore software,29.99
amazon:809,hoyle : classic collection 2006,encore,19.99
amazon:810,monopoly here & now,encore,19.95
amazon:811,chicken hunter wanted jc,encore,9.99
amazon:812,extensis smartscale 1-user pxe-11433 ),extensis corporation,
amazon:813,notetaker 1.5,aquaminds,69.99
amazon:814,business plan writer deluxe 8.0 2005,nova development,99.99
amazon:815,extensis intellihance pro 4.x win/mac,extensis corporation,199.99
amazon:816,microsoft visual studio team suite 2005 with msdn premium ( cd & dvd ),microsoft,10949.0
amazon:817,macjournal v4 ( mac ),csdc,39.95
amazon:818,canopus 77010158100 let 's edit,canopus,99.0
amazon:819,mavis beacon 17 standard,encore software,19.95
amazon:820,riverdeep adventure workshop 4th-6th grade 8th edition,riverdeep,
amazon:821,adventure workshop preschool-1st grade 8th edition,encore,19.99
amazon:822,sharks 2.0 ( pc & mac ),e-b-c-marketing,19.99
amazon:823,microsoft word 2004 upgrade ( mac ),microsoft,109.99
amazon:824,vegas 6 for pc,sony-pictures-home-entertainment,599.99
amazon:825,sony vegas 6,sony-pictures-digital-entertainment,599.95
amazon:826,motu digital performer 5 digital audio software ( mac only ),motu,795.0
amazon:827,m-audio pro tools m-powered 7.3 m-audio compatible world-class production software,m-audio,299.99
amazon:828,pinnacle mobile media converter,pinnacle,29.99
amazon:829,avid liquid vs 7 software,avid technology,888.75
amazon:830,acad corel painter x pc/mac,corel,155.22
amazon:831,rainbow fish and the whale ( win/mac ),global-software-publishing,9.99
amazon:832,global software smart steps 2nd grade windows macintosh ),global software,
amazon:833,punch ! viacad 2d/3d,punch ! software,99.0
amazon:834,vegas 7 + dvd/soundforge8bundl,sony media,722.0
amazon:835,handmark oxford american desk dictionary and thesaurus,handmark inc. .,
amazon:836,i love the usa,global-software-publishing,9.99
amazon:837,adobe photoshop cs3 extended upgrade [ mac ],adobe,349.0
amazon:838,computrace lojack for laptops 3 year license ( mac ),absolute software,99.95
amazon:839,adobe photoshop cs3 extended,adobe,999.0
amazon:840,digital video and audio production book for vegas 7 + dvd,sony-pictures-digital-entertainment,49.35
amazon:841,studio movieboard plus pci hardware,pinnacle,251.55
amazon:842,10 outlet metal split surge,fellowes,
amazon:843,kensington contour pro 17 notebook carrying case ( 62340 ),kensington,89.99
amazon:844,now up-to-date & contact v5 .0 ( mac ),now software,
amazon:845,iplaymusic beginner guitar lessons for the mac and ipod,iplaymusic,49.99
amazon:846,discrete drums : vol .1,sony-media-software,59.95
amazon:847,vpn client software 5 users,d-link systems inc. .,
amazon:848,safekeeper plus,bling software,
amazon:849,hp c7130b color laserjet 5550 500-sheet input tray,hewlett packard,
amazon:850,kensington contour pro xbrace notebook carrying case ( 62236 ),kensington technology group,
amazon:851,punch ! professional home design platinum v10,punch ! software,99.0
amazon:852,cinescore professional soundtrack edition,sony-pictures-digital-entertainment,249.95
amazon:853,onone essentials for adobe photoshop elements,onone software,59.95
amazon:854,bookkeeper 2008,individual software,39.99
amazon:855,micromat podlock ( mac ),micromat,69.0
amazon:856,videostudio 11 plus,corel,
amazon:857,cakewalk sonar home studio 6 xl,cakewalk,209.0
amazon:858,microsoft onenote 2007 upgrade,microsoft,79.95
amazon:859,onone software intellihance pro 4.1,onone software,
amazon:860,apple ilife '06 family pack ( mac dvd ) [ older version ],apple computer,99.0
amazon:861,creating keepsakes scrapbook designer version 2 platinum,riverdeep-learning-company,39.99
amazon:862,cakewalk project5 version 2,cakewalk,259.0
amazon:863,cubase se3 educational edition,steinberg,
amazon:864,vocabulary puzzles grade 1,school zone,14.95
amazon:865,cakewalk sonar home studio 6,cakewalk,139.0
amazon:866,system care professional,avanquest,49.95
amazon:867,punch ! ultimate deck and landscape,punch ! software,29.0
amazon:868,live bingo,imagination-international-corp,
amazon:869,upgrade crystal reports 11 pro french,business objects,479.78
amazon:870,tiny term emulator v4 .3 x,century software,219.63
amazon:871,apple garageband jam pack : rhythm section,apple,99.0
amazon:872,bingo dvd tv game,imagination international,17.99
amazon:873,quickbooks point-of-sale pro with hardware bundle 6.0,intuit,1749.95
amazon:874,peachtree by sage premium accounting for manufacturing 2007 multi user ( up to 5 users ),sage software,1199.99
amazon:875,century software tinyterm plus v. 4.0 complete product,century software,
amazon:876,adobe soundbooth cs3 [ mac ],adobe,199.0
amazon:877,timbuktu remote control softwre 1 license for mac os,netopia,
amazon:878,poser figure artist,efrontier,99.99
amazon:879,sony sound forge 9 boxed upgrade,sony media,232.05
amazon:880,super granny 3,encore software,19.99
amazon:881,the print shop 22 deluxe sb cs by the print shop,encore software,49.95
amazon:882,marine aquarium + sharks,encore software,9.95
amazon:883,adobe creative suite cs3 production premium,adobe,1699.0
amazon:884,checkmark multiledger,checkmark software,399.0
amazon:885,ipswitch inc ws ftp pro 9 sdk w / ws ftp pro wd-1000-0900 ),ipswitch inc,395.0
amazon:886,123 movies 2 ipod w / av cables umd size,bling,29.99
amazon:887,hoyle bridge club,encore,29.95
amazon:888,microsoft oem 3pk xp home edition sp2 n09-01624 ),microsoft corporation,
amazon:889,scrabble champion edition,encore,19.95
amazon:890,instant immersion japanese deluxe 2.0,topics entertainment,39.99
amazon:891,ilisten ( mac ),macspeech inc.,99.99
amazon:892,adobe premiere pro cs3,adobe,799.0
amazon:893,starship troopers/first to fight bundle,destineer,19.95
amazon:894,art text,belight software,49.95
amazon:895,hoyle card games 2007,encore software,19.99
amazon:896,reel deal slots mystic forest,phantom efx,19.95
amazon:897,adobe creative suite cs3 production premium upsell,adobe,1199.0
amazon:898,risk ii jc,encore,9.99
amazon:899,onone genuine fractals 5 full 1u,onone software,159.95
amazon:900,sims 2 seasons expansion pack,aspyr media,34.99
amazon:901,partition commander 10,avanquest,49.95
amazon:902,sony sound effects series vol 1 through 10,sony-pictures-digital-entertainment,
amazon:903,mavis beacon teaches typing 17 standard,encore software,19.99
amazon:904,vault360 combo,navarre ( software ),29.95
amazon:905,efrontier anime studio pro ( win/mac ),efrontier,199.99
amazon:906,monopoly here & now,encore,19.95
amazon:907,hoyle card games ( jewel case ),encore software,9.99
amazon:908,gorilla 4 pro,jungle software,399.0
amazon:909,oxford world encyclopedia,tri synergy,19.99
amazon:910,adobe creative suite cs3 master collection upgrade [ mac ],adobe,1399.0
amazon:911,obscure,dreamcatcher interactive,19.99
amazon:912,network now ! pro by encore,encore software,39.99
amazon:913,starry night galaxy explorer ( pc & mac ),imaginova,9.99
amazon:914,hasbro classic collection 2006 ),encore,19.99
amazon:915,allegro 2005,makemusic !,199.99
amazon:916,professor fuji 's sudoku ( jewel case ),encore software,9.99
amazon:917,elementary advantage 2008,encore software,
amazon:918,recam remote monitoring software,mobi-technologies-inc .,129.0
amazon:919,sudoku unlimited + crossword addict 2cd set,global-software-publishing-north-america-inc,19.99
amazon:920,mobi recam camera monitoring and notification software,mobi,119.99
amazon:921,the little mermaid/beauty and the beast,yamaha,34.95
amazon:922,sharks 2.0,encore software,19.95
amazon:923,adobe illustrator cs3 upgrade [ mac ],adobe,199.0
amazon:924,hoyle casino ( 2007 ),encore,19.99
amazon:925,instant play guitar deluxe v2 .,topics entertainment,39.48
amazon:926,pc hoyle jewels : swap & drop it,encore software,9.99
amazon:927,gorilla 4 student,jungle software,199.0
amazon:928,jeopardy,encore,9.99
amazon:929,your desktop post office for pc,stamps.com,14.99
amazon:930,adobe contribute cs3 [ mac ],adobe,149.0
amazon:931,dance 6,digital-leisure-inc .,39.95
amazon:932,registry mechanic 5.x pc system repair,pc tools,29.95
amazon:933,axis & allies ( jewel case ),encore,9.99
amazon:934,panda antivirus 2007,panda software,29.95
amazon:935,corel dvd moviefactory 6.0 plus,corel,79.99
amazon:936,defcon,encore,
amazon:937,symc backup exec sbs std 11d win small business server standard,symantec,811.21
amazon:938,typing instructor deluxe ( jewel case ),individual software,9.99
amazon:939,bias peak pro 5 macintosh ),bias,599.0
amazon:940,freestyle street basketball,sierra online,19.99
amazon:941,webroot spy sweeper with antivirus family edition 3 pcs,webroot software,49.95
amazon:942,my guitar,emedia,29.95
amazon:943,rome total war gold edition,sega-of-america-inc .,19.99
amazon:944,registry mechanic by encore software,encore software,46.52
amazon:945,classification & ecology ( win/mac ) ( jewel case ),fogware publishing,9.99
amazon:946,the print shop 21 deluxe by broderbund,encore software,
amazon:947,britannica deluxe,avanquest software,29.95
amazon:948,creating keepsakes scrapbook platinum v. 3 sb cs by riverdeep,encore software,39.99
amazon:949,leave the lights on ( mac ),aspyr media,9.99
amazon:950,apple logic pro 7.2 upgrade,apple,299.0
amazon:951,microspot macdraft professional ( mac ),microspot ltd.,349.99
amazon:952,nero 7 ultra edition enhanced,nero inc.,99.99
amazon:953,digital vault,stompsoft inc.,29.99
amazon:954,audition 2 win ed ue 1u,adobe-education-box,149.0
amazon:955,turbocad mac 3d for mac,imsi,249.99
amazon:956,apple logic pro 7.2 retail,apple,999.0
amazon:957,peachtree by sage premium accounting 2007 accountants ' edition,sage software,499.99
amazon:958,onone plug-in suite 3 for adobe photoshop,onone software,399.95
amazon:959,stompsoft digital file shredder pro,stompsoft inc.,24.99
amazon:960,make music finale 2008 academic,emedia,350.0
amazon:961,vegas movie studiodvd +8 plat,sony media,129.95
amazon:962,gods & heroes : rome rising,sony-online-entertainment,49.99
amazon:963,synet pc sharing kit ( w/17ft usb ext.cable ),synet-electronics-inc .,
amazon:964,math 2,school zone,9.99
amazon:965,pinnacle mobile media organizer,pinnacle,49.99
amazon:966,gmp data rescue license 24300 ),global-marketing-partners,349.0
amazon:967,mavis beacon teaches typing 16,broderbund,19.99
amazon:968,intervideo windvd 8 gold,intervideo,49.99
amazon:969,talk now ! learn afrikaans beginning level,eurotalk,29.99
amazon:970,computrace lojack for laptops : 3 year subscription,absolute software,99.99
amazon:971,instant immersion ingles audio deluxe,topics entertainment,
amazon:972,i copy dvd 's 2,me-too-software,49.99
amazon:973,computrace lojack for laptops : 1 year subscription,absolute software,49.99
amazon:974,sony vegas movie studio + dvd 8 platinum edition,sony media,129.95
amazon:975,computrace lojack for laptops 1 year license ( mac ),absolute software,49.95
amazon:976,iaudioize magnetic time for pc and mac,sos aggregation,39.99
amazon:977,safekeeper plus,bling,39.99
amazon:978,didi & ditto : kindergarten win/mac,kutoka,19.99
amazon:979,logic express 7,apple computer,299.0
amazon:980,travelogue 360 : paris,aspyr media,29.99
amazon:981,instant immersion italian v2 .0 ( large box ),topics entertainment,29.99
amazon:982,power on now up to date & contact windows,power-on-software,129.99
amazon:983,cook 'n low fat,dvo enterprises,19.99
amazon:984,serious magic visual communicator 2.0 web,serious magic,199.99
amazon:985,best of slots 2 ( jewel case ),masque publishing,9.99
amazon:986,cubase 4 competitive crossgrade,steinberg ( yamaha ),549.99
amazon:987,casual games pack,egames,19.99
amazon:988,eovia carrara 4 pro win/mac,eovia corporation,599.99
amazon:989,i spy fantasy v. 2 with i spy book & mini cd,topics entertainment,29.99
amazon:990,power production storyboard artist 4,power production,
amazon:991,instant immersion spanish audio deluxe,topics entertainment,39.95
amazon:992,final draft 7 professional scriptwriting win/mac,final draft,289.99
amazon:993,quickbooks customer manager 2.5,intuit,79.95
amazon:994,irispen express translator,iris,149.99
amazon:995,apple remote desktop 3 unlim managed systems,apple,499.0
amazon:996,time money & fractions grades 1-2,school zone,9.99
amazon:997,mac os x server v10 .4.7 unlimited client,apple,999.0
amazon:998,reader rabbit playtime for baby and toddler,the learning company,19.99
amazon:999,spy sweeper w/antivirus family edition,webroot software,49.95
amazon:1000,dance praise with dance pad ( win/mac ),digital praise,39.99
amazon:1001,printmaster 17 platinum by encore software,encore software,39.99
amazon:1002,genuine fractals genuine fractals print pro 1u,onone software,299.95
amazon:1003,logic pro 6,apple,999.99
amazon:1004,professor teaches excel & word,individual software,19.99
amazon:1005,sibelius 4 educational edition,sibelius-software-ltd .,329.0
amazon:1006,terror strike,encore,19.95
amazon:1007,wisdom of the bible holy land edition,hip interactive,29.99
amazon:1008,norton internet security 2008 10 user,symantec,199.99
amazon:1009,test and improve your memory ( dvd box ),tri synergy,29.99
amazon:1010,roxio easy media creator 9,roxio,99.95
amazon:1011,logic pro 6 upgrade from logic platinum/gold 5 & 6,apple,199.99
amazon:1012,reel deal slots 2.0 for pc,phantom efx,9.99
amazon:1013,marine aquarium 2.0 ( pc & mac ),encore,29.99
amazon:1014,elementary advantage 2008,encore,39.99
amazon:1015,finale songwriter 2007,finale,49.95
amazon:1016,math success deluxe 2007,topics entertainment,39.99
amazon:1017,language lab german,topics entertainment,39.99
amazon:1018,wheel of fortune deluxe,encore,19.99
amazon:1019,neuratron photoscore professional 4,sibelius-software-ltd .,199.99
amazon:1020,elementary school advantage 2007,encore software,29.99
amazon:1021,resumemaker professional 12.0,individual software,29.99
amazon:1022,panda internet security 2007 3-user,panda software,69.95
amazon:1023,aquarium 3 in 1 collection limited edition for win/mac,encore software,19.99
amazon:1024,punch super home suite 3.0,punch ! software,49.99
amazon:1025,e-mu em8669 modern symphonic orchestra,e-mu,499.99
amazon:1026,final draft scriptwriter 's suite [ final draft 7 & final draft av2 ],final draft,349.99
amazon:1027,q * bert,encore,9.99
amazon:1028,makemusic finale 2007 win/mac,emedia,600.0
amazon:1029,westward,encore software,19.99
amazon:1030,final draft av 2.5 win/mac,final draft,199.99
amazon:1031,singleclick network now ! pro,encore software,39.99
amazon:1032,finale allegro 2007,finale,199.95
amazon:1033,pc professor fuji 's kakuro,encore software,9.99
amazon:1034,marine aquarium 2.5 virtual undersea paradise win/mac,encore software,19.99
amazon:1035,riverdeep spongebob squarepants typing fun,riverdeep,
amazon:1036,brain food games : cranium collection 2006,encore,19.95
amazon:1037,brain food games : cranium collection 2006,encore,19.95
amazon:1038,printmaster 17 gold by encore software,encore software,30.66
amazon:1039,who wants to be a millionaire ?,encore,9.95
amazon:1040,encore the big box of art 410 000 460001 ),encore software,19.99
amazon:1041,fate,encore,19.99
amazon:1042,genuine fractals print pro 4.1 sharpener pro 2.0,onone software,
amazon:1043,monopoly tycoon,encore,9.99
amazon:1044,hoyle puzzle & board games 2007,encore software,19.99
amazon:1045,jackpot tycoon ( jewel case ),encore,9.99
amazon:1046,riverdeep kissing canines,riverdeep,
amazon:1047,game of life jc,encore,9.99
amazon:1048,monopoly platinum edition,encore,19.99
amazon:1049,home & business lawyer dlx 2006 by broderbund,encore software,
amazon:1050,middle school advantage 2008,encore,39.99
amazon:1051,tlc clue finders math learning system sb by riverdeep,encore software,19.99
amazon:1052,reader rabbit learn to read phonics pre kindergarten,the learning company,9.99
amazon:1053,high school advantage 2008,encore,39.99
amazon:1054,professor fujis sudoku deluxe by encore,encore software,19.99
amazon:1055,high school advantage 2007,encore software,29.95
amazon:1056,the print shop 21 standard by broderbund,encore software,
amazon:1057,quarkxpress 7 for mac/win .,quark,1289.42
amazon:1058,pitstop pro 7.0 upgr 6.x or higher,enfocus software,199.0
amazon:1059,quarkxpress 7 windows & macintosh ),quark,899.0
amazon:1060,web.com site builder & hosting suite sb by web.com,encore software,49.99
amazon:1061,datawatch monarch v7 ntwk-starter cd most 8u fpm32c070-a08n ),datawatch,
amazon:1062,pc tools spyware doctor 2007 sb cs by pc tools,encore software,29.99
amazon:1063,lotus dev . ibm informix online personal edition media bb0d4na ),lotus development corp,
amazon:1064,adventure workshop 4th-6th grade 7th ed sb cs by riverdeep,encore software,19.99
amazon:1065,ares rising,interplay,69.95
amazon:1066,the print shop design suite pro ed sb cs by the print shop,encore software,199.99
amazon:1067,evergirl,thq,14.99
amazon:1068,the print shop elements : labels & logos sb cs by the print shop,encore software,
amazon:1069,hasbro family game collection 2006,encore software,19.99
amazon:1070,wasp barcode fontware w/add-ins,informatics,195.0
amazon:1071,windows xp pro nx7400 o/s,hewlett packard,
amazon:1072,marine aquarium & goldfish screen saver by encore software,encore software,
amazon:1073,backyard sports backyard basketball and backyard football,humongous entertainment,19.99
amazon:1074,family tree maker version 16 collectors edition sb cs,encore software,99.99
amazon:1075,modeless liquid ledger personal finance software ( mac ),csdc,79.99
amazon:1076,the print shop 22 sb cs by the print shop,encore software,
amazon:1077,portfolio 8 stand-alone 1-usr boxed,extensis,
amazon:1078,3d home architect home v. 8 by encore software,encore software,39.99
amazon:1079,tropico 2 : pirate cove ( mac ),destineer inc,29.99
amazon:1080,adventure workshop 4th-6th grade 7th edition,encore software,19.99
amazon:1081,stuffit deluxe v 10.0 ( mac ),smith-micro-software,79.99
amazon:1082,pitstop pro 7.0 upgr 5.x or below,enfocus software,299.0
amazon:1083,nova greeting card factory ( mac ),nova development,49.99
amazon:1084,riverdeep the print shop zoom dvd,riverdeep,
amazon:1085,burning monkey solitaire 4.0,freeverse software,24.95
amazon:1086,calendar creator platinum sb cs by riverdeep,encore software,29.99
amazon:1087,captain america the complete comic collection win/mac,git corp,49.95
amazon:1088,suitcase fusion 1u box,extensis,
amazon:1089,e-mu em8685 beat garden x emulator x2/proteus x2 soundset,e-mu,129.99
amazon:1090,the sims 2 ( mac ),aspyr media,49.99
amazon:1091,soundtrack 1.2,apple,199.99
amazon:1092,call of duty 2 dvd-rom ( mac ),aspyr media,49.99
amazon:1093,final cut express 2.0 upgrade,apple computer,99.99
amazon:1094,detto move2mac usb,detto-technologies-inc,71.31
amazon:1095,allume aquazone seven seas deluxe,allume,38.89
amazon:1096,apple remote desktop 2.2 10 client ( old version ),apple,299.0
amazon:1097,spy sweeper with antivirus/child safe,webroot software,39.95
amazon:1098,rollercoaster tycoon 3 ( mac ),aspyr media,49.99
amazon:1099,webroot spysweeper antispyware 3 user,webroot software,39.99
amazon:1100,poser 7 win 2000 xp mac os 10.4 & up,aladdin systems,199.99
amazon:1101,steinberg cubase studio 4,steinberg,499.99
amazon:1102,john deere : busy days in deerfield valley,destineer publishing,19.99
amazon:1103,genuine fractals print pro 5 1u,onone software,299.95
amazon:1104,history ( dvd ) ( pc & mac ),fogware publishing,
amazon:1105,punch ! master landscape & home design,punch ! software,59.99
amazon:1106,zend studio 5.1 ( win/mac ),zend-technologies-inc .,299.0
amazon:1107,pitstop pro 7.0,enfocus software,699.0
amazon:1108,3d bridge deluxe ( mac ),freeverse software,24.99
amazon:1109,halo ( mac ),macsoft,29.99
amazon:1110,the print shop 22 pro publisher deluxe sb cs by the print shop,encore software,99.95
amazon:1111,apple final cut studio 2 ( mac ),apple,1299.0
amazon:1112,railroad tycoon 3 ( mac ),macsoft,19.99
amazon:1113,logic express 7.2 upgrade from logic express 6,apple-computer - ( direct ),99.0
amazon:1114,webroot spy sweeper antispyware 5.x,webroot software,29.95
amazon:1115,punch ! master landscape professional & home design v 10.0,punch ! software,69.95
amazon:1116,aquazone bass edition,smith-micro-software,19.99
amazon:1117,dk rainbow fish most beautiful fish in the ocean,encore,9.99
amazon:1118,adobe creative suite cs3 master collection upsell,adobe,1999.0
amazon:1119,apple remote desktop 3 10 managed systems,apple,299.0
amazon:1120,caillou ready for school ( pc & mac ),brighter-minds-media-inc .,19.99
amazon:1121,totally spies : zombie jamboree ( win/mac ),brighter-minds-media-inc .,9.95
amazon:1122,apple xsan ( mac ),apple,
amazon:1123,business card composer ( mac ),belight software,39.99
amazon:1124,emedia print music 2006 win/mac,makemusic !,69.99
amazon:1125,adobe solution expert support,adobe,299.0
amazon:1126,totally spies : total swamp romp ( pc & mac ),brighter-minds-media-inc .,19.99
amazon:1127,steinberg sequel ( pc or mac ) music creation & performance software,steinberg,129.0
amazon:1128,miraizon cinematize 2 ( mac ),miraizon,69.99
amazon:1129,bias deck le 3.5 macintosh cd,bias,99.0
amazon:1130,adobe cs3 design premium macosx dvd,adobe,599.0
amazon:1131,power production storyboard quick,power production,
amazon:1132,civilization iv dvd-rom ( mac ),aspyr media,49.99
amazon:1133,apple shake 4.1 visual effects ( mac ),apple computer,499.0
amazon:1134,comic book library,marvel,49.99
amazon:1135,taxcut home & bus + state + sage includes act 8.0 & peachtree 2007,h & r block,
amazon:1136,mediafour macdrive 6 for windows,mediafour corporation,49.99
amazon:1137,wavelab studio 6,steinberg-media-technologies,399.99
amazon:1138,net ad creator,laughing bird,39.99
amazon:1139,cakewalk sonar 6 producer ed,cakewalk,799.0
amazon:1140,iomega nas 400e expansion chassis 1tb 1u,iomega,2699.0
amazon:1141,appleworks 6.2.9,apple,79.0
amazon:1142,adobe captivate 2.0,adobe,1083.95
amazon:1143,crystal 3d impact ! pro 1.25 ( jewel case ),crystalgraphics,79.0
amazon:1144,play music together mac,iplaymusic,39.99
amazon:1145,microsoft office 2004 standard ( mac ),microsoft,399.99
amazon:1146,swift publisher for mac,global-marketing-partners,39.99
amazon:1147,zoo tycoon 2 ( mac ),destineer,39.99
amazon:1148,sibelius 4 professional edition,sibelius-software-ltd .,599.99
amazon:1149,burning monkey mahjongg ( mac ),freeverse software,24.99
amazon:1150,40 years of the x-men,git corp,49.99
amazon:1151,pc tools spyware doctor 2007,encore,29.95
amazon:1152,x-plane v8 ( mac ),graphics-simulations-corporation,49.99
amazon:1153,drive genius by prosoft engineering inc,global-marketing-partners,129.0
amazon:1154,finale 2006 ( pc & mac ),emedia,600.0
amazon:1155,istopmotion,navarre,39.95
amazon:1156,pro digital frame bundle 1u,onone software,99.95
amazon:1157,internet cleanup 4.0 mac os 10.4 or higher,smith-micro-software,29.99
amazon:1158,burning monkey solitaire 2005 edition,freeverse software,24.99
amazon:1159,nero 7 ultra edition enhanced pc & home entrmnt soln,neso usa,99.99
amazon:1160,apple mac os x tiger 10.4.6 ( mac dvd ),apple computer,129.0
amazon:1161,faxstf pro mac os 10.3.9 or above,aladdin systems,49.99
amazon:1162,motu digital performer 5 digital audio software competitive upgrade ( mac only ),motu,395.0
amazon:1163,spring cleaning 9.0 for mac os 10.4 & above,aladdin systems,49.99
amazon:1164,g7 kontakt edition,sibelius-software-ltd .,99.99
amazon:1165,chronos stickybrain 3.0 ( mac ),chronos l.c.,34.99
amazon:1166,cakewalk sonar 6 studio,cakewalk,369.0
amazon:1167,micromat techtool protege with firewire device,micromat,
amazon:1168,sibelius compass,sibelius-software-ltd .,159.99
amazon:1169,print explosion deluxe 3.0 ( mac ),nova development,49.99
amazon:1170,steinberg cubase 4 digital audio software,steinberg,999.99
amazon:1171,stuffit deluxe 11,aladdin systems,79.99
amazon:1172,symc ghost solution suite 2.0 media,symantec,35.57
amazon:1173,amazing spider-man complete comic book collection win/mac,git corp,49.99
amazon:1174,adobe indesign cs3 upgrade from pagemaker [ mac ],adobe,199.0
amazon:1175,apple mac os x tiger 10.4.6 family pack ( mac ),apple computer,199.0
amazon:1176,valuesoft tune transfer for ipod software for windows xp,valuesoft,29.95
amazon:1177,microsoft office student and teacher edition 2004 macintosh,microsoft,149.99
amazon:1178,band in a box 2007,pg-music-inc .,99.0
amazon:1179,microspot x-rip ( mac ),microspot ltd,349.99
amazon:1180,bias peak le 5,bias,129.0
amazon:1181,the logo creator ( mac ),laughing bird,39.99
amazon:1182,onone software pxl smartscale windows and macintosh ),onone software,
amazon:1183,sims 2 pets expansion pack,aspyr media,34.99
amazon:1184,iview mediapro 2.5,global marketing,199.99
amazon:1185,3d home architect landscape design deluxe version 9,encore,29.99
amazon:1186,adobe creative suite cs3 web standard [ mac ],adobe,999.0
amazon:1187,clickart 1.2 million 2006 dvd,encore software,
amazon:1188,photoframe pro 3.0 1u,onone software,
amazon:1189,pc tutor learn windows vista & office 2007,nova development,29.99
amazon:1190,punch ! professional home design,punch ! software,89.99
amazon:1191,sims 2 glamour life stuff pack,aspyr media,24.99
amazon:1192,mcafee virusscan plus 3 user,mcafee,59.99
amazon:1193,mask pro 4.0 1u,onone software,159.95
amazon:1194,roxio toast 8 titanium,roxio,99.95
amazon:1195,home design architect series 3000 v10 .0,punch ! software,149.95
amazon:1196,individual small business advantage deluxe 2006,individual,49.99
amazon:1197,finale 2007 academic ( win/mac ),emedia,350.0
amazon:1198,quickbooks point-of-sale basic 6.0,intuit,799.95
amazon:1199,dreamweaver cs3 9 mac ed 1u,adobe-education-box,199.0
amazon:1200,true crime streets of la ( mac ),aspyr media,19.99
amazon:1201,learn english ( win/mac ) ( jewel case ),fogware publishing,9.99
amazon:1202,caillou magical adventures,brighter-minds-media-inc .,19.99
amazon:1203,corefx three level,core learning,59.95
amazon:1204,space ( dvd ) ( pc & mac ),fogware publishing,29.99
amazon:1205,micromat diskstudio mac ),micromat,99.0
amazon:1206,contentbarrier x4 10.4 single user ( mac ),intego,49.99
amazon:1207,stuffit deluxe 11,aladdin systems,49.99
amazon:1208,tune tools for ipod ( win/mac ),valusoft,19.99
amazon:1209,flash action phonics made easy,school zone,14.99
amazon:1210,kaplan sat/act/psat gold 2007 win/mac,topics entertainment,29.99
amazon:1211,enteractive fps creator windows ),enteractive inc. .,
amazon:1212,math success deluxe 2008,topics entertainment,49.99
amazon:1213,money home & business 2007 win32 eng na mini box us only cd,microsoft,139.43
amazon:1214,multiplication and division grades 3-4,school zone,9.99
amazon:1215,microsoft digital image suite 2006 plus pinnacle studio 10.0,microsoft,99.95
amazon:1216,macbackup,macware,29.99
amazon:1217,stubbs the zombie in rebel without a pulse ( dvd ) ( mac ),aspyr media,9.99
amazon:1218,civil air patrol : search & rescue,abacus,29.99
amazon:1219,the movies ( mac ),feral interactive,49.95
amazon:1220,atlantis quest,got game,19.99
amazon:1221,ulead videostudio 10,corel,69.99
amazon:1222,guild wars nightfall,ncsoft,49.99
amazon:1223,montage ( mac ),mariner software,149.95
amazon:1224,giggles computer funtime for baby shapes ( win/mac ),navarre ( software ),24.95
amazon:1225,sony acid pro 6 professional music workstation,sony-pictures-digital-entertainment,499.95
amazon:1226,calculation skills v1 add & sub basic core learning,sos-aggregation-company,
amazon:1227,sony super duper music looper,sony-media-software,19.99
amazon:1228,learn to play chess with fritz and chesster ( mac ),viva media,29.99
amazon:1229,adobe photoshop cs2 advanced techniques by julieanne kost,software cinema,
amazon:1230,quickverse mac bible study 2007 gold box,findex,349.95
amazon:1231,adobe framemaker 7.2 ( windows ),adobe,1445.9
amazon:1232,sound forge 9.0,sony media,399.96
amazon:1233,audio success suite edition : sales success,topics entertainment,19.95
amazon:1234,logic express 6,apple,299.99
amazon:1235,photoshop elements 4 edu mac 1u,adobe-education-box,69.0
amazon:1236,pc cakewalk guitar tracks pro 3,cakewalk,149.99
amazon:1237,dvo cook 'n deluxe 6.0 ultimate recipe organizer,dvo enterprises,39.99
amazon:1238,sound forge audio studio 9,sony media,69.59
amazon:1239,close quarters conflict,groove media,19.99
amazon:1240,upgrade acid pro 6 boxed,sony-pictures-digital-entertainment,305.18
amazon:1241,quicken legal business pro 2007,nolo press,79.99
amazon:1242,peachtree by sage premium accounting 2007,sage software,499.99
amazon:1243,prey,aspyr media,39.99
amazon:1244,peachtree by sage pro accounting 2007,sage software,169.99
amazon:1245,gsp greatest moments of our time,global-software-publishing-north-america-inc,9.99
amazon:1246,peachtree by sage complete accounting 2007,sage software,269.99
amazon:1247,audio success series : winning strategies,topics entertainment,
amazon:1248,american idol extreme music creator,sony media,49.95
amazon:1249,window washer,navarre ( software ),29.95
amazon:1250,emedia piano and keyboard method volume 1,emedia,59.99
amazon:1251,adobe acrobat standard 8.0,adobe,449.99
amazon:1252,adobe photoshop cs2 fundamental techniques by julieanne kost,software cinema,
amazon:1253,reel deal casino shuffle master edition,phantom efx,19.99
amazon:1254,john deere : welcome to merriweather farm,global-software-publishing,19.99
amazon:1255,sony acid pro 5,sony,399.95
amazon:1256,galaxy of games 5000,2k games,19.99
amazon:1257,total 3d home & landscape design suite version 9,individual software,39.99
amazon:1258,punch ! home design architectura series 18,punch ! software,129.99
amazon:1259,print shop 22 pro publisher deluxe,encore,99.99
amazon:1260,hijack2,navarre ( software ),39.95
amazon:1261,intervideo dvd copy 5 express,corel,29.99
amazon:1262,adobe flash pro cs3 upgrade [ mac ],adobe,199.0
amazon:1263,photoedit 2 ( mac ),macware,29.99
amazon:1264,punch ! professional home design suite,punch ! software,69.99
amazon:1265,3 great games for guys,dreamcatcher interactive,29.99
amazon:1266,sony sound forge audio studio 8,sony-pictures-digital-entertainment,69.99
amazon:1267,places ( pc & mac ),fogware publishing,29.99
amazon:1268,acid music studio 7,sony media,78.95
amazon:1269,punch 5 in 1 home design,punch ! software,39.99
amazon:1270,xtreme photostory on cd and dvd 6,magix entertainment,29.99
amazon:1271,anime studio 5 win 98/me 2000/xp mac os 10.4 & up,aladdin systems,49.99
amazon:1272,punch ! home design architectural series 18,punch ! software,129.99
amazon:1273,adobe soundbooth cs3,adobe,199.0
amazon:1274,wingnuts 2 ( mac ),freeverse software,29.99
amazon:1275,punch ! super home suite,punch ! software,49.99
amazon:1276,quickverse bible premier suite,individual software,39.99
amazon:1277,palo alto marketing plan pro 9.0,palo-alto-software,179.0
amazon:1278,easy video editor 2.0 by honest technology,global-marketing-partners,50.88
amazon:1279,palo alto business plan pro premier 2007,palo-alto-software,199.0
amazon:1280,national parks : enhanced scenery add-on for microsoft flight simulator 2002 & 2000,abacus,19.99
amazon:1281,palo alto business plan pro 2007,palo-alto-software,99.95
amazon:1282,adobe after effects cs3,adobe,999.0
amazon:1283,namo webeditor 2006,namo,99.99
amazon:1284,punch ! master landscape & home design,punch ! software,99.99
amazon:1285,black & white platinum pack ( mac ),feral interactive,29.99
amazon:1286,webroot desktop firewall,webroot software,29.99
amazon:1287,punch ! 5 in 1 home design,punch ! software,39.99
amazon:1288,city of heroes good vs. evil edition,nc soft,29.99
amazon:1289,business card factory deluxe 3.0,nova development,29.99
amazon:1290,punch ! home design architectural series 4000 v10,punch ! software,199.99
amazon:1291,big tiny little a tiny little christmas,yamaha,34.95
amazon:1292,small business server 2003 20u cal addpak user,microsoft,
amazon:1293,systemsuite 8 professional,individual software,49.99
amazon:1294,jumpstart 4th-6th grade v 2.0 b43,knowledge adventure,19.99
amazon:1295,pcdefense,avanquest software,29.95
amazon:1296,starry night astronomy screensaver win/mac,imaginova,19.99
amazon:1297,quickverse sermon builder 4.0,findex.com inc,69.95
amazon:1298,ultra sudoku/ultra kakuro,abacus,29.95
amazon:1299,snap ! spelling ( jewel case ),topics entertainment,19.95
amazon:1300,acad vegas movie studio + dvd 8 platinum,sony-pictures-digital-entertainment,
amazon:1301,bitdefender antivirus 10.0 [ 2 year subscription for 2 pcs ],global-marketing-partners,39.95
amazon:1302,scrabble with bonus clue,encore,19.99
amazon:1303,scrabble complete ( jewel case ),encore,9.99
amazon:1304,piano wizard premier software & stickers & midi cable,re : launch,149.95
amazon:1305,microsoft visual studio professional w/msdn professional 2005 renewal,microsoft software,799.0
amazon:1306,emedia guitarpro 5 win/mac,emedia,59.99
amazon:1307,spycatcher 2007for pc,avanquest,19.99
amazon:1308,intuit quicken home inventory manager windows,intuit,34.95
amazon:1309,academy award winners,yamaha,31.95
amazon:1310,ca antivirus 2007,computer associates,39.95
amazon:1311,zonealarm pro firewall,zone labs,39.99
amazon:1312,sales skills 2.0 ages 10 +,victory multimedia,19.95
amazon:1313,brain builder,core learning,19.95
amazon:1314,return to castle wolfenstein ( mac ),aspyr media,29.99
amazon:1315,solitaire antics deluxe,masque publishing,
amazon:1316,aircraft collector 's second edition,abacus,19.95
amazon:1317,findex quickverse bible study 2007 bible-suite,findex,
amazon:1318,treasure mountain ! ( jewel case ) ages 5-9 for win/mac,riverdeep,9.99
amazon:1319,video patrol 5.0 by honest technology,global-marketing-partners,50.86
amazon:1320,snap ! kakuro,topics entertainment,4.99
amazon:1321,instant immersion american sign language win/mac,topics entertainment,9.99
amazon:1322,adobe creative suite cs3 design premium upsell,adobe,1599.0
amazon:1323,simple slide show,topics entertainment,19.99
amazon:1324,printmaster platinum v 17.0,encore software,39.99
amazon:1325,street atlas usa 2007 plus dvd,delorme,59.95
amazon:1326,jumpstart world 2nd grade,knowledge adventure,19.99
amazon:1327,great invasions,strategy first,39.99
amazon:1328,web graphics creator,sos-aggregation-company,39.95
amazon:1329,instant immersion translator deluxe 2.0,topics entertainment,49.99
amazon:1330,onone essentials for adobe photoshop elements version 2 full,onone software,59.95
amazon:1331,funny faces deluxe,fogware publishing,19.99
amazon:1332,emedia blues guitar legends,emedia,29.94
amazon:1333,age of empires iii : the warchiefs expansion pack ( mac ),destineer,34.95
amazon:1334,adobe creative suite cs3 web standard,adobe,999.0
amazon:1335,guitar tool worship edition,midisoft corporation,
amazon:1336,delorme topo usa mapping software 6.0 east region,delorme,49.95
amazon:1337,nero 8 ultra edition,nero inc.,99.95
amazon:1338,weekly reader mastering high school 2008,fogware publishing,29.99
amazon:1339,northstar for pc/mac,true-north-technology-inc .,99.99
amazon:1340,make music allegro 2007 labpack 5 user,makemusic !,375.0
amazon:1341,instant immersion hawaiian audio,topics entertainment,
amazon:1342,power translator 11 premium,language-engineering-co-llc,79.99
amazon:1343,liquid ledger personal finance,csdc,79.99
amazon:1344,sportsman 's double play,masque publishing,19.95
amazon:1345,jumpstart advanced preschool v2 .0,knowledge adventure,19.99
amazon:1346,visual thesaurus the thinkmap inc.,csdc,39.95
amazon:1347,phonics success essentials : grades 7-9,topics education,19.99
amazon:1348,cook 'n cd recipe cards,dvo enterprises,19.99
amazon:1349,adobe creative suite cs3 web standard upsell [ mac ],adobe,799.0
amazon:1350,train sim modeler design studio,abacus,39.99
amazon:1351,learn to play keyboard ( jewel case ),alfred publishing,9.99
amazon:1352,ufo afterlight,topware interactive,39.99
amazon:1353,instant immersion italian deluxe v2 .0 ( large box ),topics entertainment,29.99
amazon:1354,enemy territory : quake wars,aspyr media,49.99
amazon:1355,weekly reader mastering elementary/middle school math learning,fogware publishing,19.99
amazon:1356,sentinel : descendants in time,dreamcatcher interactive,19.99
amazon:1357,photostory on cd & dvd 5,magix entertainment,19.99
amazon:1358,flash remoting 1 alp ret eng cd 2u,adobe,3314.09
amazon:1359,shapes,school zone,9.99
amazon:1360,dragon naturally speaking standard v9,nuance-communications-inc .,99.99
amazon:1361,mediarecover,aladdin systems,29.99
amazon:1362,photo explosion 3.0,nova development,29.99
dn2:0,clickart 950 000 - premier image pack (dvd-rom),broderbund,
dn2:1,ca international - arcserve lap/desktop oem 30pk,computer associates,
dn2:2,noah's ark activity center (jewel case ages 3-8),victory multimedia,
dn2:3,peachtree by sage premium accounting for nonprofits 2007,sage software,599.99
dn2:4,singing coach unlimited,carry-a-tune technologies,99.99
dn2:5,emc retrospect 7.5 disk to disk windows,dantz,
dn2:6,adobe after effects professional 6.5 upgrade from standard to professional,adobe,499.99
dn2:7,acad upgrade dragon naturallyspeaking pro solution 9.0 (a289a-fd7-9.0),nuance academic,399.54
dn2:8,mia's math adventure: just in time,kutoka,19.99
dn2:9,disney's 1st & 2nd grade bundle (pixar 1st grade secret keys and aladdin reading quest),disney,14.99
dn2:10,paper art: gift wrapping,arc media inc.,
dn2:11,nfs maestro solo 2006 1u,hummingbird communications,309.56
dn2:12,microsoft sql server standard edition 2005 64 bit cd/dvd 5 client,microsoft,1849.0
dn2:13,spy sweeper spanish,webroot software,29.95
dn2:14,domino designer/developer v5.0,lotus development,95.0
dn2:15,omnioutliner professional 3.0,csdc,69.95
dn2:16,compaq comp. secure path v3.0c-netware wrkgrp 50 lic ( 231327-b22 ),compaq computer,
dn2:17,upg sgms 1000 incremental node,sonic systems inc.,
dn2:18,the human body,topics entertainment,19.99
dn2:19,school zone pencil-pal software big phonics (cd-rom & book),school zone interactive,
dn2:20,millie's math house ages 3-7 (win/mac),ibm (aap misc parts),
dn2:21,world book encyclopedia 2006,topics entertainment,19.99
dn2:22,musicalis guitar workshop,global software publishing,9.99
dn2:23,the printshop 20 professional publisher,broderbund,69.99
dn2:24,data protection suite,stomp inc,69.99
dn2:25,kids power fun for girls,topics entertainment,19.99
dn2:26,adobe premiere pro cs3 upgrade,adobe,299.0
dn2:27,i copy dvds 2 professional edition,me too software,69.99
dn2:28,gen-x media made easy vol. 3,gen-x,49.95
dn2:29,family tree maker 11.2 collector's edition,encore,109.95
dn2:30,adobe fireworks cs3 [mac],adobe,299.0
dn2:31,dinosaurs,topics entertainment,19.99
dn2:32,instant home design 3.0 [lb],topics entertainment,19.99
dn2:33,x-oom internet movies 2,x-oom,
dn2:34,form workshop 1200,valusoft,29.99
dn2:35,the print shop pro publisher 22 deluxe [dvd],encore,99.99
dn2:36,stomp inc recover lost data 2005,stomp inc,39.95
dn2:37,my first bible stories,dorling kindersley multimedia (dk),29.95
dn2:38,the big mix (mac),aladdin,59.99
dn2:39,x-oom movie clone 3 gold,x-oom,
dn2:40,the print shop 22 deluxe,encore,49.99
dn2:41,imsi turbocad designer v.11,imsi,39.99
dn2:42,lavasoft ad-aware plus edition,tri synergy,29.99
dn2:43,clip art and more 250 000 (jewel case),imsi design,
dn2:44,instant immersion language lab deluxe edition,topics entertainment,
dn2:45,elementary school success deluxe 2006,topics entertainment,49.99
dn2:46,national geographic presents: redshift planetarium,topics entertainment,29.99
dn2:47,math success deluxe 2006,topics entertainment,49.99
dn2:48,national geographic presents: forces of nature,topics entertainment,29.99
dn2:49,reference success deluxe 2006,topics entertainment,49.95
dn2:50,clifford the big red dog - thinking adventures,scholastic,9.99
dn2:51,mastercook deluxe low carb,valusoft,14.99
dn2:52,instant home design (jewel case),topics entertainment,9.99
dn2:53,boomerang webshop platinum,boomerang,
dn2:54,allume boost xp for windows,smith micro software,29.99
dn2:55,jumpstart learning games phonics (pc & mac),knowledge adventure,9.99
dn2:56,kids power fun for little ones,topics entertainment,19.99
dn2:57,museums of the world,topics entertainment,19.99
dn2:58,matchbox cross-town heroes,thq,19.99
dn2:59,studyworks! teaching pro: middle school math & science (win/mac),global software publishing,29.99
dn2:60,trudy's time and place house ages 3-6,ibm,
dn2:61,personal image manager,smith micro software,29.99
dn2:62,stomp inc drive washer,stomp inc,
dn2:63,movies on psp,x-oom,
dn2:64,kids power fun for kids,topics entertainment,19.99
dn2:65,custom landdesigner 3d design 7.0,sierra on-line,
dn2:66,freddi fish 2: the haunted schoolhouse,humongous entertainment,29.95
dn2:67,netgear vpn01l vpn client software,netgear,89.99
dn2:68,mom standard ops mgmt lic 2005 english mlp 5 oml,microsoft,
dn2:69,eastwest bsendorfer 290 grand piano virtual instrument,eastwest,199.95
dn2:70,diskeepeer 2007 admin upgrade sngl lic pack,diskeeper corporation,200.0
dn2:71,monarch v9.0 1u .,datawatch,699.0
dn2:72,midway arcade treasures (jewel case),encore software,9.99
dn2:73,snap! 10 000 drink recipies (jewel case),topics entertainment,4.99
dn2:74,mac os x server v10.4.7 10-client,apple,499.0
dn2:75,epson storyteller photo book creator - 8 x 10 (20 pages),epson,29.99
dn2:76,adobe acrobat capture 3.0 ( 22101258 ),adobe,299.99
dn2:77,age of mythology (mac),macsoft,19.99
dn2:78,emedia intermediate guitar method os x,emedia,59.99
dn2:79,ca internet security suite 2007 - 3 user,computer associates,69.95
dn2:80,kaplan sat/act/psat express,topics entertainment,9.99
dn2:81,passwords plus 1.0,dataviz,29.99
dn2:82,emedia essential bass guitar,emedia,19.95
dn2:83,scratches: directors cut,got game,19.99
dn2:84,x3: reunion - virtual programming ltd.,csdc,39.95
dn2:85,write brothers dramatica pro win/mac,write brothers,269.99
dn2:86,emedia bass method win/mac,emedia,59.99
dn2:87,microsoft licenses project svr sa govt (h2200301),microsoft licenses,3601.4
dn2:88,total training for adobe creative suite 3: design premium bundle,total training,299.99
dn2:89,everquest: titanium,sony creative software,19.95
dn2:90,emc retrospect 7.5 professional for windows upgrade,dantz,
dn2:91,iriscard pro business card scanner,iris,199.99
dn2:92,computrace lojack for laptops - 4 year subscription,absolute software,119.99
dn2:93,microsoft office frontpage 2003 ( academic version ) ( windows ),microsoft,159.98
dn2:94,warlords 3 (jewel case),red orb entertainment,
dn2:95,autocad 2007 courseware customizing the interface,autodesk psg,47.95
dn2:96,sonicwall internet upgrade (50-node),sonicwall,
dn2:97,tournament poker 2005,eagle games,20.99
dn2:98,cold zero: no mercy,encore software,19.99
dn2:99,listen for ipod - magnetic time,sos aggregation company,39.99
dn2:100,textbridge pro 11 5u license xp,nuance communications inc.,
dn2:101,atari arcade classics (mac),macsoft,19.99
dn2:102,myinvoices & estimates deluxe,avanquest software,39.95
dn2:103,my sim aquarium,viva media,19.99
dn2:104,scrabble,destineer,24.99
dn2:105,instant immersion spanish (audio book),topics entertainment,
dn2:106,cisco security server agent for windows and solaris - license - 100 agents - win solaris ( csa-b100-srvr-k9 ),cisco systems - enterprise,
dn2:107,photoshop elements 5 and premiere elements 3 bundle win minibox (29180248),adobe,242.62
dn2:108,buzby breakin' all the rules hermie and friends,digital praise,19.99
dn2:109,instant immersion french 2.0,topics entertainment,29.99
dn2:110,hp digital sending secure - license - 50 users - std,hewlett packard,
dn2:111,instant play electric guitar deluxe,topics entertainment,39.99
dn2:112,foreign policy & reform (win/mac) (jewel case),fogware publishing,9.99
dn2:113,microsoft licenses win svr 2003 ext conn lic (r3900292),microsoft licenses,3371.85
dn2:114,quickbooks pos: pro multistore 6.0,intuit inc.,1399.95
dn2:115,encyclopedia britannica deluxe 2008 win/mac,avanquest,29.95
dn2:116,cook'n vegetarian,dvo enterprises,19.99
dn2:117,hidden expedition: titanic,activision,19.99
dn2:118,crystal reports xi professional edition,business objects,495.0
dn2:119,sierra hallmark card studio special edition ( windows ),nova development,
dn2:120,crusader kings,atari,19.99
dn2:121,microsoft licenses exch. srvr extrn conn sa eng (39400416),microsoft licenses,42166.22
dn2:122,watchguard serverlock manager (100 servers),watchguard technologies inc,14995.0
dn2:123,master server-upg,novastor corporation,
dn2:124,tlc dr. seuss reading learning system 2008,encore,19.99
dn2:125,compaq comp. rapid deployment pk-flexible lic kit ( 302127-b21 ),compaq computer,
dn2:126,oxford spanish dictionary,oxford university press,19.95
dn2:127,pantone reference library,pantone inc.,1623.06
dn2:128,procurve vpn client software unlimited client licenses,hewlett packard,
dn2:129,oxford spanish dictionary,tri synergy,19.99
dn2:130,microsoft licenses sps extrnlconnnonemplyenglands c (h3200034),microsoft licenses,101515.55
dn2:131,microspot interiors,microspot ltd.,99.95
dn2:132,upgrade emc retrospect 7.5 multi server windows only,dantz,
dn2:133,snap enterprise data replicator advanced license for 10000 series,adaptec,
dn2:134,employee appraiser 5.0 deluxe mailer,global marketing,394.6
dn2:135,microsoft crm professional cal 3.0 product upgrade license pack user cal,microsoft software,9980.0
dn2:136,upgrade robohelp server 6 win ue 1u,adobe,3609.98
dn2:137,netmanage rumba unix-hp edition - ( v. 7.3 ) - upgrade license ( 902453-006 ),netmanage,
dn2:138,sonicwall gms standard edition 10 node license,sonicwall,
dn2:139,adobe creative suite cs3 design premium upsell [mac],adobe,1599.0
dn2:140,retrospect 6.0 desktop mac upgrade,dantz,59.99
dn2:141,exceed 2007 with 1yr mnt 1u,hummingbird communications,650.0
dn2:142,ca brightstor arcserve backup r11.1 for netware tape library option - service pack,computer associates,
dn2:143,adobe acrobat distiller svr v6-cd linux u/u ( 42050142 ),adobe systems,
dn2:144,backup exec netware open file v9.2 e/g full package product,veritas,695.0
dn2:145,microsoft virtual pc for mac 7.0 with windows 2000,microsoft,249.99
dn2:146,microsoft mappoint 2006 standard edition,microsoft,299.0
dn2:147,red hat entprse linux as 3 amd ( rhf0211us ),red hat software,
dn2:148,ca arcserve bkup r11.1/nw stor area netw (san) opt prod only,computer associates,
dn2:149,enterasys vpn & firewall code upgrade ( xsr-18xx-vpn-fw ),cabletron systems,1928.07
dn2:150,suretrak project manager 3.0,primavera systems,499.0
dn2:151,vrs4.0 plus scsi workgroup scanning 5 & 6,fujitsu imaging,
dn2:152,pdf create! 4.0 retail,nuance communications inc.,49.99
dn2:153,upgrade 3d for exceed 2007 1u,hummingbird communications,
dn2:154,cisco 3745 ser ios ent ( cd374-esk9= ),cisco systems - enterprise,2814.33
dn2:155,softgrid cal for ts 4.1 english mlp 20 user cal,microsoft,
dn2:156,details 3.0,aec software,304.99
dn2:157,adobe photoshop elements 4.0 plus adobe premiere elements 2.0 - complete package - 1 user - cd ( mini-box ) - win - canadian french ( 29180162 ),adobe systems inc,
dn2:158,photo objects 150 000 for macintosh,nova development,49.99
dn2:159,insight pwr mgr no media 1ltu,hewlett packard,
dn2:160,fontware pro+,informatics,
dn2:161,gods: lands of infinity - special edition,strategy first,29.99
dn2:162,icopydvds2 ultra by digital wunders,global marketing partners,89.99
dn2:163,hallmark blank greeting cards half-fold matte premium 20 count,nova development,12.99
dn2:164,sea scene: living underwater worlds (jewel case),valusoft,9.99
dn2:165,hp storageworks secure path for windows workgroup edition - ( v. 4.0c ) - license ( 213076-b26 ),hewlett packard,
dn2:166,equilibrium debabelizer pro 6.0 - 1 user,equilibrium,599.99
dn2:167,prosoft tunetech for ipod (mac),prosoft engineering,74.99
dn2:168,autodesk discreet combustion 4 ( windows ),autodesk,
dn2:169,reel deal casino quest,phantom efx,19.99
dn2:170,espro + interpretair s/w,fluke networks,5750.6
dn2:171,microsoft licenses word mac 10.0 eng govt (d4800369),microsoft licenses,349.83
dn2:172,ca arcserve bkup r11.5 win agent mac os x - upgrade prod only,computer associates,
dn2:173,netmanage rumba web to host as400 ed v4.2 ( 910620-000 ),netmanage,
dn2:174,1pk internet sec ste 2007 oem,ca - oem,
dn2:175,diskeeper 2007 professional single lic pack,diskeeper corporation,79.21
dn2:176,instant immersion japanese (audio book),topics entertainment,
dn2:177,world of warcraft 60 day pre-paid time card,blizzard entertainment,29.99
dn2:178,smart steps 4th grade,dorling kindersley multimedia (dk),29.95
dn2:179,ca arcserve bkup r11.5 win dro sp1 prod only,computer associates,
dn2:180,textbridge pro 11,nuance communications inc.,79.99
dn2:181,emedia rock guitar method,emedia,39.99
dn2:182,home bartending - 101 shooters,arc media inc.,19.95
dn2:183,jumpstart reading with karaoke,knowledge adventure,29.99
dn2:184,crystal reports xi developer,business objects,595.0
dn2:185,iremember digital scrapbooking 2.0,intriguing development,39.95
dn2:186,learn2 training for microsoft powerpoint,topics entertainment - software (consignment),9.99
dn2:187,adobe acrobat distiller svr v6-cd sun 100u ( 42050106 ),adobe,9104.19
dn2:188,tomb raider: legend,eidos interactive,19.99
dn2:189,upgrade delphi 2006 pro named fr delphi v3-2005 pro - cd,borland international,
dn2:190,isi researchsoft reference manager 11 - single user,isi researchsoft,299.99
dn2:191,high availability requires two livesecurity firesboxes,watchguard technologies inc,1995.0
dn2:192,buku karkuro,topware interactive,19.99
dn2:193,backup exec 10d win adv disk v10.1 lic only (e180518),symantec corporation.,983.34
dn2:194,procurve manager plus upgrade-,hewlett packard,
dn2:195,world of warcraft,blizzard entertainment,19.99
dn2:196,world of warcraft pc,vivendi,35.7
dn2:197,sonicwall global vpn client - license ( 01-ssc-5310 ),sonic systems inc.,
dn2:198,scansoft paperport professional 11 - 5 user license,nuance communications inc.,949.99
dn2:199,netmanage upg rumba unix-hp edition level ( 902453-007-c ),netmanage,
dn2:200,upg serverlock for solaris gold,watchguard technologies inc,
dn2:201,backup exec netware remote agt win/netware svr v9.2 e/g,veritas,295.0
dn2:202,the computrace lojack for laptops computer tracking and loss control solution by,lenovo,
dn2:203,lotus dev. mqseries link for r/3-v1.2 cd sol ( 04l1671 ),lotus development corp,
dn2:204,cisco ios enterprise services - complete package ( cd28-esk9= ),cisco systems - enterprise,
dn2:205,nortel contivity stateful firewall license - standard - 1 switch,nortel,
dn2:206,hp data protector exp bu svr cmp upgrade ltu,hewlett packard,
dn2:207,crystal reports 11 professional full product french,business objects,909.66
dn2:208,wasp bar code - wasp bar code labeler - complete package - 3 users - std - cd -,wasp technologies,
dn2:209,ibm rational clearcase lt - ( v. 6.0.0 ) - media - vol - passport passport adva,ibm,
dn2:210,upgrade terminal emulation software 2006 with media 1u,esker,
dn2:211,microsoft entertainment pack ce,microsoft,49.5
dn2:212,diskeeper 2007 pro premier 10-lic pack,diskeeper corporation,1372.21
dn2:213,netmanage rumba web as/400 edition ( 910523-002 ),netmanage,
dn2:214,watchguard 1yr subs firebox x5 webblocker ( wg017196 ),watchguard technologies inc,159.9
dn2:215,netmanage rumba web to host as400 ed v4.2 ( 910623-000 ),netmanage,
dn2:216,adobe illustrator cs3 upgrade from freehand [mac],adobe,199.0
dn2:217,cisco syst. minor release:requires existing ( cww-6.1-win-mr ),cisco systems - enterprise,
dn2:218,microsoft upg win small business svr cal ( t74-01215 ),microsoft corporation,330.14
dn2:219,ca brightstor arcserve backup r11.1 for netware upgrade from arcserve 7 for netware,computer associates,
dn2:220,mobileinventory additional mobile license,wasp technologies,
dn2:221,watchguard license wg vpn upgrade from 4 to 10 (wg4110),watchguard license,2098.55
dn2:222,pinnacle studio plus titanium edition v10.5,pinnacle,69.99
dn2:223,symantec client security 3.1 with groupware protection business pack 50 user,symantec,3732.0
dn2:224,netmanage rumba web as/400 edition ( 910584-001 ),netmanage,
dn2:225,microsoft powerpoint 2004 (mac),microsoft,229.99
dn2:226,refviz v2 mac single user,isi researchsoft,299.95
dn2:227,e frontier manga studio debut 3.0 (single user),curious labs inc.,49.99
dn2:228,microsoft licenses win svr 2003 device cal l/sa (r1800144),microsoft licenses,74.59
dn2:229,vcomm system suite professional 7,avanquest,49.95
dn2:230,ca arcserve bkup r11.5 win svrless bkup opt sp1- prod only,computer associates,
dn2:231,red hat enterprise linux ws - ( v. 4 update 4 ) - license - 1 workstation ( rl296aa ),hewlett packard,
dn2:232,printshop home & office labels,broderbund,19.95
dn2:233,photo explosion deluxe 3.0,nova development,49.99
dn2:234,ntrack anti-theft by synet electronics,global marketing partners,
dn2:235,pdf converter professional v4 - english,nuance communications inc.,99.99
dn2:236,readiris pro 11,global marketing partners,129.99
dn2:237,persoft upg smarterm office v12.1 ( 73098 ),persoft,
dn2:238,ca brightstor arcserve backup r11.5 for enterprise option for advantage ingres for,computer associates,
dn2:239,designcad v 17,imsi,29.95
dn2:240,lotus dev. ws bus int monitor v4.2.4-multi plat mp eng ( af04mna ),lotus development corp,
dn2:241,left behind: ilumina edition,tyndale house,29.99
dn2:242,lotus dev. ibm db2 net search extender - ( v. 8.2 ) - media ( bb0kyna ),lotus development corp,
dn2:243,money premium 2007 win32 eng na mini box us only cd,microsoft,118.46
dn2:244,microsoft visual studio team edition for software developers 2005 with msdn premium,microsoft,5479.0
dn2:245,dora the explorer: dora's world adventures,activision,19.99
dn2:246,microsoft licenses isa server lic/sa olp c (e8400294),microsoft licenses,3210.4
dn2:247,netmanage onweb web-to-host - ( v. 5.1 ) - upgrade license ( 910443-004 ),netmanage,
dn2:248,microsoft windows small business server cal 2003 license pack 20 client addpack device,microsoft software,
dn2:249,scansoft paperport 11 - 5 user license,nuance communications inc.,474.99
dn2:250,adobe after effects professional 7.0,adobe,999.0
dn2:251,microsoft crm small business ed cal 3.0 license pack user cal,microsoft software,9929.0
dn2:252,stompsoft registry repair,stompsoft inc.,29.99
dn2:253,filemaker mobile 8 for palm os and pocket pc,filemaker,69.0
dn2:254,watchguard mobile user vpn 5 user bundle ( wg3605 ),watchguard technologies inc,
dn2:255,diskeeper 2007 pro premier 5-lic pack,diskeeper corporation,736.66
dn2:256,hallmark card studio 2005 deluxe,sierra home,49.99
dn2:257,ca brightstor arcserve backup r11.5 for enterprise option for advantage ingres for,computer associates,
dn2:258,microsoft visual studio team edition for software architect 2005 with msdn premium,microsoft,5479.0
dn2:259,library expansion option-upg,novastor corporation,
dn2:260,cisco 2600xm ser ios ip/fw/ids ( cd26xm-ch= ),cisco systems - enterprise,
dn2:261,procurve mobility manager 1.0 is a plug-in module for procurve manager plus 2.0,hewlett packard,
dn2:262,hp sp linux we 50 lic/cd 3.0c ( t3586a ),hewlett packard (consumables),
dn2:263,symantec mail security for smtp 5.0 smb av cd 5u gov,symantec,
dn2:264,adobe photoshop cs3 extended [mac],adobe,999.0
dn2:265,adobe indesign cs3 [mac],adobe,699.0
dn2:266,intervideo dvd copy 5 platinum,corel,49.99
dn2:267,adobe photoshop elements 5.0/premier elements 3.0 [lb],adobe,149.99
dn2:268,world of rainbow fish,global software publishing,19.99
dn2:269,microsoft publisher with digital imaging 2003 [old version],microsoft,209.99
dn2:270,adobe acrobat 7.0 professional,adobe,449.99
dn2:271,microsoft office small business 2007,microsoft software,735.33
dn2:272,adobe audition 2.0,adobe,349.0
dn2:273,quickbooks credit card processing kit 3.0,intuit,39.95
dn2:274,instant immersion italian 2.0,topics entertainment,29.99
dn2:275,easy drums (jewel case),arcmedia,9.99
dn2:276,instant immersion 33 languages,topics entertainment,49.99
dn2:277,super solvers - spellbound! ! - school edition for mac,learning company,49.95
dn2:278,snap! 1 001 letters (jewel case),topics entertainment,19.95
dn2:279,the printshop 20,broderbund,29.99
dn2:280,startopia,eidos interactive,39.95
dn2:281,easy home massage - dvd,selectmedia entertainment,19.95
dn2:282,elementary success deluxe 2006 (dw dvd),topics entertainment,49.99
dn2:283,tonka town (jewel case),atari,9.99
dn2:284,sibelius 5 educational edition,sibelius software ltd.,329.0
dn2:285,weekly reader preparing for kindergarten,fogware publishing,19.99
dn2:286,my maillist & addressbook,mysoftware company,19.95
dn2:287,sibelius 5 professional edition,sibelius software ltd.,599.0
dn2:288,tonka search & rescue 2,infogrames,
dn2:289,professional training for vegas 7 and dvd architect 4 sw,sony pictures digital entertainment,249.95
dn2:290,talk now! learn dutch,eurotalk interactive,29.95
dn2:291,wacky bird hunter,selectsoft publishing,19.95
dn2:292,namco museum 50th anniversary collection,namco video games,19.99
dn2:293,treasure galaxy 5-user lab pack for mac,learning company,149.95
dn2:294,dk rainbow fish most beautiful fish,dk,9.99
dn2:295,madeline rainy day activities,encore software,19.95
dn2:296,mighty math number heroes,edmark,29.95
dn2:297,superstart! science arcade,selectsoft publishing,24.95
dn2:298,state standards - grade 6,topics entertainment,29.95
dn2:299,wacky farm,casual arcade,19.95
dn2:300,police quest compilation,vivendi games,19.99
dn2:301,broderbund printmaster platinum 16.0,encore software,39.99
dn2:302,encyclopedia britannica profiles: dinosaurs (jewel case),atari,9.99
dn2:303,real arcade: adventure inlay,activision,29.95
dn2:304,fisher-price rescue heroes: lava landslide,knowledge adventure,
dn2:305,tonka raceway - xp compatible (jewel case),hasbro interactive,29.95
dn2:306,quickstart photo montage studio,selectsoft publishing,19.95
dn2:307,season ticket football 2003,atari,19.99
dn2:308,virusbarrier x4 10.4 for mac-10 users,intego,329.95
dn2:309,family tree maker version 16 deluxe,encore,69.95
dn2:310,instant architect design suite,imsi design,29.99
dn2:311,axis network camera 213 ptz - digital video camera ( 0220-004 ),axis communication inc.,
dn2:312,norton antivirus 2007,symantec,39.99
dn2:313,backyard soccer (mls edition),humongous sports,
dn2:314,zipmagic personal edition,allume systems,19.95
dn2:315,super solvers - mission t.h.i.n.k - 25 user site license,learning company,399.95
dn2:316,f-secure internet security 2007 - 3 pcs,global marketing partners,79.99
dn2:317,disney 2nd grade active leveling advantage w buzz (jewel case) ages 6-8,disney interactive,9.99
dn2:318,ultimate puzzle games,valusoft,19.99
dn2:319,poetry fiction and drama (win/mac) (jewel case),fogware publishing,9.99
dn2:320,quicken 2007 premier,intuit,79.95
dn2:321,route 66 mobile 7 - usa/cdn for windows mobile 5,csdc,149.0
dn2:322,adobe premiere pro 2.0,adobe,849.0
dn2:323,geometry (win/mac) (jewel case),fogware publishing,9.99
dn2:324,reader rabbit preschool,the learning company,29.99
dn2:325,cross stitch design studio (jewel case),m and r technologies,9.99
dn2:326,math missions: the race to spectacle city arcade (grades k-2),scholastic,29.95
dn2:327,world of wild cats,arc media inc.,19.95
dn2:328,state standards - grade 8,topics entertainment,29.95
dn2:329,cluefinders 3rd grade adventures: mystery of mathra,learning company,
dn2:330,ghostsurf platinum 2006 [lb],avanquest publishing usa inc.,39.99
dn2:331,instant home cooking (jewel case),topics entertainment,9.99
dn2:332,spy sweeper [lb],webroot software,29.99
dn2:333,adobe after effects 7.0 professional (mac),adobe,999.0
dn2:334,transfer my dvd,avanquest,29.95
dn2:335,tlc zoombinis 3rd grade lrng sys 2007 sb cs by riverdeep ( 10548 ),encore software inc,
dn2:336,csi: crime scene investigation,ubi soft,19.99
dn2:337,jaws,majesco entertainment,19.99
dn2:338,sega smash pack 2,activision,19.95
dn2:339,post mortem,dreamcatcher interactive,29.99
dn2:340,zoboomafoo animal logic cd/workbook combo,brighter minds media inc.,14.99
dn2:341,mother goose - interactive storybook,encore software,19.95
dn2:342,let's learn about time & date,selectsoft publishing,19.95
dn2:343,living trust builder,jian inc.,19.95
dn2:344,ubi soft star wars activity center ( windows ),ubi soft,29.99
dn2:345,portfolio media kit be syst recovery 7.0 win small business ed,symantec,50.0
dn2:346,mcafee internet security suite 2007 - 3 users,mcafee,89.99
dn2:347,jumpstart advanced 1st grade v2.0,knowledge adventure,19.99
dn2:348,microsoft office & windows training,topics entertainment,29.99
dn2:349,middle school success deluxe 2008,topics entertainment,49.99
dn2:350,adobe creative suite cs3 design standard upsell [mac],adobe,899.0
dn2:351,is3 stopzilla 4.0 [stop spyware pop-ups id theft],roxio,29.95
dn2:352,pc vegas dvd,sony pictures home entertainment,899.99
dn2:353,the universe (win/mac) (jewel case),fogware publishing,9.99
dn2:354,zonealarm internet security suite,zone labs,49.99
dn2:355,ringtone media studio 2,laplink,19.95
dn2:356,print workshop 2007,valusoft,19.99
dn2:357,perfect attorney premium,cosmi corporation,39.99
dn2:358,adventure workshop 1st-3rd grade 8th edition,encore,19.99
dn2:359,fun for kids: preschool - kindergarten featuring disney,topics entertainment,29.99
dn2:360,adobe creative suite cs3 web standard upsell,adobe,799.0
dn2:361,national geographic photo gallery (jewel case),topics entertainment,9.99
dn2:362,sony psp media manager,sony computer entertainment,24.99
dn2:363,adobe premiere elements 3.0 [lb],adobe,99.99
dn2:364,english - literature basics (win/mac) (jewel case),fogware publishing,9.99
dn2:365,riverdeep arthur's kindergarten,riverdeep,
dn2:366,big oil: build an oil empire,tri synergy,19.99
dn2:367,jumpstart advanced 3rd grade v2.0,knowledge adventure,19.99
dn2:368,cosmi talking math & more for kids (windows),cosmi,
dn2:369,microsoft powerpoint 2004 upgrade (mac),microsoft,109.99
dn2:370,readiris pro 11 corporate edition,iris inc.,399.99
dn2:371,magellan mapsend lakes (usa south),magellan,114.66
dn2:372,mcafee virusscan plus 2007,mcafee,39.99
dn2:373,reel deal casino championship edition,phantom efx,19.99
dn2:374,printmaster gold v 17.0,nova development,19.95
dn2:375,pc cillin internet sec 2007 lics large box 3u,trend micro,49.95
dn2:376,aquarium 3-in-one collection (win/mac),encore software,19.99
dn2:377,cute ftp,tri synergy,39.99
dn2:378,kaspersky anti-virus 6.0,kaspersky lab,59.95
dn2:379,restricted area,whiptail,19.99
dn2:380,adobe production studio premium,adobe,1699.0
dn2:381,merriam-webster's dictionary (win/mac) (jewel case),fogware publishing,9.99
dn2:382,lego island 2: the brickster's revenge (xp compatible version),lego media,
dn2:383,tank battle,casual arcade,19.95
dn2:384,quickstudy u.s. government,selectsoft publishing,19.95
dn2:385,home budget for dummies,atari,
dn2:386,zonealarm wireless security,encore software,29.99
dn2:387,instant immersion japanese 2.0,topics entertainment,19.99
dn2:388,encyclopedia of our living oceans,dk multimedia,19.95
dn2:389,ultimate pinball (jewel case),valusoft,9.99
dn2:390,clifford reading pack (dvd box),scholastic,19.99
dn2:391,microsoft visual studio test agent 2005 cd 1 processor license,microsoft software,5099.0
dn2:392,jumpstart advanced 2nd grade v2.0,knowledge adventure,19.99
dn2:393,world history (win/mac) (jewel case),fogware publishing,9.99
dn2:394,quickbooks premier non-profit edition 2005,intuit inc.,499.95
dn2:395,quickstart pc cleaner xp,selectsoft publishing,19.95
dn2:396,crayola first ladies costume maker,encore software,19.95
dn2:397,arcmedia spelling bee (windows/macintosh),arcmedia,24.95
dn2:398,pokemon team turbo (jewel case),valusoft,9.99
dn2:399,south park chef's luv shack,acclaim,39.95
dn2:400,blues clues preschool,humongous entertainment,
dn2:401,backyard skateboarding,atari,
dn2:402,cosmi rom07524 print perfect business cards dvd,cosmi,
dn2:403,vivaldi's musical adventure pod,fogware publishing,9.95
dn2:404,cluefinders 3rd grade,the learning company,
dn2:405,rayman 10th anniversary collection,ubi soft,19.99
dn2:406,before you know it - deluxe spanish edition for pc/mac,encore software,29.99
dn2:407,pdf converter 4,nuance,49.95
dn2:408,er,vivendi universal,19.99
dn2:409,podmaxx '07,bling,29.99
dn2:410,adobe creative suite cs3 web premium upsell [mac],adobe,1399.0
dn2:411,human body 360,megasystems,29.99
dn2:412,web radio recorder,magix entertainment,
dn2:413,bodyworks 6.0 25-user building site license,learning company,399.95
dn2:414,virtual labs: light,edmark,19.95
dn2:415,pressure pop!,selectsoft publishing,19.95
dn2:416,essential business tools 2.0,valusoft,19.99
dn2:417,let's make stickers,global software publishing,19.95
dn2:418,student home learning system for pc/mac,fogware publishing,139.99
dn2:419,3mds network operations manager diy annual subscptn 101 500u,3m,
dn2:420,model web publisher 3.5.2 .,computer associates international,
dn2:421,microsoft licenses word olp c (05903871),microsoft licenses,205.73
dn2:422,vpn manager five to ten firebox,watchguard technologies inc,1995.0
dn2:423,hoyle card games 2007,encore software,29.99
dn2:424,ca arcserve bkup protection suite exch r11.5 upgrade prod only,computer associates,
dn2:425,victorymul submitwolf version 6.0 ( swolf6r ),victory multimedia,149.99
dn2:426,zonealarm anti-spyware,zone labs,29.99
dn2:427,the guild 2 - pirates of the seas,dreamcatcher interactive,29.99
dn2:428,child safe 3-pc,webroot software,39.95
dn2:429,microsoft windows server 2003 client additional license for devices - 5 pack,microsoft,209.0
dn2:430,cell phone software solution,susteen,113.1
dn2:431,mediapilot kit,susteen,39.95
dn2:432,upgrade pitstop server 3.5 1u win 2k/xp & mac os 10.2.8,enfocus software,499.0
dn2:433,media kit storage foundation basic lnx v4.1 cpu vol-4 file sys-4,veritas,
dn2:434,sudoku puzzle addict: unlimited edition,global software publ na,
dn2:435,aircraft power pack for ms flight simulator,red mile,29.99
dn2:436,winway resume deluxe 11.0 network 10,nova development,
dn2:437,sym clt security 3.1 scs media cd en,symantec - media,28.0
dn2:438,researchsoft endnote 9 student edition for students [old version],isi researchsoft,109.99
dn2:439,sony acid music studio,sony pictures digital entertainment,69.99
dn2:440,microsoft licenses biztalk hipaa std. sa only (u0200024),microsoft licenses,4215.77
dn2:441,microsoft windows small business server premium 2003 r2 upgrade cd/dvd 5 client,microsoft,709.0
dn2:442,jumpstart 1st grade,knowledge adventure,
dn2:443,instant landscaping 3.0 [lb],topics entertainment,19.99
dn2:444,topics presents: ancient civilizations (4 cd set),topics entertainment,29.99
dn2:445,simple movie maker,topics entertainment,19.99
dn2:446,instant play electric guitar (jewel box),topics entertainment,6.99
dn2:447,boomerang webpage designer gold,boomerang,
dn2:448,x-oom mp3 radio recorder ( windows ),x-oom,
dn2:449,zonealarm firewall pro 5 (free upgrade to new version),zone labs,
dn2:450,adobe after effects cs3,adobe,999.0
dn2:451,phonics success deluxe 2006 (large box),topics entertainment,49.99
dn2:452,land before time: preschool,brighter minds media inc.,9.99
dn2:453,brainfood games cranium collection 2006,encore software,19.99
dn2:454,clickart fonts (2006) by encore,encore software,19.99
dn2:455,national geographic presents: redshift 5 planetarium software,topics entertainment,39.99
dn2:456,stationery design studio,summit software,19.99
dn2:457,anti-spyware 3.0 win normal 1u - new,trend micro,48.91
dn2:458,snap! 8 player poker 5 pack,topics entertainment,29.06
dn2:459,alien disco safari,encore,19.99
dn2:460,emc retrospect 7.5 svr 1-client windows,dantz,249.0
dn2:461,kaplan sat/act/psat platinum 2007 win/mac,topics entertainment,49.99
dn2:462,ae painter v9 win/mac box,corel corp,166.19
dn2:463,adobe creative suite cs3 web standard upgrade [mac],adobe,399.0
dn2:464,timbuktu remote control softwre 10 licenses for windows,netopia,
dn2:465,sat act and psat 2007 platinum,topics entertainment,58.5
dn2:466,treasure mathstorm,the learning company,29.99
dn2:467,ae mappoint 2006 cd,microsoft corp,49.95
dn2:468,cisco security desktop agent ( csa-b250-dtop-k9 ),cisco systems (ciscopro),
dn2:469,ov data protector open file 5-wk v.9 ltu incl ltu for 5 win nt/2000/xp workstati,hewlett packard,
dn2:470,pro photo essentials plug in suite & iview mediapro 3,onone software,499.95
dn2:471,microsoft asp net web matrix,microsoft,30.0
dn2:472,tinyterm v4.x 5u windows terminal emulation (tt-5),century software,705.21
dn2:473,ae outlook 2007 win32,microsoft corp,
dn2:474,mindjet mindmanager 7 mac single license,mindjet,129.0
dn2:475,sonicwall comprehensive gateway security suite - 1 year upgrade plan ( 01-ssc-5845 ),sonic systems inc.,
dn2:476,sound studio 3: record edit add effects to audio (mac),freeverse software,79.99
dn2:477,jumpstart world 1st grade,knowledge adventure,19.99
dn2:478,art explosion t-shirt factory deluxe 3.0,nova development,29.99
dn2:479,window washer,webroot software inc,
dn2:480,child safe,webroot software,39.95
dn2:481,adobe premiere elements 3.0,adobe,161.73
dn2:482,on hand spanish 1-2-3 ( windows ),on hand software,9.99
dn2:483,pcanywhere 11.0 host only cd-rom xp 98 nt w2k me,symantec,
dn2:484,crystal reports 11 reporting essentials trng cbt,business objects,199.99
dn2:485,star wars battlefront (mac),aspyr media,39.99
dn2:486,flyboys squadron mac,ientertainment,29.99
dn2:487,microsoft visual studio professional 2005 upgrade,microsoft software,549.0
dn2:488,hollywood volume 1,yamaha,31.95
dn2:489,microsoft productivity pack for windows mobile,microsoft,29.99
dn2:490,adobe encore dvd 2.0,adobe,349.0
dn2:491,webobjects 5.2,apple,699.95
dn2:492,serious magic ultra2 master sets library 2 ( windows ),serious magic,276.5
dn2:493,microsoft windows vista business 32-bit for system builders,microsoft,179.99
dn2:494,microsoft data analyzer 2002,microsoft,179.0
dn2:495,mavis beacon typing 17 deluxe by broderbund,encore software,39.99
dn2:496,symantec pcanywhere 12.0 host only,symantec,169.65
dn2:497,the printshop business card maker (jewel case),riverdeep - learning company,9.99
dn2:498,microsoft digital image suite plus [lb],microsoft software,129.95
dn2:499,symc backup exec sbs prm 11d win small business server,symantec,885.83
dn2:500,hallmark card studio 2006,sierra home,29.99
dn2:501,adobe audition 2.0 upgrade,adobe,129.0
dn2:502,norton internet security mac 3.0 [antivirus firewall privacy controls iclean],symantec,99.95
dn2:503,corel wordperfect office 12 standard upgrade,corel,149.99
dn2:504,raster design 2006 essentials,autodesk psg,59.95
dn2:505,acrobat professional 8 mac upsell standard-professional,adobe,273.0
dn2:506,services for netware 5.0,microsoft,149.0
dn2:507,reader rabbit learning system 1st grade,encore software,29.99
dn2:508,microsoft publisher 2007 version upgrade,microsoft,99.95
dn2:509,microsoft windows xp professional upgrade with sp2,microsoft software,199.99
dn2:510,mavis beacon typing 17 (win/mac),encore software,19.99
dn2:511,microsoft windows vista ultimate upgrade [dvd],microsoft,259.95
dn2:512,instant immersion spanish deluxe 2.0,topics entertainment,49.99
dn2:513,adobe creative suite cs3 design premium upgrade [mac],adobe,599.0
dn2:514,adobe photoshop cs3 [mac],adobe,649.0
dn2:515,microsoft office 2004 standard upgrade (mac),microsoft,239.99
dn2:516,microsoft student with encarta premium 2008 dvd,microsoft,49.95
dn2:517,quickbooks premier nonprofit edition 2007,intuit,399.95
dn2:518,microsoft sql server developer edition 2005 cd/dvd,microsoft software,49.95
dn2:519,microsoft visio standard 2007,microsoft,259.95
dn2:520,microsoft windows vista ultimate full version [dvd],microsoft,399.95
dn2:521,apple final cut express hd 3.5 (mac),apple computer,299.0
dn2:522,corel painter x win/mac,corel,429.0
dn2:523,cadopia 6 standard edition by cadopia,global marketing partners,295.0
dn2:524,quickbooks simple start 2007,intuit,99.95
dn2:525,zoo tycoon 2: marine mania expansion,microsoft,19.99
dn2:526,learning company kid pix deluxe 4,encore software,19.99
dn2:527,microsoft windows server 2003 client additional license for users-5 pack,microsoft,809.0
dn2:528,quickbooks pro 2007 for mac (mac),intuit,199.95
dn2:529,upgrade freehand 11 maceng cd 1u,adobe,274.95
dn2:530,imsi resume writer deluxe [lb],imsi design,19.95
dn2:531,microsoft windows live onecare 1.5 online pc care subscription [12 months],microsoft,49.95
dn2:532,apple .mac 4.0 online service,apple,99.95
dn2:533,apple iwork '06 (mac dvd),apple,79.0
dn2:534,learning quickbooks 2007,intuit,39.95
dn2:535,ulead videostudio 11 plus,corel,129.99
dn2:536,microsoft onenote 2007,microsoft,99.95
dn2:537,apple ilife '06 (mac dvd) [older version],apple computer,79.0
dn2:538,adobe photoshop cs3 upgrade [mac],adobe,199.0
dn2:539,microsoft windows xp home edition full version with sp2,microsoft,199.0
dn2:540,microsoft flight simulator x deluxe dvd,microsoft,49.95
dn2:541,microsoft outlook 2007,microsoft,109.95
dn2:542,quickbooks pro 2007 small business financial software,intuit,199.95
dn2:543,adobe acrobat capture 100 000 page pack,adobe,1514.99
dn2:544,windows vista business spanish full version [dvd],microsoft,329.95
dn2:545,symc backup exec sbs aws 11d win sbs agent for windows systems,symantec,447.74
dn2:546,corel snapfire plus [ignite photo fun],corel,39.99
dn2:547,adobe indesign cs3 upgrade from pagemaker,adobe,199.0
dn2:548,instant immersion german deluxe 2.0,topics entertainment,39.99
dn2:549,scooby doo glowing bug man (jewel case),encore software,9.99
dn2:550,instant immersion italian deluxe 2.0,topics entertainment,49.99
dn2:551,adobe creative suite cs3 production premium,adobe,1699.0
dn2:552,instant immersion spanish 2.0,topics entertainment,29.99
dn2:553,adobe dreamweaver cs3 [mac],adobe,399.0
dn2:554,symc backup exec aofo 11d win advanced open file option,symantec,769.49
dn2:555,quicken 2007 basic,intuit,29.95
dn2:556,adobe dreamweaver cs3 upgrade [mac],adobe,199.0
dn2:557,macromedia director 10 mx 2004,adobe,2171.7
dn2:558,h&r block taxcut 2006 premium federal,h&r block,19.99
dn2:559,adobe creative suite cs3 web premium [mac],adobe,1599.0
dn2:560,apple garageband jam pack: symphony orchestra,apple,99.0
dn2:561,h&r block taxcut 2006 home & business + state,h&r block,79.99
dn2:562,dv rack 2 win retail ue1u,adobe,908.69
dn2:563,exchange svr ent 2007 x64 eng dvd 25 clt,microsoft,11318.25
dn2:564,professor teaches windows xp,individual software,19.99
dn2:565,microsoft visio standard 2007 version upgrade,microsoft,129.95
dn2:566,adobe dreamweaver cs3 upgrade,adobe,199.0
dn2:567,coreldraw graphics suite x3 upgrade,corel,179.0
dn2:568,microsoft mappoint 2006 with gps,microsoft,349.0
dn2:569,millionaire sports edition (jewel case),disney interactive,9.99
dn2:570,cluefinders 3rd grade adventures: mystery of mathra,the learning company,24.99
dn2:571,quicken 2007 home & business,intuit,89.95
dn2:572,microsoft office excel 2007,microsoft,229.95
dn2:573,h&r block taxcut 2006 premium federal + state + efile,h&r block,59.99
dn2:574,quickbooks premier edition 2007 - 5 user multi-pack,intuit,1499.95
dn2:575,hoyle board games,encore,9.99
dn2:576,apple garageband jam pack: remix tools,apple,99.0
dn2:577,roxio popcorn 2 (mac),roxio,49.95
dn2:578,microsoft windows vista business full version [dvd],microsoft,299.95
dn2:579,intervideo windvd 8 platinum,corel,69.99
dn2:580,quickbooks premier professional services edition 2007,intuit,399.95
dn2:581,microsoft word 2007 version upgrade,microsoft,109.95
dn2:582,adobe creative suite cs3 design standard [mac],adobe,1199.0
dn2:583,quicken 2007 deluxe,intuit,59.95
dn2:584,apple garageband jam pack: world music,apple,99.0
dn2:585,apple iwork '06 family pack (mac dvd) [older version],apple,99.0
dn2:586,adobe after effects cs3 upgrade,adobe,299.0
dn2:587,adobe indesign cs3 upgrade [mac],adobe,199.0
dn2:588,corel wordperfect office x3 professional edition,corel,399.99
dn2:589,flash remoting 1 alp ret eng cd 1u,adobe,1657.06
dn2:590,swat 4: special weapons and tactics,vivendi universal,19.99
dn2:591,adobe creative suite cs3 design premium [mac],adobe,1799.0
dn2:592,adobe pagemaker v7.0.2 cd mac-upg ( 17530402 ),adobe,138.45
dn2:593,instant immersion french deluxe 2.0,topics entertainment,49.99
dn2:594,apple .mac 4.0 online service family pack,apple,179.95
dn2:595,jumpstart kindergarten,knowledge adventure,19.99
dn2:596,adobe creative suite cs3 design standard upgrade [mac],adobe,399.0
dn2:597,apple aperture 1.5,apple,299.0
dn2:598,microsoft word 2004 (mac),microsoft,229.99
dn2:599,microsoft office 2004 professional (mac),microsoft,499.99
dn2:600,broderbund print shop 21 deluxe,encore software,49.99
dn2:601,adobe creative suite cs3 web premium upgrade [mac],adobe,499.0
dn2:602,quicken 2007 for mac,intuit,69.95
dn2:603,mavis beacon teaches typing deluxe 16,broderbund,39.99
dn2:604,quickbooks premier manufacturer and wholesale edition 2007,intuit,399.95
dn2:605,corel ventura 10 dvd,corel,699.0
dn2:606,math missions: the amazing arcade adventure grades 3-5,scholastic,19.99
dn2:607,microsoft works suite 2006,microsoft,99.0
dn2:608,adobe creative suite cs3 design standard upgrade,adobe,399.0
dn2:609,microsoft windows vista home basic upgrade [dvd],microsoft,99.95
dn2:610,norton antivirus mac 10.0 (mac),symantec,69.95
dn2:611,pop-up stopper professional,panicware,29.99
dn2:612,ideasoft photo clip art 10 000,nova development,
dn2:613,adobe premiere pro cs3,adobe,799.0
dn2:614,entertainment partners budgeting (mac),entertainment partners,699.0
dn2:615,emedia intermediate guitar method win/mac,emedia,59.99
dn2:616,super collapse 3,mumbo jumbo,19.99
dn2:617,timbuktu remote control softwre 2 licenses for windows & mac,netopia,199.99
dn2:618,apple final cut studio 2 upgrade from final cut studio (mac),apple,499.0
dn2:619,steinberg halion symphonic orchestra virtual instrument (academic version),steinberg,374.99
dn2:620,reader rabbit kindergarten version 1.1,the learning company,9.99
dn2:621,delorme topo usa mapping software 6.0 west region,delorme,49.95
dn2:622,soho labels & envelopes - chronos l.c.,chronos,29.99
dn2:623,stopzilla 4.0,roxio,47.33
dn2:624,h&r block taxcut 2006 premium federal + state with usb 256m flashdrive,h&r block,39.99
dn2:625,microsoft windows xp professional full version with sp2,microsoft,299.99
dn2:626,sportsman's double play,masque,
dn2:627,phase one capture one pro win/mac,phase one,499.0
dn2:628,family tree maker version 16 essentials,encore,29.95
dn2:629,mavis beacon teaches typing deluxe v17,encore software,39.99
dn2:630,mah jong quest,united developers,
dn2:631,apple final cut studio 2 upgrade from final cut pro (mac),apple,699.0
dn2:632,cosmic blobs: lab rat edition (win & mac),solidworks corporation,39.99
dn2:633,alsoft diskwarrior: mac univeral binary,alsoft,
dn2:634,sims 2 nightlife expansion pack,aspyr media,34.99
dn2:635,adobe flash pro cs3 [mac],adobe,699.0
dn2:636,40 years of the avengers,git corp,49.99
dn2:637,microspot macdraft pe (mac),microspot ltd.,99.95
dn2:638,microsoft virtual pc for mac 7.0 with windows xp home,microsoft,219.99
dn2:639,instant immersion german audio,topics entertainment,
dn2:640,readiris pro 11 corporate edition (mac),iris,499.95
dn2:641,internet security barrier x4 antispam edition,intego inc,
dn2:642,mcafee total protection 2007 - 3 users,mcafee,99.99
dn2:643,symantec gateway security 300 series 10 ( 10224341 ),symantec,349.0
dn2:644,vuvideo anywhere for your ipod,abacus software,29.95
dn2:645,quickverse mac bible study 2007 white box,findex,59.95
dn2:646,3d home architect home design deluxe version 9,encore,29.99
dn2:647,acrobat professional 8 (windows),adobe,273.0
dn2:648,art (dvd) (pc & mac),fogware publishing,29.99
dn2:649,wanted: a wild western adventure,dreamcatcher interactive,29.99
dn2:650,emedia guitar basics,emedia music,
dn2:651,webexpress,ingram micro,69.99
dn2:652,more brain games,csdc,9.99
dn2:653,usa/world extreme landscapes bundle,abacus,39.95
dn2:654,adobe cs3 design standard macosx dvd,adobe,399.0
dn2:655,microsoft windows terminal server 2003 client additional license for users- 5 user,microsoft,669.0
dn2:656,macdrive 7,mediafour corporation,49.95
dn2:657,snap! hair styler studio,topics entertainment,4.99
dn2:658,photo go,sony media software,24.95
dn2:659,riding academy: jump & ride,viva media,19.99
dn2:660,toysight gold for isight: includes 15 games (mac),freeverse software,29.99
dn2:661,ford racing 2 (mac),feral interactive,19.99
dn2:662,printmaster gold v 17.0,encore software,19.99
dn2:663,gorilla 4 standard,jungle software,299.0
dn2:664,sonic mega collection plus,sega of america inc.,19.99
dn2:665,scholastic brain play: pre-kindergarten - 1st grade,topics entertainment,19.99
dn2:666,bryce 6,re:launch,109.95
dn2:667,school zone flash action -- addition/subtraction (windows/macintosh),school zone,12.99
dn2:668,art explosion 600 000 images,nova development,79.99
dn2:669,lightroom 1 mlp retail ue 1u,adobe,299.0
dn2:670,mcsa/mcse self-paced training kit (exams 70-292 & 70-296) - upgrading your certi,microsoft,70.0
dn2:671,instant immersion german v2.0 (pc & mac),topics entertainment,29.99
dn2:672,x-plane deluxe including 7 double layer dvds (mac),navarre (software),59.95
dn2:673,datapilot cell phone data transfer suite universal,susteen,79.99
dn2:674,hospital tycoon for pc,warner new media,29.99
dn2:675,mozy 3.0,simply put software llc,
dn2:676,math advantage 2008,encore,39.99
dn2:677,route 66 route canada (french),csdc,
dn2:678,the sims 2: open for business expansion pack,aspyr media,34.99
dn2:679,lego star wars (dvd) (mac),aspyr media,29.99
dn2:680,grisoft avg anti-virus & anti-spyware - 2 year subscription,grisoft,39.95
dn2:681,phase one capture one le,phase one,
dn2:682,family tree maker version 16 collectors edition,encore software,
dn2:683,sims 2 university expansion pack,aspyr media,34.99
dn2:684,dk amazing animals 1.1,global software publishing,9.99
dn2:685,sunset boulevard,yamaha,31.95
dn2:686,kakuro puzzle addict unlimited edition,global software publishing,9.99
dn2:687,eovia carrara 5 pro,eovia,
dn2:688,global software smart steps 1st grade ( windows macintosh ),global software,
dn2:689,wild photo effects (jewel case),on hand software,9.99
dn2:690,amazing animals with zoofari games (win/mac),global software,
dn2:691,morpheus photo animation suite,smith micro software inc.,49.99
dn2:692,scrapbook for windows,abacus,
dn2:693,sims complete,aspyr media,49.99
dn2:694,airline tycoon deluxe,topware interactive,19.99
dn2:695,intellimover transfer your pc deluxe,nova development,69.99
dn2:696,dk exotic animals africa,global software publishing,9.99
dn2:697,ilisten with headset microphone 1.7,csdc,
dn2:698,professional home design suite platinum,punch! software,99.95
dn2:699,world of warcraft expansion: burning crusade,blizzard entertainment,39.99
dn2:700,sudoku puzzle addict,global software publishing north america inc,6.99
dn2:701,alliance future combat,strategy first,19.99
dn2:702,dk smart steps 3rd grade,global software publishing,9.99
dn2:703,marine aquarium 2.0 (mac),encore,19.99
dn2:704,family tree maker 2008 platinum,encore,99.95
dn2:705,spongebob squarepants typing 2008 win/mac,encore software,19.95
dn2:706,call of duty deluxe (mac) (dvd),aspyr media,39.99
dn2:707,gsp crossword addict,global software publishing north america inc,9.99
dn2:708,mike garson jazzical suite,yamaha,34.95
dn2:709,avid liquid pro,avid technology,1942.6
dn2:710,learn to play chess with fritz & chesster 2 (mac),viva media,29.99
dn2:711,land before time: kindergarten,brighter minds media inc.,9.99
dn2:712,best of card games (jewel case),on hand software,9.99
dn2:713,3ds max 9 com new slm,autodesk m & e box,3495.0
dn2:714,backpack journalist,honest technology,79.99
dn2:715,steinberg nuendo 3 digital audio software,steinberg,2499.0
dn2:716,learn2 training for microsoft excel,topics entertainment - software (consignment),9.99
dn2:717,simply put software gotta sing ( windows/macintosh ),simply put software,
dn2:718,omniweb 5.0,omni group,29.99
dn2:719,simply put software data eliminator,simply put software,
dn2:720,ibm viavoice advanced v.10,nuance communications inc.,
dn2:721,firstedge v 2.0 (mac),myob us,99.95
dn2:722,doom 3 (dvd) (mac),aspyr media,39.99
dn2:723,f/a-18 operation iraqi freedom,graphics simulations corporation,39.99
dn2:724,instant immersion italian platinum,topics entertainment,129.99
dn2:725,civilization iv warlords (mac),aspyr media,29.99
dn2:726,clickart 1.2 million dvd 2006 by broderbund,encore software,49.99
dn2:727,middle school success essentials,topics entertainment,29.99
dn2:728,adventure workshop preschool (jewel case),encore software,29.99
dn2:729,adobe creative suite cs3 production premium upgrade,adobe,799.0
dn2:730,adobe photoshop cs2 (mac) [old version],adobe,649.0
dn2:731,print shop 22 deluxe,encore,49.99
dn2:732,iris readiris pro 11.0 (mac),i.r.i.s.,129.95
dn2:733,chessmaster 9000 (mac),feral interactive,39.99
dn2:734,illustrator cs3 13 mac ed 1u,adobe education box,199.0
dn2:735,star wars empire at war (intel only macs),aspyr media,49.99
dn2:736,acrobat pro 8 mac ed 1u cd,adobe education box,159.0
dn2:737,mariner calc speadsheet (mac),mariner software,59.99
dn2:738,diner dash (pc & mac),brighter minds,14.99
dn2:739,marketcircle daylite v3.0 (mac),csdc,149.0
dn2:740,lego star wars ii: the original trilogy for mac,feral interactive,39.99
dn2:741,rollercoaster tycoon 3: soaked,aspyr media,19.99
dn2:742,retrospect 6.0 desktop mac,dantz,99.99
dn2:743,microspot interiors (mac),microspot ltd.,99.95
dn2:744,project x project management software,marware,199.95
dn2:745,age of empires iii,destineer,49.99
dn2:746,microsoft office & windows training professional,topics entertainment,49.95
dn2:747,internet cleanup 3.0,aladdin systems,29.99
dn2:748,micromat protogo,micromat,
dn2:749,44 years of the fantastic four,git corp,49.99
dn2:750,rise of nations: gold (mac),macsoft,49.99
dn2:751,circus ponies-notebook 2.0 mac os,csdc,49.95
dn2:752,humorous greeting card factory,nova development,29.99
dn2:753,panda software antivirus & firewall 2008 - windows,panda software,
dn2:754,microsoft visual studio team edition for software testers 2005 w/msdn premium renewal,microsoft software,2309.0
dn2:755,i transfer dvds 2 ipod edition (win/mac),me too software,29.99
dn2:756,station access collection,sony creative software,29.99
dn2:757,agatha christie: and then there were none,dreamcatcher interactive,29.99
dn2:758,unreal tournament 2004 ( dvd-rom ),atari,29.99
dn2:759,brothers in arms: road to hill 30 (dvd-rom),ubi soft,19.99
dn2:760,command and conquer generals deluxe dvd-rom (mac),aspyr media,59.99
dn2:761,battlefield 1942: deluxe edition,electronic arts,29.99
dn2:762,power director 3,avanquest publishing usa inc.,79.95
dn2:763,cosmi rom03558 print perfect clip art deluxe,cosmi,
dn2:764,e frontier poser 6 collector's edition with volume 1 figure pack (mac),curious labs inc.,279.99
dn2:765,adobe illustrator cs3 [mac],adobe,599.0
dn2:766,microsoft office mac 2004 english 3pk dsp ( 731-01163 ),microsoft corporation,
dn2:767,adobe software acrobat pro upgrd pro-pro mac (adbcd01798mc),adobe software,273.0
dn2:768,quake 4 (mac),aspyr media,39.99
dn2:769,micromat techtool pro 4 (mac),micromat,99.99
dn2:770,varmint hunter (jewel case),encore,9.99
dn2:771,hoyle casino 2007,encore,19.95
dn2:772,3d home architect landscape v.8 by encore software,encore software,39.99
dn2:773,hoyle backgammon jc,encore,7.99
dn2:774,microsoft excel 2004 (mac),microsoft,229.99
dn2:775,pc hoyle bridge,encore software,9.99
dn2:776,corel dvd moviefactory 6.0,corel,49.99
dn2:777,axis & allies collector's edition,encore,19.99
dn2:778,jewels of cleopatra,encore software,19.95
dn2:779,jeopardy! deluxe,encore,19.99
dn2:780,hoyle 4-pack 2006,encore software,19.95
dn2:781,hoyle puzzle & board games,encore software,19.95
dn2:782,hoyle mahjongg (jewel case),encore,9.99
dn2:783,scrabble champion edition,encore,19.95
dn2:784,hoyle kids' games jc,encore,9.99
dn2:785,cyberchase adventures: carnival chaos and casablanca quest,brighter minds media inc.,19.99
dn2:786,hoyle south beach solitaire,encore,9.99
dn2:787,monopoly 3,encore,9.99
dn2:788,ca arcserve bkup r11.5 win client vss software snap-shot- prod only,computer associates,
dn2:789,ulead videostudio 11,corel,89.99
dn2:790,zero-g pro pack for garageband (appleloops),zero-g,169.95
dn2:791,hoyle solitaire (jewel case),encore,9.99
dn2:792,hp dss software - ( v. 4.0 ) - complete package ( t1936aa ua0 ),hewlett packard (consumables),630.36
dn2:793,calendar creator 10,broderbund,29.99
dn2:794,ulead systems dvd workshop 2,ulead systems,494.99
dn2:795,final draft 7/syd field's screenwriting workshop dvd bundle,final draft,249.99
dn2:796,adobe creative suite cs3 master collection [mac],adobe,2499.0
dn2:797,digidesign music production toolkit (pro tools le),digidesign,495.0
dn2:798,hoyle texas hold 'em poker (jewel case),encore,9.99
dn2:799,chicken hunter: license to grill - the great poultry race,encore,9.99
dn2:800,media studio for psp standard editon,encore software,29.99
dn2:801,3d home architect landscape designer v8,encore software,29.99
dn2:802,hoyle: classic collection 2006,encore,19.99
dn2:803,monopoly here & now,encore,19.95
dn2:804,chicken hunter wanted jc,encore,9.99
dn2:805,extensis smartscale 1-user ( pxe-11433 ),extensis corporation,
dn2:806,notetaker 1.5,aquaminds,69.99
dn2:807,business plan writer deluxe 8.0 2005,nova development,99.99
dn2:808,extensis intellihance pro 4.x win/mac,extensis corporation,199.99
dn2:809,microsoft visual studio team suite 2005 with msdn premium (cd & dvd),microsoft,10949.0
dn2:810,macjournal v4 (mac),csdc,39.95
dn2:811,canopus 77010158100 let's edit,canopus,99.0
dn2:812,mavis beacon 17 standard,encore software,19.95
dn2:813,riverdeep adventure workshop 4th-6th grade 8th edition,riverdeep,
dn2:814,adventure workshop preschool-1st grade 8th edition,encore,19.99
dn2:815,sharks 2.0 (pc & mac),e b c marketing,19.99
dn2:816,microsoft word 2004 upgrade (mac),microsoft,109.99
dn2:817,vegas 6 for pc,sony pictures home entertainment,599.99
dn2:818,motu digital performer 5 digital audio software (mac only),motu,795.0
dn2:819,m-audio pro tools m-powered 7.3 m-audio compatible world-class production software,m-audio,299.99
dn2:820,pinnacle mobile media converter,pinnacle,29.99
dn2:821,avid liquid vs 7 software,avid technology,888.75
dn2:822,acad corel painter x pc/mac,corel,155.22
dn2:823,rainbow fish and the whale (win/mac),global software publishing,9.99
dn2:824,global software smart steps 2nd grade ( windows macintosh ),global software,
dn2:825,punch! viacad 2d/3d,punch! software,99.0
dn2:826,vegas 7 + dvd/soundforge8bundl,sony media,722.0
dn2:827,handmark oxford american desk dictionary and thesaurus,handmark inc.,
dn2:828,i love the usa,global software publishing,9.99
dn2:829,adobe photoshop cs3 extended upgrade [mac],adobe,349.0
dn2:830,computrace lojack for laptops - 3 year license (mac),absolute software,99.95
dn2:831,adobe photoshop cs3 extended,adobe,999.0
dn2:832,digital video and audio production book for vegas 7+dvd,sony pictures digital entertainment,49.35
dn2:833,studio movieboard plus pci hardware,pinnacle,251.55
dn2:834,10 outlet metal split surge,fellowes,
dn2:835,kensington contour pro 17 notebook carrying case (62340),kensington,89.99
dn2:836,now up-to-date & contact v5.0 (mac),now software,
dn2:837,iplaymusic beginner guitar lessons for the mac and ipod,iplaymusic,49.99
dn2:838,discrete drums: vol.1,sony media software,59.95
dn2:839,vpn client software 5 users,d-link systems inc.,
dn2:840,safekeeper plus,bling software,
dn2:841,hp c7130b color laserjet 5550 500-sheet input tray,hewlett packard,
dn2:842,kensington contour pro xbrace notebook carrying case (62236),kensington technology group,
dn2:843,punch! professional home design platinum v10,punch! software,99.0
dn2:844,cinescore professional soundtrack edition,sony pictures digital entertainment,249.95
dn2:845,onone essentials for adobe photoshop elements,onone software,59.95
dn2:846,bookkeeper 2008,individual software,39.99
dn2:847,micromat podlock (mac),micromat,69.0
dn2:848,videostudio 11 plus,corel,
dn2:849,cakewalk sonar home studio 6 xl,cakewalk,209.0
dn2:850,microsoft onenote 2007 upgrade,microsoft,79.95
dn2:851,onone software intellihance pro 4.1,onone software,
dn2:852,apple ilife '06 family pack (mac dvd) [older version],apple computer,99.0
dn2:853,creating keepsakes scrapbook designer version 2 platinum,riverdeep - learning company,39.99
dn2:854,cakewalk project5 version 2,cakewalk,259.0
dn2:855,cubase se3 educational edition,steinberg,
dn2:856,vocabulary puzzles grade 1,school zone,14.95
dn2:857,cakewalk sonar home studio 6,cakewalk,139.0
dn2:858,system care professional,avanquest,49.95
dn2:859,punch! ultimate deck and landscape,punch! software,29.0
dn2:860,live bingo,imagination international corp,
dn2:861,upgrade crystal reports 11 pro french,business objects,479.78
dn2:862,tiny term emulator v4.3x,century software,219.63
dn2:863,apple garageband jam pack: rhythm section,apple,99.0
dn2:864,bingo dvd tv game,imagination international,17.99
dn2:865,quickbooks point-of-sale pro with hardware bundle 6.0,intuit,1749.95
dn2:866,peachtree by sage premium accounting for manufacturing 2007 multi user (up to 5 users),sage software,1199.99
dn2:867,century software - tinyterm plus v.4.0 - complete product,century software,
dn2:868,adobe soundbooth cs3 [mac],adobe,199.0
dn2:869,timbuktu remote control softwre 1 license for mac os,netopia,
dn2:870,poser figure artist,efrontier,99.99
dn2:871,sony sound forge 9 boxed upgrade,sony media,232.05
dn2:872,super granny 3,encore software,19.99
dn2:873,the print shop 22 deluxe sb cs by the print shop,encore software,49.95
dn2:874,marine aquarium + sharks,encore software,9.95
dn2:875,adobe creative suite cs3 production premium,adobe,1699.0
dn2:876,checkmark multiledger,checkmark software,399.0
dn2:877,ipswitch inc ws ftp pro 9 sdk w/ ws ftp pro ( wd-1000-0900 ),ipswitch inc,395.0
dn2:878,123 movies 2 ipod w/ av cables umd size,bling,29.99
dn2:879,hoyle bridge club,encore,29.95
dn2:880,microsoft oem 3pk xp home edition sp2 ( n09-01624 ),microsoft corporation,
dn2:881,scrabble champion edition,encore,19.95
dn2:882,instant immersion japanese deluxe 2.0,topics entertainment,39.99
dn2:883,ilisten (mac),macspeech inc.,99.99
dn2:884,adobe premiere pro cs3,adobe,799.0
dn2:885,starship troopers/first to fight bundle,destineer,19.95
dn2:886,art text,belight software,49.95
dn2:887,hoyle card games 2007,encore software,19.99
dn2:888,reel deal slots mystic forest,phantom efx,19.95
dn2:889,adobe creative suite cs3 production premium upsell,adobe,1199.0
dn2:890,risk ii jc,encore,9.99
dn2:891,onone genuine fractals 5 - full 1u,onone software,159.95
dn2:892,sims 2 seasons expansion pack,aspyr media,34.99
dn2:893,partition commander 10,avanquest,49.95
dn2:894,sony sound effects series vol 1 through 10,sony pictures digital entertainment,
dn2:895,mavis beacon teaches typing 17 standard,encore software,19.99
dn2:896,vault360 combo,navarre (software),29.95
dn2:897,efrontier anime studio pro (win/mac),efrontier,199.99
dn2:898,monopoly here & now,encore,19.95
dn2:899,hoyle card games (jewel case),encore software,9.99
dn2:900,gorilla 4 pro,jungle software,399.0
dn2:901,oxford world encyclopedia,tri synergy,19.99
dn2:902,adobe creative suite cs3 master collection upgrade [mac],adobe,1399.0
dn2:903,obscure,dreamcatcher interactive,19.99
dn2:904,network now! pro by encore,encore software,39.99
dn2:905,starry night galaxy explorer (pc & mac),imaginova,9.99
dn2:906,hasbro classic collection ( 2006 ),encore,19.99
dn2:907,allegro 2005,makemusic!,199.99
dn2:908,professor fuji's sudoku (jewel case),encore software,9.99
dn2:909,elementary advantage 2008,encore software,
dn2:910,recam remote monitoring software,mobi technologies inc.,129.0
dn2:911,sudoku unlimited + crossword addict 2cd set,global software publishing north america inc,19.99
dn2:912,the little mermaid/beauty and the beast,yamaha,34.95
dn2:913,sharks 2.0,encore software,19.95
dn2:914,adobe illustrator cs3 upgrade [mac],adobe,199.0
dn2:915,hoyle casino (2007),encore,19.99
dn2:916,instant play guitar deluxe v2.,topics entertainment,39.48
dn2:917,pc hoyle jewels: swap & drop it,encore software,9.99
dn2:918,gorilla 4 student,jungle software,199.0
dn2:919,jeopardy,encore,9.99
dn2:920,your desktop post office for pc,stamps.com,14.99
dn2:921,adobe contribute cs3 [mac],adobe,149.0
dn2:922,dance 6,digital leisure inc.,39.95
dn2:923,registry mechanic 5.x pc system repair,pc tools,29.95
dn2:924,axis & allies (jewel case),encore,9.99
dn2:925,panda antivirus 2007,panda software,29.95
dn2:926,corel dvd moviefactory 6.0 plus,corel,79.99
dn2:927,defcon,encore,
dn2:928,symc backup exec sbs std 11d win small business server standard,symantec,811.21
dn2:929,typing instructor deluxe (jewel case),individual software,9.99
dn2:930,bias peak pro 5 ( macintosh ),bias,599.0
dn2:931,freestyle street basketball,sierra online,19.99
dn2:932,webroot spy sweeper with antivirus family edition - 3 pcs,webroot software,49.95
dn2:933,my guitar,emedia,29.95
dn2:934,rome total war gold edition,sega of america inc.,19.99
dn2:935,registry mechanic by encore software,encore software,46.52
dn2:936,classification & ecology (win/mac) (jewel case),fogware publishing,9.99
dn2:937,the print shop 21 deluxe by broderbund,encore software,
dn2:938,britannica deluxe,avanquest software,29.95
dn2:939,creating keepsakes scrapbook platinum v.3 sb cs by riverdeep,encore software,39.99
dn2:940,leave the lights on (mac),aspyr media,9.99
dn2:941,apple logic pro 7.2 upgrade,apple,299.0
dn2:942,microspot macdraft professional (mac),microspot ltd.,349.99
dn2:943,nero 7 ultra edition enhanced,nero inc.,99.99
dn2:944,digital vault,stompsoft inc.,29.99
dn2:945,audition 2 win ed ue 1u,adobe education box,149.0
dn2:946,turbocad mac 3d for mac,imsi,249.99
dn2:947,apple logic pro 7.2 retail,apple,999.0
dn2:948,peachtree by sage premium accounting 2007 - accountants' edition,sage software,499.99
dn2:949,onone plug-in suite 3 for adobe photoshop,onone software,399.95
dn2:950,stompsoft digital file shredder pro,stompsoft inc.,24.99
dn2:951,make music finale 2008 academic,emedia,350.0
dn2:952,vegas movie studiodvd+8 plat,sony media,129.95
dn2:953,gods & heroes: rome rising,sony online entertainment,49.99
dn2:954,synet pc sharing kit(w/17ft usb ext.cable),synet electronics inc.,
dn2:955,math 2,school zone,9.99
dn2:956,pinnacle mobile media organizer,pinnacle,49.99
dn2:957,gmp data rescue - license ( 24300 ),global marketing partners,349.0
dn2:958,mavis beacon teaches typing 16,broderbund,19.99
dn2:959,intervideo windvd 8 gold,intervideo,49.99
dn2:960,talk now! learn afrikaans - beginning level,eurotalk,29.99
dn2:961,computrace lojack for laptops: 3 year subscription,absolute software,99.99
dn2:962,instant immersion ingles audio deluxe,topics entertainment,
dn2:963,i copy dvd's 2,me too software,49.99
dn2:964,computrace lojack for laptops: 1 year subscription,absolute software,49.99
dn2:965,sony vegas movie studio + dvd 8 platinum edition,sony media,129.95
dn2:966,computrace lojack for laptops - 1 year license (mac),absolute software,49.95
dn2:967,iaudioize - magnetic time for pc and mac,sos aggregation,39.99
dn2:968,safekeeper plus,bling,39.99
dn2:969,didi & ditto: kindergarten win/mac,kutoka,19.99
dn2:970,logic express 7,apple computer,299.0
dn2:971,travelogue 360: paris,aspyr media,29.99
dn2:972,instant immersion italian v2.0 (large box),topics entertainment,29.99
dn2:973,power on now up to date & contact windows,power on software,129.99
dn2:974,cook'n low fat,dvo enterprises,19.99
dn2:975,serious magic visual communicator 2.0 web,serious magic,199.99
dn2:976,best of slots 2 (jewel case),masque publishing,9.99
dn2:977,cubase 4 competitive crossgrade,steinberg (yamaha),549.99
dn2:978,casual games pack,egames,19.99
dn2:979,eovia carrara 4 pro win/mac,eovia corporation,599.99
dn2:980,i spy fantasy v.2 with i spy book & mini cd,topics entertainment,29.99
dn2:981,power production storyboard artist 4,power production,
dn2:982,instant immersion spanish audio deluxe,topics entertainment,39.95
dn2:983,final draft 7 professional scriptwriting win/mac,final draft,289.99
dn2:984,quickbooks customer manager 2.5,intuit,79.95
dn2:985,irispen express translator,iris,149.99
dn2:986,apple remote desktop 3 unlim managed systems,apple,499.0
dn2:987,time money & fractions grades 1-2,school zone,9.99
dn2:988,mac os x server v10.4.7 unlimited client,apple,999.0
dn2:989,reader rabbit playtime for baby and toddler,the learning company,19.99
dn2:990,spy sweeper w/antivirus family edition,webroot software,49.95
dn2:991,dance praise with dance pad (win/mac),digital praise,39.99
dn2:992,printmaster 17 platinum by encore software,encore software,39.99
dn2:993,genuine fractals genuine fractals print pro 1u,onone software,299.95
dn2:994,logic pro 6,apple,999.99
dn2:995,professor teaches excel & word,individual software,19.99
dn2:996,sibelius 4 educational edition,sibelius software ltd.,329.0
dn2:997,terror strike,encore,19.95
dn2:998,wisdom of the bible - holy land edition,hip interactive,29.99
dn2:999,norton internet security 2008 10 user,symantec,199.99
dn2:1000,test and improve your memory (dvd box),tri synergy,29.99
dn2:1001,roxio easy media creator 9,roxio,99.95
dn2:1002,logic pro 6 upgrade from logic platinum/gold 5&6,apple,199.99
dn2:1003,reel deal slots 2.0 for pc,phantom efx,9.99
dn2:1004,marine aquarium 2.0 (pc & mac),encore,29.99
dn2:1005,elementary advantage 2008,encore,39.99
dn2:1006,finale songwriter 2007,finale,49.95
dn2:1007,math success deluxe 2007,topics entertainment,39.99
dn2:1008,language lab german,topics entertainment,39.99
dn2:1009,wheel of fortune deluxe,encore,19.99
dn2:1010,neuratron photoscore professional 4,sibelius software ltd.,199.99
dn2:1011,elementary school advantage 2007,encore software,29.99
dn2:1012,resumemaker professional 12.0,individual software,29.99
dn2:1013,panda internet security 2007 3-user,panda software,69.95
dn2:1014,aquarium 3 in 1 collection - limited edition for win/mac,encore software,19.99
dn2:1015,punch super home suite 3.0,punch! software,49.99
dn2:1016,e-mu em8669 modern symphonic orchestra,e-mu,499.99
dn2:1017,final draft scriptwriter's suite [final draft 7 & final draft av2],final draft,349.99
dn2:1018,q*bert,encore,9.99
dn2:1019,makemusic finale 2007 win/mac,emedia,600.0
dn2:1020,westward,encore software,19.99
dn2:1021,final draft av 2.5 win/mac,final draft,199.99
dn2:1022,singleclick network now! pro,encore software,39.99
dn2:1023,finale allegro 2007,finale,199.95
dn2:1024,pc professor fuji's kakuro,encore software,9.99
dn2:1025,marine aquarium 2.5 virtual undersea paradise win/mac,encore software,19.99
dn2:1026,riverdeep spongebob squarepants typing fun,riverdeep,
dn2:1027,brain food games: cranium collection 2006,encore,19.95
dn2:1028,brain food games: cranium collection 2006,encore,19.95
dn2:1029,printmaster 17 gold by encore software,encore software,30.66
dn2:1030,who wants to be a millionaire?,encore,9.95
dn2:1031,encore the big box of art 410 000 ( 460001 ),encore software,19.99
dn2:1032,fate,encore,19.99
dn2:1033,genuine fractals print pro 4.1 sharpener pro 2.0,onone software,
dn2:1034,monopoly tycoon,encore,9.99
dn2:1035,hoyle puzzle & board games 2007,encore software,19.99
dn2:1036,jackpot tycoon (jewel case),encore,9.99
dn2:1037,riverdeep kissing canines,riverdeep,
dn2:1038,game of life jc,encore,9.99
dn2:1039,monopoly platinum edition,encore,19.99
dn2:1040,home & business lawyer dlx 2006 by broderbund,encore software,
dn2:1041,middle school advantage 2008,encore,39.99
dn2:1042,tlc clue finders math learning system sb by riverdeep,encore software,19.99
dn2:1043,reader rabbit learn to read phonics pre kindergarten,the learning company,9.99
dn2:1044,high school advantage 2008,encore,39.99
dn2:1045,professor fujis sudoku deluxe by encore,encore software,19.99
dn2:1046,high school advantage 2007,encore software,29.95
dn2:1047,the print shop 21 standard by broderbund,encore software,
dn2:1048,quarkxpress 7 for mac/win .,quark,1289.42
dn2:1049,pitstop pro 7.0 upgr - 6.x or higher,enfocus software,199.0
dn2:1050,quarkxpress 7 ( windows & macintosh ),quark,899.0
dn2:1051,web.com site builder & hosting suite sb by web.com,encore software,49.99
dn2:1052,datawatch monarch v7 ntwk-starter cd most 8u ( fpm32c070-a08n ),datawatch,
dn2:1053,pc tools spyware doctor 2007 sb cs by pc tools,encore software,29.99
dn2:1054,lotus dev. ibm informix online personal edition - media ( bb0d4na ),lotus development corp,
dn2:1055,adventure workshop 4th-6th grade 7th ed sb cs by riverdeep,encore software,19.99
dn2:1056,ares rising,interplay,69.95
dn2:1057,the print shop design suite pro ed sb cs by the print shop,encore software,199.99
dn2:1058,evergirl,thq,14.99
dn2:1059,the print shop elements: labels & logos sb cs by the print shop,encore software,
dn2:1060,hasbro family game collection 2006,encore software,19.99
dn2:1061,wasp barcode fontware w/add-ins,informatics,195.0
dn2:1062,windows xp pro nx7400 o/s,hewlett packard,
dn2:1063,marine aquarium & goldfish screen saver by encore software,encore software,
dn2:1064,backyard sports - backyard basketball and backyard football,humongous entertainment,19.99
dn2:1065,family tree maker version 16 collectors edition sb cs,encore software,99.99
dn2:1066,modeless liquid ledger personal finance software (mac),csdc,79.99
dn2:1067,the print shop 22 sb cs by the print shop,encore software,
dn2:1068,portfolio 8 stand-alone 1-usr boxed,extensis,
dn2:1069,3d home architect home v.8 by encore software,encore software,39.99
dn2:1070,tropico 2: pirate cove (mac),destineer inc,29.99
dn2:1071,adventure workshop 4th-6th grade 7th edition,encore software,19.99
dn2:1072,stuffit deluxe v 10.0 (mac),smith micro software,79.99
dn2:1073,pitstop pro 7.0 upgr - 5.x or below,enfocus software,299.0
dn2:1074,nova greeting card factory (mac),nova development,49.99
dn2:1075,riverdeep the print shop zoom dvd,riverdeep,
dn2:1076,burning monkey solitaire 4.0,freeverse software,24.95
dn2:1077,calendar creator platinum sb cs by riverdeep,encore software,29.99
dn2:1078,captain america the complete comic collection win/mac,git corp,49.95
dn2:1079,suitcase fusion 1u box,extensis,
dn2:1080,e-mu em8685 beat garden x emulator x2/proteus x2 soundset,e-mu,129.99
dn2:1081,the sims 2 (mac),aspyr media,49.99
dn2:1082,soundtrack 1.2,apple,199.99
dn2:1083,call of duty 2 dvd-rom (mac),aspyr media,49.99
dn2:1084,final cut express 2.0 upgrade,apple computer,99.99
dn2:1085,detto move2mac usb,detto technologies inc,71.31
dn2:1086,allume aquazone seven seas deluxe,allume,38.89
dn2:1087,apple remote desktop 2.2 10 client (old version),apple,299.0
dn2:1088,spy sweeper with antivirus/child safe,webroot software,39.95
dn2:1089,rollercoaster tycoon 3 (mac),aspyr media,49.99
dn2:1090,webroot spysweeper antispyware - 3 user,webroot software,39.99
dn2:1091,poser 7 win 2000 xp mac os 10.4 & up,aladdin systems,199.99
dn2:1092,steinberg cubase studio 4,steinberg,499.99
dn2:1093,john deere: busy days in deerfield valley,destineer publishing,19.99
dn2:1094,genuine fractals print pro 5 1u,onone software,299.95
dn2:1095,history (dvd) (pc & mac),fogware publishing,
dn2:1096,punch! master landscape & home design,punch! software,59.99
dn2:1097,zend studio 5.1 (win/mac),zend technologies inc.,299.0
dn2:1098,pitstop pro 7.0,enfocus software,699.0
dn2:1099,3d bridge deluxe (mac),freeverse software,24.99
dn2:1100,halo (mac),macsoft,29.99
dn2:1101,the print shop 22 pro publisher deluxe sb cs by the print shop,encore software,99.95
dn2:1102,apple final cut studio 2 (mac),apple,1299.0
dn2:1103,railroad tycoon 3 (mac),macsoft,19.99
dn2:1104,logic express 7.2 upgrade from logic ?express 6,apple computer (direct),99.0
dn2:1105,webroot spy sweeper antispyware 5.x,webroot software,29.95
dn2:1106,punch! master landscape professional & home design v 10.0,punch! software,69.95
dn2:1107,aquazone bass edition,smith micro software,19.99
dn2:1108,dk rainbow fish most beautiful fish in the ocean,encore,9.99
dn2:1109,adobe creative suite cs3 master collection upsell,adobe,1999.0
dn2:1110,apple remote desktop 3 10 managed systems,apple,299.0
dn2:1111,caillou ready for school (pc & mac),brighter minds media inc.,19.99
dn2:1112,totally spies: zombie jamboree (win/mac),brighter minds media inc.,9.95
dn2:1113,apple xsan (mac),apple,
dn2:1114,business card composer (mac),belight software,39.99
dn2:1115,emedia print music 2006 win/mac,makemusic!,69.99
dn2:1116,adobe solution expert support,adobe,299.0
dn2:1117,totally spies: total swamp romp (pc & mac),brighter minds media inc.,19.99
dn2:1118,steinberg sequel (pc or mac) music creation & performance software,steinberg,129.0
dn2:1119,miraizon cinematize 2 (mac),miraizon,69.99
dn2:1120,bias deck le 3.5 macintosh cd,bias,99.0
dn2:1121,adobe cs3 design premium macosx dvd,adobe,599.0
dn2:1122,power production storyboard quick,power production,
dn2:1123,civilization iv dvd-rom (mac),aspyr media,49.99
dn2:1124,apple shake 4.1 visual effects (mac),apple computer,499.0
dn2:1125,comic book library,marvel,49.99
dn2:1126,taxcut home & bus +state + sage includes act 8.0 & peachtree 2007,h&r block,
dn2:1127,mediafour macdrive 6 for windows,mediafour corporation,49.99
dn2:1128,wavelab studio 6,steinberg media technologies,399.99
dn2:1129,net ad creator,laughing bird,39.99
dn2:1130,cakewalk sonar 6 producer ed,cakewalk,799.0
dn2:1131,iomega nas 400e expansion chassis 1tb 1u,iomega,2699.0
dn2:1132,appleworks 6.2.9,apple,79.0
dn2:1133,adobe captivate 2.0,adobe,1083.95
dn2:1134,crystal 3d impact! pro 1.25 (jewel case),crystalgraphics,79.0
dn2:1135,play music together mac,iplaymusic,39.99
dn2:1136,microsoft office 2004 standard (mac),microsoft,399.99
dn2:1137,swift publisher for mac,global marketing partners,39.99
dn2:1138,zoo tycoon 2 (mac),destineer,39.99
dn2:1139,sibelius 4 professional edition,sibelius software ltd.,599.99
dn2:1140,burning monkey mahjongg (mac),freeverse software,24.99
dn2:1141,40 years of the x-men,git corp,49.99
dn2:1142,pc tools spyware doctor 2007,encore,29.95
dn2:1143,x-plane v8 (mac),graphics simulations corporation,49.99
dn2:1144,drive genius by prosoft engineering inc,global marketing partners,129.0
dn2:1145,finale 2006 (pc & mac),emedia,600.0
dn2:1146,istopmotion,navarre,39.95
dn2:1147,pro digital frame bundle 1u,onone software,99.95
dn2:1148,internet cleanup 4.0 mac os 10.4 or higher,smith micro software,29.99
dn2:1149,burning monkey solitaire 2005 edition,freeverse software,24.99
dn2:1150,nero 7 ultra edition enhanced pc & home entrmnt soln,neso usa,99.99
dn2:1151,apple mac os x tiger 10.4.6 (mac dvd),apple computer,129.0
dn2:1152,faxstf pro mac os 10.3.9 or above,aladdin systems,49.99
dn2:1153,motu digital performer 5 digital audio software competitive upgrade (mac only),motu,395.0
dn2:1154,spring cleaning 9.0 for mac os 10.4 & above,aladdin systems,49.99
dn2:1155,g7 kontakt edition,sibelius software ltd.,99.99
dn2:1156,chronos stickybrain 3.0 (mac),chronos l.c.,34.99
dn2:1157,cakewalk sonar 6 studio,cakewalk,369.0
dn2:1158,micromat techtool protege with firewire device,micromat,
dn2:1159,sibelius compass,sibelius software ltd.,159.99
dn2:1160,print explosion deluxe 3.0 (mac),nova development,49.99
dn2:1161,steinberg cubase 4 digital audio software,steinberg,999.99
dn2:1162,stuffit deluxe 11,aladdin systems,79.99
dn2:1163,symc ghost solution suite 2.0 media,symantec,35.57
dn2:1164,amazing spider-man complete comic book collection win/mac,git corp,49.99
dn2:1165,adobe indesign cs3 upgrade from pagemaker [mac],adobe,199.0
dn2:1166,apple mac os x tiger 10.4.6 family pack (mac),apple computer,199.0
dn2:1167,valuesoft tune transfer for ipod - software for windows xp,valuesoft,29.95
dn2:1168,microsoft office student and teacher edition 2004 macintosh,microsoft,149.99
dn2:1169,band in a box 2007,pg music inc.,99.0
dn2:1170,microspot x-rip (mac),microspot ltd,349.99
dn2:1171,bias peak le 5,bias,129.0
dn2:1172,the logo creator (mac),laughing bird,39.99
dn2:1173,onone software pxl smartscale ( windows and macintosh ),onone software,
dn2:1174,sims 2 pets expansion pack,aspyr media,34.99
dn2:1175,iview mediapro 2.5,global marketing,199.99
dn2:1176,3d home architect landscape design deluxe version 9,encore,29.99
dn2:1177,adobe creative suite cs3 web standard [mac],adobe,999.0
dn2:1178,clickart 1.2 million 2006 dvd,encore software,
dn2:1179,photoframe pro 3.0 1u,onone software,
dn2:1180,pc tutor learn windows vista & office 2007,nova development,29.99
dn2:1181,punch! professional home design,punch! software,89.99
dn2:1182,sims 2 glamour life stuff pack,aspyr media,24.99
dn2:1183,mcafee virusscan plus - 3 user,mcafee,59.99
dn2:1184,mask pro 4.0 1u,onone software,159.95
dn2:1185,roxio toast 8 titanium,roxio,99.95
dn2:1186,home design architect series 3000 v10.0,punch! software,149.95
dn2:1187,individual small business advantage deluxe 2006,individual,49.99
dn2:1188,finale 2007 academic (win/mac),emedia,350.0
dn2:1189,quickbooks point-of-sale basic 6.0,intuit,799.95
dn2:1190,dreamweaver cs3 9 mac ed 1u,adobe education box,199.0
dn2:1191,true crime streets of la (mac),aspyr media,19.99
dn2:1192,learn english (win/mac) (jewel case),fogware publishing,9.99
dn2:1193,caillou magical adventures,brighter minds media inc.,19.99
dn2:1194,corefx three level,core learning,59.95
dn2:1195,space (dvd) (pc & mac),fogware publishing,29.99
dn2:1196,micromat diskstudio ( mac),micromat,99.0
dn2:1197,contentbarrier x4 10.4 - single user (mac),intego,49.99
dn2:1198,stuffit deluxe 11,aladdin systems,49.99
dn2:1199,tune tools for ipod (win/mac),valusoft,19.99
dn2:1200,flash action phonics made easy,school zone,14.99
dn2:1201,kaplan sat/act/psat gold 2007 win/mac,topics entertainment,29.99
dn2:1202,enteractive fps creator ( windows ),enteractive inc.,
dn2:1203,math success deluxe 2008,topics entertainment,49.99
dn2:1204,money home & business 2007 win32 eng na mini box us only cd,microsoft,139.43
dn2:1205,multiplication and division grades 3-4,school zone,9.99
dn2:1206,microsoft digital image suite 2006 plus pinnacle studio 10.0,microsoft,99.95
dn2:1207,macbackup,macware,29.99
dn2:1208,stubbs the zombie in rebel without a pulse (dvd) (mac),aspyr media,9.99
dn2:1209,civil air patrol: search & rescue,abacus,29.99
dn2:1210,the movies (mac),feral interactive,49.95
dn2:1211,atlantis quest,got game,19.99
dn2:1212,ulead videostudio 10,corel,69.99
dn2:1213,guild wars nightfall,ncsoft,49.99
dn2:1214,montage (mac),mariner software,149.95
dn2:1215,giggles computer funtime for baby - shapes (win/mac),navarre (software),24.95
dn2:1216,sony acid pro 6 professional music workstation,sony pictures digital entertainment,499.95
dn2:1217,calculation skills v1 add & sub - basic - core learning,sos aggregation company,
dn2:1218,sony super duper music looper,sony media software,19.99
dn2:1219,learn to play chess with fritz and chesster (mac),viva media,29.99
dn2:1220,adobe photoshop cs2 advanced techniques by julieanne kost,software cinema,
dn2:1221,quickverse mac bible study 2007 gold box,findex,349.95
dn2:1222,adobe framemaker 7.2 (windows),adobe,1445.9
dn2:1223,sound forge 9.0,sony media,399.96
dn2:1224,audio success suite edition:sales success,topics entertainment,19.95
dn2:1225,logic express 6,apple,299.99
dn2:1226,photoshop elements 4 edu mac 1u,adobe education box,69.0
dn2:1227,pc cakewalk guitar tracks pro 3,cakewalk,149.99
dn2:1228,dvo cook'n deluxe 6.0 - ultimate recipe organizer,dvo enterprises,39.99
dn2:1229,sound forge audio studio 9,sony media,69.59
dn2:1230,close quarters conflict,groove media,19.99
dn2:1231,upgrade acid pro 6 boxed,sony pictures digital entertainment,305.18
dn2:1232,quicken legal business pro 2007,nolo press,79.99
dn2:1233,peachtree by sage premium accounting 2007,sage software,499.99
dn2:1234,prey,aspyr media,39.99
dn2:1235,peachtree by sage pro accounting 2007,sage software,169.99
dn2:1236,gsp greatest moments of our time,global software publishing north america inc,9.99
dn2:1237,peachtree by sage complete accounting 2007,sage software,269.99
dn2:1238,audio success series: winning strategies,topics entertainment,
dn2:1239,american idol extreme music creator,sony media,49.95
dn2:1240,window washer,navarre (software),29.95
dn2:1241,emedia piano and keyboard method volume 1,emedia,59.99
dn2:1242,adobe acrobat standard 8.0,adobe,449.99
dn2:1243,adobe photoshop cs2 fundamental techniques by julieanne kost,software cinema,
dn2:1244,reel deal casino shuffle master edition,phantom efx,19.99
dn2:1245,john deere: welcome to merriweather farm,global software publishing,19.99
dn2:1246,sony acid pro 5,sony,399.95
dn2:1247,galaxy of games 5000,2k games,19.99
dn2:1248,total 3d home & landscape design suite version 9,individual software,39.99
dn2:1249,punch! home design architectura series 18,punch! software,129.99
dn2:1250,print shop 22 pro publisher deluxe,encore,99.99
dn2:1251,hijack2,navarre (software),39.95
dn2:1252,intervideo dvd copy 5 express,corel,29.99
dn2:1253,adobe flash pro cs3 upgrade [mac],adobe,199.0
dn2:1254,photoedit 2 (mac),macware,29.99
dn2:1255,punch! professional home design suite,punch! software,69.99
dn2:1256,3 great games for guys,dreamcatcher interactive,29.99
dn2:1257,sony sound forge audio studio 8,sony pictures digital entertainment,69.99
dn2:1258,places (pc & mac),fogware publishing,29.99
dn2:1259,acid music studio 7,sony media,78.95
dn2:1260,punch 5 in 1 home design,punch! software,39.99
dn2:1261,xtreme photostory on cd and dvd 6,magix entertainment,29.99
dn2:1262,anime studio 5 win 98/me 2000/xp mac os 10.4 & up,aladdin systems,49.99
dn2:1263,punch! home design architectural series 18,punch! software,129.99
dn2:1264,adobe soundbooth cs3,adobe,199.0
dn2:1265,wingnuts 2 (mac),freeverse software,29.99
dn2:1266,punch! super home suite,punch! software,49.99
dn2:1267,quickverse bible premier suite,individual software,39.99
dn2:1268,palo alto marketing plan pro 9.0,palo alto software,179.0
dn2:1269,easy video editor 2.0 by honest technology,global marketing partners,50.88
dn2:1270,palo alto business plan pro premier 2007,palo alto software,199.0
dn2:1271,national parks: enhanced scenery add-on for microsoft flight simulator 2002 & 2000,abacus,19.99
dn2:1272,palo alto business plan pro 2007,palo alto software,99.95
dn2:1273,adobe after effects cs3,adobe,999.0
dn2:1274,namo webeditor 2006,namo,99.99
dn2:1275,punch! master landscape & home design,punch! software,99.99
dn2:1276,black & white platinum pack (mac),feral interactive,29.99
dn2:1277,webroot desktop firewall,webroot software,29.99
dn2:1278,punch! 5 in 1 home design,punch! software,39.99
dn2:1279,city of heroes good vs. evil edition,nc soft,29.99
dn2:1280,business card factory deluxe 3.0,nova development,29.99
dn2:1281,punch! home design architectural series 4000 v10,punch! software,199.99
dn2:1282,big tiny little a tiny little christmas,yamaha,34.95
dn2:1283,small business server 2003 20u cal addpak user,microsoft,
dn2:1284,systemsuite 8 professional,individual software,49.99
dn2:1285,jumpstart 4th-6th grade v 2.0 b43,knowledge adventure,19.99
dn2:1286,pcdefense,avanquest software,29.95
dn2:1287,starry night astronomy screensaver win/mac,imaginova,19.99
dn2:1288,quickverse sermon builder 4.0,findex.com inc,69.95
dn2:1289,ultra sudoku/ultra kakuro,abacus,29.95
dn2:1290,snap! spelling (jewel case),topics entertainment,19.95
dn2:1291,acad vegas movie studio +dvd 8 platinum,sony pictures digital entertainment,
dn2:1292,bitdefender antivirus 10.0 [2 year subscription for 2 pcs],global marketing partners,39.95
dn2:1293,scrabble with bonus clue,encore,19.99
dn2:1294,scrabble complete (jewel case),encore,9.99
dn2:1295,piano wizard premier software & stickers & midi cable,re:launch,149.95
dn2:1296,microsoft visual studio professional w/msdn professional 2005 renewal,microsoft software,799.0
dn2:1297,emedia guitarpro 5 win/mac,emedia,59.99
dn2:1298,spycatcher 2007for pc,avanquest,19.99
dn2:1299,intuit quicken home inventory manager - windows,intuit,34.95
dn2:1300,academy award winners,yamaha,31.95
dn2:1301,ca antivirus 2007,computer associates,39.95
dn2:1302,zonealarm pro firewall,zone labs,39.99
dn2:1303,sales skills 2.0 ages 10+,victory multimedia,19.95
dn2:1304,brain builder,core learning,19.95
dn2:1305,return to castle wolfenstein (mac),aspyr media,29.99
dn2:1306,solitaire antics deluxe,masque publishing,
dn2:1307,aircraft collector's second edition,abacus,19.95
dn2:1308,findex quickverse bible study 2007 bible-suite,findex,
dn2:1309,treasure mountain! (jewel case) ages 5-9 for win/mac,riverdeep,9.99
dn2:1310,video patrol 5.0 by honest technology,global marketing partners,50.86
dn2:1311,snap! kakuro,topics entertainment,4.99
dn2:1312,instant immersion american sign language win/mac,topics entertainment,9.99
dn2:1313,adobe creative suite cs3 design premium upsell,adobe,1599.0
dn2:1314,simple slide show,topics entertainment,19.99
dn2:1315,printmaster platinum v 17.0,encore software,39.99
dn2:1316,street atlas usa 2007 plus dvd,delorme,59.95
dn2:1317,jumpstart world 2nd grade,knowledge adventure,19.99
dn2:1318,great invasions,strategy first,39.99
dn2:1319,web graphics creator,sos aggregation company,39.95
dn2:1320,instant immersion translator deluxe 2.0,topics entertainment,49.99
dn2:1321,onone essentials for adobe photoshop elements version 2 - full,onone software,59.95
dn2:1322,funny faces deluxe,fogware publishing,19.99
dn2:1323,emedia blues guitar legends,emedia,29.94
dn2:1324,age of empires iii: the warchiefs expansion pack (mac),destineer,34.95
dn2:1325,adobe creative suite cs3 web standard,adobe,999.0
dn2:1326,guitar tool - worship edition,midisoft corporation,
dn2:1327,delorme topo usa mapping software 6.0 east region,delorme,49.95
dn2:1328,nero 8 ultra edition,nero inc.,99.95
dn2:1329,weekly reader mastering high school 2008,fogware publishing,29.99
dn2:1330,northstar for pc/mac,true north technology inc.,99.99
dn2:1331,make music allegro 2007 labpack - 5 user,makemusic!,375.0
dn2:1332,instant immersion hawaiian audio,topics entertainment,
dn2:1333,power translator 11 premium,language engineering co llc,79.99
dn2:1334,liquid ledger personal finance,csdc,79.99
dn2:1335,sportsman's double play,masque publishing,19.95
dn2:1336,jumpstart advanced preschool v2.0,knowledge adventure,19.99
dn2:1337,visual thesaurus the - thinkmap inc.,csdc,39.95
dn2:1338,phonics success essentials: grades 7-9,topics education,19.99
dn2:1339,cook'n cd recipe cards,dvo enterprises,19.99
dn2:1340,adobe creative suite cs3 web standard upsell [mac],adobe,799.0
dn2:1341,train sim modeler design studio,abacus,39.99
dn2:1342,learn to play keyboard (jewel case),alfred publishing,9.99
dn2:1343,ufo afterlight,topware interactive,39.99
dn2:1344,instant immersion italian deluxe v2.0 (large box),topics entertainment,29.99
dn2:1345,enemy territory: quake wars,aspyr media,49.99
dn2:1346,weekly reader mastering elementary/middle school math learning,fogware publishing,19.99
dn2:1347,sentinel: descendants in time,dreamcatcher interactive,19.99
dn2:1348,photostory on cd & dvd 5,magix entertainment,19.99
dn2:1349,flash remoting 1 alp ret eng cd 2u,adobe,3314.09
dn2:1350,shapes,school zone,9.99
dn2:1351,dragon naturally speaking standard v9,nuance communications inc.,99.99
dn2:1352,mediarecover,aladdin systems,29.99
dn2:1353,photo explosion 3.0,nova development,29.99
